card_id,name,pitch,classes,talents,kind,type_text,cost,power,defense,cc_legal,rarities,easiest_rarity,sets,printing_code,image_url
FM9T9Dg8bj9h9MW7k9HCQ,"10,000 Year Reunion",1,Illusionist,,Deck,Illusionist Action - Aura,8,,3,true,M,M,MST,MST131,https://legendstory-production-s3-public.s3.amazonaws.com/media/cards/large/MST131.webp
NWf8zDGMgnph8dnzkmng6,A Bit off the Side,1,Guardian|Warrior,,Deck,Guardian / Warrior Action,0,,3,true,M,M,OMN,OMN243,https://legendstory-production-s3-public.s3.amazonaws.com/media/cards/large/OMN243.webp
CqNB8MLzfCh6tRP6RRMdj,A Drop in the Ocean,3,,Mystic,Deck,Mystic Instant,0,,,true,C|P|V,C,ENG|LGS|MST|SEN,ENG025,https://legendstory-production-s3-public.s3.amazonaws.com/media/cards/large/ENG025.webp
MJBz8WMNzRWccphkkbMzc,A Good Clean Fight,1,,Revered,Deck,Revered Action - Attack,3,7,3,true,S|P,S,GEM|SUP,GEM088,https://legendstory-production-s3-public.s3.amazonaws.com/media/cards/large/GEM088.webp
dFKBHFkn8fDNGmdWktNnJ,A Moment's Peace,3,Warrior,,Deck,Warrior Block,,,2,true,R,R,MPW,MPW075,https://legendstory-production-s3-public.s3.amazonaws.com/media/cards/large/MPW075.webp
dTKDHwdcrLNPPb6ktczmR,Absorb in Aether,1,Wizard,,Deck,Wizard Defense Reaction,1,,4,true,R,R,ARC|SBZ|SIY,ARC123,https://legendstory-production-s3-public.s3.amazonaws.com/media/cards/large/ARC123.webp
tWKN9zRJdgFmpw6pmPmkR,Absorb in Aether,2,Wizard,,Deck,Wizard Defense Reaction,1,,3,true,R,R,ARC,ARC124,https://legendstory-production-s3-public.s3.amazonaws.com/media/cards/large/ARC124.webp
WkDkrkTDzRnqWBh7WHJfh,Absorb in Aether,3,Wizard,,Deck,Wizard Defense Reaction,1,,2,true,R,R,ARC,ARC125,https://legendstory-production-s3-public.s3.amazonaws.com/media/cards/large/ARC125.webp
6j7RrdTPfczH7PhHm8Brq,Absorption Dome,2,Mechanologist,,Deck,Mechanologist Action - Item,0,,,true,M,M,CRU,CRU104,https://legendstory-production-s3-public.s3.amazonaws.com/media/cards/large/CRU104.webp
C7jcJhrdpQTMfd7F79jK9,Achilles Accelerator,,Mechanologist,,Equipment,Mechanologist Equipment - Legs,,,0,true,C|P,C,1HP|ARC|FAB|SDA,1HP186,https://legendstory-production-s3-public.s3.amazonaws.com/media/cards/large/1HP186.webp
gDzD7QkWQPMFTHNmGpHbJ,Act of Glory,1,Guardian,,Deck,Guardian Instant - Aura,4,,3,true,C|P,C,APS|LGS|SLY|SUP,APS011,https://legendstory-production-s3-public.s3.amazonaws.com/media/cards/large/APS011.webp
c7L7tfCdjwwjb9MQfTNDQ,Act of Glory,2,Guardian,,Deck,Guardian Instant - Aura,4,,3,true,C,C,SUP,SUP196,https://legendstory-production-s3-public.s3.amazonaws.com/media/cards/large/SUP196.webp
mb9NWzptP6Cnzk9tjMP8f,Act of Glory,3,Guardian,,Deck,Guardian Instant - Aura,4,,3,true,C,C,APS|SUP,APS022,https://legendstory-production-s3-public.s3.amazonaws.com/media/cards/large/APS022.webp
Wmr8NmHdQCmPCbMBPncTq,Adaptive Alpha Mold,,Mechanologist,,Equipment,Mechanologist Equipment - Base,,,1,true,M,M,SUP,SUP253,https://legendstory-production-s3-public.s3.amazonaws.com/media/cards/large/SUP253.webp
8TPwpCdF6GRn7cQRRGjQJ,Adaptive Dissolver,,Mechanologist,,Equipment,Mechanologist Equipment - Base,,,,true,M,M,ROS,ROS246,https://legendstory-production-s3-public.s3.amazonaws.com/media/cards/large/ROS246.webp
mkTDPKqkm7cprrDzWbF9z,Adaptive Plating,,Mechanologist,,Equipment,Mechanologist Equipment,,,1,true,P|L,P,EVO|FAB,EVO013,https://legendstory-production-s3-public.s3.amazonaws.com/media/cards/large/EVO013-RF.webp
W7wh8hBkTd9ntjtFfqrdz,Adrenaline Rush,1,Generic,,Deck,Generic Action - Attack,2,4,2,true,C,C,HVY|MON,HVY222,https://legendstory-production-s3-public.s3.amazonaws.com/media/cards/large/HVY222.webp
KjgnpjTfDBhndccFCCDHn,Adrenaline Rush,2,Generic,,Deck,Generic Action - Attack,2,3,2,true,C,C,HVY|MON,HVY223,https://legendstory-production-s3-public.s3.amazonaws.com/media/cards/large/HVY223.webp
bTCfkj7Q8WQKHcnhGqHCr,Adrenaline Rush,3,Generic,,Deck,Generic Action - Attack,2,2,2,true,C,C,HVY|MON,HVY224,https://legendstory-production-s3-public.s3.amazonaws.com/media/cards/large/HVY224.webp
KtgRgFrrFDpzMQDJLLMwt,"Aegis, Archangel of Protection",,,Light,Deck,Light - Angel Ally,,4,,true,M|V,M,DTD,DTD007,https://legendstory-production-s3-public.s3.amazonaws.com/media/cards/large/DTD007_BACK.webp
BzkLdhrmkWpnbDBWNMJhp,Aether Arc,3,Wizard,,Deck,Wizard Action,0,,3,true,M,M,HVY,HVY252,https://legendstory-production-s3-public.s3.amazonaws.com/media/cards/large/HVY252.webp
pLwDDWbJgbKkQCpzDrc7Q,Aether Ashwing,,Illusionist,Draconic,Token,Draconic Illusionist Token - Dragon Ally,,1,,true,T|C|V,T,DRO|UPR,DRO003,https://legendstory-production-s3-public.s3.amazonaws.com/media/cards/large/DRO003.webp
8rwTJkbzktjbhbQbPCKrc,Aether Bindings of the Third Age,,Wizard,,Equipment,Wizard Equipment - Arms,,,1,true,P|L,P,FAB|ROS,FAB253,https://legendstory-production-s3-public.s3.amazonaws.com/media/cards/large/FAB253-GF.webp
HFnfqgNGj6JdDwMjDC7KQ,Aether Conduit,,Wizard,,Weapon,Wizard Weapon - Staff (2H),,,,true,R,R,1HP|CRU,1HP304,https://legendstory-production-s3-public.s3.amazonaws.com/media/cards/large/1HP304.webp
BhFQMNHMHH9ddMH86tqQ9,Aether Crackers,,Runeblade,,Equipment,Runeblade Equipment - Arms,,,0,true,C|P,C,AUR|FAB,AUR005,https://legendstory-production-s3-public.s3.amazonaws.com/media/cards/large/AUR005.webp
w6BQnKDGdGkHCTzjF6htg,Aether Dart,1,Wizard,,Deck,Wizard Action,0,,3,true,C,C,UPR,UPR173,https://legendstory-production-s3-public.s3.amazonaws.com/media/cards/large/UPR173.webp
cdTzctFmkNMpNK6HzT8nd,Aether Dart,2,Wizard,,Deck,Wizard Action,0,,3,true,C,C,UPR,UPR174,https://legendstory-production-s3-public.s3.amazonaws.com/media/cards/large/UPR174.webp
PMwLzbCCndFwFww6nrzDf,Aether Dart,3,Wizard,,Deck,Wizard Action,0,,3,true,C,C,UPR,UPR175,https://legendstory-production-s3-public.s3.amazonaws.com/media/cards/large/UPR175.webp
jJchLwfJKhdhk8Hw7R6KP,Aether Flare,1,Wizard,,Deck,Wizard Action,1,,3,true,C,C,1HP|ARC,1HP323,https://legendstory-production-s3-public.s3.amazonaws.com/media/cards/large/1HP323.webp
zgkKwhBtRQf9zWz6kpPJR,Aether Flare,2,Wizard,,Deck,Wizard Action,1,,3,true,C,C,1HP|ARC,1HP324,https://legendstory-production-s3-public.s3.amazonaws.com/media/cards/large/1HP324.webp
bbGgprKNzmQPQP9P6CQkL,Aether Flare,3,Wizard,,Deck,Wizard Action,1,,3,true,C,C,1HP|ARC,1HP325,https://legendstory-production-s3-public.s3.amazonaws.com/media/cards/large/1HP325.webp
QKhbmNTMMfFNmDkp7gcRd,Aether Hail,1,Wizard,Ice,Deck,Ice Wizard Action,1,,3,true,C,C,UPR,UPR127,https://legendstory-production-s3-public.s3.amazonaws.com/media/cards/large/UPR127.webp
jjrTzdzpWGzMQpFcnfhKN,Aether Hail,2,Wizard,Ice,Deck,Ice Wizard Action,1,,3,true,C,C,UPR,UPR128,https://legendstory-production-s3-public.s3.amazonaws.com/media/cards/large/UPR128.webp
zDTzDhgpDhCNzqqkPMDW7,Aether Hail,3,Wizard,Ice,Deck,Ice Wizard Action,1,,3,true,C,C,SIY|UPR,SIY020,https://legendstory-production-s3-public.s3.amazonaws.com/media/cards/large/SIY020.webp
jGzKJnCwkjfHhPhRzk7gj,Aether Icevein,1,Wizard,Elemental,Deck,Elemental Wizard Action,3,,3,true,C,C,SIY|UPR,SIY014,https://legendstory-production-s3-public.s3.amazonaws.com/media/cards/large/SIY014.webp
DJDqrcJFQNWHPfPjhQNG8,Aether Icevein,2,Wizard,Elemental,Deck,Elemental Wizard Action,3,,3,true,C,C,SIY|UPR,SIY018,https://legendstory-production-s3-public.s3.amazonaws.com/media/cards/large/SIY018.webp
PRDqBbn6d9cWtWjMjptKj,Aether Icevein,3,Wizard,Elemental,Deck,Elemental Wizard Action,3,,3,true,C,C,SIY|UPR,SIY021,https://legendstory-production-s3-public.s3.amazonaws.com/media/cards/large/SIY021.webp
wd9TtjtPGfbWKQPprJfj9,Aether Ironweave,,Runeblade,,Equipment,Runeblade Equipment - Chest,,,1,true,C|P,C,CHN|FAB|MON,CHN005,https://legendstory-production-s3-public.s3.amazonaws.com/media/cards/large/CHN005.webp
BrJTbrWqKzQRmRLrfbmcb,Aether Quickening,1,Wizard,,Deck,Wizard Action,1,,3,true,C|R|P,C,DYN|FAB|OSC|ROS|VER,DYN197,https://legendstory-production-s3-public.s3.amazonaws.com/media/cards/large/DYN197.webp
KKRrkTpNjNQB9wmwGCCGF,Aether Quickening,2,Wizard,,Deck,Wizard Action,1,,3,true,C|R|P,C,DYN|FAB|ROS,DYN198,https://legendstory-production-s3-public.s3.amazonaws.com/media/cards/large/DYN198.webp
ntkQpCD8QdNG6KMNchJNw,Aether Quickening,3,Wizard,,Deck,Wizard Action,1,,3,true,C|R|P,C,DYN|FAB|ROS|SBZ,DYN199,https://legendstory-production-s3-public.s3.amazonaws.com/media/cards/large/DYN199.webp
b7h97MzpKF8mNqMr8B9Fq,Aether Sink,2,Mechanologist,,Deck,Mechanologist Action - Item,1,,,true,R,R,1HP|ARC,1HP199,https://legendstory-production-s3-public.s3.amazonaws.com/media/cards/large/1HP199.webp
CNpTdPFLhRdt6N7qgQqkC,Aether Slash,1,Runeblade,,Deck,Runeblade Action - Attack,1,4,3,true,C,C,DYN,DYN182,https://legendstory-production-s3-public.s3.amazonaws.com/media/cards/large/DYN182.webp
f6WQfPKfkjbdj9FpC8zDw,Aether Slash,2,Runeblade,,Deck,Runeblade Action - Attack,1,3,3,true,C,C,DYN,DYN183,https://legendstory-production-s3-public.s3.amazonaws.com/media/cards/large/DYN183.webp
PgRT6QwWgcLdGhcNLHfmj,Aether Slash,3,Runeblade,,Deck,Runeblade Action - Attack,1,2,3,true,C,C,DYN,DYN184,https://legendstory-production-s3-public.s3.amazonaws.com/media/cards/large/DYN184.webp
hwTCzg9hgmBpj86czpKMq,Aether Spindle,1,Wizard,,Deck,Wizard Action,2,,3,true,R,R,1HP|ARC|SBZ,1HP314,https://legendstory-production-s3-public.s3.amazonaws.com/media/cards/large/1HP314.webp
7kLCKQ6thffmpJQpLhzzJ,Aether Spindle,2,Wizard,,Deck,Wizard Action,2,,3,true,R,R,1HP|ARC,1HP315,https://legendstory-production-s3-public.s3.amazonaws.com/media/cards/large/1HP315.webp
Bd8bgdrphcfzHhTNtbmPr,Aether Spindle,3,Wizard,,Deck,Wizard Action,2,,3,true,R,R,1HP|ARC|SBZ,1HP316,https://legendstory-production-s3-public.s3.amazonaws.com/media/cards/large/1HP316.webp
CrWjLrqtQtppQhQCMt9LH,Aether Wildfire,1,Wizard,,Deck,Wizard Action,2,,3,true,M,M,EVR,EVR123,https://legendstory-production-s3-public.s3.amazonaws.com/media/cards/large/EVR123.webp
hp6NPdQkGkWhrwpd7JWTF,Aetherize,3,Wizard,,Deck,Wizard Instant,1,,,true,M,M,CRU,CRU164,https://legendstory-production-s3-public.s3.amazonaws.com/media/cards/large/CRU164.webp
9zRFqTmPffQ8Q8dKbPdrb,Aethersling,1,Wizard,,Deck,Wizard Action,1,,2,true,R,R,OMN,OMN134,https://legendstory-production-s3-public.s3.amazonaws.com/media/cards/large/OMN134.webp
hTQgmpCHwLFgQnFbgf6tC,Aetherstorm Wellingtons,,Wizard,,Equipment,Wizard Equipment - Legs,,,0,true,R,R,PEN|SBZ|SIY,PEN110,https://legendstory-production-s3-public.s3.amazonaws.com/media/cards/large/PEN110.webp
7brgFMk9NrkLtzqKrhFFW,Affirm Loyalty,1,Warrior,Draconic,Deck,Draconic Warrior Attack Reaction,0,,2,true,R|P,R,FNG|GEM|HNT,FNG009,https://legendstory-production-s3-public.s3.amazonaws.com/media/cards/large/FNG009.webp
QrQCpQFPnLLPqN8qKgpTp,Aftershock,1,Guardian,,Deck,Guardian Action - Attack,4,8,3,true,R,R,MPG,MPG035,https://legendstory-production-s3-public.s3.amazonaws.com/media/cards/large/MPG035.webp
qjmwqndpkqntDpKCcTcbp,Aftershock,2,Guardian,,Deck,Guardian Action - Attack,4,7,3,true,R,R,MPG,MPG036,https://legendstory-production-s3-public.s3.amazonaws.com/media/cards/large/MPG036.webp
Tdqgbj6LhfPt6HzTHTwFK,Aftershock,3,Guardian,,Deck,Guardian Action - Attack,4,6,3,true,R,R,MPG,MPG037,https://legendstory-production-s3-public.s3.amazonaws.com/media/cards/large/MPG037.webp
k7MhcFckGBzRHjNQ6WhMR,Aggressive Pounce,1,Brute,,Deck,Brute Action - Attack,2,6,3,true,C|P,C,GEM|PEN,GEM114,https://legendstory-production-s3-public.s3.amazonaws.com/media/cards/large/GEM114.webp
zRmqkJcWnz6H9cTjB8DqF,Aggressive Pounce,2,Brute,,Deck,Brute Action - Attack,2,5,3,true,C,C,PEN,PEN010,https://legendstory-production-s3-public.s3.amazonaws.com/media/cards/large/PEN010.webp
JCRhKzfTd6pJCpdrwL8rt,Aggressive Pounce,3,Brute,,Deck,Brute Action - Attack,2,4,3,true,C,C,PEN,PEN011,https://legendstory-production-s3-public.s3.amazonaws.com/media/cards/large/PEN011.webp
tFKpRnDbfcwtC8dwqm9qm,Agile Engagement,1,Warrior,,Deck,Warrior Attack Reaction,1,,2,true,C,C,HVY|KSI|OLA|SDO,HVY115,https://legendstory-production-s3-public.s3.amazonaws.com/media/cards/large/HVY115.webp
9czLrcQJTpWrCcJRm8dnz,Agile Engagement,2,Warrior,,Deck,Warrior Attack Reaction,1,,2,true,C,C,HVY,HVY116,https://legendstory-production-s3-public.s3.amazonaws.com/media/cards/large/HVY116.webp
Mj9fkHtdrzzmDw8RNCKmT,Agile Engagement,3,Warrior,,Deck,Warrior Attack Reaction,1,,2,true,C,C,HVY|KSI|OLA,HVY117,https://legendstory-production-s3-public.s3.amazonaws.com/media/cards/large/HVY117.webp
Rmm8PgnzKNNfLcnKh86jd,Agile Windup,1,Brute|Warrior,,Deck,Brute / Warrior Action - Attack,3,7,2,true,C,C,HVY|KYO|RHI,HVY163,https://legendstory-production-s3-public.s3.amazonaws.com/media/cards/large/HVY163.webp
rbzdbLWNThgMnfbcpj7zK,Agile Windup,2,Brute|Warrior,,Deck,Brute / Warrior Action - Attack,3,6,2,true,C,C,HVY|KYO|RHI,HVY164,https://legendstory-production-s3-public.s3.amazonaws.com/media/cards/large/HVY164.webp
h9jqjKPhPLfwCdgkQ9NBB,Agile Windup,3,Brute|Warrior,,Deck,Brute / Warrior Action - Attack,3,5,2,true,C,C,AKO|HVY|KYO|SKA,AKO017,https://legendstory-production-s3-public.s3.amazonaws.com/media/cards/large/AKO017.webp
WqTTMjDgKKCp7Lnb7LH6d,Agility,,Generic,,Token,Generic Token - Aura,,,,true,B|T|P,B,AKO|ARR|FAB|HVY|KSI|KYO|LGS|OLA|RHI|SBL|SDO|SKA,AKO027,https://legendstory-production-s3-public.s3.amazonaws.com/media/cards/large/AKO027.webp
DfHHPcLzbncDMhkJgQKKm,Agility Stance,2,Warrior,,Deck,Warrior Action - Aura,0,,3,true,R|P,R,FAB|HNT,FAB313,https://legendstory-production-s3-public.s3.amazonaws.com/media/cards/large/FAB313-RF.webp
BcJhMTnwWRcdhGHMCpr8H,Air of a Comeback,,,,Deck,Event,,,,false,M,M,SMP,SMP007,https://legendstory-production-s3-public.s3.amazonaws.com/media/cards/large/SMP007.webp
FRcp7jQfPRK6h8NfrJ77h,All In,1,Warrior,,Deck,Warrior Action,0,,3,true,M,M,MPW,MPW027,https://legendstory-production-s3-public.s3.amazonaws.com/media/cards/large/MPW027.webp
nBf66Gt7ghRTqhn7nNqKh,Alluring Inducement,2,Shapeshifter,,Deck,Shapeshifter Action - Attack,2,2,2,true,M,M,DTD,DTD215,https://legendstory-production-s3-public.s3.amazonaws.com/media/cards/large/DTD215.webp
DgpbP8LBpCffdNgH8t9LB,Alluvion Constellas,,Wizard,,Equipment,Wizard Equipment - Chest,,,0,true,P|L,P,FAB|UPR,FAB084,https://legendstory-production-s3-public.s3.amazonaws.com/media/cards/large/FAB084-GF.webp
kBJJjzp8KMrRWcwMwKWcW,Alpha Instinct,3,Brute,,Deck,Brute Action - Attack,3,6,0,true,M|P,M,ARR|GEM,ARR022,https://legendstory-production-s3-public.s3.amazonaws.com/media/cards/large/ARR022.webp
GgDFFHhLh8Kc7tJK8nBLj,Alpha Rampage,1,Brute,,Deck,Brute Action - Attack,3,9,3,true,M,M,1HP|RVD|WTR,1HP010,https://legendstory-production-s3-public.s3.amazonaws.com/media/cards/large/1HP010.webp
7nk7cnttWTLRfKgLWnWwP,Already Dead,1,Assassin,,Deck,Assassin Action - Attack,2,6,3,true,M,M,EVO,EVO236,https://legendstory-production-s3-public.s3.amazonaws.com/media/cards/large/EVO236.webp
rnCGHPJFzCqjPfbkJTKHM,Amethyst Amulet,3,Generic,,Deck,Generic Action - Item,0,,,true,M|V,M,SEA,SEA189,https://legendstory-production-s3-public.s3.amazonaws.com/media/cards/large/SEA189.webp
tqL9KdjgkjfnQ98H97dJw,Amethyst Tiara,,Runeblade,,Equipment,Runeblade Equipment - Head,,,1,true,M|V,M,DYN,DYN171,https://legendstory-production-s3-public.s3.amazonaws.com/media/cards/large/DYN171.webp
87BJMWWHfPLKMqPbtmFHQ,Amnesia,1,Generic,,Deck,Generic Action - Attack,2,6,3,true,M,M,ANQ|OUT,ANQ011,https://legendstory-production-s3-public.s3.amazonaws.com/media/cards/large/ANQ011.webp
GFRQBDGRhL9DMtwzKq7CL,Amplify the Arknight,1,Runeblade,,Deck,Runeblade Action - Attack,3,6,3,true,C,C,1HP|ARC|AVS|SVI,1HP282,https://legendstory-production-s3-public.s3.amazonaws.com/media/cards/large/1HP282.webp
zdgkJ9mtbmkbQfpzm9Thc,Amplify the Arknight,2,Runeblade,,Deck,Runeblade Action - Attack,3,5,3,true,C,C,1HP|ARC,1HP283,https://legendstory-production-s3-public.s3.amazonaws.com/media/cards/large/1HP283.webp
zmmpt8q8HqPFwPKK66Mjm,Amplify the Arknight,3,Runeblade,,Deck,Runeblade Action - Attack,3,4,3,true,C,C,1HP|ARC|AVS,1HP284,https://legendstory-production-s3-public.s3.amazonaws.com/media/cards/large/1HP284.webp
qQpfrfHQMP8ND8NjBK6pM,Amplifying Arrow,2,Ranger,,Deck,Ranger Action - Arrow Attack,0,2,3,true,M,M,OUT,OUT100,https://legendstory-production-s3-public.s3.amazonaws.com/media/cards/large/OUT100.webp
zDfRfgF6fn7WGTKcj67JK,Amulet of Assertiveness,2,Generic,,Deck,Generic Action - Item,0,,,true,R,R,EVR,EVR176,https://legendstory-production-s3-public.s3.amazonaws.com/media/cards/large/EVR176.webp
8PgrwjDp8NNrz9mDGDP8B,Amulet of Earth,3,,Earth,Deck,Earth Action - Item,0,,,true,C|P,C,BRI|ELE|LGS,BRI026,https://legendstory-production-s3-public.s3.amazonaws.com/media/cards/large/BRI026.webp
fgWtKprkRGWMhWwkCPJFm,Amulet of Echoes,3,Generic,,Deck,Generic Action - Item,0,,,true,R,R,EVR,EVR177,https://legendstory-production-s3-public.s3.amazonaws.com/media/cards/large/EVR177.webp
77rfcbF6JzTp98njhmLrq,Amulet of Havencall,3,Generic,,Deck,Generic Action - Item,0,,,true,R,R,EVR,EVR178,https://legendstory-production-s3-public.s3.amazonaws.com/media/cards/large/EVR178.webp
t6MkmHjPRNghmMcMQbqch,Amulet of Ice,3,,Ice,Deck,Ice Action - Item,0,,,true,C|P,C,AJV|ELE|LGS|OLD,AJV026,https://legendstory-production-s3-public.s3.amazonaws.com/media/cards/large/AJV026.webp
LPkdwMCjwHHMC6wkHCbRb,Amulet of Ignition,2,Generic,,Deck,Generic Action - Item,0,,,true,R,R,EVR,EVR179,https://legendstory-production-s3-public.s3.amazonaws.com/media/cards/large/EVR179.webp
77HjThGWgwMQMqDRNBLMc,Amulet of Intervention,3,Generic,,Deck,Generic Action - Item,0,,,true,R,R,EVR,EVR180,https://legendstory-production-s3-public.s3.amazonaws.com/media/cards/large/EVR180.webp
fCzgQtjJ9Q8gdrPq9t7Wc,Amulet of Lightning,3,,Lightning,Deck,Lightning Action - Item,0,,,true,C|P,C,ELE|LGS|LXI,ELE201,https://legendstory-production-s3-public.s3.amazonaws.com/media/cards/large/ELE201.webp
rtq8MPBRKQzBpWTWRpj8t,Amulet of Oblation,3,Generic,,Deck,Generic Action - Item,0,,,true,R,R,EVR,EVR181,https://legendstory-production-s3-public.s3.amazonaws.com/media/cards/large/EVR181.webp
b8QzFkMC9fKfngpQHwNBK,Anaphylactic Shock,3,Assassin,,Deck,Assassin Instant - Trap,0,,,true,M,M,HNT,HNT016,https://legendstory-production-s3-public.s3.amazonaws.com/media/cards/large/HNT016.webp
qCDqQNmzPzM8DfbRPBqWj,Ancestral Empowerment,1,Ninja,,Deck,Ninja Attack Reaction,0,,3,true,M,M,1HP|WTR,1HP103,https://legendstory-production-s3-public.s3.amazonaws.com/media/cards/large/1HP103.webp
qdbgkqgpTRMQQPr7jcdQL,Ancestral Harmony,3,Ninja,,Deck,Ninja Action,0,,3,true,M,M,HVY,HVY247,https://legendstory-production-s3-public.s3.amazonaws.com/media/cards/large/HVY247.webp
ncw9gNCtknnPLww6gGzGC,And Again...,3,Warrior,,Deck,Warrior Action,1,,3,true,M,M,MPW,MPW028,https://legendstory-production-s3-public.s3.amazonaws.com/media/cards/large/MPW028.webp
CFkkCCFjGpQMLrRgFd87W,Angelic Attendant,2,Illusionist,Light,Deck,Light Illusionist Action,0,,3,true,M,M,SUP,SUP265,https://legendstory-production-s3-public.s3.amazonaws.com/media/cards/large/SUP265.webp
bnhnjB7ggkRhpfqQHn6D6,Angelic Descent,1,Illusionist,Light,Deck,Light Illusionist Instant,0,,,true,C,C,DTD,DTD032,https://legendstory-production-s3-public.s3.amazonaws.com/media/cards/large/DTD032.webp
GNPNfqF7phg8dcbCBRjtC,Angelic Descent,2,Illusionist,Light,Deck,Light Illusionist Instant,0,,,true,C,C,DTD,DTD033,https://legendstory-production-s3-public.s3.amazonaws.com/media/cards/large/DTD033.webp
zr7wdChDbJcWmfrbTFBrw,Angelic Descent,3,Illusionist,Light,Deck,Light Illusionist Instant,0,,,true,C,C,DTD,DTD034,https://legendstory-production-s3-public.s3.amazonaws.com/media/cards/large/DTD034.webp
GGDBMFMgCgn9wmWG6jMkq,Angelic Wrath,1,Illusionist,Light,Deck,Light Illusionist Instant,0,,,true,C|P,C,DTD|LGS,DTD035,https://legendstory-production-s3-public.s3.amazonaws.com/media/cards/large/DTD035.webp
DHLWgwppG9tBkQkBqHBKB,Angelic Wrath,2,Illusionist,Light,Deck,Light Illusionist Instant,0,,,true,C|P,C,DTD|LGS,DTD036,https://legendstory-production-s3-public.s3.amazonaws.com/media/cards/large/DTD036.webp
QDrMdfMCqDCjTpkBQmdJD,Angelic Wrath,3,Illusionist,Light,Deck,Light Illusionist Instant,0,,,true,C|P,C,DTD|LGS,DTD037,https://legendstory-production-s3-public.s3.amazonaws.com/media/cards/large/DTD037.webp
kQ6FBdQthJqphzBCzPcB9,Angry Bones,1,Pirate|Necromancer,,Deck,Pirate Necromancer Action - Attack,2,6,3,true,C,C,SEA,SEA062,https://legendstory-production-s3-public.s3.amazonaws.com/media/cards/large/SEA062.webp
jGn7mnKcjTLRfgQH9kChJ,Angry Bones,2,Pirate|Necromancer,,Deck,Pirate Necromancer Action - Attack,2,5,3,true,C,C,SEA,SEA063,https://legendstory-production-s3-public.s3.amazonaws.com/media/cards/large/SEA063.webp
7MCWwM6pBCDcRdFRmTJRC,Angry Bones,3,Pirate|Necromancer,,Deck,Pirate Necromancer Action - Attack,2,4,3,true,C,C,SEA,SEA064,https://legendstory-production-s3-public.s3.amazonaws.com/media/cards/large/SEA064.webp
JjKJRwQPTtgpcCcLrDRwF,"Anka, Drag Under",2,Pirate|Necromancer,,Deck,Pirate Necromancer Action - Ally,2,5,,true,M|V,M,AGB|SEA,AGB014,https://legendstory-production-s3-public.s3.amazonaws.com/media/cards/large/AGB014.webp
9gnHtCMJBbDQjqk8cWmhN,Annals of Sutcliffe,,Runeblade,,Weapon,Runeblade Weapon - Book (2H),,,,true,R,R,DYN,DYN172,https://legendstory-production-s3-public.s3.amazonaws.com/media/cards/large/DYN172.webp
nh8bCzbkjmR6hPkTCFLrz,Annexation of All Things Known,2,Guardian,,Deck,Guardian Action - Attack,5,8,3,true,R,R,MPG,MPG029,https://legendstory-production-s3-public.s3.amazonaws.com/media/cards/large/MPG029.webp
hrRRtK6qNccfpgphQJwMd,Annexation of Grandeur,2,Guardian,,Deck,Guardian Action - Attack,5,8,3,true,R,R,MPG,MPG030,https://legendstory-production-s3-public.s3.amazonaws.com/media/cards/large/MPG030.webp
HnrThKwGrgQMmz69wNbBP,Annexation of the Forge,2,Guardian,,Deck,Guardian Action - Attack,5,8,3,true,R,R,MPG,MPG031,https://legendstory-production-s3-public.s3.amazonaws.com/media/cards/large/MPG031.webp
qJfJ7wBLmBtGnBpqQttNK,Annihilate the Armed,1,Assassin,,Deck,Assassin Action - Attack,1,5,3,true,C,C,ARK|DYN,ARK008,https://legendstory-production-s3-public.s3.amazonaws.com/media/cards/large/ARK008.webp
b97gffj66hdGBhpkTQQQt,Annihilate the Armed,2,Assassin,,Deck,Assassin Action - Attack,1,4,3,true,C,C,DYN,DYN134,https://legendstory-production-s3-public.s3.amazonaws.com/media/cards/large/DYN134.webp
7FckgndNDJwgBMfzFRQ86,Annihilate the Armed,3,Assassin,,Deck,Assassin Action - Attack,1,3,3,true,C,C,ARK|DYN,ARK019,https://legendstory-production-s3-public.s3.amazonaws.com/media/cards/large/ARK019.webp
7ncNDLjkpLkn9MmfKqfKM,Annihilator Engine,1,Mechanologist,,Deck,Mechanologist Action - Attack,6,6,3,true,M,M,EVO,EVO054,https://legendstory-production-s3-public.s3.amazonaws.com/media/cards/large/EVO054.webp
BFWbnQjgKgRBjw88jK8KH,Anothos,,Guardian,,Weapon,Guardian Weapon - Hammer (2H),,4,,true,T|C|P,T,1HP|BVO|CRU|FAB|LGS|WTR|XXX,1HP045,https://legendstory-production-s3-public.s3.amazonaws.com/media/cards/large/1HP045.webp
wJQMt6Lpf6D9JFQ8BW898,Anthem of Spring,3,,Earth,Deck,Earth Action,0,,2,true,M,M,DTD,DTD196,https://legendstory-production-s3-public.s3.amazonaws.com/media/cards/large/DTD196.webp
b8JRFt6dF7JckNz8N6kDN,Anticipating Gaze,,Warrior,,Equipment,Warrior Equipment - Head,,,2,true,M,M,AHA,AHA003,https://legendstory-production-s3-public.s3.amazonaws.com/media/cards/large/AHA003-RF.webp
QTpCnrrjTbQhdRdLBzLzB,Apex Bonebreaker,,Brute,,Equipment,Brute Equipment - Arms,,,2,true,P|L,P,FAB|HVY,FAB179,https://legendstory-production-s3-public.s3.amazonaws.com/media/cards/large/FAB179-GF.webp
wQmDNJMgNTftTKBHcb9Rc,Aphrodias,,Illusionist,Lightning,Weapon,Lightning Illusionist Weapon - Orb (2H),,,,true,B|C|P,B,AZS|GEM|OMN,AZS002,https://legendstory-production-s3-public.s3.amazonaws.com/media/cards/large/AZS002-RF.webp
mHnppNNqw9hMncFgCJdCB,Apocalypse Automaton,1,Mechanologist,,Deck,Mechanologist Action - Attack,3,6,3,true,M|P,M,FAB|TCC,FAB175,https://legendstory-production-s3-public.s3.amazonaws.com/media/cards/large/FAB175-CF.webp
gJg89dTHTbjhQPnnfkMpP,Aqua Laps,,,Mystic,Equipment,Mystic Equipment - Legs,,,1,true,C|P,C,LGS|MST,LGS277,https://legendstory-production-s3-public.s3.amazonaws.com/media/cards/large/LGS277-RF.webp
NbbDrzwLMP7CH69PHcWfK,Aqua Seeing Shell,,,Mystic,Equipment,Mystic Equipment - Head,,,1,true,C|P,C,LGS|MST|NUU,LGS274,https://legendstory-production-s3-public.s3.amazonaws.com/media/cards/large/LGS274-RF.webp
9F7RHWjLgCDRqwMww99GN,Arakni,,Assassin,,Hero,Assassin Hero - Young,,,,false,B|R|P|V,B,ARK|DYN|HER|HNT|MPA,ARK001,https://legendstory-production-s3-public.s3.amazonaws.com/media/cards/large/ARK001.webp
nkBnGcCDpf9KHChtrrN6b,"Arakni, 5L!p3d 7hRu 7h3 cR4X",,Assassin,Chaos,Hero,Chaos Assassin Hero,,,,true,M|P|V,M,AAC|HER|HNT|WIN,AAC001,https://legendstory-production-s3-public.s3.amazonaws.com/media/cards/large/AAC001.webp
RPWBDmM6hG6dk9zMWwr6b,"Arakni, Black Widow",,Assassin,Chaos,Hero,Chaos Assassin Demi-Hero,,,,true,B|T|P|V,B,HNT|LGS|SAR|WOD,HNT003,https://legendstory-production-s3-public.s3.amazonaws.com/media/cards/large/HNT003.webp
QrrLFqPwPhPkqTwqnzCMq,"Arakni, Funnel Web",,Assassin,Chaos,Hero,Chaos Assassin Demi-Hero,,,,true,B|T|P|V,B,HNT|LGS|SAR|WOD,HNT004,https://legendstory-production-s3-public.s3.amazonaws.com/media/cards/large/HNT004.webp
CKtFCgnGdwMDBh7dzDqqz,"Arakni, Huntsman",,Assassin,,Hero,Assassin Hero,,,,true,M|P|V,M,DYN|HER|HNT|WIN,DYN113,https://legendstory-production-s3-public.s3.amazonaws.com/media/cards/large/DYN113.webp
rzm9GQbbBrrDzLQRcB6kK,"Arakni, Marionette",,Assassin,Chaos,Hero,Chaos Assassin Hero,,,,true,M|P|V,M,HER|HNT|WIN,HER132,https://legendstory-production-s3-public.s3.amazonaws.com/media/cards/large/HER132-RF.webp
hJDM6fWpRRf6jLqrW8KRr,"Arakni, Orb-Weaver",,Assassin,Chaos,Hero,Chaos Assassin Demi-Hero,,,,true,B|T|P|V,B,HNT|LGS|SAR|WOD,HNT005,https://legendstory-production-s3-public.s3.amazonaws.com/media/cards/large/HNT005.webp
dhHz8JT9mMD79KJqNWNnB,"Arakni, Redback",,Assassin,Chaos,Hero,Chaos Assassin Demi-Hero,,,,true,B|T|P|V,B,HNT|LGS|SAR|WOD,HNT006,https://legendstory-production-s3-public.s3.amazonaws.com/media/cards/large/HNT006.webp
jkwfjdcDbhRnDrPWDnwT9,"Arakni, Solitary Confinement",,Assassin,,Hero,Assassin Hero - Young,,,,false,T|C|P|V,T,ARA|HER|HNT|OUT,ARA001,https://legendstory-production-s3-public.s3.amazonaws.com/media/cards/large/ARA001.webp
twn6MLFjQJrQ9GnwW9BNd,"Arakni, Tarantula",,Assassin,Chaos,Hero,Chaos Assassin Demi-Hero,,,,true,B|T|P|V,B,HNT|LGS|SAR|WOD,HNT007,https://legendstory-production-s3-public.s3.amazonaws.com/media/cards/large/HNT007.webp
dkzRfmwLkcGrgmnzTQzcJ,"Arakni, Trap-Door",,Assassin,Chaos,Hero,Chaos Assassin Demi-Hero,,,,true,B|T|P|V,B,HNT|LGS|SAR|WOD,HNT008,https://legendstory-production-s3-public.s3.amazonaws.com/media/cards/large/HNT008.webp
qMNzBQBKDMgnGpTfGgKkP,"Arakni, Web of Deceit",,Assassin,Chaos,Hero,Chaos Assassin Hero - Young,,,,false,T|R|V,T,HNT|SAR|WOD,HNT002,https://legendstory-production-s3-public.s3.amazonaws.com/media/cards/large/HNT002.webp
NQWmfLtTzfWhgHqwznD7g,Arc Bending,1,Ranger,Elemental,Deck,Elemental Ranger Action - Arrow Attack,1,5,3,true,R,R,PEN,PEN202,https://legendstory-production-s3-public.s3.amazonaws.com/media/cards/large/PEN202.webp
hD7Tgjzp9pwjttPmcFttW,Arc Light Sentinel,2,Illusionist,Light,Deck,Light Illusionist Instant - Aura,6,,,true,M|P,M,APR|JDG|MON,APR016,https://legendstory-production-s3-public.s3.amazonaws.com/media/cards/large/APR016.webp
7J87gL6NR9MjHMLM6cWGB,Arc Lightning,2,Runeblade,Lightning,Deck,Lightning Runeblade Action,0,,2,true,M|P,M,AST|FAB|ROS,AST022,https://legendstory-production-s3-public.s3.amazonaws.com/media/cards/large/AST022.webp
wBbcmhwcnfD8cgzrfk6gQ,Arc Ramp,1,Wizard,Lightning,Deck,Lightning Wizard Action,0,,2,true,R,R,OMN,OMN100,https://legendstory-production-s3-public.s3.amazonaws.com/media/cards/large/OMN100.webp
fCdJGpdcFjfFTQjgmQ8Rp,Arc Ramp,2,Wizard,Lightning,Deck,Lightning Wizard Action,0,,2,true,R,R,OMN,OMN101,https://legendstory-production-s3-public.s3.amazonaws.com/media/cards/large/OMN101.webp
9btBbfjNhPmdQwJLTNnGq,Arc Ramp,3,Wizard,Lightning,Deck,Lightning Wizard Action,0,,2,true,R,R,OMN,OMN102,https://legendstory-production-s3-public.s3.amazonaws.com/media/cards/large/OMN102.webp
b6DbmpN6JNfdhNNm86qWW,Arcane Compliance,3,Generic,,Deck,Generic Instant,0,,,true,M,M,SEA,SEA261,https://legendstory-production-s3-public.s3.amazonaws.com/media/cards/large/SEA261.webp
Rft8fQBq9gz7bRh6BfjRC,Arcane Cussing,1,Runeblade,,Deck,Runeblade Action - Aura,1,,2,true,C,C,FLR|ROS,FLR012,https://legendstory-production-s3-public.s3.amazonaws.com/media/cards/large/FLR012.webp
pNJQBp68dnBdTNhpKkhch,Arcane Cussing,2,Runeblade,,Deck,Runeblade Action - Aura,1,,2,true,C,C,FLR|ROS,FLR018,https://legendstory-production-s3-public.s3.amazonaws.com/media/cards/large/FLR018.webp
PqtddPd9R76TbBtrChz6d,Arcane Cussing,3,Runeblade,,Deck,Runeblade Action - Aura,1,,2,true,C,C,FLR|ROS,FLR024,https://legendstory-production-s3-public.s3.amazonaws.com/media/cards/large/FLR024.webp
qkLmDfFnGLhCCFtHPtLj7,Arcane Lantern,,Generic,,Equipment,Generic Equipment - Off-Hand,,,,true,R|P,R,EVR|FAB|SLY,EVR155,https://legendstory-production-s3-public.s3.amazonaws.com/media/cards/large/EVR155.webp
p9rcH7g9C8Gt8WbPHbPWg,Arcane Polarity,1,Generic,,Deck,Generic Instant,0,,,true,C|P,C,LGS|ROS|SBA|SBZ|SFA,LGS458,https://legendstory-production-s3-public.s3.amazonaws.com/media/cards/large/LGS458-RF.webp
QW7gqb6tmznfRQNnMkWmW,Arcane Polarity,2,Generic,,Deck,Generic Instant,0,,,true,C,C,ROS,ROS232,https://legendstory-production-s3-public.s3.amazonaws.com/media/cards/large/ROS232.webp
LRjFLRLMdzg9fpWDWQwMC,Arcane Polarity,3,Generic,,Deck,Generic Instant,0,,,true,C,C,ROS,ROS233,https://legendstory-production-s3-public.s3.amazonaws.com/media/cards/large/ROS233.webp
f8bDMcqJ78QTCBznWpwwN,Arcane Seeds // Life,1,Runeblade,Earth,Deck,Runeblade Action // Earth Instant,0,,3,true,R|P,R,FLR|LGS|ROS|SBA,FLR013,https://legendstory-production-s3-public.s3.amazonaws.com/media/cards/large/FLR013.webp
qHchQQKQNHj6mWgrcR96W,Arcane Twining,1,Wizard,,Deck,Wizard Action,0,,3,true,C,C,OSC|ROS,OSC012,https://legendstory-production-s3-public.s3.amazonaws.com/media/cards/large/OSC012.webp
qKj6WNWcF9RtfbwRRNnbT,Arcane Twining,2,Wizard,,Deck,Wizard Action,0,,3,true,C,C,ROS,ROS187,https://legendstory-production-s3-public.s3.amazonaws.com/media/cards/large/ROS187.webp
GpH8Grr9GpG8qD7PPm9Lt,Arcane Twining,3,Wizard,,Deck,Wizard Action,0,,3,true,C,C,ROS|SBZ|SIY|VER,ROS188,https://legendstory-production-s3-public.s3.amazonaws.com/media/cards/large/ROS188.webp
H87pKGPFG9qBRFBnR8MTL,Arcanic Crackle,1,Runeblade,,Deck,Runeblade Action - Attack,0,3,3,true,C,C,AST|MON,AST007,https://legendstory-production-s3-public.s3.amazonaws.com/media/cards/large/AST007.webp
8FNgPpkdWdNw6n9HjbWzM,Arcanic Crackle,2,Runeblade,,Deck,Runeblade Action - Attack,0,2,3,true,C,C,MON,MON236,https://legendstory-production-s3-public.s3.amazonaws.com/media/cards/large/MON236.webp
KB87gnCLWPPqbTzFwrCwM,Arcanic Crackle,3,Runeblade,,Deck,Runeblade Action - Attack,0,1,3,true,C,C,AST|CHN|MON,AST024,https://legendstory-production-s3-public.s3.amazonaws.com/media/cards/large/AST024.webp
JH8zBb9R8WgDTGFmjNrRp,Arcanic Cunning,1,Runeblade,,Deck,Runeblade Action - Attack,0,4,3,true,R,R,OMN,OMN088,https://legendstory-production-s3-public.s3.amazonaws.com/media/cards/large/OMN088.webp
mtmwgMQkDf6BgBGNGJHRF,Arcanic Cunning,2,Runeblade,,Deck,Runeblade Action - Attack,0,3,3,true,R,R,OMN,OMN089,https://legendstory-production-s3-public.s3.amazonaws.com/media/cards/large/OMN089.webp
tptp9kn8nHrbDfhFp7rCQ,Arcanic Cunning,3,Runeblade,,Deck,Runeblade Action - Attack,0,2,3,true,R,R,OMN,OMN090,https://legendstory-production-s3-public.s3.amazonaws.com/media/cards/large/OMN090.webp
jm9pR68kPHDjmkLRcJq9p,Arcanic Reproach,3,Runeblade,Lightning,Deck,Lightning Runeblade Instant - Aura,0,,3,true,M,M,OMN,OMN052,https://legendstory-production-s3-public.s3.amazonaws.com/media/cards/large/OMN052.webp
dFm9z7KzTbWHCbw9CgN7h,Arcanic Shockwave,1,Runeblade,Elemental,Deck,Elemental Runeblade Action - Attack,0,4,3,true,C|P,C,AST|ELE|LGS|SBA,AST008,https://legendstory-production-s3-public.s3.amazonaws.com/media/cards/large/AST008.webp
dwwctGFw9hmcJLrQ7DTFN,Arcanic Shockwave,2,Runeblade,Elemental,Deck,Elemental Runeblade Action - Attack,0,3,3,true,C,C,ELE,ELE074,https://legendstory-production-s3-public.s3.amazonaws.com/media/cards/large/ELE074.webp
fHRbFnj8CDThpRPckFMQB,Arcanic Shockwave,3,Runeblade,Elemental,Deck,Elemental Runeblade Action - Attack,0,2,3,true,C,C,ELE,ELE075,https://legendstory-production-s3-public.s3.amazonaws.com/media/cards/large/ELE075.webp
wQTTDGrkQHrFdqrWBd9WC,Arcanic Spike,1,Runeblade,,Deck,Runeblade Action - Attack,2,5,3,true,C,C,ROS,ROS134,https://legendstory-production-s3-public.s3.amazonaws.com/media/cards/large/ROS134.webp
T6w9bHBQFhbH9CbnqcTcz,Arcanic Spike,2,Runeblade,,Deck,Runeblade Action - Attack,2,4,3,true,C,C,ROS,ROS135,https://legendstory-production-s3-public.s3.amazonaws.com/media/cards/large/ROS135.webp
jWLtJzRFkTRqPDkwT7T6N,Arcanic Spike,3,Runeblade,,Deck,Runeblade Action - Attack,2,3,3,true,C,C,ROS,ROS136,https://legendstory-production-s3-public.s3.amazonaws.com/media/cards/large/ROS136.webp
876Q8WnHQCPctd89zd8tn,Arcanite Fortress,,Generic,,Equipment,Generic Equipment - Chest,,,*,true,P|L,P,FAB|ROS,FAB254,https://legendstory-production-s3-public.s3.amazonaws.com/media/cards/large/FAB254-GF.webp
NQDNdGfjP6bd8WHP8QNnt,Arcanite Skullcap,,Generic,,Equipment,Generic Equipment - Head,,,1,true,P|L,P,ARC|EVR|FAB,ARC150,https://legendstory-production-s3-public.s3.amazonaws.com/media/cards/large/ARC150-CF.webp
zBm89zN88pdhTqkjCNzqG,Arcbane Grasp,3,Mechanologist,,Equipment,Mechanologist Instant Equipment - Evo Base Arms,0,,0,true,M,M,OMN,OMN236,https://legendstory-production-s3-public.s3.amazonaws.com/media/cards/large/OMN236.webp
rWtcmPrWgJwnmKNhj8nMk,Arctic Incarceration,1,,Ice,Deck,Ice Action,0,,2,true,C,C,UPR,UPR144,https://legendstory-production-s3-public.s3.amazonaws.com/media/cards/large/UPR144.webp
nPmkJGtLgnfFnWgcKqgq6,Arctic Incarceration,2,,Ice,Deck,Ice Action,0,,2,true,C,C,UPR,UPR145,https://legendstory-production-s3-public.s3.amazonaws.com/media/cards/large/UPR145.webp
Fq8bJCMprNbTn6rKbchgB,Arctic Incarceration,3,,Ice,Deck,Ice Action,0,,2,true,C,C,UPR,UPR146,https://legendstory-production-s3-public.s3.amazonaws.com/media/cards/large/UPR146.webp
BTJDM7m8qmwQBbqFNK6Fr,Arena Medic,,,,Deck,Event,,,,false,C,C,SMP,SMP019,https://legendstory-production-s3-public.s3.amazonaws.com/media/cards/large/SMP019.webp
g6JbT9QmdqT8nQwH8cFCh,Argh... Smash!,2,Brute,,Deck,Brute Action,3,,3,true,M,M,CRU,CRU009,https://legendstory-production-s3-public.s3.amazonaws.com/media/cards/large/CRU009.webp
hKGMtQDHtqLhzg8Lzmjmc,Arknight Ascendancy,1,Runeblade,,Deck,Runeblade Action - Attack,6,5,3,true,M,M,1HP|ARC|AVS,1HP265,https://legendstory-production-s3-public.s3.amazonaws.com/media/cards/large/1HP265.webp
pkMGCRh9fDT98dRgnQF8W,Arknight Shard,3,Runeblade,,Deck,Runeblade Resource - Gem,,,,true,F,F,CRU,CRU000,https://legendstory-production-s3-public.s3.amazonaws.com/media/cards/large/CRU000-CF.webp
z6hzjr7zdqfrh8nQMf6CH,Arousing Wave,,Assassin,Mystic,Equipment,Mystic Assassin Equipment - Arms,,,1,true,C|P,C,LGS|MST|NUU,LGS269,https://legendstory-production-s3-public.s3.amazonaws.com/media/cards/large/LGS269-RF.webp
mcgDWKjwLQ9thKbjmqBJG,Arrogant Showboating,3,,Reviled,Deck,Reviled Instant,0,,,true,R,R,SUP,SUP096,https://legendstory-production-s3-public.s3.amazonaws.com/media/cards/large/SUP096.webp
KmwdjTRNdP6LTTrwm8NN8,Art of Desire: Body,1,Assassin,,Deck,Assassin Action - Attack,0,3,3,true,R,R,AAC|MST|NUU|SAR,AAC008,https://legendstory-production-s3-public.s3.amazonaws.com/media/cards/large/AAC008.webp
JbgBc7fQLWMjtWQDhnwkm,Art of Desire: Mind,3,Assassin,,Deck,Assassin Action - Attack,0,1,3,true,R,R,MST|SAR,MST108,https://legendstory-production-s3-public.s3.amazonaws.com/media/cards/large/MST108.webp
8rJMBH8Bm7WcLrH8T9WbN,Art of Desire: Soul,2,Assassin,,Deck,Assassin Action - Attack,0,2,3,true,R,R,MST,MST107,https://legendstory-production-s3-public.s3.amazonaws.com/media/cards/large/MST107.webp
GpCFNqmnBGdcrgqPHQMGC,Art of the Dragon: Blood,1,Ninja,,Deck,Ninja Action - Attack,0,4,3,true,M|P,M,FAB|HNT,FAB307,https://legendstory-production-s3-public.s3.amazonaws.com/media/cards/large/FAB307-RF.webp
NFwCqzTPKgDMPwMdFhbP7,Art of the Dragon: Claw,1,Ninja,,Deck,Ninja Action - Attack,1,5,3,true,R|P,R,FAB|HNT,FAB308,https://legendstory-production-s3-public.s3.amazonaws.com/media/cards/large/FAB308-RF.webp
KrwdmQ7RpjpPhf8Hmg6ct,Art of the Dragon: Fire,1,Ninja,,Deck,Ninja Action - Attack,1,5,3,true,R|P,R,CIN|FAB|HNT|SFA,CIN007,https://legendstory-production-s3-public.s3.amazonaws.com/media/cards/large/CIN007.webp
cNjtmFrD8bMPtTfgzmcJf,Art of the Dragon: Scale,1,Ninja,,Deck,Ninja Action - Attack,1,5,3,true,R|P,R,FAB|HNT,FAB310,https://legendstory-production-s3-public.s3.amazonaws.com/media/cards/large/FAB310-RF.webp
6RzzhHKt8kjPMkfmQ9LqJ,Art of the Phoenix: War,1,,Draconic,Deck,Draconic Instant,1,,,true,M,M,PEN,PEN254,https://legendstory-production-s3-public.s3.amazonaws.com/media/cards/large/PEN254.webp
G7bRDqbhCJD76fH77Mfm7,Art of War,2,Generic,,Deck,Generic Instant,1,,,true,M|P,M,1HP|ARC|JDG,1HP366,https://legendstory-production-s3-public.s3.amazonaws.com/media/cards/large/1HP366.webp
G6CnbFqjfGgKqqqmnCbMh,Ash,,Illusionist,Draconic|Ash,Token,Draconic Illusionist Token - Ash,,,,true,T|C|V,T,DRO|UPR,DRO002,https://legendstory-production-s3-public.s3.amazonaws.com/media/cards/large/DRO002.webp
gTFpc8PnjzBtjcJkzcCbt,Asking for Trouble,2,Brute,,Deck,Brute Block,,,4,true,R,R,SUP,SUP140,https://legendstory-production-s3-public.s3.amazonaws.com/media/cards/large/SUP140.webp
cFgpPh7JLB8jCtrTd6nKG,Aspect of Tiger: Body,1,Ninja,,Deck,Ninja Action - Attack,0,3,3,true,R,R,MST,MST164,https://legendstory-production-s3-public.s3.amazonaws.com/media/cards/large/MST164.webp
p6nMGj9fLB8p9HFDhrJRP,Aspect of Tiger: Mind,3,Ninja,,Deck,Ninja Action - Attack,0,1,3,true,R,R,MST|ZEN,MST166,https://legendstory-production-s3-public.s3.amazonaws.com/media/cards/large/MST166.webp
khwtPrnQkQFfNBccCczht,Aspect of Tiger: Soul,2,Ninja,,Deck,Ninja Action - Attack,0,2,3,true,R,R,MST,MST165,https://legendstory-production-s3-public.s3.amazonaws.com/media/cards/large/MST165.webp
bnFnGz7gd8tRfQfcmk8nG,Assault and Battery,1,Brute,,Deck,Brute Action - Attack,3,7,3,true,C,C,ARR|HVY|RHI,ARR007,https://legendstory-production-s3-public.s3.amazonaws.com/media/cards/large/ARR007.webp
qPCk966FkDC7zpqffQpqD,Assault and Battery,2,Brute,,Deck,Brute Action - Attack,3,6,3,true,C,C,ARR|HVY,ARR016,https://legendstory-production-s3-public.s3.amazonaws.com/media/cards/large/ARR016.webp
TgfHM6NJztn6HpbgjDNMg,Assault and Battery,3,Brute,,Deck,Brute Action - Attack,3,5,3,true,C,C,AKO|HVY|RHI,AKO018,https://legendstory-production-s3-public.s3.amazonaws.com/media/cards/large/AKO018.webp
BkRHdjBwFhwMwmBfDhpfb,Assembly Module,3,Mechanologist,,Deck,Mechanologist Action - Item,0,,,true,R,R,PEN,PEN067,https://legendstory-production-s3-public.s3.amazonaws.com/media/cards/large/PEN067.webp
rNhqkLtwRGdRf7Pkh6b7b,Astral Assault,1,,Lightning,Deck,Lightning Action - Attack,2,5,2,true,C,C,OMN,OMN160,https://legendstory-production-s3-public.s3.amazonaws.com/media/cards/large/OMN160.webp
dhfWgpW6bPJrPMcKrFRdt,Astral Assault,2,,Lightning,Deck,Lightning Action - Attack,2,4,2,true,C,C,OMN,OMN161,https://legendstory-production-s3-public.s3.amazonaws.com/media/cards/large/OMN161.webp
BJBhJz9Gmjc6fpQjzrDB8,Astral Assault,3,,Lightning,Deck,Lightning Action - Attack,2,3,2,true,C,C,OMN,OMN162,https://legendstory-production-s3-public.s3.amazonaws.com/media/cards/large/OMN162.webp
h6tW6K9N8LRqtbQrJLpgC,Astral Bridge,1,Wizard,Lightning,Deck,Lightning Wizard Instant,0,,,true,M,M,OMN,OMN098,https://legendstory-production-s3-public.s3.amazonaws.com/media/cards/large/OMN098.webp
9zdPMfzWLFq7PWbjKmCc6,Astral Etchings,1,Illusionist,,Deck,Illusionist Action,1,,3,true,R,R,MST|SEN,MST134,https://legendstory-production-s3-public.s3.amazonaws.com/media/cards/large/MST134.webp
cmknRBBPtjNQzhkQPWpcJ,Astral Etchings,2,Illusionist,,Deck,Illusionist Action,1,,3,true,R,R,MST,MST135,https://legendstory-production-s3-public.s3.amazonaws.com/media/cards/large/MST135.webp
DpWbbCGtWQJwRhrKr9Cwm,Astral Etchings,3,Illusionist,,Deck,Illusionist Action,1,,3,true,R,R,ENG|MST,ENG016,https://legendstory-production-s3-public.s3.amazonaws.com/media/cards/large/ENG016.webp
JGKT7tnrTWkdRwpDwdGfd,Astral Strike,1,,Lightning,Deck,Lightning Action - Attack,1,5,3,true,M|P,M,FAB|OMN,FAB469,https://legendstory-production-s3-public.s3.amazonaws.com/media/cards/large/FAB469-CF.webp
LgNWtWWTNFLDnWzjbkTqT,Astravolt Elemental,1,,Lightning,Deck,Lightning Action - Attack,0,3,3,true,M,M,PEN,PEN241,https://legendstory-production-s3-public.s3.amazonaws.com/media/cards/large/PEN241.webp
wGgcM7RtPfm8PtFhrcchm,Attention Grabbers,,Guardian,,Equipment,Guardian Equipment - Arms,,,1,true,M,M,APS|SUP,APS006,https://legendstory-production-s3-public.s3.amazonaws.com/media/cards/large/APS006-RF.webp
QTk8NJWmtGQnw9WFTkkP7,Attune with Cosmic Vibrations,3,,Mystic,Deck,Mystic Action - Attack,0,2,2,true,M,M,MST,MST075,https://legendstory-production-s3-public.s3.amazonaws.com/media/cards/large/MST075.webp
nwtQNgqNfgLQwFCnJDpwB,Auric Shards,1,Illusionist,Lightning,Deck,Lightning Illusionist Instant - Aura,1,,,true,C,C,AZS|OMN,AZS015,https://legendstory-production-s3-public.s3.amazonaws.com/media/cards/large/AZS015.webp
JgjRzjfBTL8fhNjMn7bkJ,Auric Shards,2,Illusionist,Lightning,Deck,Lightning Illusionist Instant - Aura,1,,,true,C,C,OMN,OMN028,https://legendstory-production-s3-public.s3.amazonaws.com/media/cards/large/OMN028.webp
KbN76qW8BpGFCBchTLHGh,Auric Shards,3,Illusionist,Lightning,Deck,Lightning Illusionist Instant - Aura,1,,,true,C,C,OMN,OMN029,https://legendstory-production-s3-public.s3.amazonaws.com/media/cards/large/OMN029.webp
TDrmKkRWGKWnqfQkT9QML,Aurora,,Runeblade,Elemental,Hero,Elemental Runeblade Hero - Young,,,,false,T|R|V,T,AUA|AUR|ROS,AUA001,https://legendstory-production-s3-public.s3.amazonaws.com/media/cards/large/AUA001-RF.webp
WwKdgRBmtM6CpRjwM97Lh,"Aurora, Emissary of Lightning",,Runeblade,Lightning,Hero,Lightning Runeblade Hero - Young,,,,false,B|V,B,OMN,OMN048,https://legendstory-production-s3-public.s3.amazonaws.com/media/cards/large/OMN048.webp
WDhGzj9m8MWhkkfRMB7Jg,"Aurora, Legacy of Tempest",,Runeblade,Lightning,Hero,Lightning Runeblade Hero,,,,true,B|V,B,OMN,OMN047,https://legendstory-production-s3-public.s3.amazonaws.com/media/cards/large/OMN047.webp
mHBtPppktRTkWpnf69dHj,"Aurora, Shooting Star",,Runeblade,Elemental,Hero,Elemental Runeblade Hero,,,,true,M|P|V,M,AST|HER|ROS|WIN,AST001,https://legendstory-production-s3-public.s3.amazonaws.com/media/cards/large/AST001.webp
qMpdhqQqktTKQHcQJ8f6B,Aurum Aegis,,Guardian,,Equipment,Guardian Equipment - Off-Hand,,,2,true,P|L,P,FAB|HVY,FAB180,https://legendstory-production-s3-public.s3.amazonaws.com/media/cards/large/FAB180-GF.webp
Wkg8Fp6Wg7Cnb8rzHGqFh,Authority of Ataya,3,Generic,,Deck,Generic Resource - Gem,,,,true,F,F,SUP,SUP000,https://legendstory-production-s3-public.s3.amazonaws.com/media/cards/large/SUP000-RF.webp
Frp76KgppTJBPkQGbJ87J,Autosave Script,3,Mechanologist,,Deck,Mechanologist Action - Item,0,,,true,C,C,EVO,EVO098,https://legendstory-production-s3-public.s3.amazonaws.com/media/cards/large/EVO098.webp
nwNfL8wPDtKW9jCFktCBL,Autumn's Touch,1,,Earth,Deck,Earth Action - Attack,3,7,3,true,C,C,ELE|ROS|VER,ELE128,https://legendstory-production-s3-public.s3.amazonaws.com/media/cards/large/ELE128.webp
pKdGGghdpnBCzrjwPmkPg,Autumn's Touch,2,,Earth,Deck,Earth Action - Attack,3,6,3,true,C,C,BRI|ELE|ROS|TER,BRI022,https://legendstory-production-s3-public.s3.amazonaws.com/media/cards/large/BRI022.webp
QqghkNGDQHkGMRGRt8pDr,Autumn's Touch,3,,Earth,Deck,Earth Action - Attack,3,5,3,true,C,C,AJV|ELE|FLR|OLD|ROS|TER|VER,AJV014,https://legendstory-production-s3-public.s3.amazonaws.com/media/cards/large/AJV014.webp
Mc6fWtzKjhpfgWd9h99nh,"Avalon, Archangel of Rebirth",,,Light,Deck,Light - Angel Ally,,4,,true,M|V,M,DTD,DTD009,https://legendstory-production-s3-public.s3.amazonaws.com/media/cards/large/DTD009_BACK.webp
9hfD6tJzWCzbTMBnzgnBL,Avast Ye!,3,Pirate|Necromancer,,Deck,Pirate Necromancer Action,0,,3,true,R|P,R,AGB|GEM|SEA|SGB,AGB025,https://legendstory-production-s3-public.s3.amazonaws.com/media/cards/large/AGB025.webp
phCFwdjG8dKDCmr7d7F7M,Awakening,3,Guardian,Elemental,Deck,Elemental Guardian Instant,2,,,true,M,M,ELE,ELE006,https://legendstory-production-s3-public.s3.amazonaws.com/media/cards/large/ELE006.webp
9cwfNrcbMw6CTpLWWwKnh,Awakening Bellow,1,Brute,,Deck,Brute Action,1,,3,true,C,C,RNR|RVD|WTR,RNR014,https://legendstory-production-s3-public.s3.amazonaws.com/media/cards/large/RNR014.webp
TLGkJ699BFbzQpDKTKj9M,Awakening Bellow,2,Brute,,Deck,Brute Action,1,,3,true,C,C,WTR,WTR033,https://legendstory-production-s3-public.s3.amazonaws.com/media/cards/large/WTR033.webp
GbLCWhpPJL9Fdh8zk6RMW,Awakening Bellow,3,Brute,,Deck,Brute Action,1,,3,true,C,C,RNR|WTR,RNR024,https://legendstory-production-s3-public.s3.amazonaws.com/media/cards/large/RNR024.webp
Fc8mPQBjrNq6Fg9LW9RLc,Azalea,,Ranger,,Hero,Ranger Hero - Young,,,,false,T|C|R|P|V,T,1HP|ARC|AZL|HER|OUT|PEN|SAZ,1HP222,https://legendstory-production-s3-public.s3.amazonaws.com/media/cards/large/1HP222.webp
PTFnJCdhWD9cFgMMNPqQj,"Azalea, Ace in the Hole",,Ranger,,Hero,Ranger Hero,,,,true,T|C|R|P,T,1HP|AAZ|ARC|CRU|HER|OUT|WIN,1HP221,https://legendstory-production-s3-public.s3.amazonaws.com/media/cards/large/1HP221.webp
wBNMRCQPNBjPcfJwgrf9j,Azvolai,,Illusionist,Draconic,Deck,Draconic Illusionist - Dragon Ally,,2,,true,R|V,R,UPR,UPR009,https://legendstory-production-s3-public.s3.amazonaws.com/media/cards/large/UPR009_BACK.webp
FmWWpM8FLJCCzQLKBwwKk,"Baalghor, Omen of the End",,,Shadow,Hero,Shadow Hero - Young Demon,,,,false,V,V,IAR,IAR159,https://legendstory-production-s3-public.s3.amazonaws.com/media/cards/large/IAR159-MV.webp
kFW8PcC89jw6rGKkhfpBt,Back Alley Breakline,1,Generic,,Deck,Generic Action - Attack,1,5,2,true,C,C,ARC,ARC176,https://legendstory-production-s3-public.s3.amazonaws.com/media/cards/large/ARC176.webp
cDffzzbmtNH8rNmk9TpQW,Back Alley Breakline,2,Generic,,Deck,Generic Action - Attack,1,4,2,true,C,C,ARC,ARC177,https://legendstory-production-s3-public.s3.amazonaws.com/media/cards/large/ARC177.webp
RkMDk6MdKNGzhKnnPkLnD,Back Alley Breakline,3,Generic,,Deck,Generic Action - Attack,1,3,2,true,C,C,AGB|ARC|SGB,AGB020,https://legendstory-production-s3-public.s3.amazonaws.com/media/cards/large/AGB020.webp
NqtmztMtrJGPNNG9hNdQP,Back for Seconds,2,Warrior,,Deck,Warrior Attack Reaction,1,,2,true,C,C,DDD,DDD011,https://legendstory-production-s3-public.s3.amazonaws.com/media/cards/large/DDD011.webp
PJDPmhdhzfMjC6BqnTfRQ,Back Heel Kick,1,Ninja,,Deck,Ninja Action - Attack,0,3,3,true,C,C,BEN|OUT,BEN008,https://legendstory-production-s3-public.s3.amazonaws.com/media/cards/large/BEN008.webp
6gMmQCFkPbTT7hJ7frhrJ,Back Heel Kick,2,Ninja,,Deck,Ninja Action - Attack,0,2,3,true,C,C,BEN|OUT,BEN014,https://legendstory-production-s3-public.s3.amazonaws.com/media/cards/large/BEN014.webp
96HNgW7HDCffhbnngQb6P,Back Heel Kick,3,Ninja,,Deck,Ninja Action - Attack,0,1,3,true,C,C,OUT,OUT067,https://legendstory-production-s3-public.s3.amazonaws.com/media/cards/large/OUT067.webp
CkjpBRMfBFdf6fK6rbdWg,Back Stab,1,Assassin,,Deck,Assassin Action - Attack,0,3,3,true,C|R,C,HNT|OUT|WOD,HNT029,https://legendstory-production-s3-public.s3.amazonaws.com/media/cards/large/HNT029.webp
bLHKnQjnH8qwDgMDBRrhP,Back Stab,2,Assassin,,Deck,Assassin Action - Attack,0,2,3,true,R,R,OUT,OUT016,https://legendstory-production-s3-public.s3.amazonaws.com/media/cards/large/OUT016.webp
rdwhCnq7qjDG97zMqzDkz,Back Stab,3,Assassin,,Deck,Assassin Action - Attack,0,1,3,true,R,R,OUT,OUT017,https://legendstory-production-s3-public.s3.amazonaws.com/media/cards/large/OUT017.webp
gHKL66LFPJ6Jq7qkqFQqn,Backside of the Blade,3,Warrior,,Deck,Warrior Attack Reaction,2,,3,true,R,R,AHA|MPW,AHA019,https://legendstory-production-s3-public.s3.amazonaws.com/media/cards/large/AHA019.webp
pTJRQBLb8phGGHPHgwdQk,Backspin Thrust,1,Mechanologist,,Deck,Mechanologist Action - Attack,0,4,3,true,M,M,SUP,SUP254,https://legendstory-production-s3-public.s3.amazonaws.com/media/cards/large/SUP254.webp
6QzjLDc9KbnJWrFqd8zjW,Backup Protocol: BLU,3,Mechanologist,,Deck,Mechanologist Action - Item,0,,,true,C,C,AIO|EVO,AIO025,https://legendstory-production-s3-public.s3.amazonaws.com/media/cards/large/AIO025.webp
zkrrwbGgKqBtKwb9qhrgT,Backup Protocol: RED,1,Mechanologist,,Deck,Mechanologist Action - Item,0,,,true,C|P,C,AIO|EVO|GEM,AIO014,https://legendstory-production-s3-public.s3.amazonaws.com/media/cards/large/AIO014.webp
NhtzDBJkQ8cFtFkW7NLgf,Backup Protocol: YEL,2,Mechanologist,,Deck,Mechanologist Action - Item,0,,,true,C,C,EVO,EVO082,https://legendstory-production-s3-public.s3.amazonaws.com/media/cards/large/EVO082.webp
khm9tznHm9dhKz9kWpCQt,Bad Beats,1,Brute,,Deck,Brute Action,0,,3,true,C,C,EVR,EVR014,https://legendstory-production-s3-public.s3.amazonaws.com/media/cards/large/EVR014.webp
TbhnTBPLncChnLHTcG7jz,Bad Beats,2,Brute,,Deck,Brute Action,0,,3,true,C,C,EVR,EVR015,https://legendstory-production-s3-public.s3.amazonaws.com/media/cards/large/EVR015.webp
B7rWtLgFHDgNJ6LJmCqJc,Bad Beats,3,Brute,,Deck,Brute Action,0,,3,true,C,C,EVR,EVR016,https://legendstory-production-s3-public.s3.amazonaws.com/media/cards/large/EVR016.webp
JNKHkb76PCwjdkBQRWJGP,Bad Breath,1,,Reviled,Deck,Reviled Action,0,,2,true,C,C,PEN,PEN306,https://legendstory-production-s3-public.s3.amazonaws.com/media/cards/large/PEN306.webp
dQdNWcpTJnKdW7gLNGKL7,Bad Breath,2,,Reviled,Deck,Reviled Action,0,,2,true,C,C,PEN,PEN307,https://legendstory-production-s3-public.s3.amazonaws.com/media/cards/large/PEN307.webp
JkhmjLMQ9h9hfwJprNRMk,Bad Breath,3,,Reviled,Deck,Reviled Action,0,,2,true,C,C,PEN,PEN308,https://legendstory-production-s3-public.s3.amazonaws.com/media/cards/large/PEN308.webp
ndNkP7p6FDnNWzt7ckjPf,Bait,,Ranger,,Token,Ranger Token - Aura,,0,,true,B|P,B,FAB|SUP,FAB393,https://legendstory-production-s3-public.s3.amazonaws.com/media/cards/large/FAB393-CF.webp
fFHTT7tCd9NDBqn9qCgh6,Balance of Justice,,Generic,,Equipment,Generic Equipment - Head,,,2,true,P|L,P,ANQ|FAB|HVY|PEN,ANQ004,https://legendstory-production-s3-public.s3.amazonaws.com/media/cards/large/ANQ004-RF.webp
jW9czbpr7pQHgHwcq9dNH,Ball Breaker,,Brute,,Weapon,Brute Weapon - Flail (1H),,3,,true,R|P,R,HVY|LGS|RHI,HVY006,https://legendstory-production-s3-public.s3.amazonaws.com/media/cards/large/HVY006.webp
TJdbQPDBpnLGpNmmN7fhg,Ball Lightning,1,,Lightning,Deck,Lightning Action - Attack,0,3,0,true,C,C,ELE,ELE186,https://legendstory-production-s3-public.s3.amazonaws.com/media/cards/large/ELE186.webp
w77m97tB9GPDzK6ccgkjr,Ball Lightning,2,,Lightning,Deck,Lightning Action - Attack,0,2,0,true,C,C,ELE,ELE187,https://legendstory-production-s3-public.s3.amazonaws.com/media/cards/large/ELE187.webp
QnKbrhtk7HFcckCBbFmkt,Ball Lightning,3,,Lightning,Deck,Lightning Action - Attack,0,1,0,true,C,C,ELE,ELE188,https://legendstory-production-s3-public.s3.amazonaws.com/media/cards/large/ELE188.webp
k6CHfQ7NKhD8f7kPPhBdK,Bam Bam,2,Brute,,Deck,Brute Action - Attack,3,6,3,true,M,M,SEA,SEA250,https://legendstory-production-s3-public.s3.amazonaws.com/media/cards/large/SEA250.webp
rFtnRCDzmJrrJwfJfWnFC,Bandana of the Blue Beyond,,Generic,,Equipment,Generic Equipment - Head,,,0,true,C,C,SEA,SEA179,https://legendstory-production-s3-public.s3.amazonaws.com/media/cards/large/SEA179.webp
hHTFWRhbq9F7CwwbQqNQ8,Bank Breaker,,Mechanologist,,Weapon,Mechanologist Weapon - Wrench (2H),,3,,true,M|P,M,AMX|JDG,AMX022,https://legendstory-production-s3-public.s3.amazonaws.com/media/cards/large/AMX022_BACK.webp
LJrMwbT9tW99BNDwBKNfr,Banksy,,Mechanologist,,Weapon,Mechanologist Weapon - Wrench (2H),,3,,true,T|C|P,T,AMX|EVO|LGS,AMX002,https://legendstory-production-s3-public.s3.amazonaws.com/media/cards/large/AMX002.webp
PtBr9hn97WqBzgMqNHzFp,Banneret of Courage,2,Warrior,Light,Deck,Light Warrior Action - Attack,1,4,3,true,M|P,M,DTD|FAB,DTD048,https://legendstory-production-s3-public.s3.amazonaws.com/media/cards/large/DTD048.webp
MT7rdNFQjRncfm9DzmLdH,Banneret of Gallantry,2,Warrior,Light,Deck,Light Warrior Action - Attack,1,4,3,true,M|P,M,DTD|FAB,DTD049,https://legendstory-production-s3-public.s3.amazonaws.com/media/cards/large/DTD049.webp
Hkdtj7NWwgjL9znCjwM9M,Banneret of Protection,2,Warrior,Light,Deck,Light Warrior Action - Attack,1,4,3,true,M|P,M,DTD|FAB,DTD050,https://legendstory-production-s3-public.s3.amazonaws.com/media/cards/large/DTD050.webp
BJNg8JCdrjgzCwM6N8786,Banneret of Resilience,2,Warrior,Light,Deck,Light Warrior Action - Attack,0,3,3,true,R|P,R,ASB|DTD|LGS,ASB017,https://legendstory-production-s3-public.s3.amazonaws.com/media/cards/large/ASB017.webp
H7rF9J86RzTp6dbPjmMRm,Banneret of Salvation,2,Warrior,Light,Deck,Light Warrior Action - Attack,0,3,3,true,R|P,R,DTD|LGS|SBL,DTD055,https://legendstory-production-s3-public.s3.amazonaws.com/media/cards/large/DTD055.webp
CnQgknqjtfWWqnwKNCWHk,Banneret of Vigor,2,Warrior,Light,Deck,Light Warrior Action - Attack,0,3,3,true,R|P,R,ASB|DTD|LGS,ASB018,https://legendstory-production-s3-public.s3.amazonaws.com/media/cards/large/ASB018.webp
qbkqDjRTCdJznpTWt8j67,Barbed Barrage,1,Ranger,,Deck,Ranger Action - Arrow Attack,1,5,3,true,M,M,SEA,SEA098,https://legendstory-production-s3-public.s3.amazonaws.com/media/cards/large/SEA098.webp
jPfMCnKDptNbCbp6T96dT,Barbed Castaway,,Ranger,,Weapon,Ranger Weapon - Bow (2H),,,,true,T|C|P,T,AZL|LGS|OUT|RIP,AZL002,https://legendstory-production-s3-public.s3.amazonaws.com/media/cards/large/AZL002.webp
jNbd7cDQccq8zTwgTT8Rb,Barbed Undertow,1,Ranger,,Deck,Ranger Action - Arrow Attack,1,5,3,true,M,M,AAZ|OUT,AAZ008,https://legendstory-production-s3-public.s3.amazonaws.com/media/cards/large/AAZ008.webp
CWcTdDfFHrQjKz8dLqfTp,Bare Destruction,1,Brute,,Deck,Brute Action - Attack,2,6,3,true,M,M,ARR,ARR008,https://legendstory-production-s3-public.s3.amazonaws.com/media/cards/large/ARR008.webp
WDqWgDfRpTjWdMdTMM666,Bare Fangs,1,Brute,,Deck,Brute Action - Attack,2,6,,true,C,C,AKO|EVR|HVY|KYO|RHI|RVD|SKA,AKO007,https://legendstory-production-s3-public.s3.amazonaws.com/media/cards/large/AKO007.webp
zznJbCwttpMHdRkQHccHp,Bare Fangs,2,Brute,,Deck,Brute Action - Attack,2,5,,true,C,C,AKO|EVR|HVY|KYO|SKA,AKO016,https://legendstory-production-s3-public.s3.amazonaws.com/media/cards/large/AKO016.webp
g7DBTGtKGzCtWWfLKdFcr,Bare Fangs,3,Brute,,Deck,Brute Action - Attack,2,4,,true,C,C,EVR|HVY,EVR010,https://legendstory-production-s3-public.s3.amazonaws.com/media/cards/large/EVR010.webp
M6MBhFjDJcgfrm8mdNccR,Bare Swing,1,Brute,,Deck,Brute Action - Attack,3,7,3,true,R,R,ARR,ARR009,https://legendstory-production-s3-public.s3.amazonaws.com/media/cards/large/ARR009.webp
NNTdggPjQtGCjBmLG99Lc,Bare Swing,2,Brute,,Deck,Brute Action - Attack,3,6,3,true,R,R,ARR,ARR017,https://legendstory-production-s3-public.s3.amazonaws.com/media/cards/large/ARR017.webp
b9pTrmh7f78CMLGgtTrhB,Bark Obscenities,1,Brute,,Deck,Brute Action,0,,2,true,C,C,SUP,SUP167,https://legendstory-production-s3-public.s3.amazonaws.com/media/cards/large/SUP167.webp
dLhBfHW9rQGrQHqRrcQqG,Barkbone Strapping,,Brute,,Equipment,Brute Equipment - Chest,,,1,true,C,C,1HP|RNR|WTR,1HP008,https://legendstory-production-s3-public.s3.amazonaws.com/media/cards/large/1HP008.webp
qdDLqzd6FfmjfPGHLD6NW,Barkskin of the Millennium Tree,,,Earth,Equipment,Earth Equipment - Chest,,,2,true,P|L,P,FAB|ROS,FAB250,https://legendstory-production-s3-public.s3.amazonaws.com/media/cards/large/FAB250-GF.webp
bmQzdmzHNfjGj6Qtf9cbJ,Barnacle,2,Pirate|Necromancer,,Deck,Pirate Necromancer Action - Ally,2,4,,true,C|P|V,C,AGB|LGS|SEA|SGB,AGB015,https://legendstory-production-s3-public.s3.amazonaws.com/media/cards/large/AGB015.webp
WCgctGz6KWwfp9Dhd7H7c,Barraging Beatdown,1,Brute,,Deck,Brute Action,0,,3,true,R|P,R,1HP|TNP|WTR,1HP022,https://legendstory-production-s3-public.s3.amazonaws.com/media/cards/large/1HP022.webp
7zrn7HFQgcMFKMhJh6DPc,Barraging Beatdown,2,Brute,,Deck,Brute Action,0,,3,true,R|P,R,1HP|RNR|RVD|TNP|WTR,1HP023,https://legendstory-production-s3-public.s3.amazonaws.com/media/cards/large/1HP023.webp
mnDGzj8JLF997nnwpFpBH,Barraging Beatdown,3,Brute,,Deck,Brute Action,0,,3,true,R|P,R,1HP|ARR|RNR|TNP|WTR,1HP024,https://legendstory-production-s3-public.s3.amazonaws.com/media/cards/large/1HP024.webp
pRffgdg8BcqHjP9FfppLP,Barraging Big Horn,1,Brute,,Deck,Brute Action - Attack,2,7,3,true,R,R,CRU,CRU010,https://legendstory-production-s3-public.s3.amazonaws.com/media/cards/large/CRU010.webp
6FM8BWrmKQJMQThd8DB9L,Barraging Big Horn,2,Brute,,Deck,Brute Action - Attack,2,6,3,true,R,R,CRU,CRU011,https://legendstory-production-s3-public.s3.amazonaws.com/media/cards/large/CRU011.webp
LwtnWk9MBzHk9TK6MrMJt,Barraging Big Horn,3,Brute,,Deck,Brute Action - Attack,2,5,3,true,R,R,CRU,CRU012,https://legendstory-production-s3-public.s3.amazonaws.com/media/cards/large/CRU012.webp
8h9W9mdd6djDk6JCMCdGt,Barraging Brawnhide,1,Generic,,Deck,Generic Action - Attack,3,7,2,true,C,C,WTR,WTR176,https://legendstory-production-s3-public.s3.amazonaws.com/media/cards/large/WTR176.webp
hJdQ9Bfwm8Fz8kdtzHHqL,Barraging Brawnhide,2,Generic,,Deck,Generic Action - Attack,3,6,2,true,C,C,RNR|WTR,RNR019,https://legendstory-production-s3-public.s3.amazonaws.com/media/cards/large/RNR019.webp
9FcqNtGpHg68zzCggJkkP,Barraging Brawnhide,3,Generic,,Deck,Generic Action - Attack,3,5,2,true,C,C,BVO|WTR,BVO023,https://legendstory-production-s3-public.s3.amazonaws.com/media/cards/large/BVO023.webp
cW9gnhd9dmMghRfHjzdgF,Basalt Boots,,Guardian,,Equipment,Guardian Equipment - Legs,,,1,true,R,R,PEN|SBR,PEN019,https://legendstory-production-s3-public.s3.amazonaws.com/media/cards/large/PEN019.webp
gBQnWLRkrTJNGGm7dWPBN,Base of the Mountain,,Generic,,Equipment,Generic Equipment - Legs,,,*,true,P|L,P,FAB|MPG,FAB406,https://legendstory-production-s3-public.s3.amazonaws.com/media/cards/large/FAB406-GF.webp
7rnnDLtmFtcWqz6nC8J9M,Bash Brute,1,Guardian,,Deck,Guardian Action - Attack,3,7,2,true,C,C,SUP,SUP184,https://legendstory-production-s3-public.s3.amazonaws.com/media/cards/large/SUP184.webp
MdMgf8jkmJP6gGqNrTqRF,Bash Guardian,1,Brute,,Deck,Brute Action - Attack,2,6,2,true,C,C,SUP,SUP141,https://legendstory-production-s3-public.s3.amazonaws.com/media/cards/large/SUP141.webp
kJzkbhWtqDJcCD6ngwkBH,Bask in Your Own Greatness,1,,Reviled,Deck,Reviled Action - Attack,0,4,2,true,C|P,C,FAB|SUP,FAB387,https://legendstory-production-s3-public.s3.amazonaws.com/media/cards/large/FAB387-RF.webp
jg7dz6tkjTTqgmcNQbLRW,Bask in Your Own Greatness,2,,Reviled,Deck,Reviled Action - Attack,0,3,2,true,C|P,C,FAB|SUP,FAB388,https://legendstory-production-s3-public.s3.amazonaws.com/media/cards/large/FAB388-RF.webp
CdnTg7KmhKzWpJcd9JHrR,Bask in Your Own Greatness,3,,Reviled,Deck,Reviled Action - Attack,0,2,2,true,C|P,C,FAB|SUP,FAB389,https://legendstory-production-s3-public.s3.amazonaws.com/media/cards/large/FAB389-RF.webp
8QrLPLnBTwCjng6NzNtgp,Bastion of Duty,,Guardian,,Equipment,Guardian Equipment - Off-Hand,,,2,true,R|P,R,LGS|TCC,LGS206,https://legendstory-production-s3-public.s3.amazonaws.com/media/cards/large/LGS206-RF.webp
QKgbfzgpnzfq7HKgWTzRg,Bastion of Unity,,Warrior,,Equipment,Warrior Equipment - Off-hand,,,1,true,M,M,DTD,DTD206,https://legendstory-production-s3-public.s3.amazonaws.com/media/cards/large/DTD206.webp
jBMwChDGmJjp7GrhnzdwQ,Battalion Barque,1,Pirate,,Deck,Pirate Action - Attack,4,7,3,true,C,C,AGB|SEA|SGB,AGB008,https://legendstory-production-s3-public.s3.amazonaws.com/media/cards/large/AGB008.webp
gPkmHM8hGHGdkDTfCdbDP,Battalion Barque,2,Pirate,,Deck,Pirate Action - Attack,4,6,3,true,C,C,SEA,SEA153,https://legendstory-production-s3-public.s3.amazonaws.com/media/cards/large/SEA153.webp
CKgkPBMkGRkNzrDbdRttC,Battalion Barque,3,Pirate,,Deck,Pirate Action - Attack,4,5,3,true,C,C,SEA,SEA154,https://legendstory-production-s3-public.s3.amazonaws.com/media/cards/large/SEA154.webp
t79k8WMTmQBDnk6DcqzP8,Batter to a Pulp,1,Guardian,,Deck,Guardian Action - Attack,6,10,3,true,P,P,LGS,LGS387,https://legendstory-production-s3-public.s3.amazonaws.com/media/cards/large/LGS387.webp
RKqGdm6WndJLgwRtTQkpc,Battered Not Broken,1,Brute|Guardian,,Deck,Brute / Guardian Instant,0,,,true,R|P,R,HVY|LGS,HVY140,https://legendstory-production-s3-public.s3.amazonaws.com/media/cards/large/HVY140.webp
NdkHWNBQkBdTHTt7FTgFz,"Battered, Beaten, and Broken",2,,Reviled,Deck,Reviled Action - Attack,0,1,3,true,S,S,SUP,SUP083,https://legendstory-production-s3-public.s3.amazonaws.com/media/cards/large/SUP083.webp
jnptttBbHJCwHBC99PMkF,Battering Bolt,1,Ranger,,Deck,Ranger Action - Arrow Attack,2,6,3,true,M,M,EVR,EVR088,https://legendstory-production-s3-public.s3.amazonaws.com/media/cards/large/EVR088.webp
pNc7mQN79mQRRB86pnwGt,Battlefield Beacon,2,Warrior,Light,Deck,Light Warrior Action - Attack,0,3,3,true,M,M,SUP,SUP266,https://legendstory-production-s3-public.s3.amazonaws.com/media/cards/large/SUP266.webp
f8wtgfmb6wRGbJH9bqtRw,Battlefield Blitz,1,Warrior,Light,Deck,Light Warrior Action - Attack,1,5,3,true,R,R,BOL|MON,BOL010,https://legendstory-production-s3-public.s3.amazonaws.com/media/cards/large/BOL010.webp
Wg7zz9866gDH6BmjMNGd8,Battlefield Blitz,2,Warrior,Light,Deck,Light Warrior Action - Attack,1,4,3,true,C|R,C,ASB|MON,ASB019,https://legendstory-production-s3-public.s3.amazonaws.com/media/cards/large/ASB019.webp
MCnQLD9M7WTthcfmtJhD8,Battlefield Blitz,3,Warrior,Light,Deck,Light Warrior Action - Attack,1,3,3,true,R,R,MON,MON038,https://legendstory-production-s3-public.s3.amazonaws.com/media/cards/large/MON038.webp
N6bcFGQTBQ7pcWRkWTz8m,Battlefield Breaker,1,Brute,Shadow,Deck,Shadow Brute Action - Attack,3,7,3,true,C,C,DTD,DTD121,https://legendstory-production-s3-public.s3.amazonaws.com/media/cards/large/DTD121.webp
z8khMLCjBPBbkRRq6z8Nw,Battlefield Breaker,2,Brute,Shadow,Deck,Shadow Brute Action - Attack,3,6,3,true,C,C,DTD,DTD122,https://legendstory-production-s3-public.s3.amazonaws.com/media/cards/large/DTD122.webp
fkH7TNCHGQkLWQjC8gBnw,Battlefield Breaker,3,Brute,Shadow,Deck,Shadow Brute Action - Attack,3,5,3,true,C,C,DTD,DTD123,https://legendstory-production-s3-public.s3.amazonaws.com/media/cards/large/DTD123.webp
JBFH9nKhtQJdWd9DrKkHz,Battlefront Bastion,1,Generic,,Deck,Generic Action - Attack,3,7,2,true,C|P,C,ENG|FAB|MST,ENG007,https://legendstory-production-s3-public.s3.amazonaws.com/media/cards/large/ENG007.webp
jdKRbHgdf6Dwcw7dwHHjh,Battlefront Bastion,2,Generic,,Deck,Generic Action - Attack,3,6,2,true,C|P,C,ENG|FAB|MST,ENG012,https://legendstory-production-s3-public.s3.amazonaws.com/media/cards/large/ENG012.webp
QhmRdkQHR9W8JbdmBTW9k,Battlefront Bastion,3,Generic,,Deck,Generic Action - Attack,3,5,2,true,C|P,C,AKO|FAB|MST,AKO019,https://legendstory-production-s3-public.s3.amazonaws.com/media/cards/large/AKO019.webp
F6FCWBgBckkm8pn89TCfn,Be Like Water,1,Ninja,,Deck,Ninja Action - Attack,0,3,2,true,C,C,KAT|OUT,KAT014,https://legendstory-production-s3-public.s3.amazonaws.com/media/cards/large/KAT014.webp
h8P7JrccDgT7kRb67RHPm,Be Like Water,2,Ninja,,Deck,Ninja Action - Attack,0,2,2,true,C,C,BEN|KAT|OUT,BEN018,https://legendstory-production-s3-public.s3.amazonaws.com/media/cards/large/BEN018.webp
CWzQb9qFn88pbQbfjRnWW,Be Like Water,3,Ninja,,Deck,Ninja Action - Attack,0,1,2,true,C,C,BEN|KAT|OUT,BEN021,https://legendstory-production-s3-public.s3.amazonaws.com/media/cards/large/BEN021.webp
rq9WWJHNRbbmNDBzmHtJN,Beacon of Victory,2,Warrior,Light,Deck,Light Warrior Attack Reaction,0,,3,true,M,M,MON,MON033,https://legendstory-production-s3-public.s3.amazonaws.com/media/cards/large/MON033.webp
kG8dtfK6bQqncJjNm6wNL,Beaming Blade,,Warrior,Light,Weapon,Light Warrior Weapon - Sword (2H),,0,,true,R|P,R,DTD|LGS,DTD046,https://legendstory-production-s3-public.s3.amazonaws.com/media/cards/large/DTD046.webp
8RTWmNwPzJnQp8GKbmK86,Beaming Bravado,1,Warrior,Light,Deck,Light Warrior Action - Attack,0,3,3,true,C|R,C,ASB|DTD|SBL,ASB007,https://legendstory-production-s3-public.s3.amazonaws.com/media/cards/large/ASB007.webp
pWf6dmb99RqhghkdKGgT8,Beaming Bravado,2,Warrior,Light,Deck,Light Warrior Action - Attack,0,2,3,true,C|R,C,ASB|DTD|SBL,ASB020,https://legendstory-production-s3-public.s3.amazonaws.com/media/cards/large/ASB020.webp
mGnLtgpdjnhKbGFhzBnrj,Beaming Bravado,3,Warrior,Light,Deck,Light Warrior Action - Attack,0,1,3,true,R,R,DTD,DTD059,https://legendstory-production-s3-public.s3.amazonaws.com/media/cards/large/DTD059.webp
JbPPdLhqj6mFbd8RmP8Kq,Bear Hug,1,Brute,,Deck,Brute Action - Attack,2,7,3,true,C,C,PEN,PEN012,https://legendstory-production-s3-public.s3.amazonaws.com/media/cards/large/PEN012.webp
WRnzTrTkDBdWpC8MnQ7LJ,Bear Hug,2,Brute,,Deck,Brute Action - Attack,2,6,3,true,C,C,PEN,PEN013,https://legendstory-production-s3-public.s3.amazonaws.com/media/cards/large/PEN013.webp
6dntPtjP6wmc6nMwb79GP,Bear Hug,3,Brute,,Deck,Brute Action - Attack,2,5,3,true,C,C,PEN|SKA,PEN014,https://legendstory-production-s3-public.s3.amazonaws.com/media/cards/large/PEN014.webp
GCQjzHBLkpLKfW89ckp7q,Beast Mode,1,Brute,,Deck,Brute Action - Attack,3,6,3,true,R|P,R,HVY|LGS|RHI|RVD,HVY017,https://legendstory-production-s3-public.s3.amazonaws.com/media/cards/large/HVY017.webp
qChkdKF86TQpR6ctdDhRw,Beast Mode,2,Brute,,Deck,Brute Action - Attack,3,5,3,true,R,R,HVY,HVY018,https://legendstory-production-s3-public.s3.amazonaws.com/media/cards/large/HVY018.webp
Gtz9rhLqmgQNLCBWWrhn6,Beast Mode,3,Brute,,Deck,Brute Action - Attack,3,4,3,true,R,R,HVY,HVY019,https://legendstory-production-s3-public.s3.amazonaws.com/media/cards/large/HVY019.webp
dHNcBPjwggj8GdFnqbkrD,Beast Within,2,Brute,,Deck,Brute Action - Attack,3,6,3,true,M,M,1HP|ARR|CRU,1HP011,https://legendstory-production-s3-public.s3.amazonaws.com/media/cards/large/1HP011.webp
kGqgWbR9dbWjWQNC6JCCm,Beat of the Ironsong,3,Warrior,,Deck,Warrior Attack Reaction,0,,3,true,M,M,SUP,SUP251,https://legendstory-production-s3-public.s3.amazonaws.com/media/cards/large/SUP251.webp
KjRNNfzGJJh68Fwk7QmWc,Beat the Same Drum,3,Generic,,Deck,Generic Action,0,,3,true,S,S,SUP,SUP219,https://legendstory-production-s3-public.s3.amazonaws.com/media/cards/large/SUP219.webp
zCWhR7jRCmH7D7fKDGKcF,Beaten Trackers,,Brute,,Equipment,Brute Equipment - Legs,,,1,true,R|P,R,AKO|DYN|FAB|SKA,AKO006,https://legendstory-production-s3-public.s3.amazonaws.com/media/cards/large/AKO006.webp
k7CQWQNw7LjqTcGB8gDTq,Beckon Applause,,Warrior,,Equipment,Warrior Equipment - Arms,,,0,true,C,C,HVY|KSI|OLA,HVY100,https://legendstory-production-s3-public.s3.amazonaws.com/media/cards/large/HVY100.webp
6zdg7pmncFthJQtLB79Jc,Beckon Steel,3,Warrior,,Deck,Warrior Attack Reaction,0,,3,true,M,M,OMN,OMN238,https://legendstory-production-s3-public.s3.amazonaws.com/media/cards/large/OMN238.webp
tbJKjHrCbwffmbGt6hhTM,Beckoning Brilliance,1,,Lightning,Deck,Lightning Action - Attack,0,4,2,true,R|P,R,GEM|OMN,GEM170,https://legendstory-production-s3-public.s3.amazonaws.com/media/cards/large/GEM170.webp
KrfHMt9FRGmFqPrRqRrfL,Beckoning Haunt,,Runeblade,,Equipment,Runeblade Equipment - Arms,,,2,true,R,R,PEN|SVI,PEN095,https://legendstory-production-s3-public.s3.amazonaws.com/media/cards/large/PEN095.webp
KHpc7bwPqmLjMF977CjcR,Beckoning Light,1,Warrior,Light,Deck,Light Warrior Action - Attack,0,3,3,true,M,M,DTD,DTD051,https://legendstory-production-s3-public.s3.amazonaws.com/media/cards/large/DTD051.webp
wcm8kJNcrzDtt6zJm9c9R,Beckoning Mistblade,,Assassin,Mystic,Weapon,Mystic Assassin Weapon - Dagger (1H),,1,,true,T|C|P,T,LGS|MST|NUU,LGS290,https://legendstory-production-s3-public.s3.amazonaws.com/media/cards/large/LGS290-RF.webp
FzmdMTfjQrhzn8bNBhhDw,Become the Arknight,3,Runeblade,,Deck,Runeblade Action,0,,3,true,S|M,S,1HP|ARC|AVS,1HP267,https://legendstory-production-s3-public.s3.amazonaws.com/media/cards/large/1HP267.webp
HfC6DCG8tfLwCTmzrwfzt,Become the Bottle,1,Ninja,,Deck,Ninja Action - Attack,0,3,2,true,C,C,PEN,PEN037,https://legendstory-production-s3-public.s3.amazonaws.com/media/cards/large/PEN037.webp
9NLM87BBTkHgdjJFPHtWN,Become the Bottle,2,Ninja,,Deck,Ninja Action - Attack,0,2,2,true,C,C,PEN,PEN038,https://legendstory-production-s3-public.s3.amazonaws.com/media/cards/large/PEN038.webp
DnHbCNhbpDHTJ9GpknKrb,Become the Bottle,3,Ninja,,Deck,Ninja Action - Attack,0,1,2,true,C,C,PEN,PEN039,https://legendstory-production-s3-public.s3.amazonaws.com/media/cards/large/PEN039.webp
NtqJQk8hdRWHTgKMKRWG6,Become the Cup,1,Ninja,,Deck,Ninja Action - Attack,0,3,2,true,C,C,PEN,PEN040,https://legendstory-production-s3-public.s3.amazonaws.com/media/cards/large/PEN040.webp
DdPqNRh6NTPMrgwRRNqwb,Become the Cup,2,Ninja,,Deck,Ninja Action - Attack,0,2,2,true,C,C,PEN,PEN041,https://legendstory-production-s3-public.s3.amazonaws.com/media/cards/large/PEN041.webp
tRgKFDwQnQRLT7qnNJ6kc,Become the Cup,3,Ninja,,Deck,Ninja Action - Attack,0,1,2,true,C,C,PEN,PEN042,https://legendstory-production-s3-public.s3.amazonaws.com/media/cards/large/PEN042.webp
CtgLqKpjrGRtLnwbHjd9f,Belittle,1,Generic,,Deck,Generic Action - Attack,1,3,2,true,C,C,MON,MON266,https://legendstory-production-s3-public.s3.amazonaws.com/media/cards/large/MON266.webp
8b9Fj6hL8WbNF6zDgzJFp,Belittle,2,Generic,,Deck,Generic Action - Attack,1,2,2,true,C,C,MON,MON267,https://legendstory-production-s3-public.s3.amazonaws.com/media/cards/large/MON267.webp
dgBTMrWQ8F7gTCt6m7ngM,Belittle,3,Generic,,Deck,Generic Action - Attack,1,1,2,true,C,C,MON,MON268,https://legendstory-production-s3-public.s3.amazonaws.com/media/cards/large/MON268.webp
QLkz9dFQmJGnCtCRLJ9QC,"Bellona, Archangel of War",,,Light,Deck,Light - Angel Ally,,4,,true,M|V,M,DTD,DTD012,https://legendstory-production-s3-public.s3.amazonaws.com/media/cards/large/DTD012_BACK.webp
7KPHKGtMmJ7PhLJLgT6QW,Belly Buster,1,Warrior,,Deck,Warrior Action,1,,3,true,C,C,AOL,AOL010,https://legendstory-production-s3-public.s3.amazonaws.com/media/cards/large/AOL010.webp
7tHWWm9MRJgCrTHN9Tg9z,Belly Buster,3,Warrior,,Deck,Warrior Action,1,,3,true,C,C,AOL,AOL023,https://legendstory-production-s3-public.s3.amazonaws.com/media/cards/large/AOL023.webp
nQ6G8zFmGCBTwznGrfzhJ,Below the Belt,1,Warrior,,Deck,Warrior Action,1,,3,true,R,R,MPW,MPW059,https://legendstory-production-s3-public.s3.amazonaws.com/media/cards/large/MPW059.webp
h9LPFJG86fdMPQmqwWNQw,Beneath the Surface,2,Pirate|Necromancer,,Deck,Pirate Necromancer Defense Reaction,2,,5,true,R|P,R,GEM|PEN,GEM167,https://legendstory-production-s3-public.s3.amazonaws.com/media/cards/large/GEM167.webp
w6dzmjnGppFHCRgmKMFbW,Benefactor of Bloodworth Goldmane,,,,Deck,Event,,,,false,M,M,SMP,SMP008,https://legendstory-production-s3-public.s3.amazonaws.com/media/cards/large/SMP008.webp
HT8r8mg8rHmbWJthCFHfH,"Benji, the Piercing Wind",,Ninja,,Hero,Ninja Hero - Young,,,,false,T|C|R|P|V,T,1HP|BEN|CRU|HER|OUT|PEN,1HP088,https://legendstory-production-s3-public.s3.amazonaws.com/media/cards/large/1HP088.webp
m6KTfwtJkzqRLKFtMFjBn,Bequest the Vast Beyond,1,Runeblade,,Deck,Runeblade Action,0,,2,true,M,M,DTD,DTD212,https://legendstory-production-s3-public.s3.amazonaws.com/media/cards/large/DTD212.webp
mGqzLzjTgNjr7qJGMTjtW,Berserk,2,Brute,,Deck,Brute Action,1,,3,true,M,M,DYN,DYN009,https://legendstory-production-s3-public.s3.amazonaws.com/media/cards/large/DYN009.webp
K7LtdBPqbcKqQQ9h7GL9k,Beseech the Demigon,1,,Shadow,Deck,Shadow Action,0,,2,true,C,C,DTD,DTD187,https://legendstory-production-s3-public.s3.amazonaws.com/media/cards/large/DTD187.webp
NGzjQTd9tDcWJPnrR8PqH,Beseech the Demigon,2,,Shadow,Deck,Shadow Action,0,,2,true,C,C,DTD,DTD188,https://legendstory-production-s3-public.s3.amazonaws.com/media/cards/large/DTD188.webp
kB67fM6fFzGPc79Mqrn9Q,Beseech the Demigon,3,,Shadow,Deck,Shadow Action,0,,2,true,C,C,DTD,DTD189,https://legendstory-production-s3-public.s3.amazonaws.com/media/cards/large/DTD189.webp
fkJjHhHdB79QkMRRGLRTr,Bet Big,1,Guardian,,Deck,Guardian Action - Attack,4,8,3,true,M,M,HVY,HVY057,https://legendstory-production-s3-public.s3.amazonaws.com/media/cards/large/HVY057.webp
zdWrPkDgdbWdGBWjCLnhj,Betsy,,Guardian,,Hero,Guardian Hero - Young,,,,false,T|R|V,T,BET|HVY,BET001,https://legendstory-production-s3-public.s3.amazonaws.com/media/cards/large/BET001-RF.webp
m7WjNjrtmfKdLfqPLWDHw,"Betsy, Skin in the Game",,Guardian,,Hero,Guardian Hero,,,,true,M|P|V,M,HER|HVY|WIN,HER109,https://legendstory-production-s3-public.s3.amazonaws.com/media/cards/large/HER109-RF.webp
zgRHgqkpfq7FTNgrjRnbj,Big Bertha,1,Mechanologist,,Deck,Mechanologist Action - Attack,3,6,3,true,C,C,EVO,EVO177,https://legendstory-production-s3-public.s3.amazonaws.com/media/cards/large/EVO177.webp
hpjt9GGTdQKf9t6RC6tCk,Big Bertha,2,Mechanologist,,Deck,Mechanologist Action - Attack,3,5,3,true,C,C,EVO,EVO178,https://legendstory-production-s3-public.s3.amazonaws.com/media/cards/large/EVO178.webp
BbhMcGn9tRzPq6qdt8f8W,Big Bertha,3,Mechanologist,,Deck,Mechanologist Action - Attack,3,4,3,true,C,C,AMX|EVO|SDA,AMX024,https://legendstory-production-s3-public.s3.amazonaws.com/media/cards/large/AMX024.webp
P9RtP9QddBCD8QjGFcBCt,Big Blinder,1,Warrior,,Deck,Warrior Attack Reaction,2,,2,true,C,C,MPW,MPW076,https://legendstory-production-s3-public.s3.amazonaws.com/media/cards/large/MPW076.webp
mnWKB7zj8BMrjP6MrqkfG,Big Blinder,2,Warrior,,Deck,Warrior Attack Reaction,2,,2,true,C,C,MPW,MPW077,https://legendstory-production-s3-public.s3.amazonaws.com/media/cards/large/MPW077.webp
6nWPC67gz89pM77PJpqBw,Big Blinder,3,Warrior,,Deck,Warrior Attack Reaction,2,,2,true,C,C,MPW,MPW078,https://legendstory-production-s3-public.s3.amazonaws.com/media/cards/large/MPW078.webp
9GHTwjj8W9dWDtc9zbfmc,Big Blue Sky,3,,Mystic,Deck,Mystic Defense Reaction,0,,2,true,R|P,R,ENG|FAB|MST|SEN,ENG015,https://legendstory-production-s3-public.s3.amazonaws.com/media/cards/large/ENG015.webp
L6rgnMGtzqKkLfHdkTPph,Big Bop,1,Guardian,,Deck,Guardian Action - Aura,3,,2,true,C,C,BET|HVY,BET015,https://legendstory-production-s3-public.s3.amazonaws.com/media/cards/large/BET015.webp
c7LrgMPzh9mcqbCqM9mmw,Big Bop,2,Guardian,,Deck,Guardian Action - Aura,3,,2,true,C,C,HVY,HVY084,https://legendstory-production-s3-public.s3.amazonaws.com/media/cards/large/HVY084.webp
LFnMwmW9pgdNwzHCtfNnL,Big Bop,3,Guardian,,Deck,Guardian Action - Aura,3,,2,true,C,C,BET|HVY,BET023,https://legendstory-production-s3-public.s3.amazonaws.com/media/cards/large/BET023.webp
QwPWQnB7zg7kBPkNT9Mqp,Big Bully,1,Brute,Reviled,Deck,Reviled Brute Action - Attack,2,4,3,true,S,S,SUP,SUP067,https://legendstory-production-s3-public.s3.amazonaws.com/media/cards/large/SUP067.webp
mcWPGtmMHtkG7RrMpnKgq,Big Game Trophy Shot,2,Pirate|Ranger,,Deck,Pirate Ranger Action,2,,3,true,M|P,M,FAB|SEA,FAB345,https://legendstory-production-s3-public.s3.amazonaws.com/media/cards/large/FAB345-RF.webp
jzkqdWBRMj7Hp8hQj8tDp,"Big Hits, Big Applause",,,,Deck,Event,,,,false,M,M,SMP,SMP009,https://legendstory-production-s3-public.s3.amazonaws.com/media/cards/large/SMP009.webp
8FG8jW7HFB6fmBR6mkQdn,Big Shot,1,Mechanologist,,Deck,Mechanologist Action - Attack,3,6,3,true,R,R,EVO,EVO153,https://legendstory-production-s3-public.s3.amazonaws.com/media/cards/large/EVO153.webp
CgNjQcrqDkb7tRMtdkBMJ,Big Slick,1,Warrior,,Deck,Warrior Action,3,,3,true,R,R,AOL|MPW,AOL011,https://legendstory-production-s3-public.s3.amazonaws.com/media/cards/large/AOL011.webp
N9BznJBrP8LzDbcJQ9WFj,Big Slick,2,Warrior,,Deck,Warrior Action,3,,3,true,R,R,MPW,MPW061,https://legendstory-production-s3-public.s3.amazonaws.com/media/cards/large/MPW061.webp
BqTLWjKcLMg88cmd7Hd7n,Big Slick,3,Warrior,,Deck,Warrior Action,3,,3,true,R,R,MPW,MPW062,https://legendstory-production-s3-public.s3.amazonaws.com/media/cards/large/MPW062.webp
8qgwqKgbDwGwGNMjh7qLQ,Bigger Than Big,1,Guardian,,Deck,Guardian Action - Aura,3,,2,true,C,C,BET|HVY,BET016,https://legendstory-production-s3-public.s3.amazonaws.com/media/cards/large/BET016.webp
zGd78mnnbrJdQLzn7TqRk,Bigger Than Big,2,Guardian,,Deck,Guardian Action - Aura,3,,2,true,C,C,HVY,HVY087,https://legendstory-production-s3-public.s3.amazonaws.com/media/cards/large/HVY087.webp
TK6twQMzpt7pKnRM8bFKn,Bigger Than Big,3,Guardian,,Deck,Guardian Action - Aura,3,,2,true,C,C,BET|HVY,BET024,https://legendstory-production-s3-public.s3.amazonaws.com/media/cards/large/BET024.webp
jCLhjJp9PcgJFQHQfLQrf,Billowing Mirage,1,Illusionist,Draconic,Deck,Draconic Illusionist Action - Attack,1,3,3,true,C,C,DRO|UPR,DRO012,https://legendstory-production-s3-public.s3.amazonaws.com/media/cards/large/DRO012.webp
KkrrmhNQDqWc7WWKMTTNz,Billowing Mirage,2,Illusionist,Draconic,Deck,Draconic Illusionist Action - Attack,1,2,3,true,C,C,UPR,UPR019,https://legendstory-production-s3-public.s3.amazonaws.com/media/cards/large/UPR019.webp
J7J6PfqbMCBzQDKtrMfCD,Billowing Mirage,3,Illusionist,Draconic,Deck,Draconic Illusionist Action - Attack,1,1,3,true,C,C,UPR,UPR020,https://legendstory-production-s3-public.s3.amazonaws.com/media/cards/large/UPR020.webp
N8WgrfprdwMBzNwgFqmfj,Billowing Mist,3,,Mystic,Deck,Mystic Action,0,,2,true,C,C,PEN,PEN272,https://legendstory-production-s3-public.s3.amazonaws.com/media/cards/large/PEN272.webp
qHRGLQzBMMQ8hcqPJdM9W,Bingo,1,Generic,,Deck,Generic Action - Attack,1,5,3,true,M,M,EVR,EVR156,https://legendstory-production-s3-public.s3.amazonaws.com/media/cards/large/EVR156.webp
nnHDmPJLGkjdkwkTRPjRg,Bios Update,1,Mechanologist,,Deck,Mechanologist Action,0,,3,true,M,M,DYN,DYN091,https://legendstory-production-s3-public.s3.amazonaws.com/media/cards/large/DYN091.webp
FdjqnMbJH8r9QqtFFmGKM,Bite,1,Assassin,,Deck,Assassin Action - Attack,0,3,3,true,R,R,HNT|WOD,HNT017,https://legendstory-production-s3-public.s3.amazonaws.com/media/cards/large/HNT017.webp
qTcLJRLFGGTnwnJTthbDq,Bite,2,Assassin,,Deck,Assassin Action - Attack,0,2,3,true,R,R,HNT,HNT018,https://legendstory-production-s3-public.s3.amazonaws.com/media/cards/large/HNT018.webp
K7CMNqCLndJQdztbmmmcM,Bite,3,Assassin,,Deck,Assassin Action - Attack,0,1,3,true,R,R,HNT,HNT019,https://legendstory-production-s3-public.s3.amazonaws.com/media/cards/large/HNT019.webp
kPcbRhDr7B8cmkW7wgdMj,Biting Blade,1,Warrior,,Deck,Warrior Attack Reaction,2,,3,true,C,C,TEA|WTR,TEA008,https://legendstory-production-s3-public.s3.amazonaws.com/media/cards/large/TEA008.webp
CpgzmBH67WMWJMj9JF8jw,Biting Blade,2,Warrior,,Deck,Warrior Attack Reaction,2,,3,true,C,C,WTR,WTR136,https://legendstory-production-s3-public.s3.amazonaws.com/media/cards/large/WTR136.webp
McjPm9GcmnWLq7cJTrPdm,Biting Blade,3,Warrior,,Deck,Warrior Attack Reaction,2,,3,true,C,C,TEA|WTR,TEA020,https://legendstory-production-s3-public.s3.amazonaws.com/media/cards/large/TEA020.webp
87m6C8jLpLWWnJP9BHkbK,Biting Breeze,1,Ninja,,Deck,Ninja Action - Attack,0,3,2,true,C,C,MST|ZEN,MST173,https://legendstory-production-s3-public.s3.amazonaws.com/media/cards/large/MST173.webp
RWtpgDMGHmDwhwrrKCDr9,Biting Breeze,2,Ninja,,Deck,Ninja Action - Attack,0,2,2,true,C,C,MST|ZEN,MST174,https://legendstory-production-s3-public.s3.amazonaws.com/media/cards/large/MST174.webp
GKqLgtJWc9bCkMBHtBTLF,Biting Breeze,3,Ninja,,Deck,Ninja Action - Attack,0,1,2,true,C,C,MST|ZEN,MST175,https://legendstory-production-s3-public.s3.amazonaws.com/media/cards/large/MST175.webp
fPRWHBw7cmHgJmmJFBt8W,Biting Gale,1,Guardian,Elemental,Deck,Elemental Guardian Defense Reaction,2,,4,true,R,R,ELE,ELE007,https://legendstory-production-s3-public.s3.amazonaws.com/media/cards/large/ELE007.webp
8FjQLQhnCTmmfHRBLc6tN,Biting Gale,2,Guardian,Elemental,Deck,Elemental Guardian Defense Reaction,2,,3,true,R,R,ELE|OLD,ELE008,https://legendstory-production-s3-public.s3.amazonaws.com/media/cards/large/ELE008.webp
NWbL6RKjbRBKQJphmHDmk,Biting Gale,3,Guardian,Elemental,Deck,Elemental Guardian Defense Reaction,2,,2,true,R,R,ELE,ELE009,https://legendstory-production-s3-public.s3.amazonaws.com/media/cards/large/ELE009.webp
dLdBfMKhPbj8qppT6LgdL,Bittering Thorns,1,Ninja,,Deck,Ninja Action - Attack,1,4,2,true,C|P,C,ASR|LGS|TCC,ASR007,https://legendstory-production-s3-public.s3.amazonaws.com/media/cards/large/ASR007.webp
HQPwgkmgJzK6ncfgQ7QBC,Bittering Thorns,2,Ninja,,Deck,Ninja Action - Attack,1,3,2,true,C|P,C,1HP|CRU|IRA|TCC,1HP134,https://legendstory-production-s3-public.s3.amazonaws.com/media/cards/large/1HP134.webp
RwNrQDRKQfMcNRc8pbLNM,Bittering Thorns,3,Ninja,,Deck,Ninja Action - Attack,1,2,2,true,C,C,ASR,ASR020,https://legendstory-production-s3-public.s3.amazonaws.com/media/cards/large/ASR020.webp
BdktjfJkbNJzMfKQ6Mtrd,Blackout Kick,1,Ninja,,Deck,Ninja Action - Attack,1,4,3,true,R,R,1HP|KSU|WTR,1HP104,https://legendstory-production-s3-public.s3.amazonaws.com/media/cards/large/1HP104.webp
BKjJWmhTkQrpQLCcgr8Jb,Blackout Kick,2,Ninja,,Deck,Ninja Action - Attack,1,3,3,true,R,R,1HP|WTR,1HP105,https://legendstory-production-s3-public.s3.amazonaws.com/media/cards/large/1HP105.webp
gp98bCGp7DPjk8KTpHqJr,Blackout Kick,3,Ninja,,Deck,Ninja Action - Attack,1,2,3,true,R,R,1HP|WTR,1HP106,https://legendstory-production-s3-public.s3.amazonaws.com/media/cards/large/1HP106.webp
JgH7RNTPbJkM6Bqc7HJgT,Blackstone Greaves,,Runeblade,,Equipment,Runeblade Equipment - Legs,,,1,true,R,R,PEN,PEN096,https://legendstory-production-s3-public.s3.amazonaws.com/media/cards/large/PEN096.webp
HpMt88NkhFBNw7fpC6tkN,Blacktek Whisperers,,Assassin,,Equipment,Assassin Equipment - Legs,,,1,true,P|L,P,DYN|FAB,DYN117,https://legendstory-production-s3-public.s3.amazonaws.com/media/cards/large/DYN117-RF.webp
N7WzjJdqrn8NTh6f8rDb9,Blade Beckoner Boots,,Generic,,Equipment,Generic Equipment - Legs,,,1,true,R|P,R,FAB|HNT|SAR|SBA|SBZ|SDA|SEN|SIY|SVI,FAB423,https://legendstory-production-s3-public.s3.amazonaws.com/media/cards/large/FAB423-GF.webp
BtThQJzWQFwCfzfHWbjdJ,Blade Beckoner Gauntlets,,Generic,,Equipment,Generic Equipment - Arms,,,1,true,R|P,R,FAB|FNG|HNT|SBA|SBR|SBZ|SDA|SIY|SKA,FAB422,https://legendstory-production-s3-public.s3.amazonaws.com/media/cards/large/FAB422-GF.webp
7bLqk7cJF877QFfzBcGWL,Blade Beckoner Helm,,Generic,,Equipment,Generic Equipment - Head,,,1,true,R|P,R,FAB|HNT|SAZ|SBA|SBR|SDA|SEN|SFA|SIY|SLY|SVI,FAB420,https://legendstory-production-s3-public.s3.amazonaws.com/media/cards/large/FAB420-GF.webp
m8GfTFCJ9DkNWwmJbKBth,Blade Beckoner Plating,,Generic,,Equipment,Generic Equipment - Chest,,,1,true,R|P,R,CIN|FAB|HNT|SLY,CIN004,https://legendstory-production-s3-public.s3.amazonaws.com/media/cards/large/CIN004.webp
wLNgpgF6DJHmgfFHMnnpK,Blade Cuff,,Assassin|Ninja,,Equipment,Assassin / Ninja Equipment - Arms,,,1,true,C,C,OUT,OUT141,https://legendstory-production-s3-public.s3.amazonaws.com/media/cards/large/OUT141.webp
Gb8JgWdw6LbKBHhMkBw9D,Blade Dance,,Warrior,,Token,Warrior Token - Aura,,,,true,V,V,MPW,MPW134,https://legendstory-production-s3-public.s3.amazonaws.com/media/cards/large/MPW134-MV.webp
BmMFHFgmDWmHn9H7QHBdF,Blade Flash,3,Generic,,Deck,Generic Attack Reaction,1,,2,true,C|P,C,DDD|DVR|LGS,DDD013,https://legendstory-production-s3-public.s3.amazonaws.com/media/cards/large/DDD013.webp
9Frf6rQGgmQ9bqWRDzzjM,Blade Flurry,1,Warrior,,Deck,Warrior Attack Reaction,0,,3,true,M,M,HVY|MPW,HVY101,https://legendstory-production-s3-public.s3.amazonaws.com/media/cards/large/HVY101.webp
JpPbKrMTptDdR7BCKqQbC,Blade Runner,1,Warrior,,Deck,Warrior Attack Reaction,1,,3,true,C|P,C,EVR|TNP,EVR060,https://legendstory-production-s3-public.s3.amazonaws.com/media/cards/large/EVR060.webp
pBffPpq7LKCWd7FghCcPL,Blade Runner,2,Warrior,,Deck,Warrior Attack Reaction,1,,3,true,C|P,C,EVR|TNP,EVR061,https://legendstory-production-s3-public.s3.amazonaws.com/media/cards/large/EVR061.webp
RHgCJmWQWbPNf6pTDknLc,Blade Runner,3,Warrior,,Deck,Warrior Attack Reaction,1,,3,true,C|P,C,EVR|TNP,EVR062,https://legendstory-production-s3-public.s3.amazonaws.com/media/cards/large/EVR062.webp
NbqfndrFKCf8HpK9zGMPQ,Blade Rush,2,Warrior,,Deck,Warrior Action,0,,2,true,R,R,DDD|MPW,DDD012,https://legendstory-production-s3-public.s3.amazonaws.com/media/cards/large/DDD012.webp
hnhmF8pkDjHM8HBKjKH8G,Blanch,1,Generic,,Deck,Generic Action - Attack,3,7,2,true,R|P,R,FAB|MST,FAB400,https://legendstory-production-s3-public.s3.amazonaws.com/media/cards/large/FAB400.webp
rNKN6PqmhhkTDLLhJmkGw,Blanch,2,Generic,,Deck,Generic Action - Attack,3,6,2,true,R,R,MST,MST195,https://legendstory-production-s3-public.s3.amazonaws.com/media/cards/large/MST195.webp
NqMBhfgdBcBmpcnmF7BpP,Blanch,3,Generic,,Deck,Generic Action - Attack,3,5,2,true,R,R,MST,MST196,https://legendstory-production-s3-public.s3.amazonaws.com/media/cards/large/MST196.webp
dbrfzmNJ9ccB9CW68pmQp,"Blasmophet, Levia Consumed",,,Shadow,Hero,Shadow Demi-Hero - Demon,,,,true,L|V,L,DTD,DTD164,https://legendstory-production-s3-public.s3.amazonaws.com/media/cards/large/DTD164_BACK.webp
qJ8HCWnpHbPRGRGpt86Cb,"Blasmophet, the Soul Harvester",,,Shadow,Token,Shadow Token - Demon Ally,,6,,true,T|P,T,FAB|MON,FAB021,https://legendstory-production-s3-public.s3.amazonaws.com/media/cards/large/FAB021-CF.webp
JRNzhJqgLDf7Nr87B9KBT,Blast Rig,1,Mechanologist,,Deck,Mechanologist Action - Attack,0,1,3,true,R|P,R,GEM|PEN,GEM120,https://legendstory-production-s3-public.s3.amazonaws.com/media/cards/large/GEM120.webp
P8KJ8nmGmLRgmccLWcz8p,Blast to Oblivion,1,,Lightning,Deck,Lightning Action - Attack,0,4,2,true,R,R,AUA|OSC|ROS,AUA007,https://legendstory-production-s3-public.s3.amazonaws.com/media/cards/large/AUA007.webp
TKDWphdbTMPCrQtMDTmTB,Blast to Oblivion,2,,Lightning,Deck,Lightning Action - Attack,0,3,2,true,R,R,ROS,ROS080,https://legendstory-production-s3-public.s3.amazonaws.com/media/cards/large/ROS080.webp
cCBDbFWGMWN7QgWFBznbw,Blast to Oblivion,3,,Lightning,Deck,Lightning Action - Attack,0,2,2,true,R,R,ROS,ROS081,https://legendstory-production-s3-public.s3.amazonaws.com/media/cards/large/ROS081.webp
fNWdCp9dwBcCwGtH9F7wT,Blaze Headlong,1,,Draconic,Deck,Draconic Action - Attack,0,4,2,true,C|P,C,CIN|FAB|FAI|HNT|SFA|UPR,CIN008,https://legendstory-production-s3-public.s3.amazonaws.com/media/cards/large/CIN008.webp
hJdWJJWrBzNBBFz9BCJDw,"Blaze, Firemind",,Wizard,,Hero,Wizard Hero - Young,,,,false,R|P,R,HER|SBZ,HER117,https://legendstory-production-s3-public.s3.amazonaws.com/media/cards/large/HER117-RF.webp
Fm6dT9jM6BhLtRphtfrFR,Blazen Yoroi,,Ninja,,Equipment,Ninja Equipment - Chest,,,1,true,M|V,M,DYN,DYN045,https://legendstory-production-s3-public.s3.amazonaws.com/media/cards/large/DYN045.webp
mjKPwTWCd7MTFkBpg6QzM,Blazing Aether,1,Wizard,,Deck,Wizard Action,0,,3,true,M,M,1HP|ARC,1HP308,https://legendstory-production-s3-public.s3.amazonaws.com/media/cards/large/1HP308.webp
gcnq79gmpgkBRdwdGMmTw,Bleed Out,1,Assassin|Ninja,,Deck,Assassin / Ninja Action - Attack,2,4,2,true,R,R,BEN|OUT,BEN007,https://legendstory-production-s3-public.s3.amazonaws.com/media/cards/large/BEN007.webp
7phjhw9DRfW7pcrkWbfnK,Bleed Out,2,Assassin|Ninja,,Deck,Assassin / Ninja Action - Attack,2,3,2,true,R,R,OUT,OUT146,https://legendstory-production-s3-public.s3.amazonaws.com/media/cards/large/OUT146.webp
Gfzj9pdzzFB6GtfQLr8kK,Bleed Out,3,Assassin|Ninja,,Deck,Assassin / Ninja Action - Attack,2,2,2,true,R,R,OUT,OUT147,https://legendstory-production-s3-public.s3.amazonaws.com/media/cards/large/OUT147.webp
TrbtmgBqkrbJJkHhzFKMP,Blessing of Aegis,2,,Light,Deck,Light Action - Aura,0,,3,true,M,M,OMN,OMN244,https://legendstory-production-s3-public.s3.amazonaws.com/media/cards/large/OMN244.webp
hpDRrFTHdkKD9gJW96ChW,Blessing of Aether,1,Wizard,,Deck,Wizard Action - Aura,1,,2,true,R|P,R,DYN|LGS,DYN200,https://legendstory-production-s3-public.s3.amazonaws.com/media/cards/large/DYN200.webp
Kftw7pDQ88fzDgWpHJpWk,Blessing of Aether,2,Wizard,,Deck,Wizard Action - Aura,1,,2,true,R|P,R,DYN|LGS,DYN201,https://legendstory-production-s3-public.s3.amazonaws.com/media/cards/large/DYN201.webp
T8NmK9Tfdr6dJgG6DgQzG,Blessing of Aether,3,Wizard,,Deck,Wizard Action - Aura,1,,2,true,R|P,R,DYN|LGS,DYN202,https://legendstory-production-s3-public.s3.amazonaws.com/media/cards/large/DYN202.webp
RLLnbfp9zC8Fcm9Tn9pQf,Blessing of Bellona,2,,Light,Deck,Light Action - Aura,0,,3,true,M,M,PEN,PEN181,https://legendstory-production-s3-public.s3.amazonaws.com/media/cards/large/PEN181.webp
7CtMDpTTHNC7DrwJHtJ9M,Blessing of Deliverance,1,Guardian,,Deck,Guardian Action - Aura,2,,3,true,R|P,R,1HP|LGS|WTR,1HP061,https://legendstory-production-s3-public.s3.amazonaws.com/media/cards/large/1HP061.webp
fPm6WdzfPTdDqG7Q6d6Tc,Blessing of Deliverance,2,Guardian,,Deck,Guardian Action - Aura,2,,3,true,R|P,R,1HP|LGS|WTR,1HP062,https://legendstory-production-s3-public.s3.amazonaws.com/media/cards/large/1HP062.webp
cTFqbDrnD7GwFrJJrfhdb,Blessing of Deliverance,3,Guardian,,Deck,Guardian Action - Aura,2,,3,true,R|P,R,1HP|BVO|LGS|WTR,1HP063,https://legendstory-production-s3-public.s3.amazonaws.com/media/cards/large/1HP063.webp
9JGzwzpcMFt7QHmwBrDHC,Blessing of Focus,1,Ranger,,Deck,Ranger Action - Aura,1,,3,true,R,R,DYN,DYN159,https://legendstory-production-s3-public.s3.amazonaws.com/media/cards/large/DYN159.webp
mjNzmGNmrGQL8gtn76JBq,Blessing of Focus,2,Ranger,,Deck,Ranger Action - Aura,1,,3,true,R,R,DYN,DYN160,https://legendstory-production-s3-public.s3.amazonaws.com/media/cards/large/DYN160.webp
HThKrgNFqzhQhcQ8mMpMR,Blessing of Focus,3,Ranger,,Deck,Ranger Action - Aura,1,,3,true,R,R,DYN,DYN161,https://legendstory-production-s3-public.s3.amazonaws.com/media/cards/large/DYN161.webp
wjGjFLdQ7tCC8cDCJhzwM,Blessing of Ingenuity,1,Mechanologist,,Deck,Mechanologist Action - Aura,1,,3,true,R,R,DYN,DYN098,https://legendstory-production-s3-public.s3.amazonaws.com/media/cards/large/DYN098.webp
fMTD8KtQPbbbfDqLKDDKJ,Blessing of Ingenuity,2,Mechanologist,,Deck,Mechanologist Action - Aura,1,,3,true,R,R,DYN,DYN099,https://legendstory-production-s3-public.s3.amazonaws.com/media/cards/large/DYN099.webp
zbcJDTbkLqBMjqwf7P6QR,Blessing of Ingenuity,3,Mechanologist,,Deck,Mechanologist Action - Aura,1,,3,true,R,R,DYN,DYN100,https://legendstory-production-s3-public.s3.amazonaws.com/media/cards/large/DYN100.webp
QgWLgwcDwzpDdNrRTzDkW,Blessing of Occult,1,Runeblade,,Deck,Runeblade Action - Aura,1,,2,true,R,R,DYN,DYN179,https://legendstory-production-s3-public.s3.amazonaws.com/media/cards/large/DYN179.webp
ncDWFWLcMDM9ngWMWpJtr,Blessing of Occult,2,Runeblade,,Deck,Runeblade Action - Aura,1,,2,true,R,R,DYN,DYN180,https://legendstory-production-s3-public.s3.amazonaws.com/media/cards/large/DYN180.webp
twkhJ79fJq7qKqjGCJJnf,Blessing of Occult,3,Runeblade,,Deck,Runeblade Action - Aura,1,,2,true,R,R,DYN,DYN181,https://legendstory-production-s3-public.s3.amazonaws.com/media/cards/large/DYN181.webp
G7zGDHtzjtpPmn6fRLCJr,Blessing of Patience,1,Guardian,,Deck,Guardian Action - Aura,1,,3,true,R,R,DYN,DYN033,https://legendstory-production-s3-public.s3.amazonaws.com/media/cards/large/DYN033.webp
hwhRPmcc9nMh6tTjLz6fw,Blessing of Patience,2,Guardian,,Deck,Guardian Action - Aura,1,,3,true,R,R,DYN,DYN034,https://legendstory-production-s3-public.s3.amazonaws.com/media/cards/large/DYN034.webp
8TJKrTQpGM6BDpGmgHdGj,Blessing of Patience,3,Guardian,,Deck,Guardian Action - Aura,1,,3,true,R,R,DYN,DYN035,https://legendstory-production-s3-public.s3.amazonaws.com/media/cards/large/DYN035.webp
TjwzWpWmkqtGd6WhLCmwN,Blessing of Qi,1,Ninja,,Deck,Ninja Action - Aura,1,,3,true,R,R,DYN|MST|TCC,DYN053,https://legendstory-production-s3-public.s3.amazonaws.com/media/cards/large/DYN053.webp
m7ThmjJFr8DhTq96q9BJc,Blessing of Qi,2,Ninja,,Deck,Ninja Action - Aura,1,,3,true,R,R,DYN|MST,DYN054,https://legendstory-production-s3-public.s3.amazonaws.com/media/cards/large/DYN054.webp
G9WT8dKmmQFdP7jmtqwqC,Blessing of Qi,3,Ninja,,Deck,Ninja Action - Aura,1,,3,true,R,R,DYN|MST|TCC,DYN055,https://legendstory-production-s3-public.s3.amazonaws.com/media/cards/large/DYN055.webp
wrBQwfbdTLz8HzMWFQWRn,Blessing of Salvation,1,,Light,Deck,Light Action,1,,2,true,R,R,DTD,DTD085,https://legendstory-production-s3-public.s3.amazonaws.com/media/cards/large/DTD085.webp
hNkccNq9LrkjCNwnfFcfh,Blessing of Salvation,2,,Light,Deck,Light Action,1,,2,true,R,R,DTD,DTD086,https://legendstory-production-s3-public.s3.amazonaws.com/media/cards/large/DTD086.webp
8gG7TFrTqGj6rGFCCHztP,Blessing of Salvation,3,,Light,Deck,Light Action,1,,2,true,R,R,DTD,DTD087,https://legendstory-production-s3-public.s3.amazonaws.com/media/cards/large/DTD087.webp
MdwP9pznTNRcCR7z7LhgK,Blessing of Savagery,1,Brute,,Deck,Brute Action - Aura,1,,3,true,R,R,DYN,DYN013,https://legendstory-production-s3-public.s3.amazonaws.com/media/cards/large/DYN013.webp
pfDBLzzWKNGPrMmQTRw66,Blessing of Savagery,2,Brute,,Deck,Brute Action - Aura,1,,3,true,R,R,DYN,DYN014,https://legendstory-production-s3-public.s3.amazonaws.com/media/cards/large/DYN014.webp
8qkbJM6t8GkB7fH7qNnpP,Blessing of Savagery,3,Brute,,Deck,Brute Action - Aura,1,,3,true,R,R,DYN,DYN015,https://legendstory-production-s3-public.s3.amazonaws.com/media/cards/large/DYN015.webp
nQ7gd6zCtctmGrkMDnKGk,Blessing of Serenity,1,Guardian,,Deck,Guardian Instant,0,,,true,C,C,CRU,CRU041,https://legendstory-production-s3-public.s3.amazonaws.com/media/cards/large/CRU041.webp
fjQgK6kHbkD6TGbRzJDGf,Blessing of Serenity,2,Guardian,,Deck,Guardian Instant,0,,,true,C,C,CRU,CRU042,https://legendstory-production-s3-public.s3.amazonaws.com/media/cards/large/CRU042.webp
hrDjqDGGDc8QBdbwpgKzH,Blessing of Serenity,3,Guardian,,Deck,Guardian Instant,0,,,true,C,C,CRU,CRU043,https://legendstory-production-s3-public.s3.amazonaws.com/media/cards/large/CRU043.webp
kfWGwJwjNHRWdtNtLrrhn,Blessing of Spirits,1,Illusionist,,Deck,Illusionist Action - Aura,1,,2,true,R,R,DYN,DYN218,https://legendstory-production-s3-public.s3.amazonaws.com/media/cards/large/DYN218.webp
nbrrFPNWzgzMqWwPdT8dB,Blessing of Spirits,2,Illusionist,,Deck,Illusionist Action - Aura,1,,2,true,R,R,DYN,DYN219,https://legendstory-production-s3-public.s3.amazonaws.com/media/cards/large/DYN219.webp
rgrMj9dqrqq6mftqJ8Jq9,Blessing of Spirits,3,Illusionist,,Deck,Illusionist Action - Aura,1,,2,true,R,R,DYN,DYN220,https://legendstory-production-s3-public.s3.amazonaws.com/media/cards/large/DYN220.webp
Kk9DrHmqTBkTjdLNQ7MN6,Blessing of Steel,1,Warrior,,Deck,Warrior Action - Aura,1,,3,true,R,R,DYN,DYN073,https://legendstory-production-s3-public.s3.amazonaws.com/media/cards/large/DYN073.webp
mTPMbhpLLtDP7TmtwpthR,Blessing of Steel,2,Warrior,,Deck,Warrior Action - Aura,1,,3,true,R,R,DYN,DYN074,https://legendstory-production-s3-public.s3.amazonaws.com/media/cards/large/DYN074.webp
WBrK9WFhTKbzNPjH88KgQ,Blessing of Steel,3,Warrior,,Deck,Warrior Action - Aura,1,,3,true,R,R,DYN,DYN075,https://legendstory-production-s3-public.s3.amazonaws.com/media/cards/large/DYN075.webp
dbBBGHkdzwBz9QBG8MzHh,Blessing of Themis,2,,Light,Deck,Light Action - Aura,0,,3,true,R,R,PEN,PEN182,https://legendstory-production-s3-public.s3.amazonaws.com/media/cards/large/PEN182.webp
GCLfdWzwcpjWpnQcQJQFq,Blessing of Vynserakai,1,,Draconic,Deck,Draconic Action - Aura,0,,2,true,C,C,HNT,HNT163,https://legendstory-production-s3-public.s3.amazonaws.com/media/cards/large/HNT163.webp
zFRkKj7Jp9GcLpPRRhMht,Blinding Beam,1,,Light,Deck,Light Instant,1,,,true,C,C,MON,MON084,https://legendstory-production-s3-public.s3.amazonaws.com/media/cards/large/MON084.webp
RJ8hnzj6mrwNBmbn6BLLG,Blinding Beam,2,,Light,Deck,Light Instant,1,,,true,C,C,MON,MON085,https://legendstory-production-s3-public.s3.amazonaws.com/media/cards/large/MON085.webp
BRpW7fcWGrCNrL6F67kkc,Blinding Beam,3,,Light,Deck,Light Instant,1,,,true,C,C,MON,MON086,https://legendstory-production-s3-public.s3.amazonaws.com/media/cards/large/MON086.webp
mdLNBgt6kTMfdG9c97jP9,Blinding of the Old Ones,1,Guardian,,Deck,Guardian Action - Attack,6,10,3,true,R|V,R,MPG,MPG026,https://legendstory-production-s3-public.s3.amazonaws.com/media/cards/large/MPG026.webp
NBRB8MLKNqNdcQGwwFKgB,Blink,3,,Lightning,Deck,Lightning Instant,0,,,true,M,M,ELE,ELE176,https://legendstory-production-s3-public.s3.amazonaws.com/media/cards/large/ELE176.webp
Cmf8GkhNpRqdpkwLg9RnK,Blink of an Eye,1,Illusionist,Lightning,Deck,Lightning Illusionist Action - Attack,2,7,3,true,R,R,AZS|OMN,AZS007,https://legendstory-production-s3-public.s3.amazonaws.com/media/cards/large/AZS007.webp
PfB8MChc7h7wmW6wgfRBM,Blistering Assault,1,,Light,Deck,Light Action - Attack,2,5,2,true,C,C,DTD,DTD091,https://legendstory-production-s3-public.s3.amazonaws.com/media/cards/large/DTD091.webp
kMB9htzpJkJjKrWpPFF8R,Blistering Assault,2,,Light,Deck,Light Action - Attack,2,4,2,true,C,C,DTD,DTD092,https://legendstory-production-s3-public.s3.amazonaws.com/media/cards/large/DTD092.webp
LpMBqrTz6wcDkpCFPfM68,Blistering Assault,3,,Light,Deck,Light Action - Attack,2,3,2,true,C,C,DTD,DTD093,https://legendstory-production-s3-public.s3.amazonaws.com/media/cards/large/DTD093.webp
PRNMJn6THmFNCk9h68Bcw,Blistering Blade,1,Warrior,Draconic,Deck,Draconic Warrior Attack Reaction,0,,2,true,C,C,FNG|HNT,FNG010,https://legendstory-production-s3-public.s3.amazonaws.com/media/cards/large/FNG010.webp
QFLGnzGbKKr9tHdGQChRP,Blitz Kicks,,,Lightning,Equipment,Lightning Equipment - Legs,,,0,true,R,R,AZS,AZS006,https://legendstory-production-s3-public.s3.amazonaws.com/media/cards/large/AZS006-RF.webp
FgqfGWQfPqmQFNpn8cPMW,Blizzard,3,,Ice,Deck,Ice Instant,0,,,true,M,M,ELE,ELE147,https://legendstory-production-s3-public.s3.amazonaws.com/media/cards/large/ELE147.webp
wfzwGpLbJTtQ9DDhCchdP,Blizzard Bolt,1,Ranger,Elemental,Deck,Elemental Ranger Action - Arrow Attack,1,5,3,true,C,C,ELE|LXI,ELE044,https://legendstory-production-s3-public.s3.amazonaws.com/media/cards/large/ELE044.webp
wqm8d9NngqkJN7dDNwtHJ,Blizzard Bolt,2,Ranger,Elemental,Deck,Elemental Ranger Action - Arrow Attack,1,4,3,true,C,C,ELE,ELE045,https://legendstory-production-s3-public.s3.amazonaws.com/media/cards/large/ELE045.webp
gJCkLbwKKhftmCtmQqr7r,Blizzard Bolt,3,Ranger,Elemental,Deck,Elemental Ranger Action - Arrow Attack,1,3,3,true,C,C,ELE,ELE046,https://legendstory-production-s3-public.s3.amazonaws.com/media/cards/large/ELE046.webp
kj7CLmtKN9BmpmkcT6zMm,Blood Dripping Frenzy,3,Brute,Shadow,Deck,Shadow Brute Action,2,,3,true,M,M,DTD,DTD111,https://legendstory-production-s3-public.s3.amazonaws.com/media/cards/large/DTD111.webp
zRDdtf8Tm6tfzKtjcThCC,Blood Drop,1,Ninja,Draconic,Deck,Draconic Ninja Action - Attack,1,2,3,true,C,C,HNT,HNT062,https://legendstory-production-s3-public.s3.amazonaws.com/media/cards/large/HNT062.webp
JfBCWJdFBcrnhdkjRj6tz,Blood Drop Brocade,,Generic,,Equipment,Generic Equipment - Chest,,,0,true,C,C,MON,MON238,https://legendstory-production-s3-public.s3.amazonaws.com/media/cards/large/MON238.webp
MBgNKqpNwzwM8n6KjMtFN,Blood Follows Blade,2,Warrior,,Deck,Warrior Attack Reaction,0,,3,true,M,M,SUP,SUP252,https://legendstory-production-s3-public.s3.amazonaws.com/media/cards/large/SUP252.webp
mhWb9WptjzMQtB99PWNBr,Blood in the Water,1,Pirate|Necromancer,,Deck,Pirate Necromancer Defense Reaction,0,,4,true,M,M,SEA,SEA047,https://legendstory-production-s3-public.s3.amazonaws.com/media/cards/large/SEA047.webp
cjKPgLQmgG9QwFQKWPrrM,Blood Line,1,Ninja,Draconic,Deck,Draconic Ninja Action - Attack,2,3,3,true,C,C,HNT,HNT063,https://legendstory-production-s3-public.s3.amazonaws.com/media/cards/large/HNT063.webp
nqFNHFqP79nMk7TKM9r8T,Blood of the Dracai,1,,Draconic,Deck,Draconic Resource - Gem,,,,true,F,F,UPR,UPR000,https://legendstory-production-s3-public.s3.amazonaws.com/media/cards/large/UPR000-RF.webp
RHrBnDBNJwLh8PDLGBmch,Blood on Her Hands,2,Warrior,,Deck,Warrior Action,0,,3,true,M,M,EVR,EVR055,https://legendstory-production-s3-public.s3.amazonaws.com/media/cards/large/EVR055.webp
PtT7qcpC9QCBBMq6mHP88,Blood Runs Deep,1,Ninja,Draconic,Deck,Draconic Ninja Action - Attack,2,2,3,true,M|P,M,FAB|HNT,FAB316,https://legendstory-production-s3-public.s3.amazonaws.com/media/cards/large/FAB316-RF.webp
WQzcLfDqKwCFFJMBcddJ6,Blood Scent,,Ninja,,Equipment,Ninja Equipment - Chest,,,1,true,R|P,R,LGS|SFA|TCC,LGS259,https://legendstory-production-s3-public.s3.amazonaws.com/media/cards/large/LGS259-CF.webp
P8RBh6qWkwRjcJQMWKNQG,Blood Splattered Vest,,Assassin|Ninja,,Equipment,Assassin / Ninja Equipment - Chest,,,1,true,P|L,P,FAB|HNT,FAB293,https://legendstory-production-s3-public.s3.amazonaws.com/media/cards/large/FAB293-GF.webp
Lmfc89kGcH66W6BRqCfb7,Blood Tribute,1,,Shadow,Deck,Shadow Instant,0,,,true,C,C,MON,MON215,https://legendstory-production-s3-public.s3.amazonaws.com/media/cards/large/MON215.webp
kmWDHgcj8hrqMgrtJ6dwW,Blood Tribute,2,,Shadow,Deck,Shadow Instant,0,,,true,C,C,MON,MON216,https://legendstory-production-s3-public.s3.amazonaws.com/media/cards/large/MON216.webp
tdqH9kBqn9TbjRBHHDrfP,Blood Tribute,3,,Shadow,Deck,Shadow Instant,0,,,true,C,C,LEV|MON,LEV025,https://legendstory-production-s3-public.s3.amazonaws.com/media/cards/large/LEV025.webp
G7PgmckBqgBGmPgFbCnDP,Bloodied Boots,,,,Equipment,Event Equipment - Legs,,,0,false,R,R,SMP,SMP017,https://legendstory-production-s3-public.s3.amazonaws.com/media/cards/large/SMP017.webp
K6CjrfF8bkMCL8WBhfwPc,Bloodied Gauntlet,,,,Equipment,Event Equipment - Arms,,,0,false,R,R,SMP,SMP016,https://legendstory-production-s3-public.s3.amazonaws.com/media/cards/large/SMP016.webp
HjWHLmGhtLQTKjzGRRrdF,Bloodied Helm,,,,Equipment,Event Equipment - Head,,,0,false,R,R,SMP,SMP014,https://legendstory-production-s3-public.s3.amazonaws.com/media/cards/large/SMP014.webp
fgm7jmdTQgBBcd6JPdjcW,Bloodied Oval,,Generic,,Equipment,Generic Equipment - Off-Hand,,,*,true,C,C,BET|HVY,BET003,https://legendstory-production-s3-public.s3.amazonaws.com/media/cards/large/BET003.webp
7p6zQ9qPTLtrWq8Wg6zjC,Bloodied Shield,,,,Equipment,Event Equipment - Off-Hand,,,2,false,R,R,SMP,SMP018,https://legendstory-production-s3-public.s3.amazonaws.com/media/cards/large/SMP018.webp
fMrFHR8DtpGQkCcHDCrDM,Bloodied Strapping,,,,Equipment,Event Equipment - Chest,,,0,false,R,R,SMP,SMP015,https://legendstory-production-s3-public.s3.amazonaws.com/media/cards/large/SMP015.webp
drbBwrNtMRPTJ79LBQWWB,Bloodrot Pox,,Generic,,Token,Generic Token - Disease Aura,,,,true,B|T|C|P,B,AAC|AAZ|ARA|AZL|FAB|LGS|OUT|RIP|SAZ|UZU,AAC030,https://legendstory-production-s3-public.s3.amazonaws.com/media/cards/large/AAC030.webp
MrtrMDKjt868mrrb9cjJW,Bloodrot Trap,1,Assassin|Ranger,,Deck,Assassin / Ranger Defense Reaction - Trap,0,,3,true,C,C,ARA|OUT|RIP,ARA019,https://legendstory-production-s3-public.s3.amazonaws.com/media/cards/large/ARA019.webp
fTbpMzhTMBwFNCpGKCft7,Bloodrush Bellow,2,Brute,,Deck,Brute Action,1,,3,true,M,M,1HP|WTR,1HP014,https://legendstory-production-s3-public.s3.amazonaws.com/media/cards/large/1HP014.webp
nGHhHDgKmGgb7gjwWjHJF,Bloodsheath Skeleta,,Runeblade,,Equipment,Runeblade Equipment - Chest,,,2,true,M,M,1HP|AVS|CRU,1HP264,https://legendstory-production-s3-public.s3.amazonaws.com/media/cards/large/1HP264.webp
qMJTpNtk6pbwMTqkRzhRG,Bloodspill Invocation,1,Runeblade,,Deck,Runeblade Action - Aura,1,,2,true,C,C,1HP|ARC,1HP291,https://legendstory-production-s3-public.s3.amazonaws.com/media/cards/large/1HP291.webp
Cww8rKzD9W6Nf7TfwTBwL,Bloodspill Invocation,2,Runeblade,,Deck,Runeblade Action - Aura,1,,2,true,C,C,1HP|ARC,1HP292,https://legendstory-production-s3-public.s3.amazonaws.com/media/cards/large/1HP292.webp
qbzLPGM6RCTWWhGKdnCNf,Bloodspill Invocation,3,Runeblade,,Deck,Runeblade Action - Aura,1,,2,true,C,C,1HP|ARC,1HP293,https://legendstory-production-s3-public.s3.amazonaws.com/media/cards/large/1HP293.webp
KPrJfDdHDTrz6BHRdBFMq,Bloodtorn Bodice,,Runeblade,,Equipment,Runeblade Equipment - Chest,,,0,true,C|P,C,AUA|FLR|LGS|ROS,AUA004,https://legendstory-production-s3-public.s3.amazonaws.com/media/cards/large/AUA004.webp
gwz9PFtw8TdHG9DDTDctw,Blossom of Spring,,Generic,,Equipment,Generic Equipment - Chest,,,0,true,C|P,C,ARA|AUR|BDD|DDD|DVR|FAB|KAT|LGS|LSS|RVD|SAR|SAZ|SBA|SDA|SDO|SEN|SVI|TER,ARA004,https://legendstory-production-s3-public.s3.amazonaws.com/media/cards/large/ARA004.webp
WbbB7d7qFbb8mW66GNCjn,Blossoming Decay,1,,Earth,Deck,Earth Action - Attack,2,5,2,true,C,C,ROS|VER,ROS049,https://legendstory-production-s3-public.s3.amazonaws.com/media/cards/large/ROS049.webp
fzLHhjCCMWFGn9nnhNHwG,Blossoming Decay,2,,Earth,Deck,Earth Action - Attack,2,4,2,true,C,C,ROS|VER,ROS050,https://legendstory-production-s3-public.s3.amazonaws.com/media/cards/large/ROS050.webp
hrH8MTCmLwnnJHhdNggMP,Blossoming Decay,3,,Earth,Deck,Earth Action - Attack,2,3,2,true,C,C,ROS|VER,ROS051,https://legendstory-production-s3-public.s3.amazonaws.com/media/cards/large/ROS051.webp
nDWpQJCqCqHJM6WbhD7GN,Blossoming Spellblade,1,Runeblade,Elemental,Deck,Elemental Runeblade Action - Attack,2,6,3,true,M,M,ELE,ELE064,https://legendstory-production-s3-public.s3.amazonaws.com/media/cards/large/ELE064.webp
Fp6nwdwf88LdLLcTJcFHr,Blow for a Blow,1,Generic,,Deck,Generic Action - Attack,2,4,2,true,C,C,SEA,SEA216,https://legendstory-production-s3-public.s3.amazonaws.com/media/cards/large/SEA216.webp
KtQQggkn6LkFz7dGHNLWj,Blue Fin Harpoon,3,Pirate|Ranger,,Deck,Pirate Ranger Action - Arrow Attack,2,4,3,true,R|P,R,GEM|SEA,GEM054,https://legendstory-production-s3-public.s3.amazonaws.com/media/cards/large/GEM054.webp
8TbK6kFJcDtRjqwNzBbmp,Blue Sea Tricorn,,Pirate,,Equipment,Pirate Equipment - Head,,,1,true,C|P,C,LGS|SEA,LGS392,https://legendstory-production-s3-public.s3.amazonaws.com/media/cards/large/LGS392-CF.webp
BkgQ96BfrtLKmrrnPJwB8,Bluff Catcher,2,Warrior,,Deck,Warrior Action,2,,3,true,M,M,AOL|MPW,AOL018,https://legendstory-production-s3-public.s3.amazonaws.com/media/cards/large/AOL018.webp
qJ7GMMpjmGBpPKLHcnJc9,Blunt Retort,,Warrior,,Equipment,Warrior Equipment - Head,,,1,true,C,C,MPW,MPW013,https://legendstory-production-s3-public.s3.amazonaws.com/media/cards/large/MPW013.webp
RHPQfjcCgDTBLmWrNKGbR,Blunten,2,Warrior,,Deck,Warrior Block,,,2,true,M,M,PEN,PEN049,https://legendstory-production-s3-public.s3.amazonaws.com/media/cards/large/PEN049.webp
9prz8nBBPGdwQqttNdJJz,Blur Reality,3,Illusionist,Lightning,Deck,"Lightning, Illusionist, Instant",0,,,true,R,R,AZS,AZS025,https://legendstory-production-s3-public.s3.amazonaws.com/media/cards/large/AZS025.webp
rmgJwFTgdKNFc8LcPKbJJ,Bluster Buff,1,Generic,,Deck,Generic Action - Attack,1,6,3,true,R|P,R,FAB|SUP,FAB396,https://legendstory-production-s3-public.s3.amazonaws.com/media/cards/large/FAB396-RF.webp
nGCNDPFfPdhBFqBQBPWwk,Board the Ship,1,Pirate|Necromancer,,Deck,Pirate Necromancer Action - Attack,2,6,3,true,R|P,R,FAB|SEA,FAB347,https://legendstory-production-s3-public.s3.amazonaws.com/media/cards/large/FAB347-RF.webp
LmKFmh8JznLWB8mTjmRcC,Boast,3,Guardian,,Deck,Guardian Block,,,3,true,M|P,M,FAB|HVY,FAB189,https://legendstory-production-s3-public.s3.amazonaws.com/media/cards/large/FAB189-CF.webp
CdFkL9pbDdFj8DKnRHHGn,"Bolfar, Bear Hands",,Guardian,,Hero,Guardian Hero - Pit-Fighter,,,,false,M,M,SMP,SMP001,https://legendstory-production-s3-public.s3.amazonaws.com/media/cards/large/SMP001.webp
qh6Ww9QDjpGFfHG8gJgb7,Bolt of Courage,1,Warrior,Light,Deck,Light Warrior Action - Attack,0,3,3,true,C,C,ASB|BOL|MON|SBL,ASB008,https://legendstory-production-s3-public.s3.amazonaws.com/media/cards/large/ASB008.webp
JhtJmJPBBhtrnzgBNBngL,Bolt of Courage,2,Warrior,Light,Deck,Light Warrior Action - Attack,0,2,3,true,C,C,ASB|MON|SBL,ASB021,https://legendstory-production-s3-public.s3.amazonaws.com/media/cards/large/ASB021.webp
8H9zn9bBbkGfwbDrRjCRQ,Bolt of Courage,3,Warrior,Light,Deck,Light Warrior Action - Attack,0,1,3,true,C,C,BOL|MON,BOL022,https://legendstory-production-s3-public.s3.amazonaws.com/media/cards/large/BOL022.webp
dMgNNhpNmBbDpjQHKC8j7,Bolt'n Boots,,Ranger,,Equipment,Ranger Equipment - Legs,,,1,true,R|P,R,FAB|PEN|SAZ,FAB417,https://legendstory-production-s3-public.s3.amazonaws.com/media/cards/large/FAB417-GF.webp
qrRLQz7cjpKL6dGrjnbDp,Bolt'n' Shot,1,Ranger,,Deck,Ranger Action - Arrow Attack,0,4,3,true,R|P,R,AAZ|ELE|GEM|LXI|SAZ,AAZ009,https://legendstory-production-s3-public.s3.amazonaws.com/media/cards/large/AAZ009.webp
rD7Jt7QKft9cPBKgjmTNq,Bolt'n' Shot,2,Ranger,,Deck,Ranger Action - Arrow Attack,0,3,3,true,R,R,ELE,ELE217,https://legendstory-production-s3-public.s3.amazonaws.com/media/cards/large/ELE217.webp
fCNzFrbKLkdgtrnMdp7D8,Bolt'n' Shot,3,Ranger,,Deck,Ranger Action - Arrow Attack,0,2,3,true,R,R,ELE,ELE218,https://legendstory-production-s3-public.s3.amazonaws.com/media/cards/large/ELE218.webp
76KHBFmKK6NdFdc7zcmHk,Bolting Blade,2,Warrior,Light,Deck,Light Warrior Action - Attack,4,7,3,true,M,M,MON,MON032,https://legendstory-production-s3-public.s3.amazonaws.com/media/cards/large/MON032.webp
Fmf8trg9w8B8BBbWrf8w9,Boltyn,,Warrior,Light,Hero,Light Warrior Hero - Young,,,,false,T|C|R|P,T,BOL|DTD|HER|MON|SBL,BOL001,https://legendstory-production-s3-public.s3.amazonaws.com/media/cards/large/BOL001-RF.webp
wJtCpBD9Hd8TzNRghPzFM,Bonds of Agony,3,Assassin,,Deck,Assassin Action - Attack,0,1,3,true,M,M,MST,MST103,https://legendstory-production-s3-public.s3.amazonaws.com/media/cards/large/MST103.webp
RMH9HdzcjCWdzLR7qwgbm,Bonds of Ancestry,1,Ninja,,Deck,Ninja Action - Attack,2,4,3,true,R,R,KAT|OUT,KAT007,https://legendstory-production-s3-public.s3.amazonaws.com/media/cards/large/KAT007.webp
dPTR67DTztNrb8wdFHnGW,Bonds of Ancestry,2,Ninja,,Deck,Ninja Action - Attack,2,3,3,true,R,R,OUT,OUT057,https://legendstory-production-s3-public.s3.amazonaws.com/media/cards/large/OUT057.webp
jrHMpbmnF6Hh97PffFzG8,Bonds of Ancestry,3,Ninja,,Deck,Ninja Action - Attack,2,2,3,true,R,R,OUT,OUT058,https://legendstory-production-s3-public.s3.amazonaws.com/media/cards/large/OUT058.webp
dTftJfGFgDFTcPdkFKQGC,Bonds of Attraction,1,Assassin,,Deck,Assassin Action - Attack,0,3,3,true,R,R,MST,MST109,https://legendstory-production-s3-public.s3.amazonaws.com/media/cards/large/MST109.webp
ffNt7P8KbGTzB8NBf9jD8,Bonds of Attraction,2,Assassin,,Deck,Assassin Action - Attack,0,2,3,true,R,R,MST,MST110,https://legendstory-production-s3-public.s3.amazonaws.com/media/cards/large/MST110.webp
dBcbb7TPrWTwm9q8Mff9L,Bonds of Attraction,3,Assassin,,Deck,Assassin Action - Attack,0,1,3,true,R,R,MST|NUU,MST111,https://legendstory-production-s3-public.s3.amazonaws.com/media/cards/large/MST111.webp
bndJRd9j7KdFrzkwKngmJ,Bonds of Memory,1,Assassin,,Deck,Assassin Action - Attack,0,3,3,true,C,C,MST|NUU,MST115,https://legendstory-production-s3-public.s3.amazonaws.com/media/cards/large/MST115.webp
PpqRhHJBbdPQQCCDg6kQQ,Bonds of Memory,2,Assassin,,Deck,Assassin Action - Attack,0,2,3,true,C,C,MST,MST116,https://legendstory-production-s3-public.s3.amazonaws.com/media/cards/large/MST116.webp
RGd9j6fF9Nn8NFB9B6pfN,Bonds of Memory,3,Assassin,,Deck,Assassin Action - Attack,0,1,3,true,C,C,MST|NUU,MST117,https://legendstory-production-s3-public.s3.amazonaws.com/media/cards/large/MST117.webp
LCbjKjHJJd8JJDNWrd6CC,Bone Basher,,Brute,,Weapon,Brute Weapon - Club (2H),,4,,true,C,C,RVD,RVD002,https://legendstory-production-s3-public.s3.amazonaws.com/media/cards/large/RVD002-CF.webp
FtpGCGDBMdRPgcbb7MTdM,Bone Head Barrier,2,Brute,,Deck,Brute Instant,1,,,true,S,S,WTR,WTR010,https://legendstory-production-s3-public.s3.amazonaws.com/media/cards/large/WTR010.webp
wzmJ9hckLQFhDgbbJntzz,Bone Puppetry,,Necromancer,,Equipment,Necromancer Equipment - Arms,,,2,true,M,M,PEN,PEN151,https://legendstory-production-s3-public.s3.amazonaws.com/media/cards/large/PEN151.webp
96FgPdNpKj7CpbmtgGCjR,Bone Vizier,,Brute,,Equipment,Brute Equipment - Head,,,1,true,C|P,C,FAB|RVD,FAB106,https://legendstory-production-s3-public.s3.amazonaws.com/media/cards/large/FAB106-GF.webp
NdJfHMk8nMjh67drcwMK7,Bonebreaker Bellow,1,Brute,,Deck,Brute Action,1,,3,true,C,C,ARR|HVY|RHI,ARR015,https://legendstory-production-s3-public.s3.amazonaws.com/media/cards/large/ARR015.webp
TDLFjnMHgTRGkfnwrFkLh,Bonebreaker Bellow,2,Brute,,Deck,Brute Action,1,,3,true,C,C,HVY|RHI,HVY042,https://legendstory-production-s3-public.s3.amazonaws.com/media/cards/large/HVY042.webp
RjcPtRpbKCD9THck8w7Nw,Bonebreaker Bellow,3,Brute,,Deck,Brute Action,1,,3,true,C,C,ARR|HVY|RHI,ARR025,https://legendstory-production-s3-public.s3.amazonaws.com/media/cards/large/ARR025.webp
wmTPDLtBjwhmbKqqJmgCm,Boneyard Marauder,1,Brute,Shadow,Deck,Shadow Brute Action - Attack,1,6,3,true,C|P,C,FAB|LEV|MON,FAB023,https://legendstory-production-s3-public.s3.amazonaws.com/media/cards/large/FAB023-RF.webp
ffTGRRhMJmDGQQK9WPw6t,Boneyard Marauder,2,Brute,Shadow,Deck,Shadow Brute Action - Attack,1,5,3,true,C,C,MON,MON136,https://legendstory-production-s3-public.s3.amazonaws.com/media/cards/large/MON136.webp
cW9DC9PbTtg8nqwr7JcLD,Boneyard Marauder,3,Brute,Shadow,Deck,Shadow Brute Action - Attack,1,4,3,true,C,C,LEV|MON,LEV018,https://legendstory-production-s3-public.s3.amazonaws.com/media/cards/large/LEV018.webp
8gGBjzcNg9D9fnFQRpMqz,"Boo, Resident Spook",2,Pirate|Necromancer,,Deck,Pirate Necromancer Action - Ally,1,2,,true,M|V,M,PEN,PEN156,https://legendstory-production-s3-public.s3.amazonaws.com/media/cards/large/PEN156.webp
GqcFmmwLcNfhh7pztGLgt,Boom Grenade,1,Mechanologist,,Deck,Mechanologist Action - Item,0,,,true,C|P,C,AIO|EVO|GEM|SDA,AIO015,https://legendstory-production-s3-public.s3.amazonaws.com/media/cards/large/AIO015.webp
bCBGzFbQJnMCpTdwRWfK8,Boom Grenade,2,Mechanologist,,Deck,Mechanologist Action - Item,0,,,true,C,C,AIO|EVO,AIO020,https://legendstory-production-s3-public.s3.amazonaws.com/media/cards/large/AIO020.webp
CKmN6WtD9mjNbMHwdbKMp,Boom Grenade,3,Mechanologist,,Deck,Mechanologist Action - Item,0,,,true,C,C,EVO,EVO086,https://legendstory-production-s3-public.s3.amazonaws.com/media/cards/large/EVO086.webp
CTRdQTjDrHNjCDh9nnDGB,Boots of Astral Sanctuary,,Generic,,Equipment,Generic Equipment - Legs,,,0,true,C|P,C,LGS|OMN,LGS455,https://legendstory-production-s3-public.s3.amazonaws.com/media/cards/large/LGS455-CF.webp
bqhGbpG9NhgMcGGKdLwRM,Boots of Omnis Ward,,Generic,,Equipment,Generic Equipment - Legs,,,1,true,L,L,OMN,OMN204,https://legendstory-production-s3-public.s3.amazonaws.com/media/cards/large/OMN204-RF.webp
bCKDD6gGb8dKzNdprDzff,Boots to the Boards,,,Revered,Equipment,Revered Equipment - Legs,,,2,true,M,M,APS|SUP,APS007,https://legendstory-production-s3-public.s3.amazonaws.com/media/cards/large/APS007-RF.webp
6JztkHqwkFCGJgfBwKgq8,Booze!,3,,Reviled,Deck,Reviled Action - Aura,0,,3,true,C|P,C,LGS|SLY|SUP,LGS433,https://legendstory-production-s3-public.s3.amazonaws.com/media/cards/large/LGS433-CF.webp
tJftFH7gQMpj7cQtCdQ76,Boulder Drop,1,Guardian,,Deck,Guardian Action - Attack,3,7,3,true,R|P,R,APS|GEM|SBR|TNP,APS008,https://legendstory-production-s3-public.s3.amazonaws.com/media/cards/large/APS008.webp
jLqRGt6GqBn9NbHrzbKKm,Boulder Drop,2,Guardian,,Deck,Guardian Action - Attack,3,6,3,true,R|P,R,TCC|TNP,TCC039,https://legendstory-production-s3-public.s3.amazonaws.com/media/cards/large/TCC039.webp
wwKjnd7RF7HJwWCLkN78L,Boulder Drop,3,Guardian,,Deck,Guardian Action - Attack,3,5,3,true,R|P,R,APS|SBR|TCC|TNP,APS016,https://legendstory-production-s3-public.s3.amazonaws.com/media/cards/large/APS016.webp
9T6MpdKGz7bnbQpJrNQjq,Boulder Trap,2,Ranger,,Deck,Ranger Defense Reaction - Trap,0,,3,true,R|P,R,LGS|OUT|RIP,LGS138,https://legendstory-production-s3-public.s3.amazonaws.com/media/cards/large/LGS138-RF.webp
8G8jtfKGtQDzMtTd6gFL7,Bounding Demigon,1,Runeblade,Shadow,Deck,Shadow Runeblade Action - Attack,0,3,3,true,C,C,CHN|MON,CHN009,https://legendstory-production-s3-public.s3.amazonaws.com/media/cards/large/CHN009.webp
PRtnhQ68CgRRFJpwkpKbR,Bounding Demigon,2,Runeblade,Shadow,Deck,Shadow Runeblade Action - Attack,0,2,3,true,C,C,MON,MON169,https://legendstory-production-s3-public.s3.amazonaws.com/media/cards/large/MON169.webp
FJLJfPT9G9rjCCqjGNnrm,Bounding Demigon,3,Runeblade,Shadow,Deck,Shadow Runeblade Action - Attack,0,1,3,true,C,C,MON,MON170,https://legendstory-production-s3-public.s3.amazonaws.com/media/cards/large/MON170.webp
c9BtftttMG7WNrKgnfJFt,Bracers of Belief,,Generic,,Equipment,Generic Equipment - Arms,,,0,true,C,C,1HP|ARC|AZL,1HP355,https://legendstory-production-s3-public.s3.amazonaws.com/media/cards/large/1HP355.webp
Kkh8t7dFfWtf7WBRJWNNJ,Bracers of Bellona's Grace,,Warrior,Light,Equipment,Light Warrior Equipment - Arms,,,2,true,M,M,ASB,ASB005,https://legendstory-production-s3-public.s3.amazonaws.com/media/cards/large/ASB005-RF.webp
ddWqPQBnFfqdkkMh87RKw,Bracken Rap,1,Guardian,Elemental,Deck,Elemental Guardian Action - Attack,3,6,3,true,C,C,TER,TER008,https://legendstory-production-s3-public.s3.amazonaws.com/media/cards/large/TER008.webp
K9ftdbtRngmNQMLwpWh9d,Bracken Rap,2,Guardian,Elemental,Deck,Elemental Guardian Action - Attack,3,5,3,true,C,C,TER,TER014,https://legendstory-production-s3-public.s3.amazonaws.com/media/cards/large/TER014.webp
rJjFGmMcKmWCPdkdtmQLN,Brain Freeze,1,Wizard,Elemental,Deck,Elemental Wizard Action,0,,3,true,C,C,UPR,UPR116,https://legendstory-production-s3-public.s3.amazonaws.com/media/cards/large/UPR116.webp
CrPNmfmJ97gdcPcBtfHzR,Brain Freeze,2,Wizard,Elemental,Deck,Elemental Wizard Action,0,,3,true,C,C,UPR,UPR117,https://legendstory-production-s3-public.s3.amazonaws.com/media/cards/large/UPR117.webp
LKBWf8BKhgmwngPm7WWtw,Brain Freeze,3,Wizard,Elemental,Deck,Elemental Wizard Action,0,,3,true,C,C,SIY|UPR,SIY023,https://legendstory-production-s3-public.s3.amazonaws.com/media/cards/large/SIY023.webp
FhmDr7MmkjB9rnmnqdbTd,Brainstorm,3,Wizard,,Deck,Wizard Instant,3,,,true,M,M,DYN,DYN196,https://legendstory-production-s3-public.s3.amazonaws.com/media/cards/large/DYN196.webp
DfBdWpFwfWFWcPLMwjG68,Bramble Spark,1,Runeblade,Elemental,Deck,Elemental Runeblade Action,0,,2,true,C,C,BRI|ELE,BRI012,https://legendstory-production-s3-public.s3.amazonaws.com/media/cards/large/BRI012.webp
zgdPgqpCdGFqgFwjm6JW8,Bramble Spark,2,Runeblade,Elemental,Deck,Elemental Runeblade Action,0,,2,true,C,C,ELE,ELE086,https://legendstory-production-s3-public.s3.amazonaws.com/media/cards/large/ELE086.webp
DJr7kwTDTm8MrPrBWn69D,Bramble Spark,3,Runeblade,Elemental,Deck,Elemental Runeblade Action,0,,2,true,C,C,BRI|ELE,BRI015,https://legendstory-production-s3-public.s3.amazonaws.com/media/cards/large/BRI015.webp
fGcBKBjTG9KFzbCmwNLhW,Brand with Cinderclaw,1,Ninja,Draconic,Deck,Draconic Ninja Action - Attack,0,3,2,true,C,C,FAI|SFA|UPR,FAI020,https://legendstory-production-s3-public.s3.amazonaws.com/media/cards/large/FAI020.webp
FPphz9BckqMrmkrpLTN79,Brand with Cinderclaw,2,Ninja,Draconic,Deck,Draconic Ninja Action - Attack,0,2,2,true,C,C,SFA|UPR,SFA029,https://legendstory-production-s3-public.s3.amazonaws.com/media/cards/large/SFA029.webp
KpmrMGn8pRtQnBbdCznbf,Brand with Cinderclaw,3,Ninja,Draconic,Deck,Draconic Ninja Action - Attack,0,1,2,true,C,C,SFA|UPR,SFA031,https://legendstory-production-s3-public.s3.amazonaws.com/media/cards/large/SFA031.webp
CDLTkCC8RTrwFgLqPjWHc,Brandish,1,Generic,,Deck,Generic Action - Attack,1,3,2,true,C,C,MON,MON269,https://legendstory-production-s3-public.s3.amazonaws.com/media/cards/large/MON269.webp
QjLfPrBc8Rn76HhBcNbhj,Brandish,2,Generic,,Deck,Generic Action - Attack,1,2,2,true,C,C,MON,MON270,https://legendstory-production-s3-public.s3.amazonaws.com/media/cards/large/MON270.webp
nkzJhG8dqtwdMBBMFM8Mt,Brandish,3,Generic,,Deck,Generic Action - Attack,1,1,2,true,C,C,MON,MON271,https://legendstory-production-s3-public.s3.amazonaws.com/media/cards/large/MON271.webp
GJBb8BW9zTQ8CkGbzFqmN,Braveforge Bracers,,Warrior,,Equipment,Warrior Equipment - Arms,,,2,true,P|L,P,1HP|FAB|MPW|WTR,1HP144,https://legendstory-production-s3-public.s3.amazonaws.com/media/cards/large/1HP144.webp
tzTbzLkLhDzmW9QMJr9KF,Bravo,,Guardian,,Hero,Guardian Hero - Young,,,,false,T|C|P|V,T,1HP|BVO|HER|MPG|WTR|XXX,1HP044,https://legendstory-production-s3-public.s3.amazonaws.com/media/cards/large/1HP044.webp
DbqGjQMfWLNCfd7qGqGht,"Bravo, Flattering Showman",,Guardian,,Hero,Guardian Hero - Young,,,,false,R|M|P,R,BDD|GEM|HER|SBR|SMP,BDD001,https://legendstory-production-s3-public.s3.amazonaws.com/media/cards/large/BDD001.webp
NtLDgPBR7HqDqhDzJMHmk,"Bravo, Showstopper",,Guardian,,Hero,Guardian Hero,,,,true,T|C|P,T,1HP|BVO|CRU|HER|WIN|WTR,1HP043,https://legendstory-production-s3-public.s3.amazonaws.com/media/cards/large/1HP043.webp
PFJnMWQNfr6jMMzJhjB9H,"Bravo, Star of the Show",,Guardian,Elemental,Hero,Elemental Guardian Hero,,,,true,M|P,M,EVR|WIN,EVR017,https://legendstory-production-s3-public.s3.amazonaws.com/media/cards/large/EVR017.webp
GgpnHWbh8m96MdHdCRmnW,Break Ground,1,,Earth,Deck,Earth Action - Attack,3,7,2,true,C,C,ELE,ELE131,https://legendstory-production-s3-public.s3.amazonaws.com/media/cards/large/ELE131.webp
bmLJpC7grdNJm9cdfhTTc,Break Ground,2,,Earth,Deck,Earth Action - Attack,3,6,2,true,C,C,ELE,ELE132,https://legendstory-production-s3-public.s3.amazonaws.com/media/cards/large/ELE132.webp
FTnCF8qDgpz9T9LDbpbf8,Break Ground,3,,Earth,Deck,Earth Action - Attack,3,5,2,true,C,C,ELE|OLD,ELE133,https://legendstory-production-s3-public.s3.amazonaws.com/media/cards/large/ELE133.webp
jWrgGqDQrJcHQ8PF7htmc,Break of Dawn,1,,Light,Deck,Light Instant,0,,,true,C|P,C,DTD|LGS,DTD100,https://legendstory-production-s3-public.s3.amazonaws.com/media/cards/large/DTD100.webp
L9ckNFnGCDh9tQtCg8rm6,Break of Dawn,2,,Light,Deck,Light Instant,0,,,true,C|P,C,DTD|LGS,DTD101,https://legendstory-production-s3-public.s3.amazonaws.com/media/cards/large/DTD101.webp
GGH7Jb9gBH68rFcMCWWcd,Break of Dawn,3,,Light,Deck,Light Instant,0,,,true,C|P,C,DTD|LGS,DTD102,https://legendstory-production-s3-public.s3.amazonaws.com/media/cards/large/DTD102.webp
jwWWMBhk9KQdTDBgCLKKj,Break Open the Chests!,2,Pirate,,Deck,Pirate Action,1,,3,true,R,R,PEN,PEN170,https://legendstory-production-s3-public.s3.amazonaws.com/media/cards/large/PEN170.webp
GLqfqt8qLhgfwrM6rWckN,Break Stature,2,Guardian,,Deck,Guardian Action - Attack,5,8,3,true,M,M,MPG,MPG014,https://legendstory-production-s3-public.s3.amazonaws.com/media/cards/large/MPG014.webp
wgLPnnJb8QW7WH6zRFbNr,Break Tide,2,Ninja,,Deck,Ninja Action - Attack,0,2,3,true,M,M,EVR,EVR038,https://legendstory-production-s3-public.s3.amazonaws.com/media/cards/large/EVR038.webp
MHDhBfch9wDpjrhrR6R7d,Breaker Helm Protos,,Mechanologist,,Equipment,Mechanologist Equipment - Base Head,,,1,true,M|P,M,AMX|JDG,AMX003,https://legendstory-production-s3-public.s3.amazonaws.com/media/cards/large/AMX003-RF.webp
qT78mFRmt9KQfQdGwfnJD,Breaking Point,1,,Draconic,Deck,Draconic Action - Attack,1,5,3,true,C|P,C,FAB|UPR,FAB091,https://legendstory-production-s3-public.s3.amazonaws.com/media/cards/large/FAB091-RF.webp
6dMC789mNcrmnMPWGMdhb,Breaking Scales,,Ninja,,Equipment,Ninja Equipment - Arms,,,1,true,C|P,C,1HP|FAB|KSU|WTR,1HP096,https://legendstory-production-s3-public.s3.amazonaws.com/media/cards/large/1HP096.webp
h9W6rrHqhh8p7bzH7tKmH,Breakneck Battery,1,Brute,,Deck,Brute Action - Attack,2,6,3,true,R,R,1HP|RNR|WTR,1HP016,https://legendstory-production-s3-public.s3.amazonaws.com/media/cards/large/1HP016.webp
jk9DMwtQDGFNpG7CBghpw,Breakneck Battery,2,Brute,,Deck,Brute Action - Attack,2,5,3,true,R,R,1HP|WTR,1HP017,https://legendstory-production-s3-public.s3.amazonaws.com/media/cards/large/1HP017.webp
NDtf9QNdnRFLkjncQDRgM,Breakneck Battery,3,Brute,,Deck,Brute Action - Attack,2,4,3,true,R,R,1HP|WTR,1HP018,https://legendstory-production-s3-public.s3.amazonaws.com/media/cards/large/1HP018.webp
J8LhcKQG9z8mnTm6bMnFp,Breakwater Undertow,,Pirate|Necromancer,,Equipment,Pirate Necromancer Equipment - Legs,,,1,true,M|P,M,AGB|JDG,AGB007,https://legendstory-production-s3-public.s3.amazonaws.com/media/cards/large/AGB007-RF.webp
H6WLbh6cgMkhmdqLhQWrJ,Breed Anger,1,Ninja,,Deck,Ninja Action - Attack,1,4,3,true,C,C,MST,MST176,https://legendstory-production-s3-public.s3.amazonaws.com/media/cards/large/MST176.webp
Bhzf7NDc9qBcP86RzJjmK,Breed Anger,2,Ninja,,Deck,Ninja Action - Attack,1,3,3,true,C,C,MST,MST177,https://legendstory-production-s3-public.s3.amazonaws.com/media/cards/large/MST177.webp
mbtPRkBfzdTWWGGDFGmPB,Breed Anger,3,Ninja,,Deck,Ninja Action - Attack,1,2,3,true,C,C,MST,MST178,https://legendstory-production-s3-public.s3.amazonaws.com/media/cards/large/MST178.webp
LQFQqtHDnRNhPQ6GP8z9j,Breeze Rider Boots,,Ninja,,Equipment,Ninja Equipment - Legs,,,1,true,M,M,1HP|CRU,1HP097,https://legendstory-production-s3-public.s3.amazonaws.com/media/cards/large/1HP097.webp
jBtHRMcRntDhhGzKtzKFB,"Brevant, Civic Protector",,Guardian,,Hero,Guardian Hero - Young,,,,false,M|P,M,HER|TCC,HER102,https://legendstory-production-s3-public.s3.amazonaws.com/media/cards/large/HER102-CF.webp
7TjkgnbJ8tghfrkMRnTfW,Briar,,Runeblade,Elemental,Hero,Elemental Runeblade Hero - Young,,,,false,T|R|P|V,T,BRI|ELE|HER|ROS|SBA|XXX,BRI001,https://legendstory-production-s3-public.s3.amazonaws.com/media/cards/large/BRI001-RF.webp
cjDzkKdjNrGqL9tnDc7zd,"Briar, Warden of Thorns",,Runeblade,Elemental,Hero,Elemental Runeblade Hero,,,,true,T|P|V,T,ELE|HER|ROS|WIN|XXX,ELE062,https://legendstory-production-s3-public.s3.amazonaws.com/media/cards/large/ELE062.webp
BJKkfCPh7LmMrT9bDn6wz,Brimming Blade,1,Warrior,,Deck,Warrior Action,1,,3,true,M|P,M,AHA|GEM,AHA011,https://legendstory-production-s3-public.s3.amazonaws.com/media/cards/large/AHA011.webp
nhf89Hr9rJkp9qDjDCCpt,Brothers in Arms,1,Generic,,Deck,Generic Action - Attack,2,6,2,true,C,C,SUP|UPR,SUP227,https://legendstory-production-s3-public.s3.amazonaws.com/media/cards/large/SUP227.webp
B7BNkF6nJChrRQ6kpWKPw,Brothers in Arms,2,Generic,,Deck,Generic Action - Attack,2,5,2,true,C,C,SUP|UPR,SUP228,https://legendstory-production-s3-public.s3.amazonaws.com/media/cards/large/SUP228.webp
TtJpTpjBbDpPhFb7bzLwD,Brothers in Arms,3,Generic,,Deck,Generic Action - Attack,2,4,2,true,C|P,C,FAB|SIY|SLY|SUP|UPR,FAB093,https://legendstory-production-s3-public.s3.amazonaws.com/media/cards/large/FAB093-RF.webp
tkHRmr67MT8GCPJBHMwBH,Brothers of Flame,1,Warrior,Draconic,Deck,Draconic Warrior Attack Reaction,1,,3,true,C,C,HNT,HNT107,https://legendstory-production-s3-public.s3.amazonaws.com/media/cards/large/HNT107.webp
RffddJzMgBmzDwQd6JCnf,Browbeat,3,Generic,,Deck,Generic Action - Attack,0,1,3,true,M,M,OMN,OMN213,https://legendstory-production-s3-public.s3.amazonaws.com/media/cards/large/OMN213.webp
wkBCfWK6wNKKNjWQwkGzj,Bruised Leather,,Generic,,Equipment,Generic Equipment - Chest,,,0,true,C|P,C,LGS|ROS|VER,LGS321,https://legendstory-production-s3-public.s3.amazonaws.com/media/cards/large/LGS321-RF.webp
DFPwWqL9PCzLTKJjDzJzJ,Brush of Heavenly Rites,,Adjudicator,,Weapon,Adjudicator Weapon - Brush (1H),,,,false,P,P,JDG,JDG030,https://legendstory-production-s3-public.s3.amazonaws.com/media/cards/large/JDG030-CF.webp
6fHc7b8L8fhK8GCqJTzrc,Brush Off,1,Generic,,Deck,Generic Instant,0,,,true,C,C,OMN|OUT|ROS,OMN222,https://legendstory-production-s3-public.s3.amazonaws.com/media/cards/large/OMN222.webp
H6HqHg669zTz9nb6qGdcg,Brush Off,2,Generic,,Deck,Generic Instant,0,,,true,C,C,OMN|OUT|ROS,OMN223,https://legendstory-production-s3-public.s3.amazonaws.com/media/cards/large/OMN223.webp
6QFJz9JnJhnLBFrtJWh7t,Brush Off,3,Generic,,Deck,Generic Instant,0,,,true,C,C,OMN|OUT|ROS,OMN224,https://legendstory-production-s3-public.s3.amazonaws.com/media/cards/large/OMN224.webp
JCprRtPfKncrRpBJDBJDF,Brutal Assault,1,Generic,,Deck,Generic Action - Attack,2,6,3,true,C,C,CRU|DRO,CRU192,https://legendstory-production-s3-public.s3.amazonaws.com/media/cards/large/CRU192.webp
JdRbp7cnCzB8PLFTQ8rLM,Brutal Assault,2,Generic,,Deck,Generic Action - Attack,2,5,3,true,C,C,CRU,CRU193,https://legendstory-production-s3-public.s3.amazonaws.com/media/cards/large/CRU193.webp
qhPfDmWPHpHT8gpFmNkkr,Brutal Assault,3,Generic,,Deck,Generic Action - Attack,2,4,3,true,C|P,C,CRU|IRA,CRU194,https://legendstory-production-s3-public.s3.amazonaws.com/media/cards/large/CRU194.webp
Dh8tPtFJwkqg8jbGTjNWQ,"Brutus, Summa Rudis",,Adjudicator,,Hero,Adjudicator Hero,,,,true,P,P,JDG,JDG024,https://legendstory-production-s3-public.s3.amazonaws.com/media/cards/large/JDG024-CF.webp
QNjHwWjJFcDtq8KqpHRjP,"Bubba-Lubba, Run Aground",2,Pirate|Necromancer,,Deck,Pirate Necromancer Action - Ally,3,1,,true,M|V,M,PEN,PEN157,https://legendstory-production-s3-public.s3.amazonaws.com/media/cards/large/PEN157.webp
CGLDFnpbfg9LbF7z7GndP,Bubble to the Surface,1,,Draconic,Deck,Draconic Instant,2,,,true,R,R,HNT,HNT154,https://legendstory-production-s3-public.s3.amazonaws.com/media/cards/large/HNT154.webp
KL6rbKJcpRFhNFLwbkbbg,Buccaneer's Bounty,,Pirate,,Equipment,Pirate Equipment - Chest,,,1,true,C|P,C,LGS|SEA,LGS393,https://legendstory-production-s3-public.s3.amazonaws.com/media/cards/large/LGS393-CF.webp
TctkW8gCmpjnHwQ6dfdMg,Buckle,3,Guardian,,Deck,Guardian Action,3,,3,true,M,M,DYN,DYN028,https://legendstory-production-s3-public.s3.amazonaws.com/media/cards/large/DYN028.webp
hK7djfn8zbWwdnmhzhJBh,Buckling Blow,1,Guardian,,Deck,Guardian Action - Attack,4,8,3,true,C,C,AJV|BVO|MPG|SBR|WTR,AJV008,https://legendstory-production-s3-public.s3.amazonaws.com/media/cards/large/AJV008.webp
HDPdWgLqnPCTqDDMKFfM9,Buckling Blow,2,Guardian,,Deck,Guardian Action - Attack,4,7,3,true,C,C,BDD|MPG|WTR,BDD011,https://legendstory-production-s3-public.s3.amazonaws.com/media/cards/large/BDD011.webp
CgDzPBKW6pnLgwkgP9DFw,Buckling Blow,3,Guardian,,Deck,Guardian Action - Attack,4,6,3,true,C,C,BVO|MPG|SBR|WTR,BVO016,https://legendstory-production-s3-public.s3.amazonaws.com/media/cards/large/BVO016.webp
qPtfkpzfNL8qGRFBWQN7D,Buckwild,1,Brute,,Deck,Brute Action - Attack,3,7,2,true,C|P,C,GEM|SKA|SUP,GEM101,https://legendstory-production-s3-public.s3.amazonaws.com/media/cards/large/GEM101.webp
tCkMg9kPCkhTDTbJkdHjB,Buckwild,2,Brute,,Deck,Brute Action - Attack,3,6,2,true,C,C,ARR|SUP,ARR019,https://legendstory-production-s3-public.s3.amazonaws.com/media/cards/large/ARR019.webp
LPTBztggNdkw8KqdKCwTJ,Buckwild,3,Brute,,Deck,Brute Action - Attack,3,5,2,true,C,C,SKA|SUP,SKA027,https://legendstory-production-s3-public.s3.amazonaws.com/media/cards/large/SKA027.webp
6CRmnh6wbcGBJLpzwPf6M,Bull Bar,1,Mechanologist,,Deck,Mechanologist Action - Attack,2,5,3,true,R,R,EVO,EVO147,https://legendstory-production-s3-public.s3.amazonaws.com/media/cards/large/EVO147.webp
bGjz8pF88jjCfGqbh8FRq,Bull Bar,2,Mechanologist,,Deck,Mechanologist Action - Attack,2,4,3,true,R,R,EVO,EVO148,https://legendstory-production-s3-public.s3.amazonaws.com/media/cards/large/EVO148.webp
69rMfrhmMBTgKkhmqHn6W,Bull Bar,3,Mechanologist,,Deck,Mechanologist Action - Attack,2,3,3,true,R,R,EVO,EVO149,https://legendstory-production-s3-public.s3.amazonaws.com/media/cards/large/EVO149.webp
FLfrm7mBczWhFLBTKmBgJ,Bull's Eye Bracers,,Ranger,,Equipment,Ranger Equipment - Arms,,,0,true,C|P,C,1HP|ARC|FAB|SAZ,1HP226,https://legendstory-production-s3-public.s3.amazonaws.com/media/cards/large/1HP226.webp
tk7rTRCHCTKrRtffjFQGC,Bully Tactics,1,,Reviled,Deck,Reviled Action - Attack,0,3,3,true,M|P,M,FAB|SUP,FAB380,https://legendstory-production-s3-public.s3.amazonaws.com/media/cards/large/FAB380-CF.webp
qdzb6znQFtcJHcPNnkFF7,Bunker Beard,,Generic,,Equipment,Generic Equipment - Head,,,0,true,C|P,C,FAB|HNT,FAB369,https://legendstory-production-s3-public.s3.amazonaws.com/media/cards/large/FAB369-GF.webp
bCr7BCMzbRDWdBCJfTdTM,Burdens of the Past,3,Generic,,Deck,Generic Action,0,,3,true,M,M,OUT,OUT187,https://legendstory-production-s3-public.s3.amazonaws.com/media/cards/large/OUT187.webp
HFHTwwNzfP98TwzjLdFjK,Burgeoning,1,,Earth,Deck,Earth Action - Attack,2,6,2,true,C|P,C,BRI|ELE|LGS|TER,BRI017,https://legendstory-production-s3-public.s3.amazonaws.com/media/cards/large/BRI017.webp
THkdFmjJffhRHdNTPcKmF,Burgeoning,2,,Earth,Deck,Earth Action - Attack,2,5,2,true,C|P,C,ELE|LGS,ELE135,https://legendstory-production-s3-public.s3.amazonaws.com/media/cards/large/ELE135.webp
CrcJtRzFPTCwQ8wQtzpmN,Burgeoning,3,,Earth,Deck,Earth Action - Attack,2,4,2,true,C|P,C,ELE|LGS|TER,ELE136,https://legendstory-production-s3-public.s3.amazonaws.com/media/cards/large/ELE136.webp
BdPrJgdgHTBcQ6gd7RTGc,Burly Bones,1,Pirate|Necromancer,,Deck,Pirate Necromancer Action - Attack,2,6,3,true,C,C,SEA,SEA065,https://legendstory-production-s3-public.s3.amazonaws.com/media/cards/large/SEA065.webp
rBJ7nHKTc9W6d6P8hK7BQ,Burly Bones,2,Pirate|Necromancer,,Deck,Pirate Necromancer Action - Attack,2,5,3,true,C,C,SEA,SEA066,https://legendstory-production-s3-public.s3.amazonaws.com/media/cards/large/SEA066.webp
hCT6MJC6bWrdHTmCjJfF6,Burly Bones,3,Pirate|Necromancer,,Deck,Pirate Necromancer Action - Attack,2,4,3,true,C,C,SEA,SEA067,https://legendstory-production-s3-public.s3.amazonaws.com/media/cards/large/SEA067.webp
kDgcBghDT7wRQwQWmpWRb,Burn Away,1,,Draconic,Deck,Draconic Action - Attack,0,2,3,true,C,C,UPR,UPR094,https://legendstory-production-s3-public.s3.amazonaws.com/media/cards/large/UPR094.webp
FRftJtrB9LzbkMfcJKCmb,Burn Bare,,Wizard,,Deck,Wizard Action,3,,3,true,M,M,SEA,SEA255,https://legendstory-production-s3-public.s3.amazonaws.com/media/cards/large/SEA255.webp
jbpNpCbdRQh9bFqg9Mjh6,Burn Rubber,1,Mechanologist,,Deck,Mechanologist Action - Attack,3,5,3,true,R,R,EVO,EVO154,https://legendstory-production-s3-public.s3.amazonaws.com/media/cards/large/EVO154.webp
TKBfNBhjRmp7qF9rMQ9bK,Burn Them All,1,Illusionist,Draconic,Deck,Draconic Illusionist Action - Aura,0,,3,true,M,M,UPR,UPR005,https://legendstory-production-s3-public.s3.amazonaws.com/media/cards/large/UPR005.webp
RmwkmHccFCW9T8HNbmBFq,Burn Up // Shock,1,Runeblade,Lightning,Deck,Runeblade Action // Lightning Instant,0,,3,true,R|P,R,AST|AUA|LGS|ROS|SBA,AST017,https://legendstory-production-s3-public.s3.amazonaws.com/media/cards/large/AST017.webp
GgH7CLN7mwL6HtRcjBjqR,Burning Blade Dance,1,Ninja,Draconic,Deck,Draconic Ninja Action - Attack,0,3,3,true,C,C,CIN|HNT,CIN009,https://legendstory-production-s3-public.s3.amazonaws.com/media/cards/large/CIN009.webp
C6zqr6WKMwc8MqGjnqRLK,Burnished Bunkerplate,,Generic,,Equipment,Generic Equipment - Chest,,,0,true,R,R,PEN,PEN316,https://legendstory-production-s3-public.s3.amazonaws.com/media/cards/large/PEN316.webp
kMKLhqckbrTHBk7HbNLpJ,Buzz Bolt,1,Ranger,Elemental,Deck,Elemental Ranger Action - Arrow Attack,1,5,3,true,C,C,ELE|LXI,ELE047,https://legendstory-production-s3-public.s3.amazonaws.com/media/cards/large/ELE047.webp
tMGQrpkw6rBLHRfLtQwgK,Buzz Bolt,2,Ranger,Elemental,Deck,Elemental Ranger Action - Arrow Attack,1,4,3,true,C,C,ELE|LXI,ELE048,https://legendstory-production-s3-public.s3.amazonaws.com/media/cards/large/ELE048.webp
dDCQHQ9NwDjzrMFDq9wHg,Buzz Bolt,3,Ranger,Elemental,Deck,Elemental Ranger Action - Arrow Attack,1,3,3,true,C,C,ELE,ELE049,https://legendstory-production-s3-public.s3.amazonaws.com/media/cards/large/ELE049.webp
Kw9PPtD6DbnRWtNctNrbD,Buzzard Helm,,Brute,,Equipment,Brute Equipment - Head,,,1,true,R,R,PEN,PEN002,https://legendstory-production-s3-public.s3.amazonaws.com/media/cards/large/PEN002.webp
chkQDQ6HN77r7hg8pmkKt,Buzzsaw Trap,3,Ranger,,Deck,Ranger Defense Reaction - Trap,0,,3,true,M,M,OUT,OUT102,https://legendstory-production-s3-public.s3.amazonaws.com/media/cards/large/OUT102.webp
zQMJwgRd9B7zbF6fqb7Hk,By the Book,3,,Revered,Deck,Revered Action - Aura,0,,2,true,M,M,PEN,PEN289,https://legendstory-production-s3-public.s3.amazonaws.com/media/cards/large/PEN289.webp
9N8KCpFCwjdCgn8CBMQfg,Cadaverous Contraband,1,Generic,,Deck,Generic Action - Attack,2,6,2,true,C,C,ARC,ARC179,https://legendstory-production-s3-public.s3.amazonaws.com/media/cards/large/ARC179.webp
RKW7z89gLBwpKqrWPfgHH,Cadaverous Contraband,2,Generic,,Deck,Generic Action - Attack,2,5,2,true,C,C,ARC,ARC180,https://legendstory-production-s3-public.s3.amazonaws.com/media/cards/large/ARC180.webp
wzF9jpgGN8tPLtfrtrHfm,Cadaverous Contraband,3,Generic,,Deck,Generic Action - Attack,2,4,2,true,C,C,ARC,ARC181,https://legendstory-production-s3-public.s3.amazonaws.com/media/cards/large/ARC181.webp
WMFB7HjQfN9L7hp7dLqhN,Cadaverous Tilling,1,,Earth,Deck,Earth Action - Attack,3,6,2,true,C,C,FLR|ROS,FLR007,https://legendstory-production-s3-public.s3.amazonaws.com/media/cards/large/FLR007.webp
pWrWWhfjfTWPKMbdTWQHT,Cadaverous Tilling,2,,Earth,Deck,Earth Action - Attack,3,5,2,true,C,C,ROS,ROS053,https://legendstory-production-s3-public.s3.amazonaws.com/media/cards/large/ROS053.webp
zqbcPKK9npDdLNNLNhdnN,Cadaverous Tilling,3,,Earth,Deck,Earth Action - Attack,3,4,2,true,C,C,FLR|ROS,FLR020,https://legendstory-production-s3-public.s3.amazonaws.com/media/cards/large/FLR020.webp
8jWbpb8RHQWpKwDdnt9rw,Call Down the Lightning,2,,Lightning,Deck,Lightning Action,0,,2,true,M,M,DTD,DTD198,https://legendstory-production-s3-public.s3.amazonaws.com/media/cards/large/DTD198.webp
JCcpbgdrTMnnLdhGJcDGD,Call for Backup,1,Generic,,Deck,Generic Action - Attack,3,7,2,true,M,M,MPG,MPG126,https://legendstory-production-s3-public.s3.amazonaws.com/media/cards/large/MPG126.webp
7c9KRd7Rh7hbGJ8kRCrFr,Call in the Big Guns,1,Ranger,,Deck,Ranger Action,0,,2,true,C,C,SAZ|SEA,SAZ020,https://legendstory-production-s3-public.s3.amazonaws.com/media/cards/large/SAZ020.webp
L6GQFG6PbmFHrGw8fhwMn,Call in the Big Guns,2,Ranger,,Deck,Ranger Action,0,,2,true,C,C,SEA,SEA121,https://legendstory-production-s3-public.s3.amazonaws.com/media/cards/large/SEA121.webp
QLDR6B8G7KPBBTF8C9JKJ,Call in the Big Guns,3,Ranger,,Deck,Ranger Action,0,,2,true,C,C,SEA,SEA122,https://legendstory-production-s3-public.s3.amazonaws.com/media/cards/large/SEA122.webp
gDhFGHDrPKRwCP6qRF6zd,Call to the Grave,3,Generic,,Deck,Generic Action,0,,2,true,M,M,AGB|ANQ|ROS,AGB026,https://legendstory-production-s3-public.s3.amazonaws.com/media/cards/large/AGB026.webp
kmP89HM9Rq9WdwgCbCC7q,Calming Breeze,1,Generic,,Deck,Generic Instant,0,,,true,R|P,R,GEM|HNT,GEM031,https://legendstory-production-s3-public.s3.amazonaws.com/media/cards/large/GEM031.webp
T68MkCWcwQhqChRPKNR6C,Calming Cloak,,Illusionist,,Equipment,Illusionist Equipment - Chest,,,,true,M,M,ROS,ROS249,https://legendstory-production-s3-public.s3.amazonaws.com/media/cards/large/ROS249.webp
nDkh8FDGwNNpLghj6grmK,Calming Gesture,,Illusionist,,Equipment,Illusionist Equipment - Arms,,,,true,M,M,APR|ROS,APR005,https://legendstory-production-s3-public.s3.amazonaws.com/media/cards/large/APR005.webp
HcTHkbNfWbQNCbNdmnhBB,Calmveil of Volthaven,1,,Lightning,Deck,Lightning Instant,2,,,true,C,C,OMN,OMN184,https://legendstory-production-s3-public.s3.amazonaws.com/media/cards/large/OMN184.webp
Mk8R6DRrqThcpqmPFKnCk,Calmveil of Volthaven,2,,Lightning,Deck,Lightning Instant,2,,,true,C,C,OMN,OMN185,https://legendstory-production-s3-public.s3.amazonaws.com/media/cards/large/OMN185.webp
W7JrMn9grP86gDnB9Fhng,Calmveil of Volthaven,3,,Lightning,Deck,Lightning Instant,2,,,true,C,C,OMN,OMN186,https://legendstory-production-s3-public.s3.amazonaws.com/media/cards/large/OMN186.webp
N6FgtcT8gMP7PMj7hCkgP,Canopy Shelter,3,,Earth,Deck,Earth Block,,,2,true,R,R,TER,TER027,https://legendstory-production-s3-public.s3.amazonaws.com/media/cards/large/TER027.webp
GkcwtGfWGcDBmQ7BbFNRt,Cap of Quick Thinking,,,Lightning,Equipment,Lightning Equipment - Head,,,,true,M,M,AST,AST003,https://legendstory-production-s3-public.s3.amazonaws.com/media/cards/large/AST003-RF.webp
HpFndzDqQGcQWpzcKjJLc,Captain of the Guard,3,Generic,,Deck,Generic Action - Attack,3,5,2,true,M,M,MPG,MPG127,https://legendstory-production-s3-public.s3.amazonaws.com/media/cards/large/MPG127.webp
b7NNmKqCcHRLdbGHBdNj8,Captain's Call,1,Generic,,Deck,Generic Action,0,,2,true,R,R,MON,MON260,https://legendstory-production-s3-public.s3.amazonaws.com/media/cards/large/MON260.webp
7MrtQj7pkfbNpNGjLk8GP,Captain's Call,2,Generic,,Deck,Generic Action,0,,2,true,R,R,MON,MON261,https://legendstory-production-s3-public.s3.amazonaws.com/media/cards/large/MON261.webp
cBJGmpJFKmg9RLDnrtzNJ,Captain's Call,3,Generic,,Deck,Generic Action,0,,2,true,R|P,R,AST|FAB|MON,AST026,https://legendstory-production-s3-public.s3.amazonaws.com/media/cards/large/AST026.webp
hmr8mCTP6dhctND9KcFjp,Captain's Coat,,Generic,,Equipment,Generic Equipment - Chest,,,0,true,C,C,SEA,SEA181,https://legendstory-production-s3-public.s3.amazonaws.com/media/cards/large/SEA181.webp
ChBRBzBFFFMhqj9tp8mBd,Caress of the Reaper,1,Runeblade,,Deck,Runeblade Action - Attack,1,5,3,true,M,M,OMN,OMN087,https://legendstory-production-s3-public.s3.amazonaws.com/media/cards/large/OMN087.webp
pFgDCjG98QkNLjGpgB7PH,Carrion Crown,,Necromancer,,Equipment,Necromancer Equipment - Head,,,2,true,R,R,PEN|SGB,PEN152,https://legendstory-production-s3-public.s3.amazonaws.com/media/cards/large/PEN152.webp
KLtwtTdQqjdTJNhcQHJhd,Carrion Husk,,,Shadow,Equipment,Shadow Equipment - Chest,,,6,true,P|L,P,FAB|MON,FAB018,https://legendstory-production-s3-public.s3.amazonaws.com/media/cards/large/FAB018-GF.webp
h7zPMnmnnHgbHRhncLJm8,Cartilage Crush,1,Guardian,,Deck,Guardian Action - Attack,3,7,3,true,C,C,1HP|BVO|MPG|SBR|WTR,1HP067,https://legendstory-production-s3-public.s3.amazonaws.com/media/cards/large/1HP067.webp
qRCfPWjnmP9kMwczzqBcC,Cartilage Crush,2,Guardian,,Deck,Guardian Action - Attack,3,6,3,true,C,C,1HP|MPG|WTR,1HP068,https://legendstory-production-s3-public.s3.amazonaws.com/media/cards/large/1HP068.webp
tcjTRLGRtwRW7Khb6HfKB,Cartilage Crush,3,Guardian,,Deck,Guardian Action - Attack,3,5,3,true,C,C,1HP|BVO|MPG|WTR,1HP069,https://legendstory-production-s3-public.s3.amazonaws.com/media/cards/large/1HP069.webp
6NQchRgTdMDpdPjM9wfbh,Carve Up,2,Warrior,,Deck,Warrior Attack Reaction,0,,3,true,C,C,MPW,MPW079,https://legendstory-production-s3-public.s3.amazonaws.com/media/cards/large/MPW079.webp
Ld6twwNTNGTcWFw9rRWfh,Cash In,2,Generic,,Deck,Generic Action,4,,2,true,R|P,R,CRU|JDG,CRU188,https://legendstory-production-s3-public.s3.amazonaws.com/media/cards/large/CRU188.webp
tWjDdc6FFdnDNk7dLgzt7,Cash Out,3,Generic,,Deck,Generic Action,0,,2,true,M,M,EVR,EVR158,https://legendstory-production-s3-public.s3.amazonaws.com/media/cards/large/EVR158.webp
6KQdhWqcGdhFgmRzwBrnh,Cast Bones,1,Brute,,Deck,Brute Action,0,,3,true,M,M,HVY,HVY014,https://legendstory-production-s3-public.s3.amazonaws.com/media/cards/large/HVY014.webp
fwLrdwk7MMpphzHTLPCNK,Catch of the Day,3,Pirate|Ranger,,Deck,Pirate Ranger Action,0,,3,true,M,M,SUP,SUP268,https://legendstory-production-s3-public.s3.amazonaws.com/media/cards/large/SUP268.webp
qbdbnBmCBpqbT7pQtG868,Celebrant Broadsword,,Warrior,Revered,Weapon,Revered Warrior Weapon - Sword (2H),,3,,true,R,R,SPW,SPW004,https://legendstory-production-s3-public.s3.amazonaws.com/media/cards/large/SPW004-RF.webp
RLBLjtFb8gPjJLmTPL9j9,Celestial Cataclysm,2,,Light,Deck,Light Action - Attack,0,7,3,true,M,M,APR|MON,APR010,https://legendstory-production-s3-public.s3.amazonaws.com/media/cards/large/APR010.webp
BJtgTRQQmrbDwrGQMmqm6,Celestial Kimono,,Illusionist,,Equipment,Illusionist Equipment - Chest,,,,true,M|V,M,DYN,DYN213,https://legendstory-production-s3-public.s3.amazonaws.com/media/cards/large/DYN213.webp
6RMJpmJnGGNQdHFMnJKcD,Celestial Reprimand,1,Illusionist,Light,Deck,Light Illusionist Instant,0,,,true,C,C,DTD,DTD038,https://legendstory-production-s3-public.s3.amazonaws.com/media/cards/large/DTD038.webp
HNGR7BRBnbGMpLd69QG68,Celestial Reprimand,2,Illusionist,Light,Deck,Light Illusionist Instant,0,,,true,C,C,DTD,DTD039,https://legendstory-production-s3-public.s3.amazonaws.com/media/cards/large/DTD039.webp
CKwppWjqB6NhjDKqcgPjM,Celestial Reprimand,3,Illusionist,Light,Deck,Light Illusionist Instant,0,,,true,C,C,DTD,DTD040,https://legendstory-production-s3-public.s3.amazonaws.com/media/cards/large/DTD040.webp
JMgPdnR9tCMwwHnMbFDkk,Celestial Resolve,1,Illusionist,Light,Deck,Light Illusionist Instant,0,,,true,C,C,DTD,DTD041,https://legendstory-production-s3-public.s3.amazonaws.com/media/cards/large/DTD041.webp
nC6bfnQB8FMqmR7njpDkh,Celestial Resolve,2,Illusionist,Light,Deck,Light Illusionist Instant,0,,,true,C,C,DTD,DTD042,https://legendstory-production-s3-public.s3.amazonaws.com/media/cards/large/DTD042.webp
mPqMgTrrpbgkWPFBDwwzQ,Celestial Resolve,3,Illusionist,Light,Deck,Light Illusionist Instant,0,,,true,C,C,DTD,DTD043,https://legendstory-production-s3-public.s3.amazonaws.com/media/cards/large/DTD043.webp
gNqK8KBP7kPKcnpWrmq8p,Censor,1,Generic,,Deck,Generic Action - Attack,1,5,3,true,M,M,ANQ|DTD,ANQ012,https://legendstory-production-s3-public.s3.amazonaws.com/media/cards/large/ANQ012.webp
tmCzWCtfttrQdLCbWGC6B,Cerebellum Processor,3,Mechanologist,,Deck,Mechanologist Action - Item,0,,,true,M|P,M,AIO|LGS,AIO026,https://legendstory-production-s3-public.s3.amazonaws.com/media/cards/large/AIO026.webp
bBtWcpCjGqkMMkwqwgtRT,Chain Lightning,2,Wizard,,Deck,Wizard Action,1,,3,true,M,M,1HP|CRU,1HP309,https://legendstory-production-s3-public.s3.amazonaws.com/media/cards/large/1HP309.webp
kJhgfCfT9nhBbdDPndnJR,Chain of Brutality,1,Brute,Reviled,Deck,Reviled Brute Action - Attack,0,2,3,true,R,R,PEN,PEN297,https://legendstory-production-s3-public.s3.amazonaws.com/media/cards/large/PEN297.webp
9j8NKt8hTkdwGPgrdcQrp,Chain Reaction,2,Ranger,,Deck,Ranger Defense Reaction - Trap,0,,3,true,M,M,HNT,HNT253,https://legendstory-production-s3-public.s3.amazonaws.com/media/cards/large/HNT253.webp
kmWrWK6PhLjLdr86QDDWP,Chains of Eminence,1,Generic,,Deck,Generic Action - Aura,0,,2,true,S|P,S,ARC|JDG,ARC162,https://legendstory-production-s3-public.s3.amazonaws.com/media/cards/large/ARC162.webp
gGnbNjCkPfRrfc8QTMjgT,Chains of Mephetis,3,,Shadow,Deck,Shadow Action - Aura,0,,3,true,M,M,DTD,DTD170,https://legendstory-production-s3-public.s3.amazonaws.com/media/cards/large/DTD170.webp
7hj8PM86DzGwgkdK7LqGM,Challenge the Alpha,2,Brute,,Deck,Brute Action - Attack,3,6,3,true,S,S,SUP,SUP129,https://legendstory-production-s3-public.s3.amazonaws.com/media/cards/large/SUP129.webp
mCCnJrJQkqJ7KfqKNHGnc,Chane,,Runeblade,Shadow,Hero,Shadow Runeblade Hero - Young,,,,false,T|R|P|V,T,CHN|HER|MON|PEN,CHN001,https://legendstory-production-s3-public.s3.amazonaws.com/media/cards/large/CHN001-RF.webp
MhBTRHCCft7RbrMmkwwGw,"Chane, Bound by Shadow",,Runeblade,Shadow,Hero,Shadow Runeblade Hero,,,,true,T|P,T,HER|MON|WIN,HER033,https://legendstory-production-s3-public.s3.amazonaws.com/media/cards/large/HER033-CF.webp
wqgk7BtqLmhWB7tCbPjKd,Channel Galcia's Cradle,3,,Ice,Deck,Ice Action - Aura,0,,2,true,R,R,PEN,PEN230,https://legendstory-production-s3-public.s3.amazonaws.com/media/cards/large/PEN230.webp
fBkzc8fHBKTCqGTJJP8cP,Channel Iceloch Glaze,3,,Ice,Deck,Ice Action - Aura,0,,3,true,M,M,PEN,PEN229,https://legendstory-production-s3-public.s3.amazonaws.com/media/cards/large/PEN229.webp
frQkkTNgtwqhkN6Hgq6cj,Channel Lake Frigid,3,,Ice,Deck,Ice Action - Aura,2,,3,true,M|P,M,ELE|LGS,ELE146,https://legendstory-production-s3-public.s3.amazonaws.com/media/cards/large/ELE146.webp
PWbNdrFrhPDk99CRG7QfM,Channel Lightning Valley,2,,Lightning,Deck,Lightning Instant - Aura,0,,,true,M|P,M,FAB|ROS,FAB264,https://legendstory-production-s3-public.s3.amazonaws.com/media/cards/large/FAB264-CF.webp
KCBB8CThnKNQBNGwmrtpn,Channel Mount Heroic,1,,Earth,Deck,Earth Action - Aura,3,,3,true,M|P,M,ELE|LGS,ELE117,https://legendstory-production-s3-public.s3.amazonaws.com/media/cards/large/ELE117.webp
rFbFBgmNfJzFbdwhrJrgB,Channel Mount Isen,3,,Ice,Deck,Ice Action - Aura,0,,3,true,M,M,AJV,AJV017,https://legendstory-production-s3-public.s3.amazonaws.com/media/cards/large/AJV017.webp
GNKLdtBGNh9BrPr9dTm69,Channel the Bleak Expanse,3,,Ice,Deck,Ice Action - Aura,1,,2,true,M,M,UPR,UPR138,https://legendstory-production-s3-public.s3.amazonaws.com/media/cards/large/UPR138.webp
wkHBqcWJQwCLr9fLKLpdw,Channel the Millennium Tree,1,,Earth,Deck,Earth Action - Aura,3,,3,true,M|P,M,FAB|ROS,FAB263,https://legendstory-production-s3-public.s3.amazonaws.com/media/cards/large/FAB263-CF.webp
8Q8tDLjqHRbJLh8CTpkwr,Channel the Skybreaker,2,,Earth,Deck,Earth Action - Aura,2,,3,true,M,M,PEN,PEN217,https://legendstory-production-s3-public.s3.amazonaws.com/media/cards/large/PEN217.webp
jwTLJMTw6FMzm6KrTGzkW,Channel the Tranquil Domain,2,,Earth,Deck,Earth Action - Aura,3,,3,true,M,M,SUP,SUP263,https://legendstory-production-s3-public.s3.amazonaws.com/media/cards/large/SUP263.webp
wDhLmGq88hHqJkBg89QDP,Channel Thunder Steppe,2,,Lightning,Deck,Lightning Action - Aura,1,,3,true,M|P,M,ELE|LGS,ELE175,https://legendstory-production-s3-public.s3.amazonaws.com/media/cards/large/ELE175.webp
rWccJ7CMn69khJP7QJ7G9,Charge of the Light Brigade,1,Warrior,Light,Deck,Light Warrior Action,0,,3,true,C,C,DTD,DTD072,https://legendstory-production-s3-public.s3.amazonaws.com/media/cards/large/DTD072.webp
WfqwhCzMFNJrtQdBjn6WN,Charge of the Light Brigade,2,Warrior,Light,Deck,Light Warrior Action,0,,3,true,C,C,DTD,DTD073,https://legendstory-production-s3-public.s3.amazonaws.com/media/cards/large/DTD073.webp
T7LWwwbfhmJMhQrBLKc7F,Charge of the Light Brigade,3,Warrior,Light,Deck,Light Warrior Action,0,,3,true,C,C,DTD,DTD074,https://legendstory-production-s3-public.s3.amazonaws.com/media/cards/large/DTD074.webp
MnFBFMRFhmwWQLLKQFJQc,Chart a Course,1,Pirate,,Deck,Pirate Action,0,,2,true,C,C,SEA,SEA173,https://legendstory-production-s3-public.s3.amazonaws.com/media/cards/large/SEA173.webp
Rwgrgc7rDQbtj6KhkfjTb,Chart a Course,2,Pirate,,Deck,Pirate Action,0,,2,true,C,C,SEA,SEA174,https://legendstory-production-s3-public.s3.amazonaws.com/media/cards/large/SEA174.webp
jmdFFT8D6MhJWJLRbz6dt,Chart a Course,3,Pirate,,Deck,Pirate Action,0,,2,true,C,C,SEA,SEA175,https://legendstory-production-s3-public.s3.amazonaws.com/media/cards/large/SEA175.webp
jMMDM8cd7Dc8LdWWN7GzR,Chart the High Seas,3,Pirate|Necromancer,,Deck,Pirate Necromancer Action,0,,3,true,M|P,M,FAB|SEA,FAB344,https://legendstory-production-s3-public.s3.amazonaws.com/media/cards/large/FAB344-RF.webp
WRGBnNRjPprcPjd67kBqM,Chase the Tail,1,Ninja,,Deck,Ninja Action - Attack,1,4,3,true,M,M,MST,MST161,https://legendstory-production-s3-public.s3.amazonaws.com/media/cards/large/MST161.webp
PQzMRpfQWLmdbqNQqjWnH,Cheap Shot,2,,Reviled,Deck,Reviled Action,0,,2,true,R,R,SUP,SUP094,https://legendstory-production-s3-public.s3.amazonaws.com/media/cards/large/SUP094.webp
7bfH9wkNGQKGzHKfGrQfd,Cheater's Charm,2,Brute,Reviled,Deck,Reviled Brute Instant,0,,,true,S|P,S,FAB|LGS|SUP,FAB372,https://legendstory-production-s3-public.s3.amazonaws.com/media/cards/large/FAB372-MV.webp
DCtpFfTpFgWqgtWkkMQjT,Cheating Scoundrel,1,Pirate,,Deck,Pirate Action,0,,3,true,M,M,PEN,PEN169,https://legendstory-production-s3-public.s3.amazonaws.com/media/cards/large/PEN169.webp
NMKbDHWmhh8wcrcPmgnkh,Check-Raise,1,Warrior,,Deck,Warrior Action,0,,3,true,C,C,AOL|MPW,AOL012,https://legendstory-production-s3-public.s3.amazonaws.com/media/cards/large/AOL012.webp
QhRdtFcQmqP8dwqMgHhdL,Check-Raise,2,Warrior,,Deck,Warrior Action,0,,3,true,C,C,AOL|MPW,AOL019,https://legendstory-production-s3-public.s3.amazonaws.com/media/cards/large/AOL019.webp
JNzb6WdcHpPngWH9Gpccf,Check-Raise,3,Warrior,,Deck,Warrior Action,0,,3,true,C,C,AOL|MPW,AOL024,https://legendstory-production-s3-public.s3.amazonaws.com/media/cards/large/AOL024.webp
KdtJWqCTGNwRGHbhB8dbq,Cheers!,3,,Revered,Deck,Revered Action - Aura,0,,3,true,C|P,C,LGS|SUP,LGS434,https://legendstory-production-s3-public.s3.amazonaws.com/media/cards/large/LGS434-CF.webp
hmdFwhcDWLWTfL7MwkhPp,Chest Puff,1,Generic,,Deck,Generic Action - Attack,2,7,3,true,R|P,R,FAB|SUP,FAB397,https://legendstory-production-s3-public.s3.amazonaws.com/media/cards/large/FAB397-RF.webp
LrjhhdFHqndpWG8d66GJz,Chief Ruk'utan,,Brute,,Deck,Brute Mentor,,,3,false,M|P,M,LGS|RVD,LGS145,https://legendstory-production-s3-public.s3.amazonaws.com/media/cards/large/LGS145-RF.webp
hn6Jp8hBLgpwRPd8gNnN7,Chill to the Bone,1,,Ice,Deck,Ice Action,0,,2,true,C,C,ELE,ELE163,https://legendstory-production-s3-public.s3.amazonaws.com/media/cards/large/ELE163.webp
78zTbm7gJD7r866HNpHGW,Chill to the Bone,2,,Ice,Deck,Ice Action,0,,2,true,C,C,ELE|LXI,ELE164,https://legendstory-production-s3-public.s3.amazonaws.com/media/cards/large/ELE164.webp
dmcWqBfNRjBTbCtfLWtmH,Chill to the Bone,3,,Ice,Deck,Ice Action,0,,2,true,C,C,ELE,ELE165,https://legendstory-production-s3-public.s3.amazonaws.com/media/cards/large/ELE165.webp
6HRcwkwHQjK9JdGHPPtqC,Chilling Icevein,1,Ranger,Elemental,Deck,Elemental Ranger Action - Arrow Attack,1,5,3,true,C,C,ELE,ELE050,https://legendstory-production-s3-public.s3.amazonaws.com/media/cards/large/ELE050.webp
J7dDWtnbmLChrkKWfHM6p,Chilling Icevein,2,Ranger,Elemental,Deck,Elemental Ranger Action - Arrow Attack,1,4,3,true,C,C,ELE|LXI,ELE051,https://legendstory-production-s3-public.s3.amazonaws.com/media/cards/large/ELE051.webp
cgPN7GPMwTTwzrwn6fcm8,Chilling Icevein,3,Ranger,Elemental,Deck,Elemental Ranger Action - Arrow Attack,1,3,3,true,C,C,ELE,ELE052,https://legendstory-production-s3-public.s3.amazonaws.com/media/cards/large/ELE052.webp
WtQz7cpTHPLGqtFLFJwjj,Chivalry,3,Guardian,,Deck,Guardian Block,,,3,true,C|P,C,JDG|LGS|TCC,JDG036,https://legendstory-production-s3-public.s3.amazonaws.com/media/cards/large/JDG036.webp
fzzJk9PmQWWNpWN9qWHCH,Chokeslam,1,Guardian,,Deck,Guardian Action - Attack,4,8,3,true,C,C,1HP|CRU|MPG|SBR,1HP070,https://legendstory-production-s3-public.s3.amazonaws.com/media/cards/large/1HP070.webp
NQtBMGcTc8mwL9Whpm6RQ,Chokeslam,2,Guardian,,Deck,Guardian Action - Attack,4,7,3,true,C,C,1HP|CRU|MPG|TCC,1HP071,https://legendstory-production-s3-public.s3.amazonaws.com/media/cards/large/1HP071.webp
hTcPj7fQfqChgCnpMCDPB,Chokeslam,3,Guardian,,Deck,Guardian Action - Attack,4,6,3,true,C,C,1HP|CRU|MPG|SBR|TCC,1HP072,https://legendstory-production-s3-public.s3.amazonaws.com/media/cards/large/1HP072.webp
hcnpwrf6Brdq9rjc9TCJ7,Chorus of Ironsong,2,Warrior,,Deck,Warrior Attack Reaction,1,,3,true,M,M,DTD,DTD208,https://legendstory-production-s3-public.s3.amazonaws.com/media/cards/large/DTD208.webp
GRCCwphQgjDcMCzwtWffK,Chorus of Rotwood,1,Runeblade,Earth,Deck,Earth Runeblade Action,1,,2,true,R,R,PEN,PEN213,https://legendstory-production-s3-public.s3.amazonaws.com/media/cards/large/PEN213.webp
zqcnM9Hw8KdpPm8MTpGGQ,Chorus of the Amphitheater,1,Wizard,,Deck,Wizard Action,2,,2,true,R,R,ROS,ROS170,https://legendstory-production-s3-public.s3.amazonaws.com/media/cards/large/ROS170.webp
CzFbG6pFWFPw6fcHHLDp8,Chorus of the Amphitheater,2,Wizard,,Deck,Wizard Action,2,,2,true,R,R,ROS,ROS171,https://legendstory-production-s3-public.s3.amazonaws.com/media/cards/large/ROS171.webp
zQ89qbgtqWjgGtfBLWTkQ,Chorus of the Amphitheater,3,Wizard,,Deck,Wizard Action,2,,2,true,R,R,OSC|ROS,OSC022,https://legendstory-production-s3-public.s3.amazonaws.com/media/cards/large/OSC022.webp
99R9wJLnb9BPbM6WjttDq,"Chowder, Hearty Cook",2,Pirate|Necromancer,,Deck,Pirate Necromancer Action - Ally,3,3,,true,C|P|V,C,LGS|SEA,LGS402,https://legendstory-production-s3-public.s3.amazonaws.com/media/cards/large/LGS402-RF.webp
PmfNcqdqDJ89QGFqqLjnz,Chromatic Refinement,1,,Lightning,Deck,Lightning Instant - Aura,0,,,true,C,C,OMN,OMN193,https://legendstory-production-s3-public.s3.amazonaws.com/media/cards/large/OMN193.webp
BnzFFnTJdw9HP9cP6fqP8,Chromatic Refinement,2,,Lightning,Deck,Lightning Instant - Aura,0,,,true,C,C,OMN,OMN194,https://legendstory-production-s3-public.s3.amazonaws.com/media/cards/large/OMN194.webp
rzMhnMtGQ6nJgQwFLJJLQ,Chromatic Refinement,3,,Lightning,Deck,Lightning Instant - Aura,0,,,true,C,C,OMN,OMN195,https://legendstory-production-s3-public.s3.amazonaws.com/media/cards/large/OMN195.webp
mwBrbdjPn7h8nPpCNzpMR,"Chum, Friendly First Mate",2,Pirate|Necromancer,,Deck,Pirate Necromancer Action - Ally,4,4,,true,M|P|V,M,GEM|SEA,GEM046,https://legendstory-production-s3-public.s3.amazonaws.com/media/cards/large/GEM046-RF.webp
dzJfMfd9gL8JjpJ6hNKMk,Cindering Foresight,1,Wizard,,Deck,Wizard Action,0,,2,true,R|P,R,1HP|CRU|SBZ|TNP,1HP317,https://legendstory-production-s3-public.s3.amazonaws.com/media/cards/large/1HP317.webp
nmkkNMhcPwJqzMjBRhPhh,Cindering Foresight,2,Wizard,,Deck,Wizard Action,0,,2,true,R|P,R,1HP|CRU|SBZ|TNP,1HP318,https://legendstory-production-s3-public.s3.amazonaws.com/media/cards/large/1HP318.webp
j6W8wLDwB8B8QQkGKQNdz,Cindering Foresight,3,Wizard,,Deck,Wizard Action,0,,2,true,R|P,R,1HP|CRU|SBZ|TNP,1HP319,https://legendstory-production-s3-public.s3.amazonaws.com/media/cards/large/1HP319.webp
tPLBbjkQQmCJRD9f8f7qm,Cinderskin Devotion,1,Ninja,Draconic,Deck,Draconic Ninja Action - Attack,1,4,3,true,C,C,FAI|HNT|UPR,FAI016,https://legendstory-production-s3-public.s3.amazonaws.com/media/cards/large/FAI016.webp
nJfhFcQjghnHnfbGkd6jW,Cinderskin Devotion,2,Ninja,Draconic,Deck,Draconic Ninja Action - Attack,1,3,3,true,C,C,UPR,UPR064,https://legendstory-production-s3-public.s3.amazonaws.com/media/cards/large/UPR064.webp
tWNrwHgH8LJbC8ndwkwPz,Cinderskin Devotion,3,Ninja,Draconic,Deck,Draconic Ninja Action - Attack,1,2,3,true,C,C,FAI|SFA|UPR,FAI026,https://legendstory-production-s3-public.s3.amazonaws.com/media/cards/large/FAI026.webp
m7hWTmtRzJnrtqtfLLR6M,Cindra,,Ninja,Royal|Draconic,Hero,Royal Draconic Ninja Hero - Young,,,,false,T|R|V,T,CIN|HNT,CIN001,https://legendstory-production-s3-public.s3.amazonaws.com/media/cards/large/CIN001-RF.webp
HRtHpngjPbHNKCFMbJw7m,"Cindra, Dracai of Retribution",,Ninja,Royal|Draconic,Hero,Royal Draconic Ninja Hero,,,,true,M|P|V,M,HER|HNT|WIN,HER133,https://legendstory-production-s3-public.s3.amazonaws.com/media/cards/large/HER133-RF.webp
PpwQBBjqmBbgBrKMPbbBr,Cintari Saber,,Warrior,,Weapon,Warrior Weapon - Sword (1H),,2,,true,T|C|R|P,T,1HP|CRU|FAB|HVY|KSI|OLA,1HP141,https://legendstory-production-s3-public.s3.amazonaws.com/media/cards/large/1HP141.webp
CcGMKpDNfnzz8mKDqmqnc,Cintari Sellsword,,Warrior|Mercenary,,Token,Warrior Token - Mercenary Ally,,3,,true,T|P,T,FAB|HVY,FAB191,https://legendstory-production-s3-public.s3.amazonaws.com/media/cards/large/FAB191-CF.webp
FgRQdMbgkGgJ6RwGjwgHr,Circular Flowtide,2,Illusionist,Lightning,Deck,Lightning Illusionist Instant - Aura,1,,,true,C,C,AZS|OMN,AZS018,https://legendstory-production-s3-public.s3.amazonaws.com/media/cards/large/AZS018.webp
TwcL67rLrL9CfqgFdPF9t,Civic Duty,,Guardian,,Equipment,Guardian Equipment - Chest,,,2,true,R|P,R,LGS|TCC,LGS208,https://legendstory-production-s3-public.s3.amazonaws.com/media/cards/large/LGS208-RF.webp
zFTw6RPr76Gc7cqPMFBzz,Civic Guide,,Guardian,,Equipment,Guardian Equipment - Arms,,,2,true,R|P,R,LGS|TCC,LGS209,https://legendstory-production-s3-public.s3.amazonaws.com/media/cards/large/LGS209-RF.webp
CjRzTWJcLTzzfkhwCRK7K,Civic Peak,,Guardian,,Equipment,Guardian Equipment - Head,,,2,true,R|P,R,LGS|TCC,LGS207,https://legendstory-production-s3-public.s3.amazonaws.com/media/cards/large/LGS207-RF.webp
qQ9JC8BtngfRq7n9pqpKM,Civic Steps,,Guardian,,Equipment,Guardian Equipment - Legs,,,2,true,R|P,R,JDG|LGS|TCC,JDG034,https://legendstory-production-s3-public.s3.amazonaws.com/media/cards/large/JDG034-CF.webp
9G9hzcppH7WtgccPwfdGC,Clamp Press,3,Mechanologist,,Deck,Mechanologist Action - Item,2,,,true,M|P,M,AMX|GEM,AMX026,https://legendstory-production-s3-public.s3.amazonaws.com/media/cards/large/AMX026.webp
Rz7gTL7CQrDCtn9n87jGK,Clap 'Em in Irons,3,Generic,,Deck,Generic Action - Item,0,,,true,R,R,SEA,SEA209,https://legendstory-production-s3-public.s3.amazonaws.com/media/cards/large/SEA209.webp
M8HJKTz7QwHTjGtjdHqDM,Clarity Potion,3,Generic,,Deck,Generic Action - Item,0,,,true,R,R,EVR,EVR182,https://legendstory-production-s3-public.s3.amazonaws.com/media/cards/large/EVR182.webp
gRpHwzjCr7Q6RQwnGTT7t,Clash of Agility,1,Brute|Warrior,,Deck,Brute / Warrior Action - Attack,2,6,3,true,R,R,AKO|HVY|SKA,AKO008,https://legendstory-production-s3-public.s3.amazonaws.com/media/cards/large/AKO008.webp
8dw7PGfBNcKMcRkgMdPJz,Clash of Agility,2,Brute|Warrior,,Deck,Brute / Warrior Action - Attack,2,5,3,true,R,R,HVY,HVY158,https://legendstory-production-s3-public.s3.amazonaws.com/media/cards/large/HVY158.webp
ghCPQqFqNjMq9cn7nTrzJ,Clash of Agility,3,Brute|Warrior,,Deck,Brute / Warrior Action - Attack,2,4,3,true,R,R,HVY,HVY159,https://legendstory-production-s3-public.s3.amazonaws.com/media/cards/large/HVY159.webp
Wc9KrwW6FrgLgFz7dqfcq,Clash of Arms,2,Guardian,,Deck,Guardian Block,,,4,true,R,R,MPG,MPG049,https://legendstory-production-s3-public.s3.amazonaws.com/media/cards/large/MPG049.webp
GFNmknDkQm8tdbNCcWGR9,Clash of Bravado,2,Guardian,,Deck,Guardian Action - Attack,4,7,3,true,M,M,MPG,MPG015,https://legendstory-production-s3-public.s3.amazonaws.com/media/cards/large/MPG015.webp
D7hcKhLqRRjk9JjCwGWmK,Clash of Chests,2,Guardian,,Deck,Guardian Block,,,4,true,R,R,MPG,MPG048,https://legendstory-production-s3-public.s3.amazonaws.com/media/cards/large/MPG048.webp
qTWFgWrznmRnFtJH9hwcd,Clash of Heads,2,Guardian,,Deck,Guardian Block,,,4,true,R,R,MPG,MPG047,https://legendstory-production-s3-public.s3.amazonaws.com/media/cards/large/MPG047.webp
f7TPgGBKhDGFMRhNGBtBw,Clash of Legs,2,Guardian,,Deck,Guardian Block,,,4,true,R,R,MPG,MPG050,https://legendstory-production-s3-public.s3.amazonaws.com/media/cards/large/MPG050.webp
NGMpfnrcHzjWtB6bmGC6C,Clash of Might,1,Brute|Guardian,,Deck,Brute / Guardian Action - Attack,2,6,3,true,R,R,HVY|SKA,HVY137,https://legendstory-production-s3-public.s3.amazonaws.com/media/cards/large/HVY137.webp
HQGTg8btKJgCCrhmBGrDN,Clash of Might,2,Brute|Guardian,,Deck,Brute / Guardian Action - Attack,2,5,3,true,R,R,HVY|SKA,HVY138,https://legendstory-production-s3-public.s3.amazonaws.com/media/cards/large/HVY138.webp
KnJTJP7KPKfpNC7FNLJB8,Clash of Might,3,Brute|Guardian,,Deck,Brute / Guardian Action - Attack,2,4,3,true,R,R,HVY|VIC,HVY139,https://legendstory-production-s3-public.s3.amazonaws.com/media/cards/large/HVY139.webp
n7Qn88BQPmjpPRpdz88gm,Clash of Mountains,1,Guardian,,Deck,Guardian Action - Attack,4,8,3,true,C,C,MPG,MPG061,https://legendstory-production-s3-public.s3.amazonaws.com/media/cards/large/MPG061.webp
GGLrgHcQbNtpBQDwjLzJm,Clash of Mountains,2,Guardian,,Deck,Guardian Action - Attack,4,7,3,true,C,C,MPG,MPG062,https://legendstory-production-s3-public.s3.amazonaws.com/media/cards/large/MPG062.webp
wG6tBGKr7rb6TCjP7bBDC,Clash of Mountains,3,Guardian,,Deck,Guardian Action - Attack,4,6,3,true,C,C,BDD|MPG,BDD012,https://legendstory-production-s3-public.s3.amazonaws.com/media/cards/large/BDD012.webp
R8tkQLNHj6QjtNW968NDf,Clash of Shields,2,Guardian,,Deck,Guardian Block,,,4,true,R,R,MPG,MPG051,https://legendstory-production-s3-public.s3.amazonaws.com/media/cards/large/MPG051.webp
FWQPHMnG9JDfm7JmC6hJ6,Clash of Vigor,1,Guardian|Warrior,,Deck,Guardian / Warrior Action - Attack,2,6,3,true,R,R,HVY,HVY177,https://legendstory-production-s3-public.s3.amazonaws.com/media/cards/large/HVY177.webp
HrKnbRbWgpztmkCN6DJfR,Clash of Vigor,2,Guardian|Warrior,,Deck,Guardian / Warrior Action - Attack,2,5,3,true,R,R,HVY,HVY178,https://legendstory-production-s3-public.s3.amazonaws.com/media/cards/large/HVY178.webp
pBjNr7MRTR6L7LMKT8j9d,Clash of Vigor,3,Guardian|Warrior,,Deck,Guardian / Warrior Action - Attack,2,4,3,true,R,R,HVY|SBR|VIC,HVY179,https://legendstory-production-s3-public.s3.amazonaws.com/media/cards/large/HVY179.webp
hgWGqgpQTdRHtTKcWpjkw,Claw of Vynserakai,,,Draconic,Weapon,Draconic Weapon - Dagger (1H),,1,,true,M|P,M,GEM|SEA,GEM034,https://legendstory-production-s3-public.s3.amazonaws.com/media/cards/large/GEM034-CF.webp
8fNNR6wFmtQfKWqgkB6pb,Cleansing Light,1,,Light,Deck,Light Action,3,,2,true,R,R,DTD,DTD088,https://legendstory-production-s3-public.s3.amazonaws.com/media/cards/large/DTD088.webp
WGT7hBTwdkqnp8hGdkGWD,Cleansing Light,2,,Light,Deck,Light Action,3,,2,true,R,R,DTD,DTD089,https://legendstory-production-s3-public.s3.amazonaws.com/media/cards/large/DTD089.webp
HCKWqMfzpnwHL9rrPfKrF,Cleansing Light,3,,Light,Deck,Light Action,3,,2,true,R,R,DTD,DTD090,https://legendstory-production-s3-public.s3.amazonaws.com/media/cards/large/DTD090.webp
JMb6zBb6gJ78bJnfCG8wp,Clear Conscience,1,Illusionist,,Deck,Illusionist Action - Attack,3,8,3,true,R,R,OMN,OMN041,https://legendstory-production-s3-public.s3.amazonaws.com/media/cards/large/OMN041.webp
R9dRbDCJbNGLHFctHd9pW,Clear Conscience,2,Illusionist,,Deck,Illusionist Action - Attack,3,7,3,true,R,R,OMN,OMN042,https://legendstory-production-s3-public.s3.amazonaws.com/media/cards/large/OMN042.webp
mftrgDLcgF69QrzBgK6HB,Clear Conscience,3,Illusionist,,Deck,Illusionist Action - Attack,3,6,3,true,R,R,AZS|OMN,AZS020,https://legendstory-production-s3-public.s3.amazonaws.com/media/cards/large/AZS020.webp
qBRhRDtgwwmgTb68dqTQW,Clearing Bellow,3,Brute,,Deck,Brute Action,0,,3,true,C|R|P,C,ARR|LGS|RVD,ARR026,https://legendstory-production-s3-public.s3.amazonaws.com/media/cards/large/ARR026.webp
WffgNjPNdkz9GB9TRT7RT,Clearwater Elixir,1,Generic,,Deck,Generic Action,1,,3,true,R|P,R,FAB|PEN,FAB434,https://legendstory-production-s3-public.s3.amazonaws.com/media/cards/large/FAB434-CF.webp
bPJzLWhH7G7BnHL9fNJw6,Cleave,1,Warrior,,Deck,Warrior Action,1,,3,true,M,M,DYN,DYN071,https://legendstory-production-s3-public.s3.amazonaws.com/media/cards/large/DYN071.webp
hFdDjPwdMw7dd678RzRPH,Clench the Upper Hand,1,,Reviled,Deck,Reviled Action - Attack,0,4,2,true,C,C,SUP,SUP101,https://legendstory-production-s3-public.s3.amazonaws.com/media/cards/large/SUP101.webp
mtrtdmqhkkjnQNNk7kFr8,Clench the Upper Hand,2,,Reviled,Deck,Reviled Action - Attack,0,3,2,true,C,C,SUP,SUP102,https://legendstory-production-s3-public.s3.amazonaws.com/media/cards/large/SUP102.webp
JdpQPQQbBNbHqQNhrBNnw,Clench the Upper Hand,3,,Reviled,Deck,Reviled Action - Attack,0,2,2,true,C,C,SUP,SUP103,https://legendstory-production-s3-public.s3.amazonaws.com/media/cards/large/SUP103.webp
j8dKbzJP7kqP96rpMMLMJ,Clip Flexor,,Generic,,Equipment,Generic Equipment - Arms,,,0,true,C,C,MPW,MPW138,https://legendstory-production-s3-public.s3.amazonaws.com/media/cards/large/MPW138.webp
TtgGwwdkkjjMHBbMztjrG,Cloak of Darkness,,,Shadow,Equipment,Shadow Equipment - Chest,,,,true,C,C,DTD,DTD166,https://legendstory-production-s3-public.s3.amazonaws.com/media/cards/large/DTD166.webp
rPqkgWJCRBcDzDGPgMzBj,Cloud City Steamboat,1,Mechanologist,,Deck,Mechanologist Action - Attack,2,6,3,true,R,R,SEA,SEA015,https://legendstory-production-s3-public.s3.amazonaws.com/media/cards/large/SEA015.webp
kTKcmGwRgtjQcGFRRG6fT,Cloud City Steamboat,2,Mechanologist,,Deck,Mechanologist Action - Attack,2,5,3,true,R,R,SEA,SEA016,https://legendstory-production-s3-public.s3.amazonaws.com/media/cards/large/SEA016.webp
pPgMnD6hBcnm8gcdHL79J,Cloud City Steamboat,3,Mechanologist,,Deck,Mechanologist Action - Attack,2,4,3,true,R,R,SEA,SEA017,https://legendstory-production-s3-public.s3.amazonaws.com/media/cards/large/SEA017.webp
KBtjQPPRg7PnrKGrCLKjC,Cloud Cover,1,,Lightning,Deck,Lightning Instant,0,,,true,C,C,PEN|SBA,PEN246,https://legendstory-production-s3-public.s3.amazonaws.com/media/cards/large/PEN246.webp
8jzNDBDqQhcHgJtG9JRF8,Cloud Cover,2,,Lightning,Deck,Lightning Instant,0,,,true,C|R,C,AUR|PEN,AUR023,https://legendstory-production-s3-public.s3.amazonaws.com/media/cards/large/AUR023.webp
MDn7MHgDmW7tJ6tGkG7cz,Cloud Cover,3,,Lightning,Deck,Lightning Instant,0,,,true,C,C,PEN,PEN248,https://legendstory-production-s3-public.s3.amazonaws.com/media/cards/large/PEN248.webp
mbNRPd7D9TN76C8wbBRrL,Cloud Skiff,1,Mechanologist,,Deck,Mechanologist Action - Attack,1,5,3,true,C|P,C,GEM|SEA,GEM041,https://legendstory-production-s3-public.s3.amazonaws.com/media/cards/large/GEM041.webp
kkfTJq9f9rMqbkPkbJm8R,Cloud Skiff,2,Mechanologist,,Deck,Mechanologist Action - Attack,1,4,3,true,C,C,SEA,SEA025,https://legendstory-production-s3-public.s3.amazonaws.com/media/cards/large/SEA025.webp
nNnqFQD7WfGFGRnrMw8nh,Cloud Skiff,3,Mechanologist,,Deck,Mechanologist Action - Attack,1,3,3,true,C,C,SEA,SEA026,https://legendstory-production-s3-public.s3.amazonaws.com/media/cards/large/SEA026.webp
JBkC6qp77CfhzhkphHMPC,Coalescence Mirage,1,Illusionist,,Deck,Illusionist Action - Attack,2,7,3,true,C,C,EVR,EVR144,https://legendstory-production-s3-public.s3.amazonaws.com/media/cards/large/EVR144.webp
TF7Hf6qQMdmGf8wkDdLTL,Coalescence Mirage,2,Illusionist,,Deck,Illusionist Action - Attack,2,6,3,true,C,C,EVR,EVR145,https://legendstory-production-s3-public.s3.amazonaws.com/media/cards/large/EVR145.webp
WGLcqWkRPGH7THqWjQzd7,Coalescence Mirage,3,Illusionist,,Deck,Illusionist Action - Attack,2,5,3,true,C,C,EVR,EVR146,https://legendstory-production-s3-public.s3.amazonaws.com/media/cards/large/EVR146.webp
FdMpkDBJtRgkrP6zK6rfQ,Coat of Allegiance,,,Draconic,Equipment,Draconic Equipment - Chest,,,0,true,C,C,FNG|HNT,FNG004,https://legendstory-production-s3-public.s3.amazonaws.com/media/cards/large/FNG004.webp
KdPWDMfBd8BQp66B9chCQ,Coat of Frost,,,Ice,Equipment,Ice Equipment - Chest,,,0,true,C|P,C,ELE|FAB|OLD,ELE145,https://legendstory-production-s3-public.s3.amazonaws.com/media/cards/large/ELE145.webp
LzjkDR6QcL9WBztfDTRt9,Coax a Commotion,1,Generic,,Deck,Generic Action - Attack,0,4,2,true,M,M,1HP|CRU|TCC,1HP359,https://legendstory-production-s3-public.s3.amazonaws.com/media/cards/large/1HP359.webp
9f8tgdNwfwg7bhkkDLdPK,Code of Conduct: Kill or Be Killed,,,,Deck,Event,,,,false,M,M,SMP,SMP010,https://legendstory-production-s3-public.s3.amazonaws.com/media/cards/large/SMP010.webp
tjnCb9JGD7mzznFPfDzHp,Codex of Bloodrot,2,Assassin|Ranger,,Deck,Assassin / Ranger Action,0,,2,true,M|V,M,OUT,OUT159,https://legendstory-production-s3-public.s3.amazonaws.com/media/cards/large/OUT159.webp
7pc6MTFPJjzjNTRH6zdNh,Codex of Frailty,2,Assassin|Ranger,,Deck,Assassin / Ranger Action,0,,2,true,M|L|V,M,OUT|SEA,OUT160,https://legendstory-production-s3-public.s3.amazonaws.com/media/cards/large/OUT160.webp
GtdbFwh9DGwF76LrNhJrn,Codex of Inertia,2,Assassin|Ranger,,Deck,Assassin / Ranger Action,0,,2,true,M|V,M,OUT,OUT161,https://legendstory-production-s3-public.s3.amazonaws.com/media/cards/large/OUT161.webp
KP7QFDQPWfTW9DwmgBJq9,Coercive Tendency,3,Assassin,,Deck,Assassin Attack Reaction,0,,3,true,M,M,HVY,HVY246,https://legendstory-production-s3-public.s3.amazonaws.com/media/cards/large/HVY246.webp
jqrFDnJPwhw6bcQCcrLQT,Cog in the Machine,1,Mechanologist,,Deck,Mechanologist Action,1,,3,true,M,M,SEA,SEA013,https://legendstory-production-s3-public.s3.amazonaws.com/media/cards/large/SEA013.webp
WLn8D67P6kfgMj6bmRHhz,Cognition Field,1,Mechanologist,,Deck,Mechanologist Block,,,3,true,R,R,EVO,EVO117,https://legendstory-production-s3-public.s3.amazonaws.com/media/cards/large/EVO117.webp
RpfpDfqWNgzTTJGFHrFnb,Cognition Field,2,Mechanologist,,Deck,Mechanologist Block,,,2,true,R,R,EVO,EVO118,https://legendstory-production-s3-public.s3.amazonaws.com/media/cards/large/EVO118.webp
HK9PTNh6JKQcNK7cqg6Dq,Cognition Field,3,Mechanologist,,Deck,Mechanologist Block,,,1,true,R,R,EVO,EVO119,https://legendstory-production-s3-public.s3.amazonaws.com/media/cards/large/EVO119.webp
Kqmkn6mpNKLqKQdRPjMmt,Cognition Nodes,3,Mechanologist,,Deck,Mechanologist Action - Item,1,,,true,R,R,1HP|ARC,1HP200,https://legendstory-production-s3-public.s3.amazonaws.com/media/cards/large/1HP200.webp
PpnFdNFq8GrzCqrmDTbcW,Cogwerx Base Arms,,Mechanologist,,Equipment,Mechanologist Equipment - Base Arms,,,,true,C,C,EVO,EVO016,https://legendstory-production-s3-public.s3.amazonaws.com/media/cards/large/EVO016.webp
gqwdRLGrnGc9PbBQjMnpk,Cogwerx Base Chest,,Mechanologist,,Equipment,Mechanologist Equipment - Base Chest,,,,true,C,C,EVO,EVO015,https://legendstory-production-s3-public.s3.amazonaws.com/media/cards/large/EVO015.webp
KGBQtW9fTBCjQpqQTpHNz,Cogwerx Base Head,,Mechanologist,,Equipment,Mechanologist Equipment - Base Head,,,,true,C,C,EVO,EVO014,https://legendstory-production-s3-public.s3.amazonaws.com/media/cards/large/EVO014.webp
p6cgRTrMmWfjk6hCLH9Jt,Cogwerx Base Legs,,Mechanologist,,Equipment,Mechanologist Equipment - Base Legs,,,,true,C,C,EVO,EVO017,https://legendstory-production-s3-public.s3.amazonaws.com/media/cards/large/EVO017.webp
mpNCNfJnPMdk9bgrkj8bB,Cogwerx Blunderbuss,,Mechanologist,,Weapon,Mechanologist Weapon - Gun (2H),,2,,true,B|P,B,GEM|LGS|SEA,GEM035,https://legendstory-production-s3-public.s3.amazonaws.com/media/cards/large/GEM035-CF.webp
dnhGwzTLMbDMGLfrBgnzz,Cogwerx Dovetail,1,Mechanologist,,Deck,Mechanologist Action - Attack,1,5,3,true,M,M,SEA,SEA011,https://legendstory-production-s3-public.s3.amazonaws.com/media/cards/large/SEA011.webp
cqRf8LJ6Dt86pRfcDdJ7H,Cogwerx Tinker Rings,,Mechanologist,,Equipment,Mechanologist Equipment - Arms,,,2,true,P|L,P,FAB|SEA,FAB336,https://legendstory-production-s3-public.s3.amazonaws.com/media/cards/large/FAB336-GF.webp
NtGRcJrNgDN6LcQtcN7Qb,Cogwerx Workshop,3,Mechanologist,,Deck,Mechanologist Action,1,,3,true,M,M,SEA,SEA014,https://legendstory-production-s3-public.s3.amazonaws.com/media/cards/large/SEA014.webp
WMNLQNgmCHD7FwnFFq6dG,Cogwerx Zeppelin,1,Mechanologist,,Deck,Mechanologist Action - Attack,2,6,3,true,R,R,SEA,SEA018,https://legendstory-production-s3-public.s3.amazonaws.com/media/cards/large/SEA018.webp
fJzjdQTnDbfNwGCDWCBNK,Cogwerx Zeppelin,2,Mechanologist,,Deck,Mechanologist Action - Attack,2,5,3,true,R,R,SEA,SEA019,https://legendstory-production-s3-public.s3.amazonaws.com/media/cards/large/SEA019.webp
kNggzqkBtLWRqfhFCMbfQ,Cogwerx Zeppelin,3,Mechanologist,,Deck,Mechanologist Action - Attack,2,4,3,true,R,R,SEA,SEA020,https://legendstory-production-s3-public.s3.amazonaws.com/media/cards/large/SEA020.webp
RGTFQcwQp66wkFBWJBk6T,Cold Snap,1,,Ice,Deck,Ice Action,1,,2,true,C,C,UPR,UPR147,https://legendstory-production-s3-public.s3.amazonaws.com/media/cards/large/UPR147.webp
FLLL8HKfHMLKWb9GDpHPL,Cold Snap,2,,Ice,Deck,Ice Action,1,,2,true,C,C,UPR,UPR148,https://legendstory-production-s3-public.s3.amazonaws.com/media/cards/large/UPR148.webp
k88LmRGmH9bD7PNrKhNK8,Cold Snap,3,,Ice,Deck,Ice Action,1,,2,true,C,C,SIY|UPR,SIY024,https://legendstory-production-s3-public.s3.amazonaws.com/media/cards/large/SIY024.webp
DdKKrgzFQJQz6mJtmKFqN,Cold Wave,1,Ranger,Elemental,Deck,Elemental Ranger Action - Arrow Attack,1,5,3,true,R,R,ELE,ELE038,https://legendstory-production-s3-public.s3.amazonaws.com/media/cards/large/ELE038.webp
B8JgHfW8b76TPwHRwPNHq,Cold Wave,2,Ranger,Elemental,Deck,Elemental Ranger Action - Arrow Attack,1,4,3,true,R,R,ELE,ELE039,https://legendstory-production-s3-public.s3.amazonaws.com/media/cards/large/ELE039.webp
Rmqh8trcb8QwBwPkQqPhj,Cold Wave,3,Ranger,Elemental,Deck,Elemental Ranger Action - Arrow Attack,1,3,3,true,R,R,ELE,ELE040,https://legendstory-production-s3-public.s3.amazonaws.com/media/cards/large/ELE040.webp
NzT7pTMkkPCfNr79ftFtG,Collapsing Trap,3,Ranger,,Deck,Ranger Defense Reaction - Trap,0,,3,true,M,M,OUT,OUT103,https://legendstory-production-s3-public.s3.amazonaws.com/media/cards/large/OUT103.webp
CQkQQG8z8z8kQLNm8PHDM,Colors of Aria,1,,Elemental,Deck,Elemental Action - Attack,3,7,3,true,R|P,R,FAB|PEN,FAB426,https://legendstory-production-s3-public.s3.amazonaws.com/media/cards/large/FAB426.webp
p89Wnh7dDNTLmhGjhMkKD,Colossal Bearing,1,Guardian,,Deck,Guardian Action - Attack,4,8,3,true,R,R,HVY|TCC,HVY062,https://legendstory-production-s3-public.s3.amazonaws.com/media/cards/large/HVY062.webp
KwnFBgNNkWthnbL6kC8Cj,Combustible Courier,1,Mechanologist,,Deck,Mechanologist Action - Attack,2,4,3,true,C,C,1HP|CRU,1HP202,https://legendstory-production-s3-public.s3.amazonaws.com/media/cards/large/1HP202.webp
MMFBJgPGkQR8HwNjpjRwN,Combustible Courier,2,Mechanologist,,Deck,Mechanologist Action - Attack,2,3,3,true,C,C,1HP|CRU,1HP203,https://legendstory-production-s3-public.s3.amazonaws.com/media/cards/large/1HP203.webp
zRWWLdH9LMtHDr6kRpHmF,Combustible Courier,3,Mechanologist,,Deck,Mechanologist Action - Attack,2,2,3,true,C,C,1HP|CRU,1HP204,https://legendstory-production-s3-public.s3.amazonaws.com/media/cards/large/1HP204.webp
jPkRMNrnkLg7kJhhDRjFK,Combustion Point,1,Ninja,Draconic,Deck,Draconic Ninja Attack Reaction,1,,3,true,M,M,UPR,UPR050,https://legendstory-production-s3-public.s3.amazonaws.com/media/cards/large/UPR050.webp
NMBKG8cj7JTF6z9FWHhMw,Come to Fight,1,Generic,,Deck,Generic Action,1,,3,true,C,C,1HP|ARC|OUT,1HP414,https://legendstory-production-s3-public.s3.amazonaws.com/media/cards/large/1HP414.webp
qr8WW79Hrfcj8DkpKzRfd,Come to Fight,2,Generic,,Deck,Generic Action,1,,3,true,C,C,1HP|ARC|OUT,1HP415,https://legendstory-production-s3-public.s3.amazonaws.com/media/cards/large/1HP415.webp
Dc8cHfKHFHkg98Pwn6H96,Come to Fight,3,Generic,,Deck,Generic Action,1,,3,true,C,C,1HP|ARC|OUT|RVD,1HP416,https://legendstory-production-s3-public.s3.amazonaws.com/media/cards/large/1HP416.webp
6fPwHjKFPwPTCfRgmrkB9,Comeback Kicks,,,Revered,Equipment,Revered Equipment - Legs,,,1,true,R,R,PEN,PEN288,https://legendstory-production-s3-public.s3.amazonaws.com/media/cards/large/PEN288.webp
RLDRbkhHqH6DQCjtqPrMQ,Comeback Kid,1,,Revered,Deck,Revered Action - Attack,3,7,3,true,R|P,R,FAB|SUP,FAB377,https://legendstory-production-s3-public.s3.amazonaws.com/media/cards/large/FAB377-RF.webp
gzJRqKbNJcdhdrHTjDRfn,Comeback Kid,2,,Revered,Deck,Revered Action - Attack,3,6,3,true,R|P,R,FAB|SUP,FAB378,https://legendstory-production-s3-public.s3.amazonaws.com/media/cards/large/FAB378-RF.webp
nHTwDwq8BDnkdPrc9c9bW,Comeback Kid,3,,Revered,Deck,Revered Action - Attack,3,5,3,true,R|P,R,APS|FAB|SUP,APS017,https://legendstory-production-s3-public.s3.amazonaws.com/media/cards/large/APS017.webp
BRdKgPG6pJk8pGT7CWCpB,Comet Collision,1,Wizard,Lightning,Deck,Lightning Wizard Instant,0,,3,true,C,C,OMN,OMN109,https://legendstory-production-s3-public.s3.amazonaws.com/media/cards/large/OMN109.webp
kLgnHP8nHtnMwHfqN9zkp,Comet Collision,2,Wizard,Lightning,Deck,Lightning Wizard Instant,0,,3,true,C,C,OMN,OMN110,https://legendstory-production-s3-public.s3.amazonaws.com/media/cards/large/OMN110.webp
Mbrg9P78qm9PGCdPLbncD,Comet Collision,3,Wizard,Lightning,Deck,Lightning Wizard Instant,0,,3,true,C,C,OMN,OMN111,https://legendstory-production-s3-public.s3.amazonaws.com/media/cards/large/OMN111.webp
hNtpt77b8dGgTbkCqzCLB,Comet Storm // Shock,1,Wizard,Lightning,Deck,Wizard Action // Lightning Instant,2,,3,true,R|P,R,LGS|OSC|ROS,LGS335,https://legendstory-production-s3-public.s3.amazonaws.com/media/cards/large/LGS335-CF.webp
kMRjHHLzPtgLw7j7PmQqf,Command and Conquer,1,Generic,,Deck,Generic Action - Attack,2,6,3,true,M|P|L|F,M,1HP|ANQ|ARC|DYN|FAB|HNT|PEN,1HP360,https://legendstory-production-s3-public.s3.amazonaws.com/media/cards/large/1HP360.webp
wDgmFWt7nFMQwCGnzHgR9,Command Respect,1,Guardian,,Deck,Guardian Action - Attack,3,6,3,true,C,C,BET|HVY|VIC,BET008,https://legendstory-production-s3-public.s3.amazonaws.com/media/cards/large/BET008.webp
wgbL9K6GfgnDk8GJDfFqF,Command Respect,2,Guardian,,Deck,Guardian Action - Attack,3,5,3,true,C,C,HVY,HVY072,https://legendstory-production-s3-public.s3.amazonaws.com/media/cards/large/HVY072.webp
JkQtdwTJzQ7Bw8g8wNtCh,Command Respect,3,Guardian,,Deck,Guardian Action - Attack,3,4,3,true,C,C,BET|HVY|VIC,BET019,https://legendstory-production-s3-public.s3.amazonaws.com/media/cards/large/BET019.webp
89mKDmGqtctqmbdpthJhz,Commanding Performance,1,Warrior,,Deck,Warrior Action,1,,3,true,M,M,HVY,HVY104,https://legendstory-production-s3-public.s3.amazonaws.com/media/cards/large/HVY104.webp
6h97MQcbc89bqd99BGRht,Companion of the Claw,1,Ninja,Mystic,Deck,Mystic Ninja Action - Attack,2,4,2,true,C,C,MST|ZEN,MST057,https://legendstory-production-s3-public.s3.amazonaws.com/media/cards/large/MST057.webp
6hwzWtTQ8pPqmNwL9dDFP,Companion of the Claw,2,Ninja,Mystic,Deck,Mystic Ninja Action - Attack,2,3,2,true,C,C,MST,MST058,https://legendstory-production-s3-public.s3.amazonaws.com/media/cards/large/MST058.webp
KhmFwJF7JFP9W9c6C8brQ,Companion of the Claw,3,Ninja,Mystic,Deck,Mystic Ninja Action - Attack,2,2,2,true,C,C,MST,MST059,https://legendstory-production-s3-public.s3.amazonaws.com/media/cards/large/MST059.webp
cPR8tmfTh9wKmwtzbtRKR,Compass of Sunken Depths,,Pirate|Necromancer,,Equipment,Pirate Necromancer Equipment - Off-Hand,,,,true,B|C|P,B,AGB|FAB|GEM|LGS|SEA|SGB,AGB003,https://legendstory-production-s3-public.s3.amazonaws.com/media/cards/large/AGB003.webp
G6kR7rLFDQDjLrLNLL6tp,Compounding Anger,1,,Draconic,Deck,Draconic Action - Attack,3,5,3,true,R|P,R,FAB|HNT,FAB321,https://legendstory-production-s3-public.s3.amazonaws.com/media/cards/large/FAB321-RF.webp
GQzfCQbchkDFn7crcnkrg,Concealed Blade,3,Assassin|Ninja,,Deck,Assassin / Ninja Attack Reaction,0,,3,true,M,M,OUT,OUT143,https://legendstory-production-s3-public.s3.amazonaws.com/media/cards/large/OUT143.webp
zNKcJKn8rMnzTNrm6jrQM,Concealed Nerve Gas,,Ranger,,Equipment,Ranger Equipment - Chest Trap,,,,true,R,R,PEN,PEN079,https://legendstory-production-s3-public.s3.amazonaws.com/media/cards/large/PEN079.webp
DdnDzmhwpNWtCjm7TqFQM,Concealed Object,3,,Reviled,Deck,Reviled Instant - Item,0,,,true,R,R,SLY|SUP,SLY031,https://legendstory-production-s3-public.s3.amazonaws.com/media/cards/large/SLY031.webp
mWbfgWG7j8CdTtKHfJgJr,Concealed Pathogen,,Ranger,,Equipment,Ranger Equipment - Chest Trap,,,,true,R,R,PEN,PEN080,https://legendstory-production-s3-public.s3.amazonaws.com/media/cards/large/PEN080.webp
QFf8JBQK6HBJ6Tqdzm9HJ,Concealed Sedative,,Ranger,,Equipment,Ranger Equipment - Chest Trap,,,,true,R,R,PEN,PEN081,https://legendstory-production-s3-public.s3.amazonaws.com/media/cards/large/PEN081.webp
wTwJPcMRB8jf7rwCKzKPF,Concoct Disorder,1,,Chaos,Deck,Chaos Action - Attack,1,4,3,true,C,C,PEN|SAR,PEN279,https://legendstory-production-s3-public.s3.amazonaws.com/media/cards/large/PEN279.webp
pqtLFGFhtmWgjMTMHDJLQ,Concoct Disorder,2,,Chaos,Deck,Chaos Action - Attack,1,3,3,true,C,C,PEN,PEN280,https://legendstory-production-s3-public.s3.amazonaws.com/media/cards/large/PEN280.webp
jhTpW6FqWNmdHzcHd9j8B,Concoct Disorder,3,,Chaos,Deck,Chaos Action - Attack,1,2,3,true,C,C,PEN,PEN281,https://legendstory-production-s3-public.s3.amazonaws.com/media/cards/large/PEN281.webp
LFHpbg9HjJqrGt8jHNGHN,Concuss,1,Guardian,,Deck,Guardian Action - Attack,3,6,3,true,C,C,BET|HVY|TER|VIC,BET009,https://legendstory-production-s3-public.s3.amazonaws.com/media/cards/large/BET009.webp
8GRgqRnNmTCMH8NnfzKPg,Concuss,2,Guardian,,Deck,Guardian Action - Attack,3,5,3,true,C,C,HVY,HVY075,https://legendstory-production-s3-public.s3.amazonaws.com/media/cards/large/HVY075.webp
fLpMkKFnPn9qGw7LgJhmQ,Concuss,3,Guardian,,Deck,Guardian Action - Attack,3,4,3,true,C,C,BET|HVY|TER|VIC,BET020,https://legendstory-production-s3-public.s3.amazonaws.com/media/cards/large/BET020.webp
mhDbfFjrccQgTtFbcBMkz,Condemn to Slaughter,1,Runeblade,,Deck,Runeblade Action,1,,3,true,R,R,AVS|ROS|SVI,AVS013,https://legendstory-production-s3-public.s3.amazonaws.com/media/cards/large/AVS013.webp
q7RgDrnHQD8zhhqFhMCFn,Condemn to Slaughter,2,Runeblade,,Deck,Runeblade Action,1,,3,true,R,R,ROS,ROS128,https://legendstory-production-s3-public.s3.amazonaws.com/media/cards/large/ROS128.webp
BzRQ6f66gRqDbfhkC8TRM,Condemn to Slaughter,3,Runeblade,,Deck,Runeblade Action,1,,3,true,R,R,FLR|ROS|SVI,FLR025,https://legendstory-production-s3-public.s3.amazonaws.com/media/cards/large/FLR025.webp
dzP7wmmnGhcPk78jJpwQ6,Conduit of Frostburn,,Wizard,Ice,Equipment,Ice Wizard Equipment - Arms,,,0,true,C,C,UPR,UPR125,https://legendstory-production-s3-public.s3.amazonaws.com/media/cards/large/UPR125.webp
WBFjTCfmbwHCr8WNmz8RQ,Confidence,,Generic,,Token,Generic Token - Aura,,,,true,B|T|P,B,APS|FAB|SLY|SUP,APS031,https://legendstory-production-s3-public.s3.amazonaws.com/media/cards/large/APS031.webp
bLTggK96grfrGWTLqGrqR,Conflicting Thoughts,1,Generic,,Deck,Generic Action - Attack,0,4,3,true,C|P,C,GEM|OMN,GEM175,https://legendstory-production-s3-public.s3.amazonaws.com/media/cards/large/GEM175.webp
Fk8qndNHLMFmd9HKQgqWb,Conflicting Thoughts,2,Generic,,Deck,Generic Action - Attack,0,3,3,true,C,C,OMN,OMN220,https://legendstory-production-s3-public.s3.amazonaws.com/media/cards/large/OMN220.webp
FM6BwCnpcNT6TQCJmqWgf,Conflicting Thoughts,3,Generic,,Deck,Generic Action - Attack,0,2,3,true,C,C,OMN,OMN221,https://legendstory-production-s3-public.s3.amazonaws.com/media/cards/large/OMN221.webp
GtL9zmpkGKMqgBcFfCQgN,Confront Adversity,,Generic,,Equipment,Generic Equipment - Chest,,,2,true,C,C,HVY,HVY199,https://legendstory-production-s3-public.s3.amazonaws.com/media/cards/large/HVY199.webp
pmfpWCMWmppfjkQJpTKqC,Conquer the Icy Terrain,1,,Ice,Deck,Ice Action - Attack,3,7,2,true,C|P,C,GEM|PEN,GEM134,https://legendstory-production-s3-public.s3.amazonaws.com/media/cards/large/GEM134.webp
j6CmmkDpqRc7nKtL9Hkc7,Conquer the Icy Terrain,2,,Ice,Deck,Ice Action - Attack,3,6,2,true,C,C,PEN,PEN232,https://legendstory-production-s3-public.s3.amazonaws.com/media/cards/large/PEN232.webp
q8bcn97LGDDMCWB7P69cJ,Conquer the Icy Terrain,3,,Ice,Deck,Ice Action - Attack,3,5,2,true,C,C,PEN,PEN233,https://legendstory-production-s3-public.s3.amazonaws.com/media/cards/large/PEN233.webp
gHzNJcBw6rtnCgNqfftPz,Conqueror of the High Seas,1,Pirate,,Deck,Pirate Action - Attack,4,7,3,true,M|P,M,FAB|SEA,FAB355,https://legendstory-production-s3-public.s3.amazonaws.com/media/cards/large/FAB355-RF.webp
LpGthTWGTT6KK6mg8dqrH,Consign to Cosmos // Shock,2,Wizard,Lightning,Deck,Lightning Wizard Action // Lightning Instant,0,,3,true,M|P,M,LGS|SEA,LGS429,https://legendstory-production-s3-public.s3.amazonaws.com/media/cards/large/LGS429-CF.webp
pnDhdJwLcgC8zgTmK9Tkw,Constella Contemplation,2,Wizard,Lightning,Deck,Lightning Wizard Instant,0,,,true,C|P,C,GEM|OMN,GEM156,https://legendstory-production-s3-public.s3.amazonaws.com/media/cards/large/GEM156.webp
TCdgGPCgzDgGCJrwQgdpF,Constella Flowslide,2,Wizard,Lightning,Deck,Lightning Wizard Instant,0,,,true,C|P,C,GEM|OMN,GEM157,https://legendstory-production-s3-public.s3.amazonaws.com/media/cards/large/GEM157.webp
CwhpPfrRGmdGNkjR6Fg8G,Constella Tiara,,,Lightning,Equipment,Lightning Equipment - Head,,,0,true,C,C,OMN,OMN142,https://legendstory-production-s3-public.s3.amazonaws.com/media/cards/large/OMN142.webp
M6JRMPmrkhRWnW9mhPQwP,Constella Uplift,2,Wizard,Lightning,Deck,Lightning Wizard Instant,0,,,true,C|P,C,GEM|OMN,GEM158,https://legendstory-production-s3-public.s3.amazonaws.com/media/cards/large/GEM158.webp
hFfmQg8Rc6gttfrhzpcPh,Constella Waves,,Wizard,Lightning,Equipment,Lightning Wizard Equipment - Arms,,,0,true,C,C,OMN,OMN097,https://legendstory-production-s3-public.s3.amazonaws.com/media/cards/large/OMN097.webp
RNCWjkhhdhrHCNRncqznq,Construct Bank Breaker,2,Mechanologist,,Deck,Mechanologist Action - Construct,0,,3,true,M|P,M,AMX|JDG,AMX022,https://legendstory-production-s3-public.s3.amazonaws.com/media/cards/large/AMX022.webp
mjFjGKmpGbTCnrJR6fN79,Construct Nitro Mechanoid,2,Mechanologist,,Deck,Mechanologist Action - Construct,4,,3,true,M|P|V,M,DYN|GEM,DYN092,https://legendstory-production-s3-public.s3.amazonaws.com/media/cards/large/DYN092-RF.webp
GkqChmpPNNJKWdGDTnFnk,Consuming Aftermath,1,,Shadow,Deck,Shadow Action - Attack,3,6,2,true,R,R,LEV|MON,LEV023,https://legendstory-production-s3-public.s3.amazonaws.com/media/cards/large/LEV023.webp
8JrJrTrFwTB76GnRhc8hg,Consuming Aftermath,2,,Shadow,Deck,Shadow Action - Attack,3,5,2,true,R,R,MON,MON196,https://legendstory-production-s3-public.s3.amazonaws.com/media/cards/large/MON196.webp
tGbgpCzdw6Jzk99PLb9Cm,Consuming Aftermath,3,,Shadow,Deck,Shadow Action - Attack,3,4,2,true,R,R,MON,MON197,https://legendstory-production-s3-public.s3.amazonaws.com/media/cards/large/MON197.webp
G6JkJJNJC8NHMMcDKWGf8,Consuming Volition,1,Runeblade,,Deck,Runeblade Action - Attack,1,4,3,true,C,C,CHN|CRU|ROS,CHN025,https://legendstory-production-s3-public.s3.amazonaws.com/media/cards/large/CHN025.webp
8JdJz9JCbBcDzkzkFbGz9,Consuming Volition,2,Runeblade,,Deck,Runeblade Action - Attack,1,3,3,true,C,C,CRU|ROS,CRU149,https://legendstory-production-s3-public.s3.amazonaws.com/media/cards/large/CRU149.webp
CFMcBQt8WGbLtPDqbQHKH,Consuming Volition,3,Runeblade,,Deck,Runeblade Action - Attack,1,2,3,true,C,C,CRU|ROS,CRU150,https://legendstory-production-s3-public.s3.amazonaws.com/media/cards/large/CRU150.webp
qKNBCCbrmp7W96dbb8gFb,Contest the Mindfield,3,Wizard,,Deck,Wizard Action - Aura,2,,2,true,M,M,EVO,EVO243,https://legendstory-production-s3-public.s3.amazonaws.com/media/cards/large/EVO243.webp
tcQQjwMNMtrMM8jnBHN8Q,Convection Amplifier,1,Mechanologist,,Deck,Mechanologist Action - Item,0,,,true,R,R,1HP|AIO|ARC,1HP201,https://legendstory-production-s3-public.s3.amazonaws.com/media/cards/large/1HP201.webp
KkWg6P8mDbHM8thqtMJqQ,Convulsions from the Bellows of Hell,1,Brute,Shadow,Deck,Shadow Brute Action,2,,3,true,R,R,MON,MON132,https://legendstory-production-s3-public.s3.amazonaws.com/media/cards/large/MON132.webp
9BbJPr8gHhRKn6GJtLn8R,Convulsions from the Bellows of Hell,2,Brute,Shadow,Deck,Shadow Brute Action,2,,3,true,R,R,MON,MON133,https://legendstory-production-s3-public.s3.amazonaws.com/media/cards/large/MON133.webp
8PWrKLFjkKmCJWzPn7jmC,Convulsions from the Bellows of Hell,3,Brute,Shadow,Deck,Shadow Brute Action,2,,3,true,R,R,LEV|MON,LEV019,https://legendstory-production-s3-public.s3.amazonaws.com/media/cards/large/LEV019.webp
gzDGmdfm6gHWctgrcgfKf,Copper,,Generic,,Token,Generic Token - Item,,,,true,T|C|P,T,1HP|CRU|EVR|FAB|TCC,1HP426,https://legendstory-production-s3-public.s3.amazonaws.com/media/cards/large/1HP426.webp
kzBc7Bmrk7TfHNwhQK6Lj,Copper Cog,3,Mechanologist,,Deck,Mechanologist Action - Cog Item,0,,,true,R|P,R,FAB|SEA,FAB351,https://legendstory-production-s3-public.s3.amazonaws.com/media/cards/large/FAB351-CF.webp
C8dnFRThpKLT7Gkh7TJTm,Core Reaction,1,Wizard,Lightning,Deck,Lightning Wizard Instant - Aura,2,,,true,R,R,OMN,OMN103,https://legendstory-production-s3-public.s3.amazonaws.com/media/cards/large/OMN103.webp
mHLBRgG6qwPR8kznTh8Kd,Core Reaction,2,Wizard,Lightning,Deck,Lightning Wizard Instant - Aura,2,,,true,R,R,OMN,OMN104,https://legendstory-production-s3-public.s3.amazonaws.com/media/cards/large/OMN104.webp
6mhWMHfB9pFcqz7QJfbhp,Core Reaction,3,Wizard,Lightning,Deck,Lightning Wizard Instant - Aura,2,,,true,R,R,OMN,OMN105,https://legendstory-production-s3-public.s3.amazonaws.com/media/cards/large/OMN105.webp
9b7hjHNnGDBkfL8jL89bf,Coronet Peak,,,Ice,Equipment,Ice Equipment - Head,,,2,true,P|L,P,FAB|UPR,FAB086,https://legendstory-production-s3-public.s3.amazonaws.com/media/cards/large/FAB086-GF.webp
QPTGQGKCgD6B7fR9Nngdn,Corrosive Space Dust,1,Illusionist,Lightning,Deck,Lightning Illusionist Instant - Aura,1,,,true,R,R,AZS|OMN,AZS016,https://legendstory-production-s3-public.s3.amazonaws.com/media/cards/large/AZS016.webp
nM8W6pkg66hWdcq7LpNgf,Corrosive Space Dust,2,Illusionist,Lightning,Deck,Lightning Illusionist Instant - Aura,1,,,true,R,R,OMN,OMN013,https://legendstory-production-s3-public.s3.amazonaws.com/media/cards/large/OMN013.webp
dKKCNFfnqk9zMLRzdHHgR,Corrosive Space Dust,3,Illusionist,Lightning,Deck,Lightning Illusionist Instant - Aura,1,,,true,R,R,OMN,OMN014,https://legendstory-production-s3-public.s3.amazonaws.com/media/cards/large/OMN014.webp
L7GjnTRkPzCWDfwjfBj7n,Cosmic Awakening,3,,Mystic,Deck,Mystic Action - Attack,9,*,3,true,M|P,M,FAB|MST,FAB230,https://legendstory-production-s3-public.s3.amazonaws.com/media/cards/large/FAB230-CF.webp
tWqk8FWtf7TD9RgWBpKPP,Cosmic Duality,1,Illusionist,Lightning,Deck,Lightning Illusionist Action - Attack,2,7,3,true,C|P,C,FAB|OMN,FAB464,https://legendstory-production-s3-public.s3.amazonaws.com/media/cards/large/FAB464-MV.webp
rQTCqBFcppTWfDwfFkHQN,Cosmic Duality,2,Illusionist,Lightning,Deck,Lightning Illusionist Action - Attack,2,6,3,true,C,C,OMN,OMN016,https://legendstory-production-s3-public.s3.amazonaws.com/media/cards/large/OMN016.webp
WhggpfhhBLDnpKwCkjWDk,Cosmic Duality,3,Illusionist,Lightning,Deck,Lightning Illusionist Action - Attack,2,5,3,true,C,C,AZS|OMN,AZS021,https://legendstory-production-s3-public.s3.amazonaws.com/media/cards/large/AZS021.webp
TqcHrNkPMppfprqPbDRRm,Cosmic Flare,1,,Lightning,Deck,Lightning Instant,0,,,true,C,C,OMN,OMN187,https://legendstory-production-s3-public.s3.amazonaws.com/media/cards/large/OMN187.webp
wd8WJpB9j7qfWHWFffqWr,Cosmic Suture,1,Wizard,Lightning,Deck,Lightning Wizard Instant,2,,,true,C,C,OMN,OMN127,https://legendstory-production-s3-public.s3.amazonaws.com/media/cards/large/OMN127.webp
PhWgpcwRmzjQ6bDcqcPbW,Cosmic Suture,2,Wizard,Lightning,Deck,Lightning Wizard Instant,2,,,true,C,C,OMN,OMN128,https://legendstory-production-s3-public.s3.amazonaws.com/media/cards/large/OMN128.webp
JRmqMNgWfmdffrT8WKrLf,Cosmic Suture,3,Wizard,Lightning,Deck,Lightning Wizard Instant,2,,,true,C,C,OMN,OMN129,https://legendstory-production-s3-public.s3.amazonaws.com/media/cards/large/OMN129.webp
zMC89pqnzTP7bkmfjmTzQ,"Cosmo, Scroll of Ancestral Tapestry",,Illusionist,,Weapon,Illusionist Weapon - Scroll (2H),,,,true,T|C|P,T,ENG|LGS|MST|SEN,ENG002,https://legendstory-production-s3-public.s3.amazonaws.com/media/cards/large/ENG002.webp
cP6jRNBkfK9L8HzGjgpmw,Count Your Blessings,1,Generic,,Deck,Generic Instant,2,,,true,R|P,R,LGS|ROS,LGS357,https://legendstory-production-s3-public.s3.amazonaws.com/media/cards/large/LGS357-RF.webp
gFm9BtgB7HbP6CkbjG8gC,Count Your Blessings,2,Generic,,Deck,Generic Instant,2,,,true,R|P,R,LGS|ROS,LGS358,https://legendstory-production-s3-public.s3.amazonaws.com/media/cards/large/LGS358-RF.webp
7c9ChFNmpbPDdgD7DNKth,Count Your Blessings,3,Generic,,Deck,Generic Instant,2,,,true,R|P,R,LGS|ROS,LGS359,https://legendstory-production-s3-public.s3.amazonaws.com/media/cards/large/LGS359-RF.webp
fQTg89mpRjTDTRmPGkQb6,Courage,,Generic,,Token,Generic Token - Aura,,,,true,T|C|P,T,ASB|DTD|FAB|SBL,ASB027,https://legendstory-production-s3-public.s3.amazonaws.com/media/cards/large/ASB027.webp
cH7LdkrKdFnjP7PLwFDhD,Courage of Bladehold,,Warrior,,Equipment,Warrior Equipment - Chest,,,2,true,M|P,M,1HP|CRU|FAB,1HP146,https://legendstory-production-s3-public.s3.amazonaws.com/media/cards/large/1HP146.webp
7H6zRGbKbL8BpgNMgwh97,Courageous Crossing,3,Ranger,,Deck,Ranger Action - Trap,0,,3,true,C,C,PEN,PEN086,https://legendstory-production-s3-public.s3.amazonaws.com/media/cards/large/PEN086.webp
BtzBqJcHbCptkMJMBchgQ,Courageous Steelhand,1,Warrior,Light,Deck,Light Warrior Attack Reaction,0,,2,true,C,C,ASB|BOL|MON|SBL,ASB014,https://legendstory-production-s3-public.s3.amazonaws.com/media/cards/large/ASB014.webp
WKHF6LbqnjdPn6FrHDKcg,Courageous Steelhand,2,Warrior,Light,Deck,Light Warrior Attack Reaction,0,,2,true,C,C,BOL|MON,BOL018,https://legendstory-production-s3-public.s3.amazonaws.com/media/cards/large/BOL018.webp
fdTHJDGRFHhBhjmFKfkHp,Courageous Steelhand,3,Warrior,Light,Deck,Light Warrior Attack Reaction,0,,2,true,C,C,MON,MON059,https://legendstory-production-s3-public.s3.amazonaws.com/media/cards/large/MON059.webp
Dbhn6rRcrbdRnKbqdPdwh,Cracked Bauble,2,Generic,,Deck,Generic Resource,,,,true,B|T|C|P,B,ARC|CRU|ELE|HNT|HVY|LGS|MON|MST|OMN|OUT|ROS|SEA|SUP|UPR|WTR,ARC218,https://legendstory-production-s3-public.s3.amazonaws.com/media/cards/large/ARC218.webp
FzFpckchjNncjDCnzQ7Tp,Cracker Bauble,2,Generic,,Deck,Generic Resource,0,,,false,P,P,LGS,LGS360,https://legendstory-production-s3-public.s3.amazonaws.com/media/cards/large/LGS360-FUN003.webp
tbc6PrGdmPnPJkbN9DW9q,Cracker Jax,,Generic,,Equipment,Generic Equipment - Arms,,,0,true,C,C,BDD|ELE,BDD005,https://legendstory-production-s3-public.s3.amazonaws.com/media/cards/large/BDD005.webp
KCCLqQp6m8CngWnnQqNrp,Crackle from Afar,3,Illusionist,Lightning,Deck,Lightning Illusionist Instant - Aura,0,,,true,C,C,AZS|OMN,AZS026,https://legendstory-production-s3-public.s3.amazonaws.com/media/cards/large/AZS026.webp
tmNrkK9dghWBkfmgLH7MG,Crackling,1,Runeblade,Elemental,Deck,Elemental Runeblade Action - Attack,0,3,3,true,C,C,AUR,AUR007,https://legendstory-production-s3-public.s3.amazonaws.com/media/cards/large/AUR007.webp
DKNCGmjBWngRMjmTCbKLr,Crackling,2,Runeblade,Elemental,Deck,Elemental Runeblade Action - Attack,0,2,3,true,C,C,AUR,AUR015,https://legendstory-production-s3-public.s3.amazonaws.com/media/cards/large/AUR015.webp
b9Hw6NhDgfdQWLDQffTPC,Crane Dance,1,Ninja,,Deck,Ninja Action - Attack,0,3,3,true,R,R,1HP|CRU,1HP107,https://legendstory-production-s3-public.s3.amazonaws.com/media/cards/large/1HP107.webp
hdwcfGdrfcJ9bK78tPgRW,Crane Dance,2,Ninja,,Deck,Ninja Action - Attack,0,2,3,true,R,R,1HP|CRU,1HP108,https://legendstory-production-s3-public.s3.amazonaws.com/media/cards/large/1HP108.webp
KWNMNMjTzTQMRK7FF9J6T,Crane Dance,3,Ninja,,Deck,Ninja Action - Attack,0,1,3,true,R,R,1HP|CRU,1HP109,https://legendstory-production-s3-public.s3.amazonaws.com/media/cards/large/1HP109.webp
wc9L9bCGdNwhFrRD9Ntr6,Cranial Crush,3,Guardian,,Deck,Guardian Action - Attack,6,8,3,true,S|M,S,TCC|WTR,TCC046,https://legendstory-production-s3-public.s3.amazonaws.com/media/cards/large/TCC046.webp
HDnfHcMqHHBkwtWpgbMPF,Crankshaft,1,Mechanologist,,Deck,Mechanologist Action - Attack,2,5,3,true,C,C,AMX|DYN|EVO|SDA,AMX007,https://legendstory-production-s3-public.s3.amazonaws.com/media/cards/large/AMX007.webp
9fWDqPpBKjMCTghKhBW8p,Crankshaft,2,Mechanologist,,Deck,Mechanologist Action - Attack,2,4,3,true,C,C,AMX|DYN|EVO,AMX020,https://legendstory-production-s3-public.s3.amazonaws.com/media/cards/large/AMX020.webp
NTCMFrrQdwdrKLnT8kcfc,Crankshaft,3,Mechanologist,,Deck,Mechanologist Action - Attack,2,3,3,true,C,C,AMX|DYN|EVO|SDA,AMX025,https://legendstory-production-s3-public.s3.amazonaws.com/media/cards/large/AMX025.webp
jDPdqfjkbzLjMGk6nPPgn,Crash and Bash,1,Guardian,,Deck,Guardian Block,,,4,true,C,C,MPG|SBR,MPG109,https://legendstory-production-s3-public.s3.amazonaws.com/media/cards/large/MPG109.webp
tCKk7THm9bNKJh8F6Dmzk,Crash and Bash,2,Guardian,,Deck,Guardian Block,,,3,true,C,C,MPG,MPG110,https://legendstory-production-s3-public.s3.amazonaws.com/media/cards/large/MPG110.webp
8CtmRqKLjmGkqD8bgDjTd,Crash and Bash,3,Guardian,,Deck,Guardian Block,,,2,true,C,C,BDD|MPG,BDD018,https://legendstory-production-s3-public.s3.amazonaws.com/media/cards/large/BDD018.webp
bzBJdKw6Brc9KmtcNrJKp,Crash Down,1,Guardian,,Deck,Guardian Action - Aura,3,,3,true,C,C,BDD|TCC,BDD010,https://legendstory-production-s3-public.s3.amazonaws.com/media/cards/large/BDD010.webp
TgrNMPfTmLkB9DtNtkccP,Crash Down,2,Guardian,,Deck,Guardian Action - Aura,3,,3,true,C,C,TCC,TCC042,https://legendstory-production-s3-public.s3.amazonaws.com/media/cards/large/TCC042.webp
78qm8bGbrcGwf7chnPrqj,Crash Down the Gates,1,Generic,,Deck,Generic Action - Attack,3,6,2,true,R,R,SEA,SEA198,https://legendstory-production-s3-public.s3.amazonaws.com/media/cards/large/SEA198.webp
rkBTWR7wJGdbpzMDC8CfT,Crash Down the Gates,2,Generic,,Deck,Generic Action - Attack,3,5,2,true,R,R,SEA,SEA199,https://legendstory-production-s3-public.s3.amazonaws.com/media/cards/large/SEA199.webp
6cNDdMzwq6KHcHjFdmmHT,Crash Down the Gates,3,Generic,,Deck,Generic Action - Attack,3,4,2,true,R,R,SEA,SEA200,https://legendstory-production-s3-public.s3.amazonaws.com/media/cards/large/SEA200.webp
KbCmqdmczTM6BRmGhmnLn,Crash Site Salvage,2,Pirate|Mechanologist,,Deck,Pirate Mechanologist Action - Attack,0,3,3,true,M,M,OMN,OMN239,https://legendstory-production-s3-public.s3.amazonaws.com/media/cards/large/OMN239.webp
DbpdPtLqk9zqfp6bdQTP6,Crater Fist,,Guardian,,Equipment,Guardian Equipment - Arms,,,2,true,M|P,M,1HP|CRU|FAB,1HP049,https://legendstory-production-s3-public.s3.amazonaws.com/media/cards/large/1HP049.webp
8LDQbNHPK7NC9Lg8phzrk,Craterhoof,,Guardian,,Equipment,Guardian Equipment - Legs,,,1,true,C,C,MPG,MPG008,https://legendstory-production-s3-public.s3.amazonaws.com/media/cards/large/MPG008.webp
zHBTDcDtMLgTrqfnmTB9q,Crazy Brew,3,Generic,,Deck,Generic Action - Item,0,,,true,S|M|P,S,1HP|FAB|TCC|WTR,1HP363,https://legendstory-production-s3-public.s3.amazonaws.com/media/cards/large/1HP363.webp
77dWGRQb88WqJDbh6dtcd,Creep,1,Assassin,,Deck,Assassin Action - Attack,0,3,3,true,R|P,R,AAC|GEM,AAC009,https://legendstory-production-s3-public.s3.amazonaws.com/media/cards/large/AAC009.webp
JdRffqrPCN9BQRd8gq9BW,Cries of Encore,1,Guardian,Revered,Deck,Revered Guardian Action - Attack,3,7,3,true,M,M,SUP,SUP012,https://legendstory-production-s3-public.s3.amazonaws.com/media/cards/large/SUP012.webp
M6nftGgw98wWJqMNWWWg8,Crimson Waltz,2,Warrior,,Deck,Warrior Action,2,,3,true,R,R,MPW,MPW064,https://legendstory-production-s3-public.s3.amazonaws.com/media/cards/large/MPW064.webp
j8jjnw6NmpTpf9cWThfgg,Crippling Crush,1,Guardian,,Deck,Guardian Action - Attack,7,11,3,true,M,M,1HP|WTR,1HP050,https://legendstory-production-s3-public.s3.amazonaws.com/media/cards/large/1HP050.webp
QHhGzKbHqzz6fgGBhWcKR,Critical Strike,1,Generic,,Deck,Generic Action - Attack,1,5,3,true,C,C,DRO|UPR,DRO023,https://legendstory-production-s3-public.s3.amazonaws.com/media/cards/large/DRO023.webp
kn9MM8LWgKN9WdmCWJjWG,Critical Strike,2,Generic,,Deck,Generic Action - Attack,1,4,3,true,C,C,UPR,UPR207,https://legendstory-production-s3-public.s3.amazonaws.com/media/cards/large/UPR207.webp
RqL9CKpGPF6dMmDBhHDfT,Critical Strike,3,Generic,,Deck,Generic Action - Attack,1,3,3,true,C,C,UPR,UPR208,https://legendstory-production-s3-public.s3.amazonaws.com/media/cards/large/UPR208.webp
hnnpkTnnFPR76kw7qg7mr,Cromai,,Illusionist,Draconic,Deck,Draconic Illusionist - Dragon Ally,,3,,true,R|V,R,UPR,UPR010,https://legendstory-production-s3-public.s3.amazonaws.com/media/cards/large/UPR010_BACK.webp
WqzwfQcDmgmMBKpwbKzwq,Cross the Line,1,Warrior,Light,Deck,Light Warrior Action - Attack,1,5,3,true,C,C,BOL|MON,BOL013,https://legendstory-production-s3-public.s3.amazonaws.com/media/cards/large/BOL013.webp
7qbjh9PzfHGJBFpmNJNHD,Cross the Line,2,Warrior,Light,Deck,Light Warrior Action - Attack,1,4,3,true,C,C,BOL|MON,BOL019,https://legendstory-production-s3-public.s3.amazonaws.com/media/cards/large/BOL019.webp
CfHfrPNdfKGhM7qJjtzQt,Cross the Line,3,Warrior,Light,Deck,Light Warrior Action - Attack,1,3,3,true,C,C,MON,MON047,https://legendstory-production-s3-public.s3.amazonaws.com/media/cards/large/MON047.webp
fw9LtHDQTMHgTrdcK9gP6,Crouching Tiger,,Ninja,,Deck,Ninja Action - Attack,0,0,,true,B|T|C|V,B,DYN|MST|SFA|TCC|ZEN,DYN065,https://legendstory-production-s3-public.s3.amazonaws.com/media/cards/large/DYN065.webp
QqNbkbMnDhQrdrBj77Qpr,Crow's Nest,,Ranger,,Equipment,Ranger Equipment - Quiver,,,,true,T|C|P,T,AAZ|AZL|LGS|OUT|SAZ,AAZ003,https://legendstory-production-s3-public.s3.amazonaws.com/media/cards/large/AAZ003.webp
DfkBWGW6Wqk8P6NdGjtrz,Crowd Control,1,Bard,,Deck,Bard Block,,,4,true,C,C,TCC,TCC060,https://legendstory-production-s3-public.s3.amazonaws.com/media/cards/large/TCC060.webp
9MMPg6FzLBnGmNtjnFtCQ,Crowd Control,2,Bard,,Deck,Bard Block,,,3,true,C,C,TCC,TCC063,https://legendstory-production-s3-public.s3.amazonaws.com/media/cards/large/TCC063.webp
WDTM8c7DNBzkphfGWtBkN,Crowd Control,3,Bard,,Deck,Bard Block,,,2,true,C,C,TCC,TCC076,https://legendstory-production-s3-public.s3.amazonaws.com/media/cards/large/TCC076.webp
HF9r7w6kkD9C7Qddqn8kR,Crowd Goes Wild,2,,Revered,Deck,Revered Action - Attack,3,6,3,true,M|P,M,FAB|SUP,FAB376,https://legendstory-production-s3-public.s3.amazonaws.com/media/cards/large/FAB376-CF.webp
Fj6DCwFDczkFfd7dtnd9J,Crowd Roars Fight!,,,,Deck,Event,,,,false,C,C,SMP,SMP020,https://legendstory-production-s3-public.s3.amazonaws.com/media/cards/large/SMP020.webp
CQLdjjNmHTMfDnqzW6TLg,Crown of Dichotomy,,Runeblade,,Equipment,Runeblade Equipment - Head,,,0,true,C,C,1HP|ARC|SBA|SVI,1HP263,https://legendstory-production-s3-public.s3.amazonaws.com/media/cards/large/1HP263.webp
QbRRGgm9QNjFGchhLkbtF,Crown of Dominion,,Generic,,Equipment,Generic Equipment - Head,,,,true,P|L|V,P,DYN|FAB|GEM,DYN234,https://legendstory-production-s3-public.s3.amazonaws.com/media/cards/large/DYN234-RF.webp
trMzKPpJWJGpqnpDTMzbp,Crown of Everbloom,,,Earth,Equipment,Earth Equipment - Head,,,0,true,M,M,PEN,PEN215,https://legendstory-production-s3-public.s3.amazonaws.com/media/cards/large/PEN215.webp
8cCPkCrpTtbtL7hw7F8jG,Crown of Frozen Thoughts,,,Ice,Equipment,Ice Equipment - Head,,,2,true,M,M,PEN,PEN227,https://legendstory-production-s3-public.s3.amazonaws.com/media/cards/large/PEN227.webp
NRHdp6LTtCDKbJngJPCmN,Crown of Providence,,Generic,,Equipment,Generic Equipment - Head,,,2,true,P|L,P,ANQ|DTD|FAB|LSS|PEN|UPR,ANQ005,https://legendstory-production-s3-public.s3.amazonaws.com/media/cards/large/ANQ005-RF.webp
MkjQ7zw7Bpc8BMJDnJ9fC,Crown of Reflection,,Illusionist,,Equipment,Illusionist Equipment - Head,,,0,true,M,M,EVR,EVR137,https://legendstory-production-s3-public.s3.amazonaws.com/media/cards/large/EVR137.webp
Lbp8pFhph9wMqMHDw8JWq,Crown of Seeds,,,Earth,Equipment,Earth Equipment - Head,,,0,true,P|L,P,ELE|FAB,ELE115,https://legendstory-production-s3-public.s3.amazonaws.com/media/cards/large/ELE115-CF.webp
nzDWrNMqGWgmJfgJhChNb,Crucible of Aetherweave,,Wizard,,Weapon,Wizard Weapon - Staff (2H),,,,true,T|C|P,T,1HP|ARC|CRU|FAB|LGS|SBZ|SIY,1HP303,https://legendstory-production-s3-public.s3.amazonaws.com/media/cards/large/1HP303.webp
fJjNtpB6PRFbDhM9Brndh,Cruel Ambition,1,,Reviled,Deck,Reviled Action,0,,2,true,C|P,C,GEM|SUP,GEM096,https://legendstory-production-s3-public.s3.amazonaws.com/media/cards/large/GEM096.webp
mnKzqjmdQbtKgBLT6bFBj,Crumble to Eternity,3,,Ice|Earth,Deck,Ice Earth Action - Aura,0,,3,true,M,M,AJV,AJV018,https://legendstory-production-s3-public.s3.amazonaws.com/media/cards/large/AJV018.webp
gNMFmq7hhbDCRHHzhRKRK,Crush Confidence,1,Guardian,,Deck,Guardian Action - Attack,3,7,3,true,C,C,1HP|MPG|WTR,1HP073,https://legendstory-production-s3-public.s3.amazonaws.com/media/cards/large/1HP073.webp
cdtTLJQBTcPbpc8GWmFKN,Crush Confidence,2,Guardian,,Deck,Guardian Action - Attack,3,6,3,true,C,C,1HP|MPG|WTR,1HP074,https://legendstory-production-s3-public.s3.amazonaws.com/media/cards/large/1HP074.webp
Nj6B7WzpjfdJCbjq6Mwrp,Crush Confidence,3,Guardian,,Deck,Guardian Action - Attack,3,5,3,true,C,C,1HP|BVO|MPG|WTR,1HP075,https://legendstory-production-s3-public.s3.amazonaws.com/media/cards/large/1HP075.webp
qh8pckPwPHDHtPFj7tztn,Crush the Weak,1,Guardian,,Deck,Guardian Action - Attack,3,7,3,true,C,C,CRU|MPG,CRU032,https://legendstory-production-s3-public.s3.amazonaws.com/media/cards/large/CRU032.webp
M8JWqJCWzWJWnbKQ7BjG6,Crush the Weak,2,Guardian,,Deck,Guardian Action - Attack,3,6,3,true,C,C,CRU|MPG,CRU033,https://legendstory-production-s3-public.s3.amazonaws.com/media/cards/large/CRU033.webp
m76gcHbBbBpjQnJgHpbQq,Crush the Weak,3,Guardian,,Deck,Guardian Action - Attack,3,5,3,true,C,C,CRU|MPG|SBR,CRU034,https://legendstory-production-s3-public.s3.amazonaws.com/media/cards/large/CRU034.webp
9qQTtRm6phFRbknPqHqM6,Crushing Impact,,,,Deck,Event,,,,false,C,C,SMP,SMP021,https://legendstory-production-s3-public.s3.amazonaws.com/media/cards/large/SMP021.webp
JfndQHGQ9CTQ8FPcFC6RH,Cryptic Crossing,2,Runeblade,,Deck,Runeblade Action - Attack,3,6,3,true,M,M,DYN,DYN173,https://legendstory-production-s3-public.s3.amazonaws.com/media/cards/large/DYN173.webp
7RhQ7rthWCfHkgfdHFFJm,Cull,1,Runeblade,Shadow,Deck,"Shadow, Runeblade, Action",0,,3,true,M,M,HNT,HNT259,https://legendstory-production-s3-public.s3.amazonaws.com/media/cards/large/HNT259.webp
bN7nrfGCGqKNJMWzDNBb9,Current Funnel,3,,Lightning,Deck,Lightning Action - Attack,0,2,3,true,M,M,ROS,ROS074,https://legendstory-production-s3-public.s3.amazonaws.com/media/cards/large/ROS074.webp
mhdJ9hGfrqrKPzgf687RG,Cut a Long Story Short,2,Guardian,,Deck,Guardian Action - Attack,0,3,3,true,S,S,SUP,SUP172,https://legendstory-production-s3-public.s3.amazonaws.com/media/cards/large/SUP172.webp
BBTGgCjCWLBN79phhMwrj,Cut Deep,1,Warrior,,Deck,Warrior Action,0,,3,true,C,C,HNT,HNT128,https://legendstory-production-s3-public.s3.amazonaws.com/media/cards/large/HNT128.webp
BJqqRDKg9w8pDbbb7Wmpj,Cut Deep,2,Warrior,,Deck,Warrior Action,0,,3,true,C,C,HNT,HNT129,https://legendstory-production-s3-public.s3.amazonaws.com/media/cards/large/HNT129.webp
Kn7f7Dn6KnfF7JW8TMnLz,Cut Deep,3,Warrior,,Deck,Warrior Action,0,,3,true,C,C,FNG|HNT,FNG023,https://legendstory-production-s3-public.s3.amazonaws.com/media/cards/large/FNG023.webp
wb9JwfqjqdfgtdKBDmtbw,Cut Down to Size,1,Generic,,Deck,Generic Action - Attack,2,6,2,true,C,C,OUT|UZU,OUT201,https://legendstory-production-s3-public.s3.amazonaws.com/media/cards/large/OUT201.webp
gGnD9FWMjp89q8PGwThGr,Cut Down to Size,2,Generic,,Deck,Generic Action - Attack,2,5,2,true,C,C,OUT,OUT202,https://legendstory-production-s3-public.s3.amazonaws.com/media/cards/large/OUT202.webp
wDqGGmznKnwnMBQT6thmt,Cut Down to Size,3,Generic,,Deck,Generic Action - Attack,2,4,2,true,C,C,OUT,OUT203,https://legendstory-production-s3-public.s3.amazonaws.com/media/cards/large/OUT203.webp
D6JbcW8RH7kTQqrp9CLwb,Cut from the Same Cloth,1,Assassin|Warrior,,Deck,Assassin / Warrior Action,0,,2,true,R,R,HNT,HNT202,https://legendstory-production-s3-public.s3.amazonaws.com/media/cards/large/HNT202.webp
FpRhRwNmrPWrT7chpRJDj,Cut from the Same Cloth,2,Assassin|Warrior,,Deck,Assassin / Warrior Action,0,,2,true,R,R,HNT,HNT203,https://legendstory-production-s3-public.s3.amazonaws.com/media/cards/large/HNT203.webp
8tnJpPbzJqbBBdPBpc8Wt,Cut from the Same Cloth,3,Assassin|Warrior,,Deck,Assassin / Warrior Action,0,,2,true,R,R,HNT,HNT204,https://legendstory-production-s3-public.s3.amazonaws.com/media/cards/large/HNT204.webp
cNbCGczPqzHpKLzTrMMMc,Cut n' Carve,1,Warrior,,Deck,Warrior Action,0,,3,true,C|P,C,AOL|LGS|PEN,AOL013,https://legendstory-production-s3-public.s3.amazonaws.com/media/cards/large/AOL013.webp
CWQPkrNcF7CH6BwDCdtDf,Cut n' Carve,2,Warrior,,Deck,Warrior Action,0,,3,true,C,C,PEN,PEN055,https://legendstory-production-s3-public.s3.amazonaws.com/media/cards/large/PEN055.webp
7JjdjGjGkbQzQPfTnkFPD,Cut n' Carve,3,Warrior,,Deck,Warrior Action,0,,3,true,C,C,PEN,PEN056,https://legendstory-production-s3-public.s3.amazonaws.com/media/cards/large/PEN056.webp
Krn6kqpHkw6JkTwzMqTNk,Cut Off at the Knees,2,Guardian,,Deck,Guardian Action - Attack,0,3,3,true,S,S,SUP,SUP173,https://legendstory-production-s3-public.s3.amazonaws.com/media/cards/large/SUP173.webp
6jHQz9TfCjcddBGqKkWgJ,Cut the Deck,1,Warrior,,Deck,Warrior Attack Reaction,1,,3,true,R,R,HVY|KSI,HVY106,https://legendstory-production-s3-public.s3.amazonaws.com/media/cards/large/HVY106.webp
NWz7896QdrKM7p9nzfCcP,Cut the Deck,2,Warrior,,Deck,Warrior Attack Reaction,1,,3,true,R,R,HVY,HVY107,https://legendstory-production-s3-public.s3.amazonaws.com/media/cards/large/HVY107.webp
knbbJdFrQgDbdzh8r8hTd,Cut the Deck,3,Warrior,,Deck,Warrior Attack Reaction,1,,3,true,R,R,HVY|OLA,HVY108,https://legendstory-production-s3-public.s3.amazonaws.com/media/cards/large/HVY108.webp
D77NtkfPpRhpwjGbPJd8n,Cut the Small Talk,2,Guardian,,Deck,Guardian Action - Attack,0,3,3,true,S,S,SUP,SUP174,https://legendstory-production-s3-public.s3.amazonaws.com/media/cards/large/SUP174.webp
qwHFTzdTJW6mjr8hmtnWp,Cut Through,1,Assassin|Ninja,,Deck,Assassin / Ninja Action - Attack,0,3,2,true,R|P,R,GEM|HNT,GEM027,https://legendstory-production-s3-public.s3.amazonaws.com/media/cards/large/GEM027.webp
cDBkbnjNDfkWKjqtWL7qq,Cut Through,2,Assassin|Ninja,,Deck,Assassin / Ninja Action - Attack,0,2,2,true,R,R,HNT,HNT177,https://legendstory-production-s3-public.s3.amazonaws.com/media/cards/large/HNT177.webp
wd7RGtzFkH9Ftj6qTbBpN,Cut Through,3,Assassin|Ninja,,Deck,Assassin / Ninja Action - Attack,0,1,2,true,R,R,HNT,HNT178,https://legendstory-production-s3-public.s3.amazonaws.com/media/cards/large/HNT178.webp
fPzhqRh86kP9zhkBKdCjq,Cut Through the Facade,1,Generic,,Deck,Generic Action - Attack,3,7,2,true,M,M,ANQ|ROS,ANQ013,https://legendstory-production-s3-public.s3.amazonaws.com/media/cards/large/ANQ013.webp
N8LcRHMmCMTbwRNRm9P7q,Cut to the Chase,1,Assassin,,Deck,Assassin Attack Reaction,0,,3,true,C|P,C,ARK|DYN|LGS|TNP,ARK014,https://legendstory-production-s3-public.s3.amazonaws.com/media/cards/large/ARK014.webp
fbcKWGrbfkm7tKJkrtgjK,Cut to the Chase,2,Assassin,,Deck,Assassin Attack Reaction,0,,3,true,C|P,C,ARK|DYN|LGS|TNP,ARK018,https://legendstory-production-s3-public.s3.amazonaws.com/media/cards/large/ARK018.webp
MMpKrnJcBQRmBP9thgWG6,Cut to the Chase,3,Assassin,,Deck,Assassin Attack Reaction,0,,3,true,C|P,C,ARK|DYN|LGS|TNP,ARK022,https://legendstory-production-s3-public.s3.amazonaws.com/media/cards/large/ARK022.webp
6Q8jHk7BG7FzfmcnfBtgN,Cutpurse Rapier,,Warrior|Thief,,Weapon,Warrior Thief Weapon - Sword (2H),,3,,true,R,R,SPW,SPW002,https://legendstory-production-s3-public.s3.amazonaws.com/media/cards/large/SPW002-RF.webp
rfTDjNMz8cqGFTkBQPmHQ,Cutting Couriers,,Warrior,,Equipment,Warrior Equipment - Legs,,,0,true,C,C,DDD,DDD006,https://legendstory-production-s3-public.s3.amazonaws.com/media/cards/large/DDD006.webp
8mP7k9zMRB7P6bnKCbKmr,Cutting Retort,1,Generic,,Deck,Generic Action - Attack,0,4,3,true,M,M,SUP,SUP215,https://legendstory-production-s3-public.s3.amazonaws.com/media/cards/large/SUP215.webp
zFb8FTK6fL7wtcRdcR8gj,"Cutty Shark, Quick Clip",2,Pirate|Necromancer,,Deck,Pirate Necromancer Action - Ally,1,3,,true,C|P|V,C,LGS|SEA|SGB,LGS403,https://legendstory-production-s3-public.s3.amazonaws.com/media/cards/large/LGS403-RF.webp
fMTdMtzzft7bLzG9DpjNc,Cyclone Roundhouse,2,Ninja,,Deck,Ninja Action - Attack,2,5,3,true,M,M,OUT,OUT050,https://legendstory-production-s3-public.s3.amazonaws.com/media/cards/large/OUT050.webp
Ddqz6QF9FNMT8qJjjr8Q9,Dabble in Darkness,1,,Shadow,Deck,Shadow Action - Attack,0,5,3,true,M,M,DTD,DTD169,https://legendstory-production-s3-public.s3.amazonaws.com/media/cards/large/DTD169.webp
wKRRTFLrpKDJRLQTnb7Ld,Daily Grind,3,Guardian,,Deck,Guardian Action - Aura,0,,3,true,M,M,MPG,MPG022,https://legendstory-production-s3-public.s3.amazonaws.com/media/cards/large/MPG022.webp
rzGrbqkdk7nptwNhTJKCb,Dampen,1,Wizard,,Deck,Wizard Action,2,,3,true,R,R,UPR,UPR170,https://legendstory-production-s3-public.s3.amazonaws.com/media/cards/large/UPR170.webp
hnrFMm8w7tLpTtbMjHHK9,Dampen,2,Wizard,,Deck,Wizard Action,2,,3,true,R,R,UPR,UPR171,https://legendstory-production-s3-public.s3.amazonaws.com/media/cards/large/UPR171.webp
jR6fBL9G8hzwjFpmbLdwW,Dampen,3,Wizard,,Deck,Wizard Action,2,,3,true,R,R,UPR,UPR172,https://legendstory-production-s3-public.s3.amazonaws.com/media/cards/large/UPR172.webp
HjgMJg6DrhJqR6fMnp6fc,Dance of Darkness,,,Shadow,Equipment,Shadow Equipment - Legs,,,,true,C,C,DTD,DTD168,https://legendstory-production-s3-public.s3.amazonaws.com/media/cards/large/DTD168.webp
kDCzjqmjjMT9hdnJTfRJb,Danger Digits,,Assassin|Ninja,,Equipment,Assassin / Ninja Equipment - Arms,,,0,true,C,C,ARK|CIN|HNT|SAR|WOD,ARK005,https://legendstory-production-s3-public.s3.amazonaws.com/media/cards/large/ARK005.webp
rFpG8LW6fRmGgJ6dpWj8Q,Darling of the Crowd,2,,Revered,Deck,Revered Block,,,3,true,C,C,SUP,SUP061,https://legendstory-production-s3-public.s3.amazonaws.com/media/cards/large/SUP061.webp
kftPnNkrBLJ7rPmFGgQCm,Dash,,Mechanologist,,Hero,Mechanologist Hero - Young,,,,false,T|C|R|P|V,T,1HP|ARC|HER|PEN|SDA,1HP181,https://legendstory-production-s3-public.s3.amazonaws.com/media/cards/large/1HP181.webp
LkqQpr7QL8KpnqMh7dHpR,Dash I/O,,Mechanologist,,Hero,Mechanologist Hero,,,,true,M|P,M,AIO|EVO|GEM|HER|WIN,AIO001,https://legendstory-production-s3-public.s3.amazonaws.com/media/cards/large/AIO001.webp
N6TDqDNWfKfrz6G6jNrQQ,"Dash, Database",,Mechanologist,,Hero,Mechanologist Hero - Young,,,,false,T|P|V,T,EVO|HER|PEN,EVO002,https://legendstory-production-s3-public.s3.amazonaws.com/media/cards/large/EVO002.webp
6CcjWGnThrTmTQFQ9zHMN,"Dash, Inventor Extraordinaire",,Mechanologist,,Hero,Mechanologist Hero,,,,true,T|C|P,T,1HP|ARC|CRU|HER|WIN,1HP180,https://legendstory-production-s3-public.s3.amazonaws.com/media/cards/large/1HP180.webp
8m9Tr996zccnJhHcQKhFr,Dashing Flashfoot,2,Runeblade,Lightning,Deck,Lightning Runeblade Action - Attack,1,3,3,true,R,R,OMN,OMN053,https://legendstory-production-s3-public.s3.amazonaws.com/media/cards/large/OMN053.webp
kbdzm8R7MHCpWC79RdTGH,Data Doll MKII,,Mechanologist,,Hero,Mechanologist Hero - Young,,,,false,R|P,R,1HP|CRU|HER,1HP182,https://legendstory-production-s3-public.s3.amazonaws.com/media/cards/large/1HP182.webp
9FjqMc6RW8nJFCnG8cqMm,Data Link,1,Mechanologist,,Deck,Mechanologist Action - Attack,0,3,3,true,C,C,AIO|AMX|EVO,AIO007,https://legendstory-production-s3-public.s3.amazonaws.com/media/cards/large/AIO007.webp
KjfkLJHHPhbFqpqjPhHMt,Data Link,2,Mechanologist,,Deck,Mechanologist Action - Attack,0,2,3,true,C,C,EVO,EVO187,https://legendstory-production-s3-public.s3.amazonaws.com/media/cards/large/EVO187.webp
qfgqjM7QnmJKDnPkmgHTw,Data Link,3,Mechanologist,,Deck,Mechanologist Action - Attack,0,1,3,true,C,C,AIO|EVO,AIO021,https://legendstory-production-s3-public.s3.amazonaws.com/media/cards/large/AIO021.webp
wNjKmtGB97kW7GWKRgjDt,Dauntless,1,Warrior,,Deck,Warrior Action,1,,3,true,R,R,CRU,CRU085,https://legendstory-production-s3-public.s3.amazonaws.com/media/cards/large/CRU085.webp
Gntgf7CggCQKtzDBJLWLm,Dauntless,2,Warrior,,Deck,Warrior Action,1,,3,true,R,R,CRU,CRU086,https://legendstory-production-s3-public.s3.amazonaws.com/media/cards/large/CRU086.webp
qLMgQQ8rj8fBDQQLjLMDJ,Dauntless,3,Warrior,,Deck,Warrior Action,1,,3,true,R,R,CRU,CRU087,https://legendstory-production-s3-public.s3.amazonaws.com/media/cards/large/CRU087.webp
NDjHqNJrckK6pjK7LwfMW,Dawnblade,,Warrior,,Weapon,Warrior Weapon - Sword (2H),,3,,true,T|C|P|V,T,1HP|CRU|FAB|LGS|MPW|SDO|TEA|WTR|XXX,1HP143,https://legendstory-production-s3-public.s3.amazonaws.com/media/cards/large/1HP143.webp
kTzjGBrWbwncJCt7wLTrH,"Dawnblade, Resplendent",,Warrior,,Weapon,Warrior Weapon - Sword (2H),,2,,true,B|C|M,B,DDD|DVR|MPW,DDD002,https://legendstory-production-s3-public.s3.amazonaws.com/media/cards/large/DDD002.webp
WMdnjW6tJT9wKMnjgbHW9,Dazzling Crescendo,1,Ranger,Elemental,Deck,Elemental Ranger Action - Arrow Attack,0,4,3,true,C,C,ELE|LXI,ELE053,https://legendstory-production-s3-public.s3.amazonaws.com/media/cards/large/ELE053.webp
KPftqbndp9fTd67GqNhzM,Dazzling Crescendo,2,Ranger,Elemental,Deck,Elemental Ranger Action - Arrow Attack,0,3,3,true,C,C,ELE,ELE054,https://legendstory-production-s3-public.s3.amazonaws.com/media/cards/large/ELE054.webp
bJLJDHhK8dfCb8HKp6DmK,Dazzling Crescendo,3,Ranger,Elemental,Deck,Elemental Ranger Action - Arrow Attack,0,2,3,true,C,C,ELE,ELE055,https://legendstory-production-s3-public.s3.amazonaws.com/media/cards/large/ELE055.webp
Lwdrb8J6bDcNKp67DzWWp,Dead Eye,2,Ranger,,Deck,Ranger Action,1,,3,true,M,M,DYN,DYN155,https://legendstory-production-s3-public.s3.amazonaws.com/media/cards/large/DYN155.webp
nQLzhKtPNctwzTqMNf7LJ,Dead Threads,,Necromancer,,Equipment,Necromancer Equipment - Chest,,,1,true,P|L,P,FAB|SEA,FAB337,https://legendstory-production-s3-public.s3.amazonaws.com/media/cards/large/FAB337-GF.webp
TjbQ8B7bPdngTrkpGD8bG,Deadly Display,1,Warrior,,Deck,Warrior Attack Reaction,1,,2,true,C,C,AHA|MPW,AHA007,https://legendstory-production-s3-public.s3.amazonaws.com/media/cards/large/AHA007.webp
mHLrBTFFnBz7kWHFDbj6t,Deadly Display,2,Warrior,,Deck,Warrior Attack Reaction,1,,2,true,C,C,MPW,MPW081,https://legendstory-production-s3-public.s3.amazonaws.com/media/cards/large/MPW081.webp
FpzTKHqqhbqgK7zQkJtTk,Deadly Display,3,Warrior,,Deck,Warrior Attack Reaction,1,,2,true,C,C,AHA|MPW,AHA020,https://legendstory-production-s3-public.s3.amazonaws.com/media/cards/large/AHA020.webp
Nnr9kcRcQfLQW7pTHkMG8,Deadly Duo,1,Ninja,,Deck,Ninja Action - Attack,1,3,2,true,C,C,OUT,OUT071,https://legendstory-production-s3-public.s3.amazonaws.com/media/cards/large/OUT071.webp
q6DTC9d8krW76gpTCpfmg,Deadly Duo,2,Ninja,,Deck,Ninja Action - Attack,1,2,2,true,C,C,OUT,OUT072,https://legendstory-production-s3-public.s3.amazonaws.com/media/cards/large/OUT072.webp
cqtpwmnhMR8bGtcc8qHwB,Deadly Duo,3,Ninja,,Deck,Ninja Action - Attack,1,1,2,true,C,C,OUT,OUT073,https://legendstory-production-s3-public.s3.amazonaws.com/media/cards/large/OUT073.webp
r7fBPzjnf99MPwFc6F8b6,Deadwood Dirge,1,Runeblade,,Deck,Runeblade Action,0,,2,true,C|P,C,AVS|FLR|LGS|ROS,AVS014,https://legendstory-production-s3-public.s3.amazonaws.com/media/cards/large/AVS014.webp
N9QrfGfPbL9NHPcRT6Nd7,Deadwood Dirge,2,Runeblade,,Deck,Runeblade Action,0,,2,true,C,C,ROS,ROS156,https://legendstory-production-s3-public.s3.amazonaws.com/media/cards/large/ROS156.webp
jMq8ttGz9DCqPMjQRRmdF,Deadwood Dirge,3,Runeblade,,Deck,Runeblade Action,0,,2,true,C,C,ROS,ROS157,https://legendstory-production-s3-public.s3.amazonaws.com/media/cards/large/ROS157.webp
RLgW7JWBFfhtLQddmChnh,Deadwood Rumbler,1,Brute,Shadow,Deck,Shadow Brute Action - Attack,3,8,,true,C,C,LEV|MON,LEV010,https://legendstory-production-s3-public.s3.amazonaws.com/media/cards/large/LEV010.webp
dkLNjP9DcLhPbQTpdBffW,Deadwood Rumbler,2,Brute,Shadow,Deck,Shadow Brute Action - Attack,3,7,,true,C,C,MON,MON139,https://legendstory-production-s3-public.s3.amazonaws.com/media/cards/large/MON139.webp
LJGBBqfmC7pzLNMWH7wdW,Deadwood Rumbler,3,Brute,Shadow,Deck,Shadow Brute Action - Attack,3,6,,true,C,C,LEV|MON,LEV020,https://legendstory-production-s3-public.s3.amazonaws.com/media/cards/large/LEV020.webp
P6KMTbdFTMKLgpDzg6Ltp,Dealer's Grip,,Warrior,,Equipment,Warrior Equipment - Arms,,,1,true,C,C,MPW,MPW019,https://legendstory-production-s3-public.s3.amazonaws.com/media/cards/large/MPW019.webp
Nnmtz6GrR6MWMcptb6wD7,Death Dealer,,Ranger,,Weapon,Ranger Weapon - Bow (2H),,,,true,T|C|P,T,1HP|AAZ|ARC|CRU|FAB|LGS|SAZ,1HP223,https://legendstory-production-s3-public.s3.amazonaws.com/media/cards/large/1HP223.webp
TRjmqFgtPrwmJf9grJR6K,Death Touch,1,Assassin|Ranger,,Deck,Assassin / Ranger Action - Attack,1,6,2,true,R|P,R,FAB|OUT|UZU,FAB132,https://legendstory-production-s3-public.s3.amazonaws.com/media/cards/large/FAB132-RF.webp
tcFhTrPwdbbKHnPL6rGzp,Death Touch,2,Assassin|Ranger,,Deck,Assassin / Ranger Action - Attack,1,5,2,true,R,R,OUT,OUT163,https://legendstory-production-s3-public.s3.amazonaws.com/media/cards/large/OUT163.webp
tHhztGzBGFRrLKTWCtg7f,Death Touch,3,Assassin|Ranger,,Deck,Assassin / Ranger Action - Attack,1,4,2,true,R,R,OUT,OUT164,https://legendstory-production-s3-public.s3.amazonaws.com/media/cards/large/OUT164.webp
gj6QqhDFKF6MtNncFMhmK,Deathly Delight,1,Runeblade,Shadow,Deck,Shadow Runeblade Action - Attack,2,5,3,true,R,R,DTD,DTD143,https://legendstory-production-s3-public.s3.amazonaws.com/media/cards/large/DTD143.webp
DTPnFNqr9N8NcWNpDDC8B,Deathly Delight,2,Runeblade,Shadow,Deck,Shadow Runeblade Action - Attack,2,4,3,true,R,R,DTD,DTD144,https://legendstory-production-s3-public.s3.amazonaws.com/media/cards/large/DTD144.webp
pkqN7kDrFhHhDrBmb7bhr,Deathly Delight,3,Runeblade,Shadow,Deck,Shadow Runeblade Action - Attack,2,3,3,true,R,R,DTD,DTD145,https://legendstory-production-s3-public.s3.amazonaws.com/media/cards/large/DTD145.webp
DnJrdtdRJmT7G97h6Qqcb,Deathly Duet,1,Runeblade,,Deck,Runeblade Action - Attack,2,4,3,true,R,R,DYN,DYN176,https://legendstory-production-s3-public.s3.amazonaws.com/media/cards/large/DYN176.webp
NG9nKh7TTkLt6qtCJzGjB,Deathly Duet,2,Runeblade,,Deck,Runeblade Action - Attack,2,3,3,true,R,R,DYN,DYN177,https://legendstory-production-s3-public.s3.amazonaws.com/media/cards/large/DYN177.webp
jFM7t8H8pfwFdTJc7qb8b,Deathly Duet,3,Runeblade,,Deck,Runeblade Action - Attack,2,2,3,true,R,R,DYN,DYN178,https://legendstory-production-s3-public.s3.amazonaws.com/media/cards/large/DYN178.webp
LmkDGKnkq8qHfdQ9jh9nD,Deathly Wail,1,Runeblade,Shadow,Deck,Shadow Runeblade Action - Attack,3,6,3,true,R,R,DTD,DTD146,https://legendstory-production-s3-public.s3.amazonaws.com/media/cards/large/DTD146.webp
PgnDgtR8PgKfMLKHDph8k,Deathly Wail,2,Runeblade,Shadow,Deck,Shadow Runeblade Action - Attack,3,5,3,true,R,R,DTD,DTD147,https://legendstory-production-s3-public.s3.amazonaws.com/media/cards/large/DTD147.webp
Fn8bTWKkJC77cqjfPmkjC,Deathly Wail,3,Runeblade,Shadow,Deck,Shadow Runeblade Action - Attack,3,4,3,true,R,R,DTD,DTD148,https://legendstory-production-s3-public.s3.amazonaws.com/media/cards/large/DTD148.webp
F78CPMJgBqhTfNMLM7TH6,Deathmatch Arena,,Generic,,Deck,Generic Action - Landmark,0,,,true,F,F,HVY,HVY000,https://legendstory-production-s3-public.s3.amazonaws.com/media/cards/large/HVY000-CF.webp
QLGJkQKtpmGkqwpTtHqzG,Debilitate,1,Guardian,,Deck,Guardian Action - Attack,4,8,3,true,C,C,1HP|BDD|BVO|MPG|SBR|WTR,1HP076,https://legendstory-production-s3-public.s3.amazonaws.com/media/cards/large/1HP076.webp
pb9kwPfCFccrmCDgGq7bJ,Debilitate,2,Guardian,,Deck,Guardian Action - Attack,4,7,3,true,C,C,1HP|BVO|MPG|WTR,1HP077,https://legendstory-production-s3-public.s3.amazonaws.com/media/cards/large/1HP077.webp
z6t6dcr7F7fWjwKwtqdRd,Debilitate,3,Guardian,,Deck,Guardian Action - Attack,4,6,3,true,C,C,1HP|MPG|SBR|WTR,1HP078,https://legendstory-production-s3-public.s3.amazonaws.com/media/cards/large/1HP078.webp
8h7fn6dk7PfNnckbW668r,Decimator Great Axe,,Warrior,,Weapon,Warrior Weapon - Axe (2H),,4,,true,R,R,DTD,DTD205,https://legendstory-production-s3-public.s3.amazonaws.com/media/cards/large/DTD205.webp
wKhBB6Nb9RPQJ8zPFnpgJ,Deep Blue,,Generic,,Equipment,Generic Equipment - Chest,,,0,true,C,C,DRO|ELE|LXI|MPW,DRO006,https://legendstory-production-s3-public.s3.amazonaws.com/media/cards/large/DRO006.webp
rkfqjFKJHdtqRLKJwgQNG,Deep Blue Sea,3,,Mystic,Deck,Mystic Action - Attack,4,5,2,true,R|P,R,FAB|MST|NUU,FAB240,https://legendstory-production-s3-public.s3.amazonaws.com/media/cards/large/FAB240-RF.webp
KC6KQzjk8FkMhwN7zMKLQ,Deep Recesses of Existence,3,Runeblade,Shadow,Deck,Shadow Runeblade Action - Attack,4,6,3,true,R,R,PEN,PEN190,https://legendstory-production-s3-public.s3.amazonaws.com/media/cards/large/PEN190.webp
jknWRcgGTGL9hpnMkQCzp,Deep Rooted Evil,2,Brute,Shadow,Deck,Shadow Brute Action - Attack,3,6,,true,M,M,MON,MON123,https://legendstory-production-s3-public.s3.amazonaws.com/media/cards/large/MON123.webp
WtHNCTfp87TNpG7jLRKFR,Defang the Dragon,1,Assassin,,Deck,Assassin Action - Attack,0,3,3,true,C,C,HNT,HNT030,https://legendstory-production-s3-public.s3.amazonaws.com/media/cards/large/HNT030.webp
tQwNMwnMRKNf7trbFmbnp,Defender of Daybreak,1,,Light,Deck,Light Action - Attack,0,4,2,true,C,C,DTD,DTD094,https://legendstory-production-s3-public.s3.amazonaws.com/media/cards/large/DTD094.webp
JdprkqCqwCrFdPdr9Hgc6,Defender of Daybreak,2,,Light,Deck,Light Action - Attack,0,3,2,true,C,C,DTD,DTD095,https://legendstory-production-s3-public.s3.amazonaws.com/media/cards/large/DTD095.webp
DqhRkJzzzrN7jH9FbqmRn,Defender of Daybreak,3,,Light,Deck,Light Action - Attack,0,2,2,true,C,C,DTD,DTD096,https://legendstory-production-s3-public.s3.amazonaws.com/media/cards/large/DTD096.webp
6wnMt8LFtDnM9LLwB7ghN,Demolition Crew,1,Generic,,Deck,Generic Action - Attack,2,6,2,true,C,C,UZU|WTR,UZU010,https://legendstory-production-s3-public.s3.amazonaws.com/media/cards/large/UZU010.webp
Ckct9HBQDcCqzRKpnLKRR,Demolition Crew,2,Generic,,Deck,Generic Action - Attack,2,5,2,true,C,C,WTR,WTR180,https://legendstory-production-s3-public.s3.amazonaws.com/media/cards/large/WTR180.webp
MrNgmfGDfJmF6rcLbFcrm,Demolition Crew,3,Generic,,Deck,Generic Action - Attack,2,4,2,true,C,C,WTR,WTR181,https://legendstory-production-s3-public.s3.amazonaws.com/media/cards/large/WTR181.webp
MWfDtTFgd8f8zNzQgDJjt,Demolition Protocol,1,Mechanologist,,Deck,Mechanologist Action - Attack,3,7,3,true,M|P,M,EVO|FAB,EVO057,https://legendstory-production-s3-public.s3.amazonaws.com/media/cards/large/EVO057.webp
wmdN6gnj6gdcdfWDMnqK6,Demonstrate Devotion,1,Ninja,Draconic,Deck,Draconic Ninja Action - Attack,1,4,2,true,R|P,R,GEM|HNT,GEM011,https://legendstory-production-s3-public.s3.amazonaws.com/media/cards/large/GEM011.webp
jmNMNj8FrgJCR8dCcbmTr,Den of the Spider,1,Assassin|Warrior,,Deck,Assassin / Warrior Action Defense Reaction - Trap,0,,3,true,C|P,C,HNT|LGS|SAR|WOD,HNT214,https://legendstory-production-s3-public.s3.amazonaws.com/media/cards/large/HNT214.webp
hNdDhKhhpGwKTCT7wMRCp,Dense Blue Mist,3,,Mystic,Deck,Mystic Instant,1,,,true,M,M,MST,MST079,https://legendstory-production-s3-public.s3.amazonaws.com/media/cards/large/MST079.webp
cMpT98cKjcqFfkprHTQgt,Deny Redemption,1,Runeblade,,Deck,Runeblade Action - Attack,0,3,3,true,M,M,SEA,SEA254,https://legendstory-production-s3-public.s3.amazonaws.com/media/cards/large/SEA254.webp
Ngf9kPWFqDFPcKrt9hwnq,Depths of Despair,1,,Shadow,Deck,Shadow Action - Attack,3,7,3,true,C,C,PEN,PEN195,https://legendstory-production-s3-public.s3.amazonaws.com/media/cards/large/PEN195.webp
DqMQ7mbcWcfL8QjDcCMJr,Depths of Despair,2,,Shadow,Deck,Shadow Action - Attack,3,6,3,true,C,C,PEN,PEN196,https://legendstory-production-s3-public.s3.amazonaws.com/media/cards/large/PEN196.webp
9WJP989NgMhbHwL6h8rLR,Depths of Despair,3,,Shadow,Deck,Shadow Action - Attack,3,5,3,true,C,C,PEN,PEN197,https://legendstory-production-s3-public.s3.amazonaws.com/media/cards/large/PEN197.webp
68gf9fggmcjDR7Tk78zJm,Descend into Madness,3,,Chaos,Deck,Chaos Attack Reaction,0,,3,true,R,R,PEN,PEN278,https://legendstory-production-s3-public.s3.amazonaws.com/media/cards/large/PEN278.webp
ppcfhRgNk9GH8QWRpMbdt,Descendent Gustwave,1,Ninja,,Deck,Ninja Action - Attack,1,3,2,true,C,C,KAT|OUT,KAT008,https://legendstory-production-s3-public.s3.amazonaws.com/media/cards/large/KAT008.webp
zbLnng79mJqLzbzDMgkhq,Descendent Gustwave,2,Ninja,,Deck,Ninja Action - Attack,1,2,2,true,C,C,KAT|OUT,KAT018,https://legendstory-production-s3-public.s3.amazonaws.com/media/cards/large/KAT018.webp
d7D9nzdhjfKmppBnFdFLm,Descendent Gustwave,3,Ninja,,Deck,Ninja Action - Attack,1,1,2,true,C,C,OUT,OUT076,https://legendstory-production-s3-public.s3.amazonaws.com/media/cards/large/OUT076.webp
Q9tHhJBMzdRk6HGC9nBGp,Desires of Flesh,1,Assassin,,Deck,Assassin Action - Attack,0,3,3,true,C,C,MST|NUU,MST118,https://legendstory-production-s3-public.s3.amazonaws.com/media/cards/large/MST118.webp
qFhpqb6pJPNNg7mBRPTMh,Desires of Flesh,2,Assassin,,Deck,Assassin Action - Attack,0,2,3,true,C,C,MST,MST119,https://legendstory-production-s3-public.s3.amazonaws.com/media/cards/large/MST119.webp
pCbzCcWBdprHzJk68tGWB,Desires of Flesh,3,Assassin,,Deck,Assassin Action - Attack,0,1,3,true,C,C,MST|NUU,MST120,https://legendstory-production-s3-public.s3.amazonaws.com/media/cards/large/MST120.webp
B9gmDwNBCkqFHpWgJBmhq,Destructive Aethertide,3,Wizard,,Deck,Wizard Action,0,,3,true,M,M,ROS,ROS166,https://legendstory-production-s3-public.s3.amazonaws.com/media/cards/large/ROS166.webp
Cqwf78hdKQTfgCtbkcrdL,Destructive Deliberation,1,Generic,,Deck,Generic Action - Attack,2,5,2,true,C,C,OUT|UZU,OUT204,https://legendstory-production-s3-public.s3.amazonaws.com/media/cards/large/OUT204.webp
FgzGnMR8GKFpMNMr7DcKH,Destructive Deliberation,2,Generic,,Deck,Generic Action - Attack,2,4,2,true,C,C,OUT,OUT205,https://legendstory-production-s3-public.s3.amazonaws.com/media/cards/large/OUT205.webp
THJWhmjtGRtWfPMRFFkdd,Destructive Deliberation,3,Generic,,Deck,Generic Action - Attack,2,3,2,true,C,C,OUT,OUT206,https://legendstory-production-s3-public.s3.amazonaws.com/media/cards/large/OUT206.webp
q9GwnnJTPk9KpPNdpW6wL,Destructive Fleetfoot,1,Runeblade,Lightning,Deck,Lightning Runeblade Action - Attack,0,3,3,true,C,C,OMN,OMN062,https://legendstory-production-s3-public.s3.amazonaws.com/media/cards/large/OMN062.webp
DqhpdDNnfhtrRH6pcfj8B,Destructive Fleetfoot,2,Runeblade,Lightning,Deck,Lightning Runeblade Action - Attack,0,2,3,true,C,C,OMN,OMN063,https://legendstory-production-s3-public.s3.amazonaws.com/media/cards/large/OMN063.webp
d9tCqMqtdwFCmHMbRFGzd,Destructive Fleetfoot,3,Runeblade,Lightning,Deck,Lightning Runeblade Action - Attack,0,1,3,true,C,C,OMN,OMN064,https://legendstory-production-s3-public.s3.amazonaws.com/media/cards/large/OMN064.webp
rFtwwctDWPnQc7Wwtf6J6,Destructive Tendencies,3,Generic,,Deck,Generic Instant,0,,,true,R,R,PEN,PEN328,https://legendstory-production-s3-public.s3.amazonaws.com/media/cards/large/PEN328.webp
wdQd78FWKJBKQCGTHtpDb,Devotion Never Dies,1,Ninja,,Deck,Ninja Action - Attack,1,4,2,true,M,M,HNT,HNT072,https://legendstory-production-s3-public.s3.amazonaws.com/media/cards/large/HNT072.webp
NJnDKMhtRtcWptfC8pwWM,Diabolic Offering,3,Brute,Shadow,Deck,Shadow Brute Action - Attack,1,*,*,true,M|P,M,DTD|FAB,DTD107,https://legendstory-production-s3-public.s3.amazonaws.com/media/cards/large/DTD107.webp
LcqN7tjqc8FDhkQ9m6n6N,Diabolic Ultimatum,1,Runeblade,,Deck,Runeblade Action,3,,2,true,M,M,DYN,DYN174,https://legendstory-production-s3-public.s3.amazonaws.com/media/cards/large/DYN174.webp
LFhRKcJC6fbfQjKdqLqp7,Diadem of Dreamstate,,Illusionist,,Equipment,Illusionist Equipment - Head,,,,true,P|L,P,DTD|FAB,DTD217,https://legendstory-production-s3-public.s3.amazonaws.com/media/cards/large/DTD217-RF.webp
HRTwtGRhPJkpHT8fN9DGp,Diamond,,Generic,,Token,Generic Token - Item,,,,true,P,P,FAB,FAB165,https://legendstory-production-s3-public.s3.amazonaws.com/media/cards/large/FAB165-CF.webp
KKLmtWbhTRtcffWGpz7CN,Diamond Amulet,3,Generic,,Deck,Generic Action - Item,0,,,true,M|V,M,SEA,SEA190,https://legendstory-production-s3-public.s3.amazonaws.com/media/cards/large/SEA190.webp
7wcw6w9b7dwfdQwf67MmK,Diamond Hands,,Merchant,,Equipment,Merchant Equipment - Arms,,,1,false,P,P,LSS,LSS008,https://legendstory-production-s3-public.s3.amazonaws.com/media/cards/large/LSS008-CF.webp
BfcNQwMHpGNRFpcMczmPW,Dice Up,3,Warrior,,Deck,Warrior Attack Reaction,0,,3,true,C,C,MPW,MPW083,https://legendstory-production-s3-public.s3.amazonaws.com/media/cards/large/MPW083.webp
DktMQqLDTqWBGzBnBCrqt,Diced,1,Warrior,,Deck,Warrior Attack Reaction,0,,2,true,R,R,HNT,HNT119,https://legendstory-production-s3-public.s3.amazonaws.com/media/cards/large/HNT119.webp
WcPqTG8pcTQdqTF8WnzGD,Diced,2,Warrior,,Deck,Warrior Attack Reaction,0,,2,true,R,R,HNT,HNT120,https://legendstory-production-s3-public.s3.amazonaws.com/media/cards/large/HNT120.webp
pnrmmPMcwr7twfKQnHhcm,Diced,3,Warrior,,Deck,Warrior Attack Reaction,0,,2,true,R,R,HNT,HNT121,https://legendstory-production-s3-public.s3.amazonaws.com/media/cards/large/HNT121.webp
JgNNMtHdhBt6qJFPd8NDR,Didn't See That Coming,,,,Deck,Event,,,,false,C,C,SMP,SMP022,https://legendstory-production-s3-public.s3.amazonaws.com/media/cards/large/SMP022.webp
gncL7pDCJzDJffqCnGGQM,Dig In,1,,Revered,Deck,Revered Action - Attack,3,7,3,true,C|P,C,FAB|SUP,FAB384,https://legendstory-production-s3-public.s3.amazonaws.com/media/cards/large/FAB384-RF.webp
RhkhMcbkCpRhLmpfqmbDF,Dig In,2,,Revered,Deck,Revered Action - Attack,3,6,3,true,C|P,C,FAB|SUP,FAB385,https://legendstory-production-s3-public.s3.amazonaws.com/media/cards/large/FAB385-RF.webp
8TmrQnhqFHDGkCQGKzWTj,Dig In,3,,Revered,Deck,Revered Action - Attack,3,5,3,true,C|P,C,FAB|SUP,FAB386,https://legendstory-production-s3-public.s3.amazonaws.com/media/cards/large/FAB386-RF.webp
QgkQT8TfFkgPfKbqmF9pb,Dig Up Dinner,3,Brute,,Deck,Brute Action,1,,3,true,M,M,DTD,DTD202,https://legendstory-production-s3-public.s3.amazonaws.com/media/cards/large/DTD202.webp
fpmdrrdQ9QwCh6bdphJ68,Dimenxxional Crossroads,2,Runeblade,Shadow,Deck,Shadow Runeblade Action - Aura,2,,3,true,M,M,MON,MON157,https://legendstory-production-s3-public.s3.amazonaws.com/media/cards/large/MON157.webp
DMTFcc8LndtwGkjgMK69D,Dimenxxional Gateway,1,Runeblade,Shadow,Deck,Shadow Runeblade Action,1,,2,true,R,R,MON,MON162,https://legendstory-production-s3-public.s3.amazonaws.com/media/cards/large/MON162.webp
LWqJjmKMRLBbwCJzMwGTJ,Dimenxxional Gateway,2,Runeblade,Shadow,Deck,Shadow Runeblade Action,1,,2,true,R,R,MON,MON163,https://legendstory-production-s3-public.s3.amazonaws.com/media/cards/large/MON163.webp
rKp6tbNNd6qzQcJrqL9fG,Dimenxxional Gateway,3,Runeblade,Shadow,Deck,Shadow Runeblade Action,1,,2,true,R,R,MON,MON164,https://legendstory-production-s3-public.s3.amazonaws.com/media/cards/large/MON164.webp
JdCmtgpzCdnNWrD7FB7mp,Dimenxxional Vortex,,,Shadow,Deck,Shadow Action,3,,,true,M,M,DTD,DTD171,https://legendstory-production-s3-public.s3.amazonaws.com/media/cards/large/DTD171.webp
TtMnqPqJNGgrjmMJ99KWn,Disable,1,Guardian,,Deck,Guardian Action - Attack,5,9,3,true,C|R,C,1HP|BVO|MPG|WTR,1HP055,https://legendstory-production-s3-public.s3.amazonaws.com/media/cards/large/1HP055.webp
fgrK7Mbp8qQcbMtQDwk9F,Disable,2,Guardian,,Deck,Guardian Action - Attack,5,8,3,true,C|R,C,1HP|MPG|TCC|WTR,1HP056,https://legendstory-production-s3-public.s3.amazonaws.com/media/cards/large/1HP056.webp
7LPnw9zFRhGmKHzCzMpdJ,Disable,3,Guardian,,Deck,Guardian Action - Attack,5,7,3,true,C|R,C,1HP|BDD|BVO|MPG|SBR|TCC|WTR,1HP057,https://legendstory-production-s3-public.s3.amazonaws.com/media/cards/large/1HP057.webp
WjfRfczmQcbQknfRdD8JJ,Disarm,2,,Revered,Deck,Revered Action - Attack,3,6,3,true,R,R,SUP,SUP030,https://legendstory-production-s3-public.s3.amazonaws.com/media/cards/large/SUP030.webp
qmrkpcDjBHQb9g6pqCFMd,Disdainful Delight,2,,Reviled,Deck,Reviled Block,,,3,true,C,C,SUP,SUP123,https://legendstory-production-s3-public.s3.amazonaws.com/media/cards/large/SUP123.webp
PLpmc6rb9nqRdNGDczpg7,Disembody,1,,Revered,Deck,Revered Action - Attack,3,7,3,true,R,R,SUP,SUP031,https://legendstory-production-s3-public.s3.amazonaws.com/media/cards/large/SUP031.webp
CkHnpRcfgkcrmJqTpDztp,Disenchantment of the Old Ones,1,Guardian,,Deck,Guardian Action - Attack,6,10,3,true,R|V,R,MPG,MPG027,https://legendstory-production-s3-public.s3.amazonaws.com/media/cards/large/MPG027.webp
WRhC8n6HHNkRn6MjzDHDL,Dishonor,3,Ninja,,Deck,Ninja Action - Attack,0,2,3,true,M,M,OUT,OUT051,https://legendstory-production-s3-public.s3.amazonaws.com/media/cards/large/OUT051.webp
h7bnkbFjNTLjdGdCNg8RJ,Disperse,3,,Revered,Deck,Revered Action - Attack,3,5,3,true,R,R,SUP,SUP032,https://legendstory-production-s3-public.s3.amazonaws.com/media/cards/large/SUP032.webp
cKp6hPc7WTW8Q98cHPM9P,Display Loyalty,1,Ninja,Draconic,Deck,Draconic Ninja Action - Attack,0,3,2,true,R|P,R,CIN|GEM|HNT|SFA,CIN010,https://legendstory-production-s3-public.s3.amazonaws.com/media/cards/large/CIN010.webp
nQnDqffcNrfCcFc7RLHwc,Display of Artistry,1,Warrior,,Deck,Warrior Attack Reaction,1,,3,true,R,R,MPW,MPW039,https://legendstory-production-s3-public.s3.amazonaws.com/media/cards/large/MPW039.webp
RKRN9bHTHCLMrbrzhRN9F,Display of Artistry,2,Warrior,,Deck,Warrior Attack Reaction,1,,3,true,R,R,MPW,MPW040,https://legendstory-production-s3-public.s3.amazonaws.com/media/cards/large/MPW040.webp
k9pcRP8zH6Ldz8dNMWtHk,Display of Artistry,3,Warrior,,Deck,Warrior Attack Reaction,1,,3,true,R,R,MPW,MPW041,https://legendstory-production-s3-public.s3.amazonaws.com/media/cards/large/MPW041.webp
RhP7JKg8zRrqFdMdpGNqF,Display of Craftsmanship,1,Warrior,,Deck,Warrior Attack Reaction,2,,3,true,C,C,PEN,PEN051,https://legendstory-production-s3-public.s3.amazonaws.com/media/cards/large/PEN051.webp
mDdzHTPPwKp6NfdR8PjBP,Display of Craftsmanship,2,Warrior,,Deck,Warrior Attack Reaction,2,,3,true,C,C,PEN,PEN052,https://legendstory-production-s3-public.s3.amazonaws.com/media/cards/large/PEN052.webp
HFjQwD77fkMjBDhRKDRk9,Display of Craftsmanship,3,Warrior,,Deck,Warrior Attack Reaction,2,,3,true,C,C,PEN,PEN053,https://legendstory-production-s3-public.s3.amazonaws.com/media/cards/large/PEN053.webp
HGhtMHhF6dqdNccmNK7w8,Dissipation Shield,2,Mechanologist,,Deck,Mechanologist Action - Item,2,,,true,C,C,1HP|ARC,1HP217,https://legendstory-production-s3-public.s3.amazonaws.com/media/cards/large/1HP217.webp
tdzrCmghQCTWz6PcfLKgw,Dissolution Sphere,2,Mechanologist,,Deck,Mechanologist Action - Item,2,,,true,M,M,EVR,EVR069,https://legendstory-production-s3-public.s3.amazonaws.com/media/cards/large/EVR069.webp
gnCCKC87FkrLRgfz9dhFf,Dissolve Reality,2,Illusionist,,Deck,Illusionist Action,0,,3,true,M,M,HVY,HVY253,https://legendstory-production-s3-public.s3.amazonaws.com/media/cards/large/HVY253.webp
BkCG6nzTtpmBmKCfkPrM6,Dissolving Shield,1,Mechanologist,,Deck,Mechanologist Action - Item,0,,,true,C,C,AIO|EVO,AIO017,https://legendstory-production-s3-public.s3.amazonaws.com/media/cards/large/AIO017.webp
MrwQKWkmLLgfJcptFmRCc,Dissolving Shield,2,Mechanologist,,Deck,Mechanologist Action - Item,0,,,true,C,C,EVO,EVO088,https://legendstory-production-s3-public.s3.amazonaws.com/media/cards/large/EVO088.webp
PFCpzppJRrWggRLgwdPHz,Dissolving Shield,3,Mechanologist,,Deck,Mechanologist Action - Item,0,,,true,C,C,EVO,EVO089,https://legendstory-production-s3-public.s3.amazonaws.com/media/cards/large/EVO089.webp
pTBgkLTM6mFMCJwwt6Fwn,Distant Rumbling,1,Guardian,,Deck,Guardian Action - Aura,0,,3,true,C,C,PEN,PEN023,https://legendstory-production-s3-public.s3.amazonaws.com/media/cards/large/PEN023.webp
7gHjrqppMDhfhF9GTrBbM,Distant Rumbling,2,Guardian,,Deck,Guardian Action - Aura,0,,3,true,C,C,PEN,PEN024,https://legendstory-production-s3-public.s3.amazonaws.com/media/cards/large/PEN024.webp
kKWd9BMLq8LnWhMm7gqN8,Distant Rumbling,3,Guardian,,Deck,Guardian Action - Aura,0,,3,true,C,C,PEN,PEN025,https://legendstory-production-s3-public.s3.amazonaws.com/media/cards/large/PEN025.webp
CBzHmdKBFTmnLKHzWgk86,Disturb the Peace,1,Brute,,Deck,Brute Action - Attack,2,6,3,true,S,S,SUP,SUP130,https://legendstory-production-s3-public.s3.amazonaws.com/media/cards/large/SUP130.webp
mWQtWfkKC6hchJcQ67Mpt,Dive Through Data,1,Mechanologist,,Deck,Mechanologist Action - Attack,1,4,3,true,C,C,AIO|EVO,AIO008,https://legendstory-production-s3-public.s3.amazonaws.com/media/cards/large/AIO008.webp
NBKMt6PPm7WNcWf79B7NQ,Dive Through Data,2,Mechanologist,,Deck,Mechanologist Action - Attack,1,3,3,true,C,C,EVO,EVO190,https://legendstory-production-s3-public.s3.amazonaws.com/media/cards/large/EVO190.webp
q87bjWTPpRz8LHrN8drrd,Dive Through Data,3,Mechanologist,,Deck,Mechanologist Action - Attack,1,2,3,true,C,C,EVO,EVO191,https://legendstory-production-s3-public.s3.amazonaws.com/media/cards/large/EVO191.webp
wBNFNMMLnnBTDczrjjgRH,Divvy Up,3,Pirate,,Deck,Pirate Action,0,,3,true,R,R,SEA,SEA144,https://legendstory-production-s3-public.s3.amazonaws.com/media/cards/large/SEA144.webp
bzkCGg6kcffpBcBhgHrkH,Dodge,3,Generic,,Deck,Generic Defense Reaction,0,,2,true,C,C,RVD,RVD026,https://legendstory-production-s3-public.s3.amazonaws.com/media/cards/large/RVD026.webp
DmQPbpRWTzKJcwKLdB88B,Dominate the Competition,,,,Deck,Event,,,,false,C,C,SMP,SMP023,https://legendstory-production-s3-public.s3.amazonaws.com/media/cards/large/SMP023.webp
hjggcdqWwpwNKCrTBj6J7,Dominia,,Illusionist,Draconic,Deck,Draconic Illusionist - Dragon Ally,,4,,true,M|V,M,UPR,UPR008,https://legendstory-production-s3-public.s3.amazonaws.com/media/cards/large/UPR008_BACK.webp
NmQKTmjkndPjrGGW8bBLk,Donkey,3,Warrior,,Deck,Warrior Attack Reaction,0,,3,true,R|P,R,AOL|FAB|MPW,AOL020,https://legendstory-production-s3-public.s3.amazonaws.com/media/cards/large/AOL020.webp
pgCtKBCMMg6wmhBQHB6Tq,Doomsaying,1,Runeblade,,Deck,Runeblade Action - Aura,0,,3,true,M,M,PEN,PEN097,https://legendstory-production-s3-public.s3.amazonaws.com/media/cards/large/PEN097.webp
w7HdMtLpHDBRNJcKHWHpc,Doomsday,3,,Shadow,Deck,Shadow Instant,0,,,true,L,L,MON,MON189,https://legendstory-production-s3-public.s3.amazonaws.com/media/cards/large/MON189-CF.webp
KGqRPDfRrnPqdj7Cm76fr,Dorinthea,,Warrior,,Hero,Warrior Hero - Young,,,,false,T|C|R|P|V,T,1HP|HER|MPW|SDO|TEA|WTR|XXX,1HP139,https://legendstory-production-s3-public.s3.amazonaws.com/media/cards/large/1HP139.webp
Djhg6DMpCpFHD9rcPNFrN,Dorinthea Ironsong,,Warrior,,Hero,Warrior Hero,,,,true,T|C|P,T,1HP|CRU|HER|TEA|WIN|WTR,1HP138,https://legendstory-production-s3-public.s3.amazonaws.com/media/cards/large/1HP138.webp
NJJCGNjdCFzrjLqGfL6mR,"Dorinthea, Quicksilver Prodigy",,Warrior,,Hero,Warrior Hero - Young,,,,false,B|R|M|P,B,DDD|DVR|HER|MPW,DDD001,https://legendstory-production-s3-public.s3.amazonaws.com/media/cards/large/DDD001.webp
QnFfpGtbFWTWCRjMrJnc7,Double Cross Strap,,Ninja,,Equipment,Ninja Equipment - Chest,,,0,true,R,R,PEN|SFA,PEN031,https://legendstory-production-s3-public.s3.amazonaws.com/media/cards/large/PEN031.webp
8JF8CGqcQRDnGWNBhkhtD,Double Down,1,Guardian|Warrior,,Deck,Guardian / Warrior Action,2,,3,true,M|P,M,FAB|HVY,FAB194,https://legendstory-production-s3-public.s3.amazonaws.com/media/cards/large/FAB194-RF.webp
PrzDDzhJCLMPdrJDzrrpr,Double Strike,1,Ninja,,Deck,Nina Action - Attack,0,1,2,true,M,M,UPR,UPR160,https://legendstory-production-s3-public.s3.amazonaws.com/media/cards/large/UPR160.webp
qHT6BFpP7DTCFHwGz6hDR,Double Trouble,1,Assassin,,Deck,Assassin Action - Attack,0,3,3,true,R,R,MST|NUU,MST112,https://legendstory-production-s3-public.s3.amazonaws.com/media/cards/large/MST112.webp
9dbWPMjhR869wJwCdgh8b,Double Trouble,2,Assassin,,Deck,Assassin Action - Attack,0,2,3,true,R,R,MST,MST113,https://legendstory-production-s3-public.s3.amazonaws.com/media/cards/large/MST113.webp
8r7DqKfDrBG6C8mTDRKN7,Double Trouble,3,Assassin,,Deck,Assassin Action - Attack,0,1,3,true,R,R,MST,MST114,https://legendstory-production-s3-public.s3.amazonaws.com/media/cards/large/MST114.webp
NN9HKRrHF7JDFfnmdRJ6D,Doubling Season,1,,Earth,Deck,Earth Action - Attack,3,0,3,true,R|P,R,GEM|PEN,GEM133,https://legendstory-production-s3-public.s3.amazonaws.com/media/cards/large/GEM133.webp
fGFfbMPbQFn6qKPqCtJdB,Douse in Runeblood,1,Runeblade,,Deck,Runeblade Action - Attack,1,4,3,true,M,M,HNT,HNT254,https://legendstory-production-s3-public.s3.amazonaws.com/media/cards/large/HNT254.webp
HgLNTDb7kMk7MdJrTjn8T,Down and Dirty,1,Generic,,Deck,Generic Action - Attack,2,6,2,true,M,M,OUT,OUT184,https://legendstory-production-s3-public.s3.amazonaws.com/media/cards/large/OUT184.webp
JFKn8JgrMchwh6D6dCQNw,Down But Not Out,1,Generic,,Deck,Generic Action - Attack,3,5,3,true,R,R,HVY|KYO,HVY213,https://legendstory-production-s3-public.s3.amazonaws.com/media/cards/large/HVY213.webp
n6jb6thTHT9TpcTdRjdQm,Down But Not Out,2,Generic,,Deck,Generic Action - Attack,3,4,3,true,R,R,HVY,HVY214,https://legendstory-production-s3-public.s3.amazonaws.com/media/cards/large/HVY214.webp
PCCtHrqDfnnmwFJwMNGDW,Down But Not Out,3,Generic,,Deck,Generic Action - Attack,3,3,3,true,R,R,HVY,HVY215,https://legendstory-production-s3-public.s3.amazonaws.com/media/cards/large/HVY215.webp
8fP9qJWHNqgWf6BgfBqLw,Downswing,1,Warrior,,Deck,Warrior Attack Reaction,0,,3,true,R|P,R,FAB|MPW,FAB485,https://legendstory-production-s3-public.s3.amazonaws.com/media/cards/large/FAB485-RF.webp
KRkW9KqmRwRPQW8LGTKRK,Dr. Mortimer,,Assassin,,Hero,Assassin Hero - Young,,,,false,B|V,B,MPA,MPA003,https://legendstory-production-s3-public.s3.amazonaws.com/media/cards/large/MPA003.webp
TmJKLrtp6fCRtDcWMmRLf,"Dr. Mortimer, Blight of the Pits",,Assassin,,Hero,Assassin Hero,,,,true,M|V,M,AMO|MPA,AMO001,https://legendstory-production-s3-public.s3.amazonaws.com/media/cards/large/AMO001-RF.webp
hRLzQChgG7cPDkkhhC6MM,Draco Fire,1,,Draconic,Deck,Draconic Instant,0,,,true,M,M,OMN,OMN245,https://legendstory-production-s3-public.s3.amazonaws.com/media/cards/large/OMN245.webp
78FGMN9nn9QR9FDzC9z68,Dracona Optimai,,Illusionist,Draconic,Deck,Draconic Illusionist - Dragon Ally,,6,,true,M|V,M,UPR,UPR006,https://legendstory-production-s3-public.s3.amazonaws.com/media/cards/large/UPR006_BACK.webp
fBWjpTwLWrMWRRwdbztRd,Drag Down,1,Generic,,Deck,Generic Defense Reaction,0,,0,true,C|P,C,FAB|PEN|SLY,FAB442,https://legendstory-production-s3-public.s3.amazonaws.com/media/cards/large/FAB442-RF.webp
BWzDHWcRKC7nLCnT9NWnb,Drag Down,2,Generic,,Deck,Generic Defense Reaction,0,,0,true,C,C,PEN,PEN332,https://legendstory-production-s3-public.s3.amazonaws.com/media/cards/large/PEN332.webp
QCKRPnMGTCBhwWKN68hmr,Drag Down,3,Generic,,Deck,Generic Defense Reaction,0,,0,true,C,C,PEN,PEN333,https://legendstory-production-s3-public.s3.amazonaws.com/media/cards/large/PEN333.webp
QGp9LdRwfGKzQnpHrbJtN,Dragon Power,1,Ninja,,Deck,Ninja Action - Attack,1,4,3,true,R,R,HNT,HNT077,https://legendstory-production-s3-public.s3.amazonaws.com/media/cards/large/HNT077.webp
H9JwchwDzHrRr8Ldkwwtw,Dragon Power,2,Ninja,,Deck,Ninja Action - Attack,1,3,3,true,R,R,HNT,HNT078,https://legendstory-production-s3-public.s3.amazonaws.com/media/cards/large/HNT078.webp
dbTzPk8nMMBcPzTnnnDRk,Dragon Power,3,Ninja,,Deck,Ninja Action - Attack,1,2,3,true,R,R,CIN|HNT|SFA,CIN023,https://legendstory-production-s3-public.s3.amazonaws.com/media/cards/large/CIN023.webp
nFBgGfC6HwTwNFCgmnCRn,Dragons of Legend,,,,Deck,Invocation Placeholder Card,,,,true,T,T,UPR,UPR225,https://legendstory-production-s3-public.s3.amazonaws.com/media/cards/large/UPR225.webp
Tn6HrNTBn7GQJt8pGTLwQ,Dragonscaler Flight Path,,,Draconic,Equipment,Draconic Equipment - Legs,,,1,true,P|L,P,FAB|HNT,FAB290,https://legendstory-production-s3-public.s3.amazonaws.com/media/cards/large/FAB290-GF.webp
hwD7gkp8L8WgQjjdGPdtD,Dramatic Pause,1,Guardian,,Deck,Guardian Instant - Aura,0,,,true,C|P,C,LGS|SUP,LGS436,https://legendstory-production-s3-public.s3.amazonaws.com/media/cards/large/LGS436-CF.webp
RGWMn6WwnDpnmB7HHB7jz,Dramatic Pause,2,Guardian,,Deck,Guardian Instant - Aura,0,,,true,C,C,SUP,SUP199,https://legendstory-production-s3-public.s3.amazonaws.com/media/cards/large/SUP199.webp
pQNwNwRMwLPkfq96NB7GP,Dramatic Pause,3,Guardian,,Deck,Guardian Instant - Aura,0,,,true,C,C,SUP,SUP200,https://legendstory-production-s3-public.s3.amazonaws.com/media/cards/large/SUP200.webp
tfzkkkrLtW9kkWFjpPLQP,Draw a Crowd,3,Guardian,,Deck,Guardian Action - Aura,2,,3,true,R|P,R,LGS|MPG,LGS389,https://legendstory-production-s3-public.s3.amazonaws.com/media/cards/large/LGS389-RF.webp
L9p7KwzTpjnpPGqjnDgqn,Draw Back the Hammer,1,Mechanologist,,Deck,Mechanologist Action,1,,2,true,C,C,SEA,SEA039,https://legendstory-production-s3-public.s3.amazonaws.com/media/cards/large/SEA039.webp
bnCP8zG8wBkghLtnppFqw,Draw Swords,1,Warrior,,Deck,Warrior Action,3,,3,true,C,C,HVY|KSI,HVY121,https://legendstory-production-s3-public.s3.amazonaws.com/media/cards/large/HVY121.webp
kNBgrQWKRDrDb97mWjKpz,Draw Swords,2,Warrior,,Deck,Warrior Action,3,,3,true,C,C,HVY|KSI,HVY122,https://legendstory-production-s3-public.s3.amazonaws.com/media/cards/large/HVY122.webp
fbfLBzMKtdBhJDLbBrPtg,Draw Swords,3,Warrior,,Deck,Warrior Action,3,,3,true,C,C,HVY|KSI,HVY123,https://legendstory-production-s3-public.s3.amazonaws.com/media/cards/large/HVY123.webp
P9zCBnmGGJLqgH79R89Br,Drawing Dead,2,Warrior,,Deck,Warrior Attack Reaction,0,,3,true,R|P,R,AOL|FAB|MPW,AOL017,https://legendstory-production-s3-public.s3.amazonaws.com/media/cards/large/AOL017.webp
bcRQrmgfTf9JdHgHJJNNT,Drawn to the Blade,2,Warrior,,Deck,Warrior Action,0,,3,true,M,M,MPW,MPW030,https://legendstory-production-s3-public.s3.amazonaws.com/media/cards/large/MPW030.webp
FWdhrBqFCH9nqqmRGPcTL,Drawn to the Dark Dimension,1,Runeblade,,Deck,Runeblade Action - Attack,2,3,3,true,C,C,ARC|AVS,ARC097,https://legendstory-production-s3-public.s3.amazonaws.com/media/cards/large/ARC097.webp
fDnDDNRg7WC6tfmFgz9LC,Drawn to the Dark Dimension,2,Runeblade,,Deck,Runeblade Action - Attack,2,2,3,true,C,C,ARC,ARC098,https://legendstory-production-s3-public.s3.amazonaws.com/media/cards/large/ARC098.webp
PMm7cqpbBL7wGwbqcqMcz,Drawn to the Dark Dimension,3,Runeblade,,Deck,Runeblade Action - Attack,2,1,3,true,C,C,ARC,ARC099,https://legendstory-production-s3-public.s3.amazonaws.com/media/cards/large/ARC099.webp
p76hRkCFwWPHGjzNmD9PP,Dread Screamer,1,Brute,Shadow,Deck,Shadow Brute Action - Attack,2,6,3,true,C,C,LEV|MON,LEV011,https://legendstory-production-s3-public.s3.amazonaws.com/media/cards/large/LEV011.webp
c7FDjdpBGckCWwFJJBqFK,Dread Screamer,2,Brute,Shadow,Deck,Shadow Brute Action - Attack,2,5,3,true,C,C,MON,MON142,https://legendstory-production-s3-public.s3.amazonaws.com/media/cards/large/MON142.webp
9DfC6LTGhFKkzPTfnGMGg,Dread Screamer,3,Brute,Shadow,Deck,Shadow Brute Action - Attack,2,4,3,true,C,C,LEV|MON,LEV021,https://legendstory-production-s3-public.s3.amazonaws.com/media/cards/large/LEV021.webp
cpF9wnTcmHLtGWND7hbKF,Dread Scythe,,Runeblade,,Weapon,Runeblade Weapon - Scythe (2H),,3,,true,M|P,M,FAB|MON,FAB255,https://legendstory-production-s3-public.s3.amazonaws.com/media/cards/large/FAB255-GF.webp
HtQhWhjqqqtPNWbzNPjPf,Dread Triptych,3,Runeblade,,Deck,Runeblade Action - Attack,3,4,3,true,M,M,1HP|CRU,1HP266,https://legendstory-production-s3-public.s3.amazonaws.com/media/cards/large/1HP266.webp
7WhjMkMzcRQ9M7cpzFcpH,Dreadbore,,Ranger,,Weapon,Ranger Weapon - Bow (2H),,,,true,M,M,EVR,EVR087,https://legendstory-production-s3-public.s3.amazonaws.com/media/cards/large/EVR087.webp
CQbkJKNDtz8TkbPcb6hbF,Dream Weavers,,Illusionist,,Equipment,Illusionist Equipment - Arms,,,0,true,C,C,MON|PSM,MON090,https://legendstory-production-s3-public.s3.amazonaws.com/media/cards/large/MON090.webp
6GbtFTnH86TCFdKLMdrPk,Driftwood Quiver,,Ranger,,Equipment,Ranger Equipment - Quiver,,,,true,T|C|P,T,LGS|OUT|RIP,LGS137,https://legendstory-production-s3-public.s3.amazonaws.com/media/cards/large/LGS137-CF.webp
fjQhNWhnfzCbn8L9d8gjT,Drill Shot,1,Ranger,,Deck,Ranger Action - Arrow Attack,0,4,3,true,R,R,AAZ|DYN|SAZ,AAZ010,https://legendstory-production-s3-public.s3.amazonaws.com/media/cards/large/AAZ010.webp
cCncrjr8QBWBmQRnwjPdp,Drill Shot,2,Ranger,,Deck,Ranger Action - Arrow Attack,0,3,3,true,R,R,DYN,DYN157,https://legendstory-production-s3-public.s3.amazonaws.com/media/cards/large/DYN157.webp
gK8d8WKtqrRJKcNhff8Md,Drill Shot,3,Ranger,,Deck,Ranger Action - Arrow Attack,0,2,3,true,R,R,DYN,DYN158,https://legendstory-production-s3-public.s3.amazonaws.com/media/cards/large/DYN158.webp
G9mhTdpGKD9kzDnBtgdkP,Drink 'Em Under the Table,1,Guardian,,Deck,Guardian Action - Attack,4,8,3,true,M,M,ROS,ROS244,https://legendstory-production-s3-public.s3.amazonaws.com/media/cards/large/ROS244.webp
GH7npwLtcpTqqpKRzdnNg,Drinking Buddy,1,Generic,,Deck,Generic Action - Attack,2,6,3,true,P,P,LSS,LSS023,https://legendstory-production-s3-public.s3.amazonaws.com/media/cards/large/LSS023-RF.webp
GjBLFNBbqRDNHcgKcFnnP,Drive Brake,,Mechanologist,,Equipment,Mechanologist Equipment - Legs,,,1,true,M|P,M,AMX|JDG,AMX006,https://legendstory-production-s3-public.s3.amazonaws.com/media/cards/large/AMX006-RF.webp
gDcKMbmQqDqD6mkWBTqq8,Driving Blade,1,Warrior,,Deck,Warrior Action,2,,3,true,C,C,1HP|MPW|TEA|WTR,1HP171,https://legendstory-production-s3-public.s3.amazonaws.com/media/cards/large/1HP171.webp
RLjzjPgc67fWrMNjjLtBm,Driving Blade,2,Warrior,,Deck,Warrior Action,2,,3,true,C,C,1HP|DVR|WTR,1HP172,https://legendstory-production-s3-public.s3.amazonaws.com/media/cards/large/1HP172.webp
N7zmTD6zCgLQQzqWg8fgQ,Driving Blade,3,Warrior,,Deck,Warrior Action,2,,3,true,C,C,1HP|TEA|WTR,1HP173,https://legendstory-production-s3-public.s3.amazonaws.com/media/cards/large/1HP173.webp
Dz6FcRBNMFdBt9fJPMB7d,Dromai,,Illusionist,Draconic,Hero,Draconic Illusionist Hero - Young,,,,false,T|R|P|V,T,DRO|HER|PEN|UPR,DRO001,https://legendstory-production-s3-public.s3.amazonaws.com/media/cards/large/DRO001-RF.webp
PrJkWBKNgtNdzhqhWLGFw,"Dromai, Ash Artist",,Illusionist,Draconic,Hero,Draconic Illusionist Hero,,,,true,T|P,T,HER|UPR|WIN,HER059,https://legendstory-production-s3-public.s3.amazonaws.com/media/cards/large/HER059-CF.webp
9bQFfTFGQWJFWrcJnfQgz,Drone of Brutality,1,Generic,,Deck,Generic Action - Attack,2,6,2,true,R|P,R,JDG|RNR|WTR,JDG023,https://legendstory-production-s3-public.s3.amazonaws.com/media/cards/large/JDG023-CF.webp
Nhmj8MBNCmWFC68JkhkNC,Drone of Brutality,2,Generic,,Deck,Generic Action - Attack,2,5,2,true,R,R,WTR,WTR165,https://legendstory-production-s3-public.s3.amazonaws.com/media/cards/large/WTR165.webp
hJt6FwT8mhQbcWQLzgHMT,Drone of Brutality,3,Generic,,Deck,Generic Action - Attack,2,4,2,true,R,R,BVO|WTR,BVO025,https://legendstory-production-s3-public.s3.amazonaws.com/media/cards/large/BVO025.webp
pBTGtg7LJbjTBWDGQDknH,Drop of Dragon Blood,1,,Draconic,Deck,Draconic Instant,2,,,true,R,R,HNT,HNT155,https://legendstory-production-s3-public.s3.amazonaws.com/media/cards/large/HNT155.webp
nzhkqMtnDtP7HP8NRWpTP,Drop the Anchor,1,Ranger,,Deck,Ranger Action,0,,2,true,R,R,SAZ|SEA,SAZ021,https://legendstory-production-s3-public.s3.amazonaws.com/media/cards/large/SAZ021.webp
gzdhT8FLprLrfPNCdNtR7,Droplet,3,,Mystic,Deck,Mystic Action - Attack,0,2,2,true,C,C,MST,MST087,https://legendstory-production-s3-public.s3.amazonaws.com/media/cards/large/MST087.webp
rB8rmFM8LLnw7BNFPbNtW,Drowning Dire,1,Runeblade,,Deck,Runeblade Action - Attack,2,5,3,true,C,C,EVR,EVR110,https://legendstory-production-s3-public.s3.amazonaws.com/media/cards/large/EVR110.webp
8C6bzbM9ffCRDrLP8H9hg,Drowning Dire,2,Runeblade,,Deck,Runeblade Action - Attack,2,4,3,true,C,C,EVR,EVR111,https://legendstory-production-s3-public.s3.amazonaws.com/media/cards/large/EVR111.webp
GhDWNg68bbPjPMPcGfK7Q,Drowning Dire,3,Runeblade,,Deck,Runeblade Action - Attack,2,3,3,true,C,C,EVR,EVR112,https://legendstory-production-s3-public.s3.amazonaws.com/media/cards/large/EVR112.webp
c98tqCFBpDpkCNbkkT8mg,Dry Powder Shot,1,Ranger,,Deck,Ranger Action - Arrow Attack,0,3,3,true,C|P,C,GEM|SAZ|SEA,GEM059,https://legendstory-production-s3-public.s3.amazonaws.com/media/cards/large/GEM059.webp
FnPjLR9FPNJzBcJpCf8mQ,Dual Threat,2,Generic,,Deck,Generic Action,0,,3,true,M,M,HNT,HNT223,https://legendstory-production-s3-public.s3.amazonaws.com/media/cards/large/HNT223.webp
d8Hz9pLqTcWgzGG6WD6Gz,Duelist Gauntlets,,Warrior,,Equipment,Warrior Equipment - Arms,,,1,true,C,C,MPW,MPW015,https://legendstory-production-s3-public.s3.amazonaws.com/media/cards/large/MPW015.webp
FttqpkcRJMrzDTmzGGhBC,Dumpster Dive,1,Mechanologist,,Deck,Mechanologist Action - Attack,1,4,3,true,C,C,EVO,EVO195,https://legendstory-production-s3-public.s3.amazonaws.com/media/cards/large/EVO195.webp
NwfNrcDCKznDRKzdbcpTP,Dumpster Dive,2,Mechanologist,,Deck,Mechanologist Action - Attack,1,3,3,true,C,C,EVO,EVO196,https://legendstory-production-s3-public.s3.amazonaws.com/media/cards/large/EVO196.webp
nbJdjHJjHRjNNQhdpCrDF,Dumpster Dive,3,Mechanologist,,Deck,Mechanologist Action - Attack,1,2,3,true,C,C,EVO,EVO197,https://legendstory-production-s3-public.s3.amazonaws.com/media/cards/large/EVO197.webp
RFF6Bj8MJNDJLQG9kkpq8,Dunebreaker Cenipai,1,Illusionist,Draconic,Deck,Draconic Illusionist Action - Attack,1,5,3,true,C,C,DRO|UPR,DRO015,https://legendstory-production-s3-public.s3.amazonaws.com/media/cards/large/DRO015.webp
C89BtPGzhFfFBmBtLPJw7,Dunebreaker Cenipai,2,Illusionist,Draconic,Deck,Draconic Illusionist Action - Attack,1,4,3,true,C,C,UPR,UPR022,https://legendstory-production-s3-public.s3.amazonaws.com/media/cards/large/UPR022.webp
MhjRwG9PN8QWqkr7bnTHH,Dunebreaker Cenipai,3,Illusionist,Draconic,Deck,Draconic Illusionist Action - Attack,1,3,3,true,C,C,UPR,UPR023,https://legendstory-production-s3-public.s3.amazonaws.com/media/cards/large/UPR023.webp
gzLPbbGKHBB9fKJdkGdJg,Durendal,,Warrior,,Weapon,Warrior Weapon - Sword (2H),,3,,true,M|V,M,MPW,MPW008,https://legendstory-production-s3-public.s3.amazonaws.com/media/cards/large/MPW008.webp
kPfFLfQ8phzz6tpjd9gMb,Dusk Path Pilgrimage,1,Warrior,,Deck,Warrior Action,1,,3,true,R|P,R,BOL|LGS|MON|MPW,BOL029,https://legendstory-production-s3-public.s3.amazonaws.com/media/cards/large/BOL029.webp
GwqcBWBWfNQkW8tzBhfLc,Dusk Path Pilgrimage,2,Warrior,,Deck,Warrior Action,1,,3,true,R|P,R,LGS|MON,LGS061,https://legendstory-production-s3-public.s3.amazonaws.com/media/cards/large/LGS061-RF.webp
ntr99CMKDbhqRkBRFMbJN,Dusk Path Pilgrimage,3,Warrior,,Deck,Warrior Action,1,,3,true,R|P,R,LGS|MON,LGS062,https://legendstory-production-s3-public.s3.amazonaws.com/media/cards/large/LGS062-RF.webp
HkDzFgnhCBGn6K9w7RWtC,Duskblade,,Runeblade,,Weapon,Runeblade Weapon - Sword (2H),,2,,true,M,M,ELE,ELE223,https://legendstory-production-s3-public.s3.amazonaws.com/media/cards/large/ELE223.webp
NJkbhctpNJqK9FRDBmzKr,Dust from Stillwater Shrine,1,Illusionist,Draconic|Ash,Deck,Draconic Illusionist Action - Ash,0,,3,true,M,M,MST,MST235,https://legendstory-production-s3-public.s3.amazonaws.com/media/cards/large/MST235.webp
KLL7GmCb6Pb9bQqmbm7Nw,Dust from the Chrome Caverns,1,Illusionist,Draconic|Ash,Deck,Draconic Illusionist Action - Ash,0,,3,true,M,M,EVO,EVO246,https://legendstory-production-s3-public.s3.amazonaws.com/media/cards/large/EVO246.webp
JC99fDzqfnbBCGkMCRhtw,Dust from the Fertile Fields,1,Illusionist,Draconic|Ash,Deck,Draconic Illusionist Action - Ash,0,,3,true,M,M,ROS,ROS252,https://legendstory-production-s3-public.s3.amazonaws.com/media/cards/large/ROS252.webp
KfcLhpjL6Jc6Mr8WTQMdn,Dust from the Golden Plains,1,Illusionist,Draconic|Ash,Deck,Draconic Illusionist Action - Ash,0,,3,true,M,M,DYN,DYN002,https://legendstory-production-s3-public.s3.amazonaws.com/media/cards/large/DYN002.webp
Gq8F9nHbQ6N8rrPzdhJzn,Dust from the Red Desert,1,Illusionist,Draconic|Ash,Deck,Draconic Illusionist Action - Ash,0,,3,true,M,M,DYN,DYN003,https://legendstory-production-s3-public.s3.amazonaws.com/media/cards/large/DYN003.webp
zKQg9cTc7WMNdRbq6pwRk,Dust from the Shadow Crypts,1,Illusionist,Draconic|Ash,Deck,Draconic Illusionist Action - Ash,0,,3,true,M,M,DYN,DYN004,https://legendstory-production-s3-public.s3.amazonaws.com/media/cards/large/DYN004.webp
w9NMmfttRBHm6fwjHhQbk,Dust Runner Outlaw,1,Ninja,Draconic,Deck,Draconic Ninja Action - Attack,1,4,2,true,C,C,CIN|FAI|HNT|UPR,CIN011,https://legendstory-production-s3-public.s3.amazonaws.com/media/cards/large/CIN011.webp
m6TdpWNzf8mTDPrMNbN9q,Dust Runner Outlaw,2,Ninja,Draconic,Deck,Draconic Ninja Action - Attack,1,3,2,true,C,C,UPR,UPR067,https://legendstory-production-s3-public.s3.amazonaws.com/media/cards/large/UPR067.webp
JjcbfdJBzNznwtrHkDN98,Dust Runner Outlaw,3,Ninja,Draconic,Deck,Draconic Ninja Action - Attack,1,2,2,true,C,C,FAI|UPR,FAI024,https://legendstory-production-s3-public.s3.amazonaws.com/media/cards/large/FAI024.webp
kzcjwdh7jFzjBtQTp66Dz,Dustup,1,Illusionist,Draconic,Deck,Draconic Illusionist Action - Attack,0,4,3,true,C,C,DRO|UPR,DRO014,https://legendstory-production-s3-public.s3.amazonaws.com/media/cards/large/DRO014.webp
HkTf6CPMRKgDkntFLngDg,Dustup,2,Illusionist,Draconic,Deck,Draconic Illusionist Action - Attack,0,3,3,true,C,C,UPR,UPR025,https://legendstory-production-s3-public.s3.amazonaws.com/media/cards/large/UPR025.webp
t9JLzLpkTqwMQmzjkcDG8,Dustup,3,Illusionist,Draconic,Deck,Draconic Illusionist Action - Attack,0,2,3,true,C,C,UPR,UPR026,https://legendstory-production-s3-public.s3.amazonaws.com/media/cards/large/UPR026.webp
gL8GpcfbDWqpFLBdnmHzp,Duty Bound Blitz,1,,Light,Deck,Light Action - Attack,0,5,2,true,C|P,C,GEM|PEN|SBL,GEM136,https://legendstory-production-s3-public.s3.amazonaws.com/media/cards/large/GEM136.webp
MgpKjPckTnKBCqnGHmTGc,Duty Bound Blitz,2,,Light,Deck,Light Action - Attack,0,4,2,true,C,C,PEN|SBL,PEN184,https://legendstory-production-s3-public.s3.amazonaws.com/media/cards/large/PEN184.webp
GbCfBtMKHCHWhffJQhfnC,Duty Bound Blitz,3,,Light,Deck,Light Action - Attack,0,3,2,true,C,C,PEN,PEN185,https://legendstory-production-s3-public.s3.amazonaws.com/media/cards/large/PEN185.webp
C7NCzqwTbKtcQKjwHRzBK,Dyadic Carapace,,Runeblade,,Equipment,Runeblade Equipment - Chest,,,2,true,P|L,P,DTD|FAB|GEM,DTD211,https://legendstory-production-s3-public.s3.amazonaws.com/media/cards/large/DTD211-RF.webp
6DFGcBD8MKkJmGmFLwQbc,Dyed Silk Sleeves,,Ninja,,Equipment,Ninja Equipment - Arms,,,1,true,R,R,PEN,PEN032,https://legendstory-production-s3-public.s3.amazonaws.com/media/cards/large/PEN032.webp
tbfnpFfBddccMGLcDNbJC,Dynastic Dedication,1,Warrior,Draconic,Deck,Draconic Warrior Attack Reaction,2,,2,true,C,C,FNG|HNT,FNG011,https://legendstory-production-s3-public.s3.amazonaws.com/media/cards/large/FNG011.webp
HPN7nhMQcqfdzzkQh6TjB,Dynastic Diadem,,,Draconic,Equipment,Draconic Equipment - Head,,,1,true,M|P,M,FAB|PEN,FAB412,https://legendstory-production-s3-public.s3.amazonaws.com/media/cards/large/FAB412-GF.webp
hCkjMgHBTtbPccM6FfKmL,Earth Form,1,,Earth,Deck,Earth Action - Attack,3,7,2,true,R|P,R,AJV|LGS|ROS,AJV009,https://legendstory-production-s3-public.s3.amazonaws.com/media/cards/large/AJV009.webp
rbDcWtf9Dm6L9wrBj7Cnz,Earth Form,2,,Earth,Deck,Earth Action - Attack,3,6,2,true,R,R,ROS,ROS037,https://legendstory-production-s3-public.s3.amazonaws.com/media/cards/large/ROS037.webp
wrkDkLdGhJjTfPGzr68wM,Earth Form,3,,Earth,Deck,Earth Action - Attack,3,5,2,true,R,R,FLR|ROS,FLR021,https://legendstory-production-s3-public.s3.amazonaws.com/media/cards/large/FLR021.webp
dd7RLKpk8jcWcN8JdQQDW,Earth's Embrace,3,,Earth,Deck,Earth Action - Aura,1,,2,true,M,M,ROS,ROS034,https://legendstory-production-s3-public.s3.amazonaws.com/media/cards/large/ROS034.webp
qCwM6LGq87rrqGQFk8rKG,Earthlore Bounty,,Guardian,,Equipment,Guardian Equipment - Chest,,,2,true,M|P,M,EVR|FAB,EVR020,https://legendstory-production-s3-public.s3.amazonaws.com/media/cards/large/EVR020.webp
pMKqgFjgdR8rmMKpdjP7q,Earthlore Empowerment,1,Guardian,,Deck,Guardian Action - Aura,3,,3,true,C,C,TCC,TCC038,https://legendstory-production-s3-public.s3.amazonaws.com/media/cards/large/TCC038.webp
gdK9Qh67JW8FkFB6MWPrC,Earthlore Empowerment,2,Guardian,,Deck,Guardian Action - Aura,3,,3,true,C,C,TCC,TCC043,https://legendstory-production-s3-public.s3.amazonaws.com/media/cards/large/TCC043.webp
cmFpRgfCJfJWFWPBgc7dw,Earthlore Surge,1,,Earth,Deck,Earth Action,2,,2,true,C,C,BRI|ELE,BRI019,https://legendstory-production-s3-public.s3.amazonaws.com/media/cards/large/BRI019.webp
NBgwrrNmgPfftdLjbRMfm,Earthlore Surge,2,,Earth,Deck,Earth Action,2,,2,true,C,C,ELE,ELE138,https://legendstory-production-s3-public.s3.amazonaws.com/media/cards/large/ELE138.webp
j9QzcDTJGBRJgntCrH88m,Earthlore Surge,3,,Earth,Deck,Earth Action,2,,2,true,C,C,BRI|ELE|OLD,BRI024,https://legendstory-production-s3-public.s3.amazonaws.com/media/cards/large/BRI024.webp
zC8NQNnj7RpgrR7LzKRmz,Ebbing Arcstride,1,Illusionist,Lightning,Deck,Lightning Illusionist Action - Attack,0,5,3,true,C|P,C,AZS|GEM|OMN,AZS008,https://legendstory-production-s3-public.s3.amazonaws.com/media/cards/large/AZS008.webp
HMqtjHBBrQMRpRGjkcPpD,Ebbing Arcstride,2,Illusionist,Lightning,Deck,Lightning Illusionist Action - Attack,0,4,3,true,C,C,OMN,OMN019,https://legendstory-production-s3-public.s3.amazonaws.com/media/cards/large/OMN019.webp
6HPNkbgGwRmTbRWQ7bmPf,Ebbing Arcstride,3,Illusionist,Lightning,Deck,Lightning Illusionist Action - Attack,0,3,3,true,C,C,AZS|OMN,AZS022,https://legendstory-production-s3-public.s3.amazonaws.com/media/cards/large/AZS022.webp
RKDPjzdGtKWMQnNcHBdF8,Ebon Fold,,,Shadow,Equipment,Shadow Equipment - Head,,,0,true,C|P,C,CHN|FAB|LEV|MON,CHN004,https://legendstory-production-s3-public.s3.amazonaws.com/media/cards/large/CHN004.webp
P8KtKdKjn8HN6rLmckJkP,Echo Casque,,Brute,,Equipment,Brute Equipment - Head,,,1,true,R,R,ARR,ARR003,https://legendstory-production-s3-public.s3.amazonaws.com/media/cards/large/ARR003-RF.webp
wzqz9DGw687RGfqhgBPBm,Echoflash,2,Wizard,Lightning,Deck,Lightning Wizard Instant,1,,,true,M,M,OMN,OMN099,https://legendstory-production-s3-public.s3.amazonaws.com/media/cards/large/OMN099.webp
wJcJBPNg8mD6m9778FnLn,Eclectic Magnetism,1,,Lightning,Deck,Lightning Action - Attack,1,5,3,true,M,M,ROS,ROS075,https://legendstory-production-s3-public.s3.amazonaws.com/media/cards/large/ROS075.webp
PDHFDfPrn8TwBGw6h7cFr,Eclipse,3,,Shadow,Deck,Shadow Instant,0,,,true,L,L,MON,MON190,https://legendstory-production-s3-public.s3.amazonaws.com/media/cards/large/MON190-CF.webp
mJGB9zwRwKTg7zhpbPRnP,Eclipse Existence,3,,Shadow,Deck,Shadow Instant,0,,,true,C|P,C,LGS|MON,LGS045,https://legendstory-production-s3-public.s3.amazonaws.com/media/cards/large/LGS045-CF.webp
J8WjCNLBmFtppjBfWqjtW,Edge Ahead,1,Warrior,,Deck,Warrior Action,1,,3,true,C,C,HVY|OLA,HVY124,https://legendstory-production-s3-public.s3.amazonaws.com/media/cards/large/HVY124.webp
c6GzLGmQpLLQHMqQBLRNz,Edge Ahead,2,Warrior,,Deck,Warrior Action,1,,3,true,C,C,HVY|OLA,HVY125,https://legendstory-production-s3-public.s3.amazonaws.com/media/cards/large/HVY125.webp
mPWjQbHQmbd8nr8jWdhJH,Edge Ahead,3,Warrior,,Deck,Warrior Action,1,,3,true,C,C,HVY|OLA,HVY126,https://legendstory-production-s3-public.s3.amazonaws.com/media/cards/large/HVY126.webp
hc9pkdhJ9qW6H7grMcjCR,Edge Laden Plate,,Warrior,,Equipment,Warrior Equipment - Chest,,,1,true,C,C,MPW,MPW014,https://legendstory-production-s3-public.s3.amazonaws.com/media/cards/large/MPW014.webp
FfRMHD8fbLP7FjLJdmbtM,Edge of Autumn,,Ninja,,Weapon,Ninja Weapon - Sword (2H),,1,,true,R|P,R,1HP|ASR|CRU|FAB|IRA|TCC,1HP090,https://legendstory-production-s3-public.s3.amazonaws.com/media/cards/large/1HP090.webp
KGkThWpJmzJc6hDrhhCbH,Edge of Their Seats,1,Guardian,,Deck,Guardian Instant - Aura,3,,3,true,C|P,C,APS|LGS|SLY|SUP,APS012,https://legendstory-production-s3-public.s3.amazonaws.com/media/cards/large/APS012.webp
gKQCQDMCGjNqJJDzQ8tbR,Edge of Their Seats,2,Guardian,,Deck,Guardian Instant - Aura,3,,3,true,C,C,SUP,SUP202,https://legendstory-production-s3-public.s3.amazonaws.com/media/cards/large/SUP202.webp
MTjzGdRDGRGGqHmpn6zCH,Edge of Their Seats,3,Guardian,,Deck,Guardian Instant - Aura,3,,3,true,C,C,APS|SBR|SLY|SUP,APS023,https://legendstory-production-s3-public.s3.amazonaws.com/media/cards/large/APS023.webp
wKQrdNKc6tbpWbGfNDtcn,Edict of Steel,1,Warrior,,Deck,Warrior Action,0,,3,true,C,C,AHA|MPW|SBL,AHA012,https://legendstory-production-s3-public.s3.amazonaws.com/media/cards/large/AHA012.webp
mTCJbPqB8m8hRTcQCHD7t,Edict of Steel,2,Warrior,,Deck,Warrior Action,0,,3,true,C,C,AHA|MPW,AHA017,https://legendstory-production-s3-public.s3.amazonaws.com/media/cards/large/AHA017.webp
j8LdzKwQwGdHJffPKcntM,Edict of Steel,3,Warrior,,Deck,Warrior Action,0,,3,true,C,C,AHA|MPW,AHA022,https://legendstory-production-s3-public.s3.amazonaws.com/media/cards/large/AHA022.webp
6KnWFFJk9CkMRMMc8LJ8n,Eirina's Prayer,1,Generic,,Deck,Generic Instant,1,,,true,R,R,1HP|ARC,1HP384,https://legendstory-production-s3-public.s3.amazonaws.com/media/cards/large/1HP384.webp
kmz8jrQKpgQbqpTJFzJ6N,Eirina's Prayer,2,Generic,,Deck,Generic Instant,1,,,true,R,R,1HP|ARC,1HP385,https://legendstory-production-s3-public.s3.amazonaws.com/media/cards/large/1HP385.webp
CMGR6k8cP8rmnMww6JrKK,Eirina's Prayer,3,Generic,,Deck,Generic Instant,1,,,true,R,R,1HP|ARC,1HP386,https://legendstory-production-s3-public.s3.amazonaws.com/media/cards/large/1HP386.webp
M666bDwLtczKGLB7cMfkT,Electrify,1,,Lightning,Deck,Lightning Action,1,,2,true,C,C,ELE|LXI,ELE198,https://legendstory-production-s3-public.s3.amazonaws.com/media/cards/large/ELE198.webp
LqMR9rC9RfztPzqRkhDgB,Electrify,2,,Lightning,Deck,Lightning Action,1,,2,true,C,C,BRI|ELE,BRI030,https://legendstory-production-s3-public.s3.amazonaws.com/media/cards/large/BRI030.webp
67HPjqjK7wtjKtnHL8zwb,Electrify,3,,Lightning,Deck,Lightning Action,1,,2,true,C|P,C,ELE|FAB|LXI,ELE200,https://legendstory-production-s3-public.s3.amazonaws.com/media/cards/large/ELE200.webp
rh8QMDbW9nkbWFwtJhcqQ,Electrolyze,1,,Lightning,Deck,Lightning Action - Attack,1,4,0,true,C|P,C,GEM|OMN,GEM171,https://legendstory-production-s3-public.s3.amazonaws.com/media/cards/large/GEM171.webp
mkwdBRzRGWTQzwwJzqRbG,Electrolyze,2,,Lightning,Deck,Lightning Action - Attack,1,3,0,true,C,C,OMN,OMN164,https://legendstory-production-s3-public.s3.amazonaws.com/media/cards/large/OMN164.webp
wmn7GbbMWqtGtTpqBk6QF,Electrolyze,3,,Lightning,Deck,Lightning Action - Attack,1,2,0,true,C,C,OMN,OMN165,https://legendstory-production-s3-public.s3.amazonaws.com/media/cards/large/OMN165.webp
BM6cWKkWT7zRBLb7P77pg,Electromagnetic Somersault,1,,Lightning,Deck,Lightning Instant,0,,,true,R,R,AST|ROS,AST019,https://legendstory-production-s3-public.s3.amazonaws.com/media/cards/large/AST019.webp
dGtzm9PwqTkFGcJwFNzPM,Electromagnetic Somersault,2,,Lightning,Deck,Lightning Instant,0,,,true,R,R,ROS,ROS086,https://legendstory-production-s3-public.s3.amazonaws.com/media/cards/large/ROS086.webp
TjdM8c7NpJjpjdLDbt7KG,Electromagnetic Somersault,3,,Lightning,Deck,Lightning Instant,0,,,true,R,R,ROS,ROS087,https://legendstory-production-s3-public.s3.amazonaws.com/media/cards/large/ROS087.webp
NFLNtzkpfQDgdPkHfjknf,Electrostatic Discharge,1,,Lightning,Deck,Lightning Instant,0,,,true,C|P,C,AST|AUA|LGS|OSC|ROS,AST020,https://legendstory-production-s3-public.s3.amazonaws.com/media/cards/large/AST020.webp
gMQ9qN89b76Fz9CwfBf6q,Electrostatic Discharge,2,,Lightning,Deck,Lightning Instant,0,,,true,C|P,C,LGS|ROS,LGS348,https://legendstory-production-s3-public.s3.amazonaws.com/media/cards/large/LGS348-RF.webp
D6DtJ7kmNcPBMHWrghGTj,Electrostatic Discharge,3,,Lightning,Deck,Lightning Instant,0,,,true,C|P,C,AUA|LGS|ROS,AUA024,https://legendstory-production-s3-public.s3.amazonaws.com/media/cards/large/AUA024.webp
CKGFjmKNk6mhMHThPGmK6,Electryn Joltstep,1,Runeblade,Lightning,Deck,Lightning Runeblade Action,1,,3,true,C|P,C,GEM|OMN,GEM154,https://legendstory-production-s3-public.s3.amazonaws.com/media/cards/large/GEM154.webp
7DnnzwcQQQbdHtcDJ9PJG,Electryn Joltstep,2,Runeblade,Lightning,Deck,Lightning Runeblade Action,1,,3,true,C,C,OMN,OMN081,https://legendstory-production-s3-public.s3.amazonaws.com/media/cards/large/OMN081.webp
GmwDh7pgHwFkGnTTKCL9W,Electryn Joltstep,3,Runeblade,Lightning,Deck,Lightning Runeblade Action,1,,3,true,C,C,OMN,OMN082,https://legendstory-production-s3-public.s3.amazonaws.com/media/cards/large/OMN082.webp
BBj7tdpTkLpgrhCrq9qRh,Electryn Mindmeld,2,Runeblade,Lightning,Deck,Lightning Runeblade Action - Attack,1,3,3,true,R,R,OMN,OMN054,https://legendstory-production-s3-public.s3.amazonaws.com/media/cards/large/OMN054.webp
Gn89Bw77qcNMHW6fTCRTj,Elemental Strike,1,,Elemental,Deck,Elemental Action - Attack,0,5,3,true,M|P,M,FAB|PEN,FAB425,https://legendstory-production-s3-public.s3.amazonaws.com/media/cards/large/FAB425.webp
Tr6LzWfrtqMkKjM7JpHjC,Elliptical Conflux,2,Illusionist,Lightning,Deck,Lightning Illusionist Instant - Aura,1,,,true,C,C,AZS|OMN,AZS019,https://legendstory-production-s3-public.s3.amazonaws.com/media/cards/large/AZS019.webp
jKhMgndCGwjzKLHQMM7Cj,Eloquence,,Generic,,Token,Generic Token - Aura,,,,true,C|P,C,DTD|FAB,DTD233,https://legendstory-production-s3-public.s3.amazonaws.com/media/cards/large/DTD233.webp
zjjTKPFFzRh9fMGmR6jPR,Eloquent Eulogy,1,Runeblade,Shadow,Deck,Shadow Runeblade Action - Attack,1,4,3,true,M,M,MST,MST237,https://legendstory-production-s3-public.s3.amazonaws.com/media/cards/large/MST237.webp
RD7BHJDcDPPKNGPKj7fHP,Embalm,2,,Shadow,Deck,Shadow Action,0,,3,true,M,M,PEN,PEN193,https://legendstory-production-s3-public.s3.amazonaws.com/media/cards/large/PEN193.webp
kqndgG6wmB6CLq6FqfjJ9,Embermaw Cenipai,1,Illusionist,Draconic,Deck,Draconic Illusionist Action - Attack,2,8,3,true,C,C,DRO|UPR,DRO016,https://legendstory-production-s3-public.s3.amazonaws.com/media/cards/large/DRO016.webp
NKpQT99rMW9DHw6Jjgrq8,Embermaw Cenipai,2,Illusionist,Draconic,Deck,Draconic Illusionist Action - Attack,2,7,3,true,C,C,UPR,UPR028,https://legendstory-production-s3-public.s3.amazonaws.com/media/cards/large/UPR028.webp
fkrcRbTfRgjF8tpTKPMNH,Embermaw Cenipai,3,Illusionist,Draconic,Deck,Draconic Illusionist Action - Attack,2,6,3,true,C,C,UPR,UPR029,https://legendstory-production-s3-public.s3.amazonaws.com/media/cards/large/UPR029.webp
jrcdWNnMQCtrjQqKjd9Fw,Embodiment of Earth,,,Elemental,Token,Elemental Token - Aura,,,,true,T|C|P,T,AJV|BRI|DTD|ELE|FAB|FLR|ROS|SBA|VER,AJV028,https://legendstory-production-s3-public.s3.amazonaws.com/media/cards/large/AJV028.webp
QBwTWNc9FMGQfwHRTTdHj,Embodiment of Lightning,,,Elemental,Token,Elemental Token - Aura,,,,true,B|T|C|P,B,AST|AUA|AUR|AZS|BRI|DTD|ELE|FAB|OMN|OSC|ROS|SBA,AST028,https://legendstory-production-s3-public.s3.amazonaws.com/media/cards/large/AST028.webp
MNDjrGBMKh8LtjTdhPrfz,Embody Greatness,2,Shapeshifter,,Deck,Shapeshifter Instant,0,,,true,R,R,PEN,PEN121,https://legendstory-production-s3-public.s3.amazonaws.com/media/cards/large/PEN121.webp
nFFr6KgcT7gWPgbfRQQhW,Embolden,1,Guardian,,Deck,Guardian Action - Aura,4,,3,true,C|R,C,ELE|MPG|OLD,ELE206,https://legendstory-production-s3-public.s3.amazonaws.com/media/cards/large/ELE206.webp
jGnwnDCjNggQncMQcfMbm,Embolden,2,Guardian,,Deck,Guardian Action - Aura,4,,3,true,C|R,C,ELE|MPG,ELE207,https://legendstory-production-s3-public.s3.amazonaws.com/media/cards/large/ELE207.webp
8M9crfnQRQWnrtdtzGQw9,Embolden,3,Guardian,,Deck,Guardian Action - Aura,4,,3,true,C|R,C,ELE|MPG,ELE208,https://legendstory-production-s3-public.s3.amazonaws.com/media/cards/large/ELE208.webp
nRGKwwb7q7HQnfGQLr6gp,Emboldened Blade,3,Warrior,,Deck,Warrior Action,0,,3,true,M,M,EVO,EVO240,https://legendstory-production-s3-public.s3.amazonaws.com/media/cards/large/EVO240.webp
ncdtKzpTdWBQLQq8bqtKk,Emboldened by the Crowd,2,,Revered,Deck,Revered Defense Reaction,3,,6,true,R,R,PEN,PEN290,https://legendstory-production-s3-public.s3.amazonaws.com/media/cards/large/PEN290.webp
7LBccf7qnHMdgb996CcWz,Embrace Adversity,,Generic,,Equipment,Generic Equipment - Arms,,,2,true,C,C,HVY,HVY200,https://legendstory-production-s3-public.s3.amazonaws.com/media/cards/large/HVY200.webp
8D9wTFwLWtN9hkFwDgRWW,Embraforged Gauntlet,,,Shadow,Equipment,Shadow Equipment - Arms,,,2,true,R,R,PEN,PEN192,https://legendstory-production-s3-public.s3.amazonaws.com/media/cards/large/PEN192.webp
FFrCkdLPFwwTzHJPwcTRC,Emerging Avalanche,1,Guardian,Elemental,Deck,Elemental Guardian Action - Aura,2,,3,true,C,C,ELE,ELE025,https://legendstory-production-s3-public.s3.amazonaws.com/media/cards/large/ELE025.webp
bjbb9hfw8BzbQqqqHtCjJ,Emerging Avalanche,2,Guardian,Elemental,Deck,Elemental Guardian Action - Aura,2,,3,true,C,C,ELE,ELE026,https://legendstory-production-s3-public.s3.amazonaws.com/media/cards/large/ELE026.webp
NDkNqCchBdrhwz7RCBn77,Emerging Avalanche,3,Guardian,Elemental,Deck,Elemental Guardian Action - Aura,2,,3,true,C,C,AJV|ELE,AJV019,https://legendstory-production-s3-public.s3.amazonaws.com/media/cards/large/AJV019.webp
jd9pfjNMhtjPhWPKqdnpg,Emerging Dominance,1,Guardian,,Deck,Guardian Action - Aura,2,,3,true,C,C,1HP|CRU,1HP079,https://legendstory-production-s3-public.s3.amazonaws.com/media/cards/large/1HP079.webp
dBh9zHWmcNHhCHBJjcNWQ,Emerging Dominance,2,Guardian,,Deck,Guardian Action - Aura,2,,3,true,C,C,1HP|CRU,1HP080,https://legendstory-production-s3-public.s3.amazonaws.com/media/cards/large/1HP080.webp
RdftGrd8H6WJCkTPtNtGD,Emerging Dominance,3,Guardian,,Deck,Guardian Action - Aura,2,,3,true,C,C,1HP|CRU,1HP081,https://legendstory-production-s3-public.s3.amazonaws.com/media/cards/large/1HP081.webp
dNCDnH6TKq6bCW8ndKHGn,Emerging Power,1,Guardian,,Deck,Guardian Action - Aura,2,,3,true,C,C,BVO|MPG|WTR,BVO012,https://legendstory-production-s3-public.s3.amazonaws.com/media/cards/large/BVO012.webp
QhGTkpkFQbMB7zzTdcKM8,Emerging Power,2,Guardian,,Deck,Guardian Action - Aura,2,,3,true,C,C,BVO|MPG|WTR,BVO014,https://legendstory-production-s3-public.s3.amazonaws.com/media/cards/large/BVO014.webp
mrrwW6wDFJRfctKLrfkTK,Emerging Power,3,Guardian,,Deck,Guardian Action - Aura,2,,3,true,C,C,MPG|WTR,MPG102,https://legendstory-production-s3-public.s3.amazonaws.com/media/cards/large/MPG102.webp
DtjWNmQLmDmKg6dwzNh7h,Emeritus Scolding,1,Wizard,,Deck,Wizard Action,2,,3,true,R|P,R,EVR|LGS|SBZ|TNP,EVR125,https://legendstory-production-s3-public.s3.amazonaws.com/media/cards/large/EVR125.webp
zrQ8nHpjJBbtRTpRDjfMf,Emeritus Scolding,2,Wizard,,Deck,Wizard Action,2,,3,true,R|P,R,EVR|LGS|SBZ|TNP,EVR126,https://legendstory-production-s3-public.s3.amazonaws.com/media/cards/large/EVR126.webp
TLfzTNH6GD9CG9fnwzwhb,Emeritus Scolding,3,Wizard,,Deck,Wizard Action,2,,3,true,R|P,R,EVR|LGS|SBZ|SIY|TNP,EVR127,https://legendstory-production-s3-public.s3.amazonaws.com/media/cards/large/EVR127.webp
DgQfj8jGQBWmBQKW9kngT,Emissary of Moon,1,Generic,,Deck,Generic Action - Attack,0,4,2,true,R|P,R,LGS|MST,LGS299,https://legendstory-production-s3-public.s3.amazonaws.com/media/cards/large/LGS299-RF.webp
zFJbjDkLPqmCzQFwjtdFc,Emissary of Tides,1,Generic,,Deck,Generic Action - Attack,0,4,2,true,R|P,R,LGS|MST,LGS295,https://legendstory-production-s3-public.s3.amazonaws.com/media/cards/large/LGS295-RF.webp
MhJphRFQWwMc7JpbJQfGt,Emissary of Wind,1,Generic,,Deck,Generic Action - Attack,0,4,2,true,R|P,R,LGS|MST,LGS303,https://legendstory-production-s3-public.s3.amazonaws.com/media/cards/large/LGS303-RF.webp
QgqNQGbtcF6NNBMDbDMhh,"Emperor, Dracai of Aesir",,Warrior|Wizard,Royal|Draconic,Hero,Royal Draconic Warrior Wizard Hero - Young,,,,false,L|V,L,DYN,DYN001,https://legendstory-production-s3-public.s3.amazonaws.com/media/cards/large/DYN001-RF.webp
rTWLDhwKJcwrK8mqwDJpb,Empowering Ruckus,2,,Revered,Deck,Revered Action - Attack,3,6,3,true,C,C,SUP,SUP039,https://legendstory-production-s3-public.s3.amazonaws.com/media/cards/large/SUP039.webp
Mr6TbnRrKTrJWndKh8QwF,Empyrean Rapture,,Illusionist,Light,Equipment,Light Illusionist Equipment - Chest,,,,true,P|L,P,DTD|FAB,DTD004,https://legendstory-production-s3-public.s3.amazonaws.com/media/cards/large/DTD004-RF.webp
dJhftDhtgzGRMPCt7btf9,En Garde,1,Warrior,,Deck,Warrior Action,1,,3,true,C|P,C,DVR|LGS,DVR009,https://legendstory-production-s3-public.s3.amazonaws.com/media/cards/large/DVR009.webp
jR8M7zkdc97kKqDjw7RWD,Enact Vengeance,1,Ninja,,Deck,Ninja Action - Attack,2,6,3,true,M|P,M,ASR|GEM,ASR008,https://legendstory-production-s3-public.s3.amazonaws.com/media/cards/large/ASR008.webp
dzMtpNHjPcPNCFFkrR9QJ,Encase,1,Wizard,Elemental,Deck,Elemental Wizard Action,0,,3,true,M,M,UPR,UPR104,https://legendstory-production-s3-public.s3.amazonaws.com/media/cards/large/UPR104.webp
CWPHzh8wWpWNgwmQWgt7C,Enchanted Quiver,,Ranger,,Equipment,Ranger Equipment - Quiver,,,,true,M,M,HNT,HNT252,https://legendstory-production-s3-public.s3.amazonaws.com/media/cards/large/HNT252.webp
cjpL88F8RRRbwDm8bwqqJ,Enchanting Melody,1,Generic,,Deck,Generic Action - Aura,2,,2,true,R,R,1HP|ARC,1HP375,https://legendstory-production-s3-public.s3.amazonaws.com/media/cards/large/1HP375.webp
LKNtHHFMTDbfMHnGLM9Wm,Enchanting Melody,2,Generic,,Deck,Generic Action - Aura,2,,2,true,R,R,1HP|ARC,1HP376,https://legendstory-production-s3-public.s3.amazonaws.com/media/cards/large/1HP376.webp
8NnRnhhcQHKqCL97TN8gP,Enchanting Melody,3,Generic,,Deck,Generic Action - Aura,2,,2,true,R,R,1HP|ARC,1HP377,https://legendstory-production-s3-public.s3.amazonaws.com/media/cards/large/1HP377.webp
K8qbPC8KHcW77BNH9czcr,Enclosed Firemind,,Guardian,,Equipment,Guardian Equipment - Head,,,0,true,R,R,PEN|SBR,PEN016,https://legendstory-production-s3-public.s3.amazonaws.com/media/cards/large/PEN016.webp
dzwfFWGJkBjbWtjK6qbtM,Encore,2,Bard,,Deck,Bard Action,1,,2,true,R,R,TCC,TCC061,https://legendstory-production-s3-public.s3.amazonaws.com/media/cards/large/TCC061.webp
9zPDb7dgNqTgDTpGNDQHg,Endear Devotion,1,Warrior,Draconic,Deck,Draconic Warrior Attack Reaction,1,,2,true,R|P,R,FNG|GEM|HNT,FNG012,https://legendstory-production-s3-public.s3.amazonaws.com/media/cards/large/FNG012.webp
qQ9TfqhWK967WMGdfQRLK,Endless Arrow,1,Ranger,,Deck,Ranger Action - Arrow Attack,0,4,3,true,S|M,S,1HP|ARC,1HP228,https://legendstory-production-s3-public.s3.amazonaws.com/media/cards/large/1HP228.webp
MtPhfMbKcN8bN7DpPjNHT,Endless Maw,1,Brute,Shadow,Deck,Shadow Brute Action - Attack,3,6,3,true,R,R,LEV|MON,LEV012,https://legendstory-production-s3-public.s3.amazonaws.com/media/cards/large/LEV012.webp
CMfRgznLHg6BGwDLqL9nK,Endless Maw,2,Brute,Shadow,Deck,Shadow Brute Action - Attack,3,5,3,true,R,R,MON,MON127,https://legendstory-production-s3-public.s3.amazonaws.com/media/cards/large/MON127.webp
Cp7q8KGCNJQDTqDNBGMGD,Endless Maw,3,Brute,Shadow,Deck,Shadow Brute Action - Attack,3,4,3,true,R,R,MON,MON128,https://legendstory-production-s3-public.s3.amazonaws.com/media/cards/large/MON128.webp
dncM8DzP7fJ9JWDqqWfHj,Endless Winter,1,Guardian,Elemental,Deck,Elemental Guardian Action - Attack,4,8,3,true,M,M,ELE,ELE004,https://legendstory-production-s3-public.s3.amazonaws.com/media/cards/large/ELE004.webp
gjGhfGCFbTtWRGrfcgMQN,Energetic Impact,3,Brute,,Deck,Brute Action - Attack,3,5,3,true,S|P,S,GEM|SUP,GEM098,https://legendstory-production-s3-public.s3.amazonaws.com/media/cards/large/GEM098.webp
phNWtHpDC6BQhhbKT79HT,Energy of the Audience,2,Guardian,Revered,Deck,Revered Guardian Action - Attack,3,6,3,true,R|P,R,GEM|PEN,GEM159,https://legendstory-production-s3-public.s3.amazonaws.com/media/cards/large/GEM159.webp
nHTP6hGgLz6zfpdFH9Fpt,Energy Potion,3,Generic,,Deck,Generic Action - Item,0,,,true,R|P,R,1HP|ASR|FAB|KSU|MPW|SDO|SFA|TCC|TEA|WTR,1HP381,https://legendstory-production-s3-public.s3.amazonaws.com/media/cards/large/1HP381.webp
mpzTpgpKkq6TDRT8JK7fF,Enflame the Firebrand,1,Ninja,Draconic,Deck,Draconic Ninja Action - Attack,0,2,3,true,R,R,PEN|SFA,PEN250,https://legendstory-production-s3-public.s3.amazonaws.com/media/cards/large/PEN250.webp
WHmKWhmBrJ8Q7P8FF9GNk,Engage Steel,1,Warrior,,Deck,Warrior Action,0,,3,true,C,C,MPW,MPW106,https://legendstory-production-s3-public.s3.amazonaws.com/media/cards/large/MPW106.webp
hDrLpdTjwKDFkzpkMd7bH,Engage Steel,2,Warrior,,Deck,Warrior Action,0,,3,true,C,C,MPW,MPW107,https://legendstory-production-s3-public.s3.amazonaws.com/media/cards/large/MPW107.webp
jGhw79gfQJqcWcLnFtjGL,Engage Steel,3,Warrior,,Deck,Warrior Action,0,,3,true,C,C,MPW,MPW108,https://legendstory-production-s3-public.s3.amazonaws.com/media/cards/large/MPW108.webp
BRg6rFMmGRn6kPpT96W89,Engaged Swiftblade,1,Warrior,,Deck,Warrior Action,1,,3,true,C,C,HVY|OLA,HVY127,https://legendstory-production-s3-public.s3.amazonaws.com/media/cards/large/HVY127.webp
T8JFkBdwqccpH6PFCcBHq,Engaged Swiftblade,2,Warrior,,Deck,Warrior Action,1,,3,true,C,C,HVY|KSI,HVY128,https://legendstory-production-s3-public.s3.amazonaws.com/media/cards/large/HVY128.webp
MDPTg8tjBW6CC9gFrGWFQ,Engaged Swiftblade,3,Warrior,,Deck,Warrior Action,1,,3,true,C,C,HVY|KSI|OLA,HVY129,https://legendstory-production-s3-public.s3.amazonaws.com/media/cards/large/HVY129.webp
9GLmGhw9CCzhbkKBFzQzH,Engulfing Flamewave,1,Ninja,Draconic,Deck,Draconic Ninja Action - Attack,2,5,2,true,R,R,UPR,UPR051,https://legendstory-production-s3-public.s3.amazonaws.com/media/cards/large/UPR051.webp
cQ88fwLwTCjgPtdCt8FC7,Engulfing Flamewave,2,Ninja,Draconic,Deck,Draconic Ninja Action - Attack,2,4,2,true,R,R,UPR,UPR052,https://legendstory-production-s3-public.s3.amazonaws.com/media/cards/large/UPR052.webp
Jwckb9hTJd6N8jzmzf7LR,Engulfing Flamewave,3,Ninja,Draconic,Deck,Draconic Ninja Action - Attack,2,3,2,true,R,R,UPR,UPR053,https://legendstory-production-s3-public.s3.amazonaws.com/media/cards/large/UPR053.webp
kpbCBbCmP8KqqggdhPRtj,Engulfing Light,1,Warrior,Light,Deck,Light Warrior Action - Attack,0,3,3,true,C,C,ASB|BOL|MON|SBL,ASB009,https://legendstory-production-s3-public.s3.amazonaws.com/media/cards/large/ASB009.webp
tf7BQQcnH9LR6jFQTKJrC,Engulfing Light,2,Warrior,Light,Deck,Light Warrior Action - Attack,0,2,3,true,C,C,MON|SBL,MON049,https://legendstory-production-s3-public.s3.amazonaws.com/media/cards/large/MON049.webp
DbFJncpjwQmp8mg99RPqL,Engulfing Light,3,Warrior,Light,Deck,Light Warrior Action - Attack,0,1,3,true,C,C,BOL|MON,BOL023,https://legendstory-production-s3-public.s3.amazonaws.com/media/cards/large/BOL023.webp
jrJHMtHfhk7bGFqhNkD8K,Engulfing Shadows,2,,Shadow,Deck,Shadow Defense Reaction,0,,4,true,R|P,R,GEM|PEN,GEM137,https://legendstory-production-s3-public.s3.amazonaws.com/media/cards/large/GEM137.webp
JKPFKKFqnLtmctLkwNCmc,Enigma,,Illusionist,Mystic,Hero,Mystic Illusionist Hero - Young,,,,false,T|R|V,T,ENG|MST|SEN,ENG001,https://legendstory-production-s3-public.s3.amazonaws.com/media/cards/large/ENG001-RF.webp
KPm87t9nFjpM9jzrM7hzp,Enigma Chimera,1,Illusionist,,Deck,Illusionist Action - Attack,2,8,3,true,C|P,C,DRO|MON|SEN|TNP,DRO020,https://legendstory-production-s3-public.s3.amazonaws.com/media/cards/large/DRO020.webp
QFJ7cfqhj6TqrwLQQJNFL,Enigma Chimera,2,Illusionist,,Deck,Illusionist Action - Attack,2,7,3,true,C|P,C,MON|PSM|TNP,MON099,https://legendstory-production-s3-public.s3.amazonaws.com/media/cards/large/MON099.webp
CQRFRLf9kHFWnrmqfFRTn,Enigma Chimera,3,Illusionist,,Deck,Illusionist Action - Attack,2,6,3,true,C|P,C,MON|PSM|SEN|TNP,MON100,https://legendstory-production-s3-public.s3.amazonaws.com/media/cards/large/MON100.webp
tJhRRN9kkMCnGQdQJ8TWg,"Enigma, Ledger of Ancestry",,Illusionist,Mystic,Hero,Mystic Illusionist Hero,,,,true,M|P|V,M,HER|MST|WIN,HER114,https://legendstory-production-s3-public.s3.amazonaws.com/media/cards/large/HER114-RF.webp
9HfDfRR8m8cLKDdg88gjm,"Enigma, New Moon",,Illusionist,Mystic,Hero,Mystic Illusionist Hero - Young,,,,false,L|V,L,MST,MST238,https://legendstory-production-s3-public.s3.amazonaws.com/media/cards/large/MST238-RF.webp
dzMffTNHqjw8q8jkDjGwD,Enion Surge,1,Wizard,Lightning,Deck,Lightning Wizard Action,0,,3,true,C,C,OMN,OMN112,https://legendstory-production-s3-public.s3.amazonaws.com/media/cards/large/OMN112.webp
McHtzkNrnJDfNFNNqCFC8,Enion Surge,2,Wizard,Lightning,Deck,Lightning Wizard Action,0,,3,true,C,C,OMN,OMN113,https://legendstory-production-s3-public.s3.amazonaws.com/media/cards/large/OMN113.webp
fWQbRmQL9nM8TBfkfbCbW,Enion Surge,3,Wizard,Lightning,Deck,Lightning Wizard Action,0,,3,true,C,C,OMN,OMN114,https://legendstory-production-s3-public.s3.amazonaws.com/media/cards/large/OMN114.webp
QDrWjRHBmBWBnJHmmbzRM,Enlightened Strike,1,Generic,,Deck,Generic Action - Attack,0,5,3,true,M|L|V,M,1HP|ANQ|PEN|WTR,1HP361,https://legendstory-production-s3-public.s3.amazonaws.com/media/cards/large/1HP361.webp
LBzMBqHhtB9Tqqn8PTqMM,Entangle,1,Guardian,Elemental,Deck,Elemental Guardian Action - Attack,3,7,3,true,C,C,ELE,ELE013,https://legendstory-production-s3-public.s3.amazonaws.com/media/cards/large/ELE013.webp
HQ9WdqFdnqqgjqHPb8ppH,Entangle,2,Guardian,Elemental,Deck,Elemental Guardian Action - Attack,3,6,3,true,C,C,ELE,ELE014,https://legendstory-production-s3-public.s3.amazonaws.com/media/cards/large/ELE014.webp
hWTwmwHfMg8PfTFRffBqz,Entangle,3,Guardian,Elemental,Deck,Elemental Guardian Action - Attack,3,5,3,true,C,C,ELE|OLD,ELE015,https://legendstory-production-s3-public.s3.amazonaws.com/media/cards/large/ELE015.webp
JKqPrBhgGqjjWjnwBPpJN,Entangling Shot,1,Ranger,,Deck,Ranger Action - Arrow Attack,0,4,3,true,C|P,C,GEM|SAZ|SEA,GEM060,https://legendstory-production-s3-public.s3.amazonaws.com/media/cards/large/GEM060.webp
DdJT86P9h6tQ77czjkwBc,Entwine Earth,1,,Elemental,Deck,Elemental Action - Attack,2,6,2,true,C,C,BRI|ELE,BRI016,https://legendstory-production-s3-public.s3.amazonaws.com/media/cards/large/BRI016.webp
WMfcGGztRCRgfDdhgKmQc,Entwine Earth,2,,Elemental,Deck,Elemental Action - Attack,2,5,2,true,C,C,ELE,ELE095,https://legendstory-production-s3-public.s3.amazonaws.com/media/cards/large/ELE095.webp
wNPCmBDgPJrrFhMphqPdM,Entwine Earth,3,,Elemental,Deck,Elemental Action - Attack,2,4,2,true,C,C,ELE,ELE096,https://legendstory-production-s3-public.s3.amazonaws.com/media/cards/large/ELE096.webp
jHLRPPQDpFDLGHJkPKQtz,Entwine Ice,1,,Elemental,Deck,Elemental Action - Attack,1,5,2,true,C,C,ELE,ELE097,https://legendstory-production-s3-public.s3.amazonaws.com/media/cards/large/ELE097.webp
gt9gmN9KWC9cDJNbFH7KN,Entwine Ice,2,,Elemental,Deck,Elemental Action - Attack,1,4,2,true,C,C,ELE,ELE098,https://legendstory-production-s3-public.s3.amazonaws.com/media/cards/large/ELE098.webp
mgJnLbfjqBDtWrdQHgTw8,Entwine Ice,3,,Elemental,Deck,Elemental Action - Attack,1,3,2,true,C,C,ELE,ELE099,https://legendstory-production-s3-public.s3.amazonaws.com/media/cards/large/ELE099.webp
M76qpCDkBRTJwCgbD8qWC,Entwine Lightning,1,,Elemental,Deck,Elemental Action - Attack,0,4,2,true,C,C,AST|BRI|ELE|LXI|SBA,AST009,https://legendstory-production-s3-public.s3.amazonaws.com/media/cards/large/AST009.webp
8GMQWkrqHKDHkWQzg8nJj,Entwine Lightning,2,,Elemental,Deck,Elemental Action - Attack,0,3,2,true,C,C,ELE,ELE101,https://legendstory-production-s3-public.s3.amazonaws.com/media/cards/large/ELE101.webp
JqTFK6frf7P9WngJCg76P,Entwine Lightning,3,,Elemental,Deck,Elemental Action - Attack,0,2,2,true,C,C,ELE,ELE102,https://legendstory-production-s3-public.s3.amazonaws.com/media/cards/large/ELE102.webp
jTt8B8LqdBkCkwNwbGW8n,Envelop in Darkness,1,Runeblade,Shadow,Deck,Shadow Runeblade Action,1,,2,true,R,R,DTD,DTD149,https://legendstory-production-s3-public.s3.amazonaws.com/media/cards/large/DTD149.webp
H9jP9mrrKwWtGdbnq99dd,Envelop in Darkness,2,Runeblade,Shadow,Deck,Shadow Runeblade Action,1,,2,true,R,R,DTD,DTD150,https://legendstory-production-s3-public.s3.amazonaws.com/media/cards/large/DTD150.webp
HBdG9Cpqgz6nj6D66tJHR,Envelop in Darkness,3,Runeblade,Shadow,Deck,Shadow Runeblade Action,1,,2,true,R,R,DTD,DTD151,https://legendstory-production-s3-public.s3.amazonaws.com/media/cards/large/DTD151.webp
CnzHmjrhb7TTzGJppkpfc,Eradicate,2,Assassin,,Deck,Assassin Action - Attack,1,4,3,true,M,M,DYN,DYN119,https://legendstory-production-s3-public.s3.amazonaws.com/media/cards/large/DYN119.webp
qJTKdmdtgwgfgPFLtWpNj,Erase Face,1,Generic,,Deck,Generic Action - Attack,2,6,2,true,M|P,M,JDG|UPR,JDG043,https://legendstory-production-s3-public.s3.amazonaws.com/media/cards/large/JDG043-CF.webp
dmGpmBBdMCt7dTpGHmjmr,Erode Authority,1,Illusionist,,Deck,Illusionist Action - Attack,3,7,3,true,R,R,OMN,OMN044,https://legendstory-production-s3-public.s3.amazonaws.com/media/cards/large/OMN044.webp
hFtq9BPKqRgdTGQF9mpRN,Erode Authority,2,Illusionist,,Deck,Illusionist Action - Attack,3,6,3,true,R,R,OMN,OMN045,https://legendstory-production-s3-public.s3.amazonaws.com/media/cards/large/OMN045.webp
B9PzLK6qCpDjDpPHmmFdF,Erode Authority,3,Illusionist,,Deck,Illusionist Action - Attack,3,5,3,true,R,R,OMN,OMN046,https://legendstory-production-s3-public.s3.amazonaws.com/media/cards/large/OMN046.webp
NdcgmHW9WJnCHKNfLRhDd,Escalate Bloodshed,1,Warrior,,Deck,Warrior Instant - Aura,0,,,true,M,M,SEA,SEA253,https://legendstory-production-s3-public.s3.amazonaws.com/media/cards/large/SEA253.webp
MpFfQjRhkdrL8QhmgbhgM,Escalate Order,1,,Revered,Deck,Revered Action - Attack,2,6,3,true,S,S,SUP,SUP022,https://legendstory-production-s3-public.s3.amazonaws.com/media/cards/large/SUP022.webp
CrhRqD9BkQGpHpmRN8JwC,Escalate Violence,3,,Reviled,Deck,Reviled Action - Attack,1,3,3,true,S,S,SUP,SUP084,https://legendstory-production-s3-public.s3.amazonaws.com/media/cards/large/SUP084.webp
qMzCjGnnHpbqRJPtJfp6T,Essence of Ancestry: Body,1,Illusionist,,Deck,Illusionist Action - Aura,0,,3,true,R,R,MST,MST137,https://legendstory-production-s3-public.s3.amazonaws.com/media/cards/large/MST137.webp
HMMRL8LDTCdzFRpzgTCkz,Essence of Ancestry: Mind,3,Illusionist,,Deck,Illusionist Action - Aura,0,,3,true,R,R,ENG|MST,ENG017,https://legendstory-production-s3-public.s3.amazonaws.com/media/cards/large/ENG017.webp
Nw6hkj6NCpWtBN9BcTFcq,Essence of Ancestry: Soul,2,Illusionist,,Deck,Illusionist Action - Aura,0,,3,true,R,R,MST,MST138,https://legendstory-production-s3-public.s3.amazonaws.com/media/cards/large/MST138.webp
9QB9tNFgJJrW87DhjjdrM,Etchings of Arcana,1,Wizard,,Deck,Wizard Action,0,,3,true,C,C,OSC|ROS,OSC014,https://legendstory-production-s3-public.s3.amazonaws.com/media/cards/large/OSC014.webp
L8QMPzFdqBBGzD7CNRHQj,Etchings of Arcana,2,Wizard,,Deck,Wizard Action,0,,3,true,C,C,OSC|ROS,OSC021,https://legendstory-production-s3-public.s3.amazonaws.com/media/cards/large/OSC021.webp
Hnw87jtbJwdMWMNf8NgPk,Etchings of Arcana,3,Wizard,,Deck,Wizard Action,0,,3,true,C,C,OSC|ROS,OSC023,https://legendstory-production-s3-public.s3.amazonaws.com/media/cards/large/OSC023.webp
WjPK7cb8rwPzthcDtczmj,Eternal Inferno,1,Wizard,,Deck,Wizard Action,1,,3,true,M,M,ROS,ROS167,https://legendstory-production-s3-public.s3.amazonaws.com/media/cards/large/ROS167.webp
QtTgrgcKwKqCJ8dc9Mbbb,Evasive Leap,1,Generic,,Deck,Generic Defense Reaction,0,,3,true,C,C,MST,MST218,https://legendstory-production-s3-public.s3.amazonaws.com/media/cards/large/MST218.webp
whmMnfgwjqMJCHKGBHfq7,Evasive Leap,2,Generic,,Deck,Generic Defense Reaction,0,,2,true,C,C,MST,MST219,https://legendstory-production-s3-public.s3.amazonaws.com/media/cards/large/MST219.webp
N8LCzb9K8GdzMRmNbB6GM,Evasive Leap,3,Generic,,Deck,Generic Defense Reaction,0,,1,true,C,C,MST,MST220,https://legendstory-production-s3-public.s3.amazonaws.com/media/cards/large/MST220.webp
cgbzzLfPLKTTbpdGrnLGP,Evasive Nageboshi,3,Ninja,,Deck,Ninja Instant - Shuriken Item,0,1,2,true,M,M,OMN,OMN232,https://legendstory-production-s3-public.s3.amazonaws.com/media/cards/large/OMN232.webp
WQQFCnb8FKJn9HrzCNDmG,Even Bigger Than That!,1,Generic,,Deck,Generic Instant,0,,,true,R|P,R,EVR|FAB,EVR173,https://legendstory-production-s3-public.s3.amazonaws.com/media/cards/large/EVR173.webp
QbtQ6rBPTTD99TNC7PGRM,Even Bigger Than That!,2,Generic,,Deck,Generic Instant,0,,,true,R|P,R,EVR|FAB,EVR174,https://legendstory-production-s3-public.s3.amazonaws.com/media/cards/large/EVR174.webp
LDCrQmNm8bFk8wcCJ6pj9,Even Bigger Than That!,3,Generic,,Deck,Generic Instant,0,,,true,R|P,R,EVR|FAB,EVR175,https://legendstory-production-s3-public.s3.amazonaws.com/media/cards/large/EVR175.webp
nnQpNFFKqfMwJbRQ6brJ6,Everbloom // Life,3,,Earth,Deck,Earth Action // Instant,0,,3,true,M|P,M,LGS|SEA,LGS428,https://legendstory-production-s3-public.s3.amazonaws.com/media/cards/large/LGS428-CF.webp
tfdr8MdNBHPQjKn9FJCT6,Evergreen,1,,Earth,Deck,Earth Action - Attack,3,7,2,true,R,R,BRI|ELE,BRI018,https://legendstory-production-s3-public.s3.amazonaws.com/media/cards/large/BRI018.webp
JTc7kdrn9kHtq7LdJ8pQW,Evergreen,2,,Earth,Deck,Earth Action - Attack,3,6,2,true,R,R,ELE,ELE120,https://legendstory-production-s3-public.s3.amazonaws.com/media/cards/large/ELE120.webp
nRDPrpfRT9gGCWf9K8nBT,Evergreen,3,,Earth,Deck,Earth Action - Attack,3,5,2,true,R,R,ELE|OLD,ELE121,https://legendstory-production-s3-public.s3.amazonaws.com/media/cards/large/ELE121.webp
tGhCtnrQTn8KtcmnJdqmq,Evo Atom Breaker,1,Mechanologist,,Equipment,Mechanologist Instant Equipment - Evo Chest,0,,0,true,M|V,M,EVO,EVO031,https://legendstory-production-s3-public.s3.amazonaws.com/media/cards/large/EVO031.webp
kD7rTHdWjpwfWR9mw8qG7,Evo Battery Pack,2,Mechanologist,,Equipment,Mechanologist Action Equipment - Evo Chest,0,,2,true,C|P,C,EVO|FAB,EVO047,https://legendstory-production-s3-public.s3.amazonaws.com/media/cards/large/EVO047.webp
QT9MbtNRBFHRQdGhckjpk,Evo Beta Base Arms,3,Mechanologist,,Equipment,Mechanologist Action Equipment - Evo Base Arms,0,,1,true,R|V,R,PEN,PEN070,https://legendstory-production-s3-public.s3.amazonaws.com/media/cards/large/PEN070.webp
km9fGmwfBqRwGhccLtgJm,Evo Beta Base Chest,3,Mechanologist,,Equipment,Mechanologist Action Equipment - Evo Base Chest,0,,1,true,R|V,R,PEN,PEN069,https://legendstory-production-s3-public.s3.amazonaws.com/media/cards/large/PEN069.webp
hwJJhrDhBFrkWr678FMrL,Evo Beta Base Head,3,Mechanologist,,Equipment,Mechanologist Action Equipment - Evo Base Head,0,,1,true,R|V,R,PEN,PEN068,https://legendstory-production-s3-public.s3.amazonaws.com/media/cards/large/PEN068.webp
GQDtpfrtDcDkPDFPwjRmf,Evo Beta Base Legs,3,Mechanologist,,Equipment,Mechanologist Action Equipment - Evo Base Legs,0,,1,true,R|V,R,PEN,PEN071,https://legendstory-production-s3-public.s3.amazonaws.com/media/cards/large/PEN071.webp
8CdLzKHrrnjKTFKG77GjM,Evo Buzz Hive,2,Mechanologist,,Equipment,Mechanologist Instant Equipment - Evo Chest,0,,0,true,C|P,C,EVO|FAB,EVO051,https://legendstory-production-s3-public.s3.amazonaws.com/media/cards/large/EVO051.webp
PzB6NcbhjdFqq7QBgTLgg,Evo Charging Rods,2,Mechanologist,,Equipment,Mechanologist Action Equipment - Evo Legs,0,,2,true,C|P,C,EVO|FAB,EVO049,https://legendstory-production-s3-public.s3.amazonaws.com/media/cards/large/EVO049.webp
hNkCtbWQNhtGkb77cFzhF,Evo Circuit Breaker,1,Mechanologist,,Equipment,Mechanologist Instant Equipment - Evo Head,0,,0,true,M|V,M,EVO,EVO030,https://legendstory-production-s3-public.s3.amazonaws.com/media/cards/large/EVO030.webp
gDhRftBzcK9cMp7tRmCTB,Evo Cogspitter,2,Mechanologist,,Equipment,Mechanologist Action Equipment - Evo Arms,0,,2,true,C|P,C,EVO|FAB,EVO048,https://legendstory-production-s3-public.s3.amazonaws.com/media/cards/large/EVO048.webp
G9PPQckWnzpDTBpWnt9M8,Evo Command Center,2,Mechanologist,,Equipment,Mechanologist Action Equipment - Evo Head,3,,3,true,R|P,R,EVO|FAB,EVO034,https://legendstory-production-s3-public.s3.amazonaws.com/media/cards/large/EVO034.webp
JnqPMkpqMBFTQhb7RBqdJ,Evo Data Mine,2,Mechanologist,,Equipment,Mechanologist Action Equipment - Evo Head,0,,2,true,C|P,C,EVO|FAB,EVO046,https://legendstory-production-s3-public.s3.amazonaws.com/media/cards/large/EVO046.webp
6B8TGFRbgK6dQQLKfP8qD,Evo Energy Matrix,3,Mechanologist,,Equipment,Mechanologist Action Equipment - Evo Chest,3,,2,true,R,R,EVO|TCC,EVO039,https://legendstory-production-s3-public.s3.amazonaws.com/media/cards/large/EVO039-CF.webp
DpRWWLNTqjtBtjMjpnm7J,Evo Engine Room,2,Mechanologist,,Equipment,Mechanologist Action Equipment - Evo Chest,3,,3,true,R|P,R,EVO|FAB,EVO035,https://legendstory-production-s3-public.s3.amazonaws.com/media/cards/large/EVO035.webp
qR9dqP7WCqkzp69ctCNcp,Evo Face Breaker,1,Mechanologist,,Equipment,Mechanologist Instant Equipment - Evo Arms,0,,0,true,M|V,M,EVO,EVO032,https://legendstory-production-s3-public.s3.amazonaws.com/media/cards/large/EVO032.webp
zn9kGcMM8kRmtkdLchqqM,Evo Heartdrive,3,Mechanologist,,Equipment,Mechanologist Instant Equipment - Evo Chest,0,,0,true,M,M,MST,MST229,https://legendstory-production-s3-public.s3.amazonaws.com/media/cards/large/MST229.webp
LHkFKd9GfdqN7cR6PgPQG,Evo Mach Breaker,1,Mechanologist,,Equipment,Mechanologist Instant Equipment - Evo Legs,0,,0,true,M|V,M,EVO,EVO033,https://legendstory-production-s3-public.s3.amazonaws.com/media/cards/large/EVO033.webp
DDTHnwBGLRMwrDLd6bMwc,Evo Magneto,3,Mechanologist,,Equipment,Mechanologist Action Equipment - Evo Arms,1,,2,true,M,M,HVY,HVY248,https://legendstory-production-s3-public.s3.amazonaws.com/media/cards/large/HVY248.webp
RMcmPNFfqQp6rpn6dkJ9H,Evo Rapid Fire,3,Mechanologist,,Equipment,Mechanologist Action Equipment - Evo Legs,3,,2,true,R,R,EVO|TCC,EVO041,https://legendstory-production-s3-public.s3.amazonaws.com/media/cards/large/EVO041-CF.webp
Pwqq9mKTNnKBPMrH9NHk6,Evo Recall,3,Mechanologist,,Equipment,Mechanologist Instant Equipment - Evo Head,0,,0,true,M,M,MST,MST228,https://legendstory-production-s3-public.s3.amazonaws.com/media/cards/large/MST228.webp
CJ9PkdfKF78Khqf88zDmM,Evo Scatter Shot,3,Mechanologist,,Equipment,Mechanologist Action Equipment - Evo Arms,3,,2,true,R,R,EVO|TCC,EVO040,https://legendstory-production-s3-public.s3.amazonaws.com/media/cards/large/EVO040-CF.webp
PzrMFnfwtKgzMTTLWqRdj,Evo Sentry Base Arms,1,Mechanologist,,Equipment,Mechanologist Action Equipment - Evo Base Arms,2,,2,true,C|P,C,EVO|FAB,EVO044,https://legendstory-production-s3-public.s3.amazonaws.com/media/cards/large/EVO044.webp
gbKHPCw8zzPmQcKWN9gnC,Evo Sentry Base Chest,1,Mechanologist,,Equipment,Mechanologist Action Equipment - Evo Base Chest,2,,2,true,C|P,C,EVO|FAB,EVO043,https://legendstory-production-s3-public.s3.amazonaws.com/media/cards/large/EVO043.webp
JCpttFGTtgBH7BKwJ6T7r,Evo Sentry Base Head,1,Mechanologist,,Equipment,Mechanologist Action Equipment - Evo Base Head,2,,2,true,C|P,C,EVO|FAB,EVO042,https://legendstory-production-s3-public.s3.amazonaws.com/media/cards/large/EVO042.webp
nmGPgfcDFHDb8gkndLkfM,Evo Sentry Base Legs,1,Mechanologist,,Equipment,Mechanologist Action Equipment - Evo Base Legs,2,,2,true,C|P,C,EVO|FAB,EVO045,https://legendstory-production-s3-public.s3.amazonaws.com/media/cards/large/EVO045.webp
NtRJdNDbtJKWHJBPFn7Pc,Evo Shortcircuit,3,Mechanologist,,Equipment,Mechanologist Instant Equipment - Evo Arms,0,,0,true,M,M,MST,MST230,https://legendstory-production-s3-public.s3.amazonaws.com/media/cards/large/MST230.webp
mmMwHD8tLPdGBDtnCgWkR,Evo Smoothbore,2,Mechanologist,,Equipment,Mechanologist Action Equipment - Evo Arms,3,,3,true,R|P,R,EVO|FAB,EVO036,https://legendstory-production-s3-public.s3.amazonaws.com/media/cards/large/EVO036.webp
FrqBWn7PHJgkQr7wHMNjq,Evo Speedslip,3,Mechanologist,,Equipment,Mechanologist Instant Equipment - Evo Legs,0,,0,true,M,M,MST,MST231,https://legendstory-production-s3-public.s3.amazonaws.com/media/cards/large/MST231.webp
Hrt698DhrRNhNtJ8qFN8w,Evo Steel Soul Controller,3,Mechanologist,,Equipment,Mechanologist Action Equipment - Evo Base Arms,4,,3,true,M|V,M,EVO,EVO028,https://legendstory-production-s3-public.s3.amazonaws.com/media/cards/large/EVO028.webp
cqk7QPJBgLDdNCnfgMwrH,Evo Steel Soul Memory,3,Mechanologist,,Equipment,Mechanologist Action Equipment - Evo Base Head,4,,3,true,M|V,M,EVO,EVO026,https://legendstory-production-s3-public.s3.amazonaws.com/media/cards/large/EVO026.webp
Mmwtq8HtKPFpp6TcrF9fM,Evo Steel Soul Processor,3,Mechanologist,,Equipment,Mechanologist Action Equipment - Evo Base Chest,4,,3,true,M|V,M,EVO,EVO027,https://legendstory-production-s3-public.s3.amazonaws.com/media/cards/large/EVO027.webp
tP6fcfbgwkrhMPdrrgqMw,Evo Steel Soul Tower,3,Mechanologist,,Equipment,Mechanologist Action Equipment - Evo Base Legs,4,,3,true,M|V,M,EVO,EVO029,https://legendstory-production-s3-public.s3.amazonaws.com/media/cards/large/EVO029.webp
qCj8gpDLNQpKTNfhM8jbL,Evo Tekloscope,3,Mechanologist,,Equipment,Mechanologist Action Equipment - Evo Head,3,,2,true,R,R,EVO|TCC,EVO038,https://legendstory-production-s3-public.s3.amazonaws.com/media/cards/large/EVO038-CF.webp
Bfbgtw7tPPWCMgFh8gDmc,Evo Thruster,2,Mechanologist,,Equipment,Mechanologist Action Equipment - Evo Legs,3,,3,true,R|P,R,EVO|FAB,EVO037,https://legendstory-production-s3-public.s3.amazonaws.com/media/cards/large/EVO037.webp
9th8QzMpd9n9fpzbHbwJJ,Evo Whizz Bang,2,Mechanologist,,Equipment,Mechanologist Instant Equipment - Evo Arms,0,,0,true,C|P,C,EVO|FAB,EVO052,https://legendstory-production-s3-public.s3.amazonaws.com/media/cards/large/EVO052.webp
MdmK9dmLDpbC7GFcz6W7C,Evo Zip Line,2,Mechanologist,,Equipment,Mechanologist Instant Equipment - Evo Legs,0,,0,true,C|P,C,EVO|FAB,EVO053,https://legendstory-production-s3-public.s3.amazonaws.com/media/cards/large/EVO053.webp
gwnNzfNWWNnk6KRQnp7MW,Evo Zoom Call,2,Mechanologist,,Equipment,Mechanologist Instant Equipment - Evo Head,0,,0,true,C|P,C,EVO|FAB,EVO050,https://legendstory-production-s3-public.s3.amazonaws.com/media/cards/large/EVO050.webp
KMpjC8BHFrCfjpbNQTGnP,Excessive Bloodloss,1,Assassin,,Deck,Assassin Action - Attack,1,5,3,true,C,C,PEN,PEN144,https://legendstory-production-s3-public.s3.amazonaws.com/media/cards/large/PEN144.webp
B77ffmH8r7GWqrKcwgDwN,Excessive Bloodloss,2,Assassin,,Deck,Assassin Action - Attack,1,4,3,true,C,C,PEN,PEN145,https://legendstory-production-s3-public.s3.amazonaws.com/media/cards/large/PEN145.webp
wzB7GqTmmpNTjqtQcMk7C,Excessive Bloodloss,3,Assassin,,Deck,Assassin Action - Attack,1,3,3,true,C,C,PEN,PEN146,https://legendstory-production-s3-public.s3.amazonaws.com/media/cards/large/PEN146.webp
dHGPHrcmzW8TJT6m8mrPp,Expedite,1,Mechanologist,,Deck,Mechanologist Action - Attack,0,3,3,true,C,C,AMX|EVO,AMX009,https://legendstory-production-s3-public.s3.amazonaws.com/media/cards/large/AMX009.webp
LjzDff6gRW8cmMRCn6MpN,Expedite,2,Mechanologist,,Deck,Mechanologist Action - Attack,0,2,3,true,C,C,EVO,EVO199,https://legendstory-production-s3-public.s3.amazonaws.com/media/cards/large/EVO199.webp
9wKjTzmD9hzNBRc6PjLwf,Expedite,3,Mechanologist,,Deck,Mechanologist Action - Attack,0,1,3,true,C,C,AIO|EVO,AIO022,https://legendstory-production-s3-public.s3.amazonaws.com/media/cards/large/AIO022.webp
LhN9jPcQHGJ796r79BqGR,Expedition to Azuro Keys,1,Pirate,,Deck,Pirate Action - Attack,0,4,2,true,C,C,SEA,SEA155,https://legendstory-production-s3-public.s3.amazonaws.com/media/cards/large/SEA155.webp
qpnnMW6TWQPQqMLqrbD8d,Expedition to Blackwater Strait,1,Pirate,,Deck,Pirate Action - Attack,1,5,2,true,C,C,SEA,SEA156,https://legendstory-production-s3-public.s3.amazonaws.com/media/cards/large/SEA156.webp
nDzNGcF9bfPwfHrztkHdL,Expedition to Dreadfall Reach,1,Pirate,,Deck,Pirate Action - Attack,2,6,2,true,C,C,SEA,SEA157,https://legendstory-production-s3-public.s3.amazonaws.com/media/cards/large/SEA157.webp
bMq9wnBF99pzRHDq6qNFR,Expedition to Horizon's Mantle,1,Pirate,,Deck,Pirate Action - Attack,3,7,2,true,C,C,SEA,SEA158,https://legendstory-production-s3-public.s3.amazonaws.com/media/cards/large/SEA158.webp
dWbFtRKNWnmPBPpBLrFqF,Expendable Limbs,3,Brute,Shadow,Deck,Shadow Brute Defense Reaction,0,,4,true,M,M,DTD,DTD110,https://legendstory-production-s3-public.s3.amazonaws.com/media/cards/large/DTD110.webp
wPLfnbgJtbFDq7kgKjW6r,Exploding Aether,1,Wizard,,Deck,Wizard Action,2,,2,true,C,C,OSC|ROS,OSC015,https://legendstory-production-s3-public.s3.amazonaws.com/media/cards/large/OSC015.webp
wngpKCpwWbfBCr7kPKmmJ,Exploding Aether,2,Wizard,,Deck,Wizard Action,2,,2,true,C,C,ROS,ROS193,https://legendstory-production-s3-public.s3.amazonaws.com/media/cards/large/ROS193.webp
bC8kjBnNK7hHFCRKhnhhH,Exploding Aether,3,Wizard,,Deck,Wizard Action,2,,2,true,C,C,ROS,ROS194,https://legendstory-production-s3-public.s3.amazonaws.com/media/cards/large/ROS194.webp
GNLcn7HJG7MfhgGMQDPJ7,Explosive Growth,1,Runeblade,Elemental,Deck,Elemental Runeblade Action - Attack,1,3,3,true,R,R,BRI|ELE,BRI009,https://legendstory-production-s3-public.s3.amazonaws.com/media/cards/large/BRI009.webp
RTjbpgTNHN9bKgKNdKwpP,Explosive Growth,2,Runeblade,Elemental,Deck,Elemental Runeblade Action - Attack,1,2,3,true,R,R,ELE,ELE068,https://legendstory-production-s3-public.s3.amazonaws.com/media/cards/large/ELE068.webp
TncBtwwwHQQ7G86qfbgFP,Explosive Growth,3,Runeblade,Elemental,Deck,Elemental Runeblade Action - Attack,1,1,3,true,R,R,ELE,ELE069,https://legendstory-production-s3-public.s3.amazonaws.com/media/cards/large/ELE069.webp
d7bwjcFhcrtN6btzhrdWB,Exposed,3,Generic,,Deck,Generic Attack Reaction,0,,,true,C,C,HNT,HNT237,https://legendstory-production-s3-public.s3.amazonaws.com/media/cards/large/HNT237.webp
bg7WdCTFT99CBNprwhWP8,Exposed to the Elements,3,,Elemental,Deck,Elemental Instant,2,,,true,M,M,AJV|ELE,AJV027,https://legendstory-production-s3-public.s3.amazonaws.com/media/cards/large/AJV027.webp
pfNbbR8kGzBCDCMnFLmNH,Express Lightning,1,Warrior,Light,Deck,Light Warrior Action - Attack,0,4,3,true,C,C,ASB|BOL|MON,ASB010,https://legendstory-production-s3-public.s3.amazonaws.com/media/cards/large/ASB010.webp
DCdPb6ccGkkjwDprnLRPF,Express Lightning,2,Warrior,Light,Deck,Light Warrior Action - Attack,0,3,3,true,C,C,BOL|MON,BOL020,https://legendstory-production-s3-public.s3.amazonaws.com/media/cards/large/BOL020.webp
JwCWgLd9Bn9dztK9PHKkn,Express Lightning,3,Warrior,Light,Deck,Light Warrior Action - Attack,0,2,3,true,C,C,MON,MON053,https://legendstory-production-s3-public.s3.amazonaws.com/media/cards/large/MON053.webp
CzcCpTjr7dMR96NzwhLdk,Extinguish the Flames,1,Assassin,,Deck,Assassin Action - Attack,0,3,3,true,C,C,HNT,HNT031,https://legendstory-production-s3-public.s3.amazonaws.com/media/cards/large/HNT031.webp
RmRmtQCGDHrktQmrn7KhF,Exude Confidence,1,Generic,,Deck,Generic Action - Attack,0,4,2,true,M,M,MON,MON245,https://legendstory-production-s3-public.s3.amazonaws.com/media/cards/large/MON245.webp
N77hdGp96fNQnzc79hqN9,Eye of Ophidia,3,Generic,,Deck,Generic Resource - Gem,,,,true,F,F,ANQ|ARC,ANQ002,https://legendstory-production-s3-public.s3.amazonaws.com/media/cards/large/ANQ002.webp
dzTtNhGMLKzQj8FpPffbB,Ez Sqeez Bookie Syndicate,,,,Deck,Event,,,,false,C,C,SMP,SMP024,https://legendstory-production-s3-public.s3.amazonaws.com/media/cards/large/SMP024.webp
LTzk7nGqnkqRdddd9LRjQ,Fabric of Blossoms,3,Generic,,Deck,Generic Action - Construct,0,,2,false,P,P,LSS,LSS010,https://legendstory-production-s3-public.s3.amazonaws.com/media/cards/large/LSS010-CF.webp
7hQbqFfrRpbMKBWT8DG97,Fabric of Hope,1,Generic,,Deck,Generic Action - Construct,0,,2,false,P,P,LSS,LSS012,https://legendstory-production-s3-public.s3.amazonaws.com/media/cards/large/LSS012-CF.webp
jRmPPnCdbT97fBdhK9jhq,Fabric of Providence,1,Generic,,Deck,Generic Action - Construct,0,,2,false,P,P,LSS,LSS013,https://legendstory-production-s3-public.s3.amazonaws.com/media/cards/large/LSS013-CF.webp
6LLwpNzLJBgr8c8nTqdmr,Fabric of Scales,3,Generic,,Deck,Generic Action - Construct,0,,2,false,P,P,LSS,LSS017,https://legendstory-production-s3-public.s3.amazonaws.com/media/cards/large/LSS017-CF.webp
NTnphGB9GCpfrLRQRcNbj,Fabric of Spring,2,Generic,,Deck,Generic Action - Construct,0,,2,false,P,P,LSS,LSS011,https://legendstory-production-s3-public.s3.amazonaws.com/media/cards/large/LSS011-CF.webp
cjJpkCtJwndP7FwzwDDQc,Fabricate,1,Mechanologist,,Deck,Mechanologist Instant,0,,,true,M,M,EVO,EVO146,https://legendstory-production-s3-public.s3.amazonaws.com/media/cards/large/EVO146.webp
WfL7bkMHHG7DNGr6fDRWD,Face Adversity,,Generic,,Equipment,Generic Equipment - Head,,,2,true,C,C,HVY,HVY198,https://legendstory-production-s3-public.s3.amazonaws.com/media/cards/large/HVY198.webp
Q8bMrFtWrMrdPC7KtGbFz,Face Purgatory,,Runeblade,,Equipment,Runeblade Equipment - Head,,,2,true,P|L,P,FAB|ROS,FAB252,https://legendstory-production-s3-public.s3.amazonaws.com/media/cards/large/FAB252-GF.webp
bcKbBC6rpD6rTJ8dFLLpN,Fact-Finding Mission,1,Generic,,Deck,Generic Action - Attack,2,6,2,true,C,C,MST,MST206,https://legendstory-production-s3-public.s3.amazonaws.com/media/cards/large/MST206.webp
MdHHgpMCDBkpJFFNh9wqd,Fact-Finding Mission,2,Generic,,Deck,Generic Action - Attack,2,5,2,true,C,C,MST,MST207,https://legendstory-production-s3-public.s3.amazonaws.com/media/cards/large/MST207.webp
tgTDwMGbBwknnTNjTTKJJ,Fact-Finding Mission,3,Generic,,Deck,Generic Action - Attack,2,4,2,true,C,C,MST,MST208,https://legendstory-production-s3-public.s3.amazonaws.com/media/cards/large/MST208.webp
QHNfbDkffrKWgwDw7MjwQ,Fai,,Ninja,Draconic,Hero,Draconic Ninja Hero - Young,,,,false,T|R|P|V,T,FAI|HER|PEN|SFA|UPR,FAI001,https://legendstory-production-s3-public.s3.amazonaws.com/media/cards/large/FAI001-RF.webp
RjNJbgTJn7bJrjJHBdfC8,"Fai, Rising Rebellion",,Ninja,Draconic,Hero,Draconic Ninja Hero,,,,true,T|P,T,HER|UPR|WIN,HER058,https://legendstory-production-s3-public.s3.amazonaws.com/media/cards/large/HER058-CF.webp
6KgPjKJBhMkRQgKDdhnbL,Falcon Wing,1,Ranger,,Deck,Ranger Action - Arrow Attack,0,3,3,true,C,C,AZL|OUT|RIP,AZL008,https://legendstory-production-s3-public.s3.amazonaws.com/media/cards/large/AZL008.webp
tpbMRQDzgf7p8WGmMm9wt,Falcon Wing,2,Ranger,,Deck,Ranger Action - Arrow Attack,0,2,3,true,C,C,OUT|RIP,OUT116,https://legendstory-production-s3-public.s3.amazonaws.com/media/cards/large/OUT116.webp
MgM8rpdGfh97ChtG7RQ9L,Falcon Wing,3,Ranger,,Deck,Ranger Action - Arrow Attack,0,1,3,true,C,C,AZL|OUT,AZL023,https://legendstory-production-s3-public.s3.amazonaws.com/media/cards/large/AZL023.webp
Trqb96WQpRWK88QHt9WrL,Familiar Stench,1,Brute,,Deck,Brute Action - Attack,2,6,2,true,C,C,SUP,SUP142,https://legendstory-production-s3-public.s3.amazonaws.com/media/cards/large/SUP142.webp
pNJRPDHg7LnKQWhNctPkD,Familiar Story,1,Guardian,,Deck,Guardian Action - Attack,3,7,2,true,C,C,SUP,SUP185,https://legendstory-production-s3-public.s3.amazonaws.com/media/cards/large/SUP185.webp
RBcRMcBrm89m6pcTDQnP9,Fang,,Warrior,Royal|Draconic,Hero,Royal Draconic Warrior Hero - Young,,,,false,T|R|V,T,FNG|HNT,FNG001,https://legendstory-production-s3-public.s3.amazonaws.com/media/cards/large/FNG001-RF.webp
QqDQKkgCz9TM6HDgFkqcL,Fang Strike,,Assassin,Mystic,Deck,Mystic Assassin Attack Reaction,0,,,true,T|P,T,FAB|LGS|MST|NUU,FAB243,https://legendstory-production-s3-public.s3.amazonaws.com/media/cards/large/FAB243-CF.webp
P9DWCqqTwtKLnhNzLHnnp,"Fang, Dracai of Blades",,Warrior,Royal|Draconic,Hero,Royal Draconic Warrior Hero,,,,true,M|P|V,M,HER|HNT|WIN,HER134,https://legendstory-production-s3-public.s3.amazonaws.com/media/cards/large/HER134-RF.webp
pLKmGWGTTQdcHmhckhcNh,Farflight Longbow,,Ranger,,Weapon,Ranger Weapon - Bow (2H),,,,true,M|P,M,GEM|PEN,GEM109,https://legendstory-production-s3-public.s3.amazonaws.com/media/cards/large/GEM109-CF.webp
TCKTLR7jQp6BDTkbdpfJn,Fast and Furious,1,Mechanologist,,Deck,Mechanologist Action - Attack,0,3,3,true,M|P,M,AIO|GEM,AIO009,https://legendstory-production-s3-public.s3.amazonaws.com/media/cards/large/AIO009.webp
BjHNqL6gfFwC9NQ7hmkP9,Fasting Carcass,1,,Shadow,Deck,Shadow Action,0,,3,true,C,C,PEN,PEN198,https://legendstory-production-s3-public.s3.amazonaws.com/media/cards/large/PEN198.webp
TPJFqgd8n6gkwz7W9QDGm,Fasting Carcass,2,,Shadow,Deck,Shadow Action,0,,3,true,C,C,PEN,PEN199,https://legendstory-production-s3-public.s3.amazonaws.com/media/cards/large/PEN199.webp
kPjnwgCd89bhDLPFqqrPW,Fasting Carcass,3,,Shadow,Deck,Shadow Action,0,,3,true,C,C,PEN,PEN200,https://legendstory-production-s3-public.s3.amazonaws.com/media/cards/large/PEN200.webp
NqdJLJhMF9r9NnLdppgtK,Fatal Engagement,1,Warrior,,Deck,Warrior Attack Reaction,2,,3,true,R,R,HVY|OLA,HVY109,https://legendstory-production-s3-public.s3.amazonaws.com/media/cards/large/HVY109.webp
KHTgDNP9hmH6BfjKr8FFn,Fatal Engagement,2,Warrior,,Deck,Warrior Attack Reaction,2,,3,true,R,R,HVY|KSI,HVY110,https://legendstory-production-s3-public.s3.amazonaws.com/media/cards/large/HVY110.webp
HFtJKqJgR6tQqRNF99gmq,Fatal Engagement,3,Warrior,,Deck,Warrior Attack Reaction,2,,3,true,R,R,HVY,HVY111,https://legendstory-production-s3-public.s3.amazonaws.com/media/cards/large/HVY111.webp
rHQbwp8qrzCcfGm9GQFqp,Fate Foreseen,1,Generic,,Deck,Generic Defense Reaction,0,,4,true,C|P,C,1HP|ANQ|ARC|FAB|JDG,1HP405,https://legendstory-production-s3-public.s3.amazonaws.com/media/cards/large/1HP405.webp
w8QN7hhNck8pQJHcc9rFj,Fate Foreseen,2,Generic,,Deck,Generic Defense Reaction,0,,3,true,C,C,1HP|ARC,1HP406,https://legendstory-production-s3-public.s3.amazonaws.com/media/cards/large/1HP406.webp
mbF7WMCnnpGHh9bwBwBKf,Fate Foreseen,3,Generic,,Deck,Generic Defense Reaction,0,,2,true,C,C,1HP|ARC,1HP407,https://legendstory-production-s3-public.s3.amazonaws.com/media/cards/large/1HP407.webp
BtjHtqNphG79QrFCG6TQ9,Fatigue Shot,1,Ranger,,Deck,Ranger Action - Arrow Attack,1,5,3,true,C,C,EVR,EVR094,https://legendstory-production-s3-public.s3.amazonaws.com/media/cards/large/EVR094.webp
LcwPJL87FjznLJQjKdhfN,Fatigue Shot,2,Ranger,,Deck,Ranger Action - Arrow Attack,1,4,3,true,C,C,EVR,EVR095,https://legendstory-production-s3-public.s3.amazonaws.com/media/cards/large/EVR095.webp
wDQpwcjHkdqjhpJhCHLft,Fatigue Shot,3,Ranger,,Deck,Ranger Action - Arrow Attack,1,3,3,true,C,C,EVR,EVR096,https://legendstory-production-s3-public.s3.amazonaws.com/media/cards/large/EVR096.webp
bzPDgqKBRNH7JQjcqWbfk,Fault Line,1,Guardian,,Deck,Guardian Action - Attack,3,7,3,true,R|P,R,APS|FAB|MPG|SBR,APS009,https://legendstory-production-s3-public.s3.amazonaws.com/media/cards/large/APS009.webp
n9FtLHDg97rfrTNJDMBG6,Fealty,,,Draconic,Token,Draconic Token - Aura,,,,true,B|T|V,B,CIN|FNG|HNT|SFA,CIN028,https://legendstory-production-s3-public.s3.amazonaws.com/media/cards/large/CIN028.webp
h6J7CzPwdkTCKcbK7Jc8T,Fearless Confrontation,3,Generic,,Deck,Generic Action - Attack,3,5,3,true,M,M,MPG,MPG128,https://legendstory-production-s3-public.s3.amazonaws.com/media/cards/large/MPG128.webp
pdwzQtmTgqMnFqkPQKNhq,Feign Death,2,Ranger,,Deck,Ranger Instant,1,,,true,M,M,1HP|CRU,1HP233,https://legendstory-production-s3-public.s3.amazonaws.com/media/cards/large/1HP233.webp
rcQDk66HmLFR6mKt78BWT,Feign Vengeance,3,Ninja,,Deck,Ninja Action - Attack,0,0,3,true,R|P,R,GEM|PEN,GEM117,https://legendstory-production-s3-public.s3.amazonaws.com/media/cards/large/GEM117.webp
KGLtMJpW96RGNDCDf9P7T,Feisty Locals,1,Generic,,Deck,Generic Action - Attack,0,3,2,true,C,C,BEN|OUT|SUP,BEN011,https://legendstory-production-s3-public.s3.amazonaws.com/media/cards/large/BEN011.webp
Bzd7tkQJqf6MhKpQhDH6r,Feisty Locals,2,Generic,,Deck,Generic Action - Attack,0,2,2,true,C,C,OUT|SUP,OUT208,https://legendstory-production-s3-public.s3.amazonaws.com/media/cards/large/OUT208.webp
BtFKjW9dLTMfpqcB8jkwT,Feisty Locals,3,Generic,,Deck,Generic Action - Attack,0,1,2,true,C,C,OUT|SUP,OUT209,https://legendstory-production-s3-public.s3.amazonaws.com/media/cards/large/OUT209.webp
PkQPFgMNLn69hmMnq7jCC,Felling of the Crown,1,,Earth,Deck,Earth Action - Attack,3,4,3,true,M|P,M,FAB|ROS|SUP,FAB260,https://legendstory-production-s3-public.s3.amazonaws.com/media/cards/large/FAB260-CF.webp
W8khCTMWQrNPPPCpH6cgL,Felling Swing,1,Warrior,,Deck,Warrior Action,3,,3,true,C,C,DYN,DYN082,https://legendstory-production-s3-public.s3.amazonaws.com/media/cards/large/DYN082.webp
RNTCqkRgmcHbcjjNph96G,Felling Swing,2,Warrior,,Deck,Warrior Action,3,,3,true,C,C,DYN,DYN083,https://legendstory-production-s3-public.s3.amazonaws.com/media/cards/large/DYN083.webp
P8TDDpgPhhWHncTNcpC7n,Felling Swing,3,Warrior,,Deck,Warrior Action,3,,3,true,C,C,DYN,DYN084,https://legendstory-production-s3-public.s3.amazonaws.com/media/cards/large/DYN084.webp
FjH7WBT6NtmQjrBHBkbTk,Fender Bender,1,Mechanologist,,Deck,Mechanologist Action - Attack,1,4,3,true,C,C,EVO|SDA,EVO210,https://legendstory-production-s3-public.s3.amazonaws.com/media/cards/large/EVO210.webp
RQTzJCzpBPBbNHDRF8DCN,Fender Bender,2,Mechanologist,,Deck,Mechanologist Action - Attack,1,3,3,true,C,C,EVO,EVO211,https://legendstory-production-s3-public.s3.amazonaws.com/media/cards/large/EVO211.webp
gjCWLwWCRRfm6J66cNL7q,Fender Bender,3,Mechanologist,,Deck,Mechanologist Action - Attack,1,2,3,true,C,C,EVO,EVO212,https://legendstory-production-s3-public.s3.amazonaws.com/media/cards/large/EVO212.webp
CPNhjTPwJ9W6Mm6cNRFHd,Feral Instinct,2,Brute,,Deck,Brute Action - Attack,3,6,3,true,M,M,OMN,OMN229,https://legendstory-production-s3-public.s3.amazonaws.com/media/cards/large/OMN229.webp
BM9WbbJkzGzdmtqMcMLJ6,Fertile Ground,1,,Earth,Deck,Earth Instant,2,,,true,C,C,ROS|VER,ROS067,https://legendstory-production-s3-public.s3.amazonaws.com/media/cards/large/ROS067.webp
WJ6Ph7N8hNj8tbDnPTHMw,Fertile Ground,2,,Earth,Deck,Earth Instant,2,,,true,C,C,ROS,ROS068,https://legendstory-production-s3-public.s3.amazonaws.com/media/cards/large/ROS068.webp
FzJFdPw6hFwTLCkTrPf8p,Fertile Ground,3,,Earth,Deck,Earth Instant,2,,,true,C,C,ROS,ROS069,https://legendstory-production-s3-public.s3.amazonaws.com/media/cards/large/ROS069.webp
cDDzQzMWRRDWjQdBC6PqN,Fervent Forerunner,1,Generic,,Deck,Generic Action - Attack,0,3,2,true,C,C,ARC,ARC182,https://legendstory-production-s3-public.s3.amazonaws.com/media/cards/large/ARC182.webp
qJTwtcgqMDCBwTqNWjNHJ,Fervent Forerunner,2,Generic,,Deck,Generic Action - Attack,0,2,2,true,C,C,ARC,ARC183,https://legendstory-production-s3-public.s3.amazonaws.com/media/cards/large/ARC183.webp
zQMMbcBbbRKKJcTwcCPPQ,Fervent Forerunner,3,Generic,,Deck,Generic Action - Attack,0,1,2,true,C,C,ARC,ARC184,https://legendstory-production-s3-public.s3.amazonaws.com/media/cards/large/ARC184.webp
p7CLrzj7kGMtt8cLfMdqT,Fiddle-dee,,Bard,,Equipment,Bard Equipment - Arms,,,0,true,R|P,R,LGS|TCC,LGS215,https://legendstory-production-s3-public.s3.amazonaws.com/media/cards/large/LGS215-RF.webp
6dNCtnqWjTwr88JCckKDG,Fiddler's Green,1,Generic,,Deck,Generic Block,,,1,true,R|P,R,AGB|ANQ|GEM|SEA,AGB013,https://legendstory-production-s3-public.s3.amazonaws.com/media/cards/large/AGB013.webp
bR7C7tbtGczDWnbDHjTD7,Fiddler's Green,2,Generic,,Deck,Generic Block,,,1,true,R,R,SEA,SEA213,https://legendstory-production-s3-public.s3.amazonaws.com/media/cards/large/SEA213.webp
7bLzzWQGtNWkHWzjkcdQn,Fiddler's Green,3,Generic,,Deck,Generic Block,,,1,true,R,R,SEA,SEA214,https://legendstory-production-s3-public.s3.amazonaws.com/media/cards/large/SEA214.webp
CdcPgtHftqzGHjTcWNBJp,Fight Dirty,1,,Reviled,Deck,Reviled Action - Attack,3,7,2,true,R,R,SUP,SUP089,https://legendstory-production-s3-public.s3.amazonaws.com/media/cards/large/SUP089.webp
7ckBwwLJzbdbMHW7kWnNw,Fight Fair,1,,Revered,Deck,Revered Action - Attack,2,6,2,true,R,R,SUP,SUP033,https://legendstory-production-s3-public.s3.amazonaws.com/media/cards/large/SUP033.webp
fpbDMC7pMtnNHCJrkcTww,Fight from Behind,1,,Revered,Deck,Revered Action - Attack,2,6,2,true,C,C,SUP,SUP040,https://legendstory-production-s3-public.s3.amazonaws.com/media/cards/large/SUP040.webp
mqjq8Pk9hNz6gK8bck9Hm,Fight from Behind,2,,Revered,Deck,Revered Action - Attack,2,5,2,true,C,C,SUP,SUP041,https://legendstory-production-s3-public.s3.amazonaws.com/media/cards/large/SUP041.webp
K6zRWPRdP76bFfKgHw7Fd,Fight from Behind,3,,Revered,Deck,Revered Action - Attack,2,4,2,true,C,C,SUP,SUP042,https://legendstory-production-s3-public.s3.amazonaws.com/media/cards/large/SUP042.webp
TMKn79cNDqQp6PJGGrBqj,Fight Night Prize Purse,,,,Deck,Event,,,,false,C,C,SMP,SMP025,https://legendstory-production-s3-public.s3.amazonaws.com/media/cards/large/SMP025.webp
rd8gCbPjLCWcPLdqbMRWm,Fightmaster Kox,,Guardian,,Hero,Guardian Hero - Pit-Fighter,,,,false,M,M,SMP,SMP003,https://legendstory-production-s3-public.s3.amazonaws.com/media/cards/large/SMP003.webp
cWRWbKczR8N8F6nGBMNG7,Figment of Erudition,2,Illusionist,Light,Deck,Light Illusionist Instant - Figment,4,,,true,M|V,M,DTD,DTD005,https://legendstory-production-s3-public.s3.amazonaws.com/media/cards/large/DTD005.webp
gKQKG87JCtBgqDDrcBmcF,Figment of Judgment,2,Illusionist,Light,Deck,Light Illusionist Instant - Figment,4,,,true,M|V,M,DTD,DTD006,https://legendstory-production-s3-public.s3.amazonaws.com/media/cards/large/DTD006.webp
FhzPFCDrDhK8QbjFRfHLk,Figment of Protection,2,Illusionist,Light,Deck,Light Illusionist Instant - Figment,4,,,true,M|V,M,DTD,DTD007,https://legendstory-production-s3-public.s3.amazonaws.com/media/cards/large/DTD007.webp
kJdRmr6CLhJ9LznJkmcJb,Figment of Ravages,2,Illusionist,Light,Deck,Light Illusionist Instant - Figment,4,,,true,M|V,M,DTD,DTD008,https://legendstory-production-s3-public.s3.amazonaws.com/media/cards/large/DTD008.webp
ThhTfhmkkjr6DJR8hwQjt,Figment of Rebirth,2,Illusionist,Light,Deck,Light Illusionist Instant - Figment,4,,,true,M|V,M,DTD,DTD009,https://legendstory-production-s3-public.s3.amazonaws.com/media/cards/large/DTD009.webp
mtTHBQB9qrJDzrMpJtfRw,Figment of Tenacity,2,Illusionist,Light,Deck,Light Illusionist Instant - Figment,4,,,true,M|V,M,DTD,DTD010,https://legendstory-production-s3-public.s3.amazonaws.com/media/cards/large/DTD010.webp
zcGjRmHTgMkN7Fwzhkkp6,Figment of Triumph,2,Illusionist,Light,Deck,Light Illusionist Instant - Figment,4,,,true,M|V,M,DTD,DTD011,https://legendstory-production-s3-public.s3.amazonaws.com/media/cards/large/DTD011.webp
qrhLKPQDzcR99cHLz7jgq,Figment of War,2,Illusionist,Light,Deck,Light Illusionist Instant - Figment,4,,,true,M|V,M,DTD,DTD012,https://legendstory-production-s3-public.s3.amazonaws.com/media/cards/large/DTD012.webp
wrn8fmpTQHjKLzzHtqwNG,Final Act,1,Bard,,Deck,Bard Action - Attack,1,1,3,true,M,M,TCC,TCC057,https://legendstory-production-s3-public.s3.amazonaws.com/media/cards/large/TCC057.webp
PHz8kWCt6rw6Q6jMgbdQC,Find Center,3,Ninja,,Deck,Ninja Action - Attack,0,2,3,true,M,M,1HP|CRU,1HP098,https://legendstory-production-s3-public.s3.amazonaws.com/media/cards/large/1HP098.webp
PgCtkKz6JjJQ9mgKK679T,Fingers of Fragmentation,,Illusionist,,Equipment,Illusionist Equipment - Arms,,,0,true,C,C,OMN,OMN039,https://legendstory-production-s3-public.s3.amazonaws.com/media/cards/large/OMN039.webp
P8MBHdhfJLMQ6qdPdWpCL,Fire and Brimstone,1,Warrior,Draconic,Deck,Draconic Warrior Attack Reaction,2,,3,true,R,R,FNG|HNT,FNG013,https://legendstory-production-s3-public.s3.amazonaws.com/media/cards/large/FNG013.webp
qnr8rHRmfzBbrgbjM9GjG,Fire in the Hole,1,Ranger,,Deck,Ranger Action,0,,2,true,R,R,SEA,SEA101,https://legendstory-production-s3-public.s3.amazonaws.com/media/cards/large/SEA101-RF.webp
fJ6NzRBP9hRRcQLPLTDrf,Fire Tenet: Strike First,1,Ninja,,Deck,Ninja Action - Attack,0,3,2,true,C,C,CIN|HNT|SFA,CIN012,https://legendstory-production-s3-public.s3.amazonaws.com/media/cards/large/CIN012.webp
wLWmztzbRkrFkgzPCP6hT,Fire Tenet: Strike First,2,Ninja,,Deck,Ninja Action - Attack,0,2,2,true,C,C,HNT,HNT084,https://legendstory-production-s3-public.s3.amazonaws.com/media/cards/large/HNT084.webp
M9QNfBrcmp9zBJhztzDM7,Fire Tenet: Strike First,3,Ninja,,Deck,Ninja Action - Attack,0,1,2,true,C,C,HNT,HNT085,https://legendstory-production-s3-public.s3.amazonaws.com/media/cards/large/HNT085.webp
wtncTCQkTwF99wgkzMhTm,Fire that Burns Within,1,,Draconic,Deck,Draconic Action - Attack,1,2,2,true,R|P,R,GEM|PEN|SFA,GEM132,https://legendstory-production-s3-public.s3.amazonaws.com/media/cards/large/GEM132.webp
FKCrQMngDF9nMT99qzNjn,Firebreathing,1,Generic,,Deck,Generic Action - Attack,2,3,3,true,M,M,EVR,EVR157,https://legendstory-production-s3-public.s3.amazonaws.com/media/cards/large/EVR157.webp
kHP6QW9GNhJzkDjq7nGpk,Firewall,1,Mechanologist,,Deck,Mechanologist Block,,,4,true,R,R,EVO|TCC,EVO159,https://legendstory-production-s3-public.s3.amazonaws.com/media/cards/large/EVO159.webp
zRdT7QbmBfgd7DKBwjfGd,Firewall,2,Mechanologist,,Deck,Mechanologist Block,,,3,true,R,R,EVO|TCC,EVO160,https://legendstory-production-s3-public.s3.amazonaws.com/media/cards/large/EVO160.webp
qQQr98pt8gmgGdttPNTH7,Firewall,3,Mechanologist,,Deck,Mechanologist Block,,,2,true,R,R,EVO|TCC,EVO161,https://legendstory-production-s3-public.s3.amazonaws.com/media/cards/large/EVO161.webp
BwjpdtTFfBRTJHgKMM6rn,First Tenet of Chi: Moon,3,,Mystic,Deck,Mystic Action,0,,3,true,C|P,C,ENG|LGS|MST,ENG018,https://legendstory-production-s3-public.s3.amazonaws.com/media/cards/large/ENG018.webp
rtLfTrnFcDBQhtbFprGRD,First Tenet of Chi: Tide,3,,Mystic,Deck,Mystic Action,0,,3,true,C|P,C,LGS|MST,LGS296,https://legendstory-production-s3-public.s3.amazonaws.com/media/cards/large/LGS296-RF.webp
tCjqz6rHFKTmDpDkfHmzm,First Tenet of Chi: Wind,3,,Mystic,Deck,Mystic Action,0,,3,true,C|P,C,LGS|MST,LGS304,https://legendstory-production-s3-public.s3.amazonaws.com/media/cards/large/LGS304-RF.webp
KGqmhqzwPDDcr6MNr76gB,Fish Fingers,,Pirate,,Equipment,Pirate Equipment - Arms,,,1,true,C|P,C,LGS|SEA,LGS394,https://legendstory-production-s3-public.s3.amazonaws.com/media/cards/large/LGS394-CF.webp
PGCBWLPcTWcHRh7CwW8K7,Fist Pump,,Mechanologist,,Equipment,Mechanologist Equipment - Arms,,,1,true,M,M,AMX,AMX005,https://legendstory-production-s3-public.s3.amazonaws.com/media/cards/large/AMX005-RF.webp
FwDRt9TR7CCJd9NnNBmfP,Fisticuffs,,Generic,,Equipment,Generic Equipment - Arms,,,,true,C,C,BEN|KAT|OUT|UZU,BEN005,https://legendstory-production-s3-public.s3.amazonaws.com/media/cards/large/BEN005.webp
R7B9m6hKjCKhRFpfcNzbT,Fix the Match,2,,Reviled,Deck,Reviled Action - Attack,0,3,2,true,M,M,SUP,SUP082,https://legendstory-production-s3-public.s3.amazonaws.com/media/cards/large/SUP082.webp
KthQj9HCRMDRfngK88kCw,Flail of Agony,,Runeblade,Shadow,Weapon,Shadow Runeblade Weapon - Flail (1H),,1,,true,R|P,R,CON|DTD|FAB|LGS,CON008,https://legendstory-production-s3-public.s3.amazonaws.com/media/cards/large/CON008-MV.webp
nfNQF8fT8Lf668dWP9DB6,Flake Out,1,Ranger,Elemental,Deck,Elemental Ranger Action - Arrow Attack,1,5,3,true,C,C,ELE,ELE056,https://legendstory-production-s3-public.s3.amazonaws.com/media/cards/large/ELE056.webp
jwrDJnLHdGdWnWNMd6RnB,Flake Out,2,Ranger,Elemental,Deck,Elemental Ranger Action - Arrow Attack,1,4,3,true,C,C,ELE,ELE057,https://legendstory-production-s3-public.s3.amazonaws.com/media/cards/large/ELE057.webp
CmQnkwJDjdtkJwrrJKqwz,Flake Out,3,Ranger,Elemental,Deck,Elemental Ranger Action - Arrow Attack,1,3,3,true,C,C,ELE,ELE058,https://legendstory-production-s3-public.s3.amazonaws.com/media/cards/large/ELE058.webp
WnBPzmt9KKqqBpccHPJTG,Flameborn Retribution,1,,Draconic,Deck,Draconic Action - Attack,1,3,2,true,C,C,FAI|UPR,FAI013,https://legendstory-production-s3-public.s3.amazonaws.com/media/cards/large/FAI013.webp
HjFbJmPHHbLwqfnbPfFML,Flamecall Awakening,1,,Draconic,Deck,Draconic Action - Attack,1,3,2,true,C,C,FAI|SFA|UPR,FAI012,https://legendstory-production-s3-public.s3.amazonaws.com/media/cards/large/FAI012.webp
Fg6Mc9mLLBCDFdrTpTpTB,Flamescale Furnace,,,Draconic,Equipment,Draconic Equipment - Chest,,,2,true,P|L,P,FAB|UPR,FAB087,https://legendstory-production-s3-public.s3.amazonaws.com/media/cards/large/FAB087-GF.webp
cQbwHf7HLrPGwPhCw88mq,Flash,1,,Lightning,Deck,Lightning Action,0,,2,true,C|R,C,ELE|OSC|ROS,ELE177,https://legendstory-production-s3-public.s3.amazonaws.com/media/cards/large/ELE177.webp
67fGrFQnnpt8PLBckjKdG,Flash,2,,Lightning,Deck,Lightning Action,0,,2,true,C|R,C,BRI|ELE|ROS,BRI031,https://legendstory-production-s3-public.s3.amazonaws.com/media/cards/large/BRI031.webp
BGDgkjjjkjJPtfRndfmFN,Flash,3,,Lightning,Deck,Lightning Action,0,,2,true,C|R,C,ELE|ROS,ELE179,https://legendstory-production-s3-public.s3.amazonaws.com/media/cards/large/ELE179.webp
TkpjjKgfzKLgjRMDJNpk7,Flash Bolt,1,Wizard,Lightning,Deck,Lightning Wizard Instant,2,,,true,R,R,OMN,OMN106,https://legendstory-production-s3-public.s3.amazonaws.com/media/cards/large/OMN106.webp
bnHbThztdNdG7g7gNqFj6,Flash Bolt,2,Wizard,Lightning,Deck,Lightning Wizard Instant,2,,,true,R,R,OMN,OMN107,https://legendstory-production-s3-public.s3.amazonaws.com/media/cards/large/OMN107.webp
PhD7nmCtwWrmPpQ7NG8tz,Flash Bolt,3,Wizard,Lightning,Deck,Lightning Wizard Instant,2,,,true,R,R,OMN,OMN108,https://legendstory-production-s3-public.s3.amazonaws.com/media/cards/large/OMN108.webp
hBDtCDkPFDtWFTm9hGJDq,Flash of Brilliance,,,Lightning,Equipment,Lightning Equipment - Head,,,1,true,C|P,C,AUA|LGS|OSC|ROS,AUA003,https://legendstory-production-s3-public.s3.amazonaws.com/media/cards/large/AUA003.webp
KGMH76KLtDChtw8JBqMbJ,Flashfreeze,1,,Elemental,Deck,Elemental Action,1,,2,true,M,M,ELE,ELE092,https://legendstory-production-s3-public.s3.amazonaws.com/media/cards/large/ELE092.webp
RNdgT9tDmGkztGN7zpkRn,Flat Trackers,,Brute|Warrior,,Equipment,Brute / Warrior Equipment - Legs,,,1,true,C,C,HVY|KSI|KYO|OLA|RHI|SBL,HVY155,https://legendstory-production-s3-public.s3.amazonaws.com/media/cards/large/HVY155.webp
RJjbqnMGDRbB9LMT8LpDk,Flatten the Field,1,Guardian,,Deck,Guardian Action - Attack,4,8,3,true,C,C,MPG,MPG076,https://legendstory-production-s3-public.s3.amazonaws.com/media/cards/large/MPG076.webp
9TDdTNcJdThkBt9HwmJMK,Flatten the Field,2,Guardian,,Deck,Guardian Action - Attack,4,7,3,true,C,C,MPG,MPG077,https://legendstory-production-s3-public.s3.amazonaws.com/media/cards/large/MPG077.webp
HjbGtQFJWLJ6C7ChzRBhf,Flatten the Field,3,Guardian,,Deck,Guardian Action - Attack,4,6,3,true,C,C,BDD|MPG|SBR,BDD014,https://legendstory-production-s3-public.s3.amazonaws.com/media/cards/large/BDD014.webp
cKbtrKKgB6TQdgwKQRRMp,Fleece the Frail,1,Assassin,,Deck,Assassin Action - Attack,0,4,3,true,C,C,ARK|DYN,ARK009,https://legendstory-production-s3-public.s3.amazonaws.com/media/cards/large/ARK009.webp
pTkGCNJD989J9TkqLnfRb,Fleece the Frail,2,Assassin,,Deck,Assassin Action - Attack,0,3,3,true,C,C,DYN,DYN137,https://legendstory-production-s3-public.s3.amazonaws.com/media/cards/large/DYN137.webp
QBDrnc9CmJD6BdzzhQGjJ,Fleece the Frail,3,Assassin,,Deck,Assassin Action - Attack,0,2,3,true,C,C,DYN,DYN138,https://legendstory-production-s3-public.s3.amazonaws.com/media/cards/large/DYN138.webp
qPDJLjQBMWtW8fJ8Kdznp,Fleeing Starbreeze,3,Illusionist,Lightning,Deck,Lightning Illusionist Instant - Aura,0,,,true,C,C,AZS|OMN,AZS027,https://legendstory-production-s3-public.s3.amazonaws.com/media/cards/large/AZS027.webp
gJnrmh7M9pLPfkfNnzfMk,Fleet Foot Sandals,,Generic,,Equipment,Generic Equipment - Legs,,,,true,C,C,BEN|OUT,BEN006,https://legendstory-production-s3-public.s3.amazonaws.com/media/cards/large/BEN006.webp
wQHKQHcJLKwBRwgNG8QMB,Fletch a Blue Tail,3,Ranger,,Deck,Ranger Action,1,,2,true,R,R,OUT,OUT111,https://legendstory-production-s3-public.s3.amazonaws.com/media/cards/large/OUT111.webp
pj8DmGTHp6bDzpLdz968F,Fletch a Red Tail,1,Ranger,,Deck,Ranger Action,1,,2,true,R,R,AZL|OUT,AZL019,https://legendstory-production-s3-public.s3.amazonaws.com/media/cards/large/AZL019.webp
wFb9Nd9dBWPJrmNQNQdW8,Fletch a Yellow Tail,2,Ranger,,Deck,Ranger Action,1,,2,true,R,R,OUT,OUT110,https://legendstory-production-s3-public.s3.amazonaws.com/media/cards/large/OUT110.webp
8gFjHb6jgWPdwHbQjgRKN,Flex,1,Generic,,Deck,Generic Action - Attack,0,4,2,true,R,R,FAI|UPR,FAI022,https://legendstory-production-s3-public.s3.amazonaws.com/media/cards/large/FAI022.webp
jPD7Qr9HHgnr6BrLCpFBK,Flex,2,Generic,,Deck,Generic Action - Attack,0,3,2,true,R,R,UPR,UPR192,https://legendstory-production-s3-public.s3.amazonaws.com/media/cards/large/UPR192.webp
mLGDzNdDjfN9CFc6zNntW,Flex,3,Generic,,Deck,Generic Action - Attack,0,2,2,true,R,R,UPR,UPR193,https://legendstory-production-s3-public.s3.amazonaws.com/media/cards/large/UPR193.webp
HNQqczGWgqmCzqGqnWkwk,Flex Claws,1,Ninja,,Deck,Ninja Action - Attack,1,4,2,true,C|R,C,DYN|MST|TCC|ZEN,DYN050,https://legendstory-production-s3-public.s3.amazonaws.com/media/cards/large/DYN050.webp
MGFhzzHdwLqwChD6TLkjk,Flex Claws,2,Ninja,,Deck,Ninja Action - Attack,1,3,2,true,C|R,C,DYN|MST|TCC,DYN051,https://legendstory-production-s3-public.s3.amazonaws.com/media/cards/large/DYN051.webp
phtD8RM6rJ6FWPFwFwkzg,Flex Claws,3,Ninja,,Deck,Ninja Action - Attack,1,2,2,true,C|R,C,DYN|MST|ZEN,DYN052,https://legendstory-production-s3-public.s3.amazonaws.com/media/cards/large/DYN052.webp
GHJbjDGDGhF7B8bLFHrz6,Flex Speed,1,Brute,,Deck,Brute Action - Attack,2,5,3,true,C,C,SUP,SUP146,https://legendstory-production-s3-public.s3.amazonaws.com/media/cards/large/SUP146.webp
mhfCHdrC7Bb7rPBwbfqtf,Flex Speed,2,Brute,,Deck,Brute Action - Attack,2,4,3,true,C,C,SUP,SUP147,https://legendstory-production-s3-public.s3.amazonaws.com/media/cards/large/SUP147.webp
gTdKt8WpBT7m9WpGMQFmw,Flex Speed,3,Brute,,Deck,Brute Action - Attack,2,3,3,true,C,C,SUP,SUP148,https://legendstory-production-s3-public.s3.amazonaws.com/media/cards/large/SUP148.webp
dRp7czHgccGwbFTQjLPCk,Flex Strength,1,Brute,,Deck,Brute Action - Attack,2,4,3,true,C,C,SUP,SUP149,https://legendstory-production-s3-public.s3.amazonaws.com/media/cards/large/SUP149.webp
nBTzTMQBBmg9qTBCQkP8F,Flex Strength,2,Brute,,Deck,Brute Action - Attack,2,3,3,true,C,C,SUP,SUP150,https://legendstory-production-s3-public.s3.amazonaws.com/media/cards/large/SUP150.webp
Hz9KzqHfR7PqfWBqphBz9,Flex Strength,3,Brute,,Deck,Brute Action - Attack,2,2,3,true,C|P,C,GEM|SUP,GEM099,https://legendstory-production-s3-public.s3.amazonaws.com/media/cards/large/GEM099.webp
WtGtPtHBQMNnjzBdcdLNd,Flic Flak,1,Ninja,,Deck,Ninja Defense Reaction,0,,4,true,R|P,R,1HP|ASR|FAB|TNP|WTR,1HP113,https://legendstory-production-s3-public.s3.amazonaws.com/media/cards/large/1HP113.webp
NWTPMPpLT7TL7qzkBLTHF,Flic Flak,2,Ninja,,Deck,Ninja Defense Reaction,0,,3,true,R|P,R,1HP|TNP|WTR,1HP114,https://legendstory-production-s3-public.s3.amazonaws.com/media/cards/large/1HP114.webp
tNwNjDkrznjwrPP6bHBtD,Flic Flak,3,Ninja,,Deck,Ninja Defense Reaction,0,,2,true,R|P,R,1HP|KSU|TNP|WTR,1HP115,https://legendstory-production-s3-public.s3.amazonaws.com/media/cards/large/1HP115.webp
Bh6NHMCNrhdwbHb7CJRb7,Flick Knives,,Assassin|Ninja,,Equipment,Assassin / Ninja Equipment - Arms,,,1,true,P|L,P,FAB|OUT|SUP,FAB124,https://legendstory-production-s3-public.s3.amazonaws.com/media/cards/large/FAB124-GF.webp
pDcNGgGpPKKtj9wkD7jQR,Flicker Reality,3,Illusionist,Lightning,Deck,Lightning Illusionist Instant - Aura,0,,,true,M,M,OMN,OMN005,https://legendstory-production-s3-public.s3.amazonaws.com/media/cards/large/OMN005.webp
kCKqHQb8W96FJTWqnNhCj,Flicker Trick,1,Illusionist,,Deck,Illusionist Defense Reaction,0,,5,true,M,M,DTD,DTD218,https://legendstory-production-s3-public.s3.amazonaws.com/media/cards/large/DTD218.webp
wq9TcGTj79nqfWPtJFdkR,Flicker Wisp,2,Runeblade,Elemental,Deck,Elemental Runeblade Action,0,,2,true,M,M,ELE,ELE065,https://legendstory-production-s3-public.s3.amazonaws.com/media/cards/large/ELE065.webp
mRMLQ9PM6rhFMcMKWdcbm,Flight Path,,Ranger,,Equipment,Ranger Equipment - Legs,,,1,true,M,M,AAZ,AAZ007,https://legendstory-production-s3-public.s3.amazonaws.com/media/cards/large/AAZ007-RF.webp
rPFqdQD8MGWwJh9th7NGz,Flittering Charge,1,,Lightning,Deck,Lightning Action - Attack,0,4,2,true,C|P,C,AST|AUA|LGS|OSC|ROS,AST010,https://legendstory-production-s3-public.s3.amazonaws.com/media/cards/large/AST010.webp
PQbd6FrtTPTWfWQLT6Gr7,Flittering Charge,2,,Lightning,Deck,Lightning Action - Attack,0,3,2,true,C|P,C,LGS|ROS,LGS338,https://legendstory-production-s3-public.s3.amazonaws.com/media/cards/large/LGS338-RF.webp
MPwMhPCJgTFpFWTTHfGW9,Flittering Charge,3,,Lightning,Deck,Lightning Action - Attack,0,2,2,true,C|P,C,LGS|ROS,LGS339,https://legendstory-production-s3-public.s3.amazonaws.com/media/cards/large/LGS339-RF.webp
9wjwrtNmPJzqbLfcrchgR,Flittering Forcefield,1,,Lightning,Deck,Lightning Defense Reaction,0,,3,true,C|P,C,GEM|OMN,GEM173,https://legendstory-production-s3-public.s3.amazonaws.com/media/cards/large/GEM173.webp
hRQFwWPRMpJrgj8NTmbCR,Flittering Forcefield,2,,Lightning,Deck,Lightning Defense Reaction,0,,2,true,C,C,OMN,OMN182,https://legendstory-production-s3-public.s3.amazonaws.com/media/cards/large/OMN182.webp
gRQQM97BJrfQFQjB8jPzz,Flittering Forcefield,3,,Lightning,Deck,Lightning Defense Reaction,0,,1,true,C,C,OMN,OMN183,https://legendstory-production-s3-public.s3.amazonaws.com/media/cards/large/OMN183.webp
QQqkkCLrwB88t8t7w8mwz,Flittering Spike,1,,Lightning,Deck,Lightning Action - Attack,1,4,3,true,C,C,OMN,OMN166,https://legendstory-production-s3-public.s3.amazonaws.com/media/cards/large/OMN166.webp
NwMDbH6HdbCPLbKQCCqDh,Flittering Spike,2,,Lightning,Deck,Lightning Action - Attack,1,3,3,true,C,C,OMN,OMN167,https://legendstory-production-s3-public.s3.amazonaws.com/media/cards/large/OMN167.webp
hLpJwQM8kntLtkwcqdrrF,Flittering Spike,3,,Lightning,Deck,Lightning Action - Attack,1,2,3,true,C,C,OMN,OMN168,https://legendstory-production-s3-public.s3.amazonaws.com/media/cards/large/OMN168.webp
C6NjgQKQBjDBcCJFg6cGd,Flock of the Feather Walkers,1,Generic,,Deck,Generic Action - Attack,1,5,2,true,C,C,1HP|DVR|WTR,1HP390,https://legendstory-production-s3-public.s3.amazonaws.com/media/cards/large/1HP390.webp
bbJnkTkktrTJPPwGdWg7h,Flock of the Feather Walkers,2,Generic,,Deck,Generic Action - Attack,1,4,2,true,C,C,1HP|WTR,1HP391,https://legendstory-production-s3-public.s3.amazonaws.com/media/cards/large/1HP391.webp
6fB9pCdHTN9WBhTBF7D6D,Flock of the Feather Walkers,3,Generic,,Deck,Generic Action - Attack,1,3,2,true,C,C,1HP|RNR|TEA|WTR,1HP392,https://legendstory-production-s3-public.s3.amazonaws.com/media/cards/large/1HP392.webp
9QkzLM66JjHbrMD9M6KDf,Flood of Force,2,Ninja,,Deck,Ninja Action - Attack,0,1,3,true,M,M,1HP|CRU,1HP099,https://legendstory-production-s3-public.s3.amazonaws.com/media/cards/large/1HP099.webp
Ht8qhJWDMHjjMjzqgf6KG,Florian,,Runeblade,Elemental,Hero,Elemental Runeblade Hero - Young,,,,false,T|R|V,T,FLR|ROS,FLR001,https://legendstory-production-s3-public.s3.amazonaws.com/media/cards/large/FLR001-RF.webp
hjMQGwKgDTh8LzFdnk8Rg,"Florian, Rotwood Harbinger",,Runeblade,Elemental,Hero,Elemental Runeblade Hero,,,,true,M|P|V,M,HER|ROS|WIN,HER119,https://legendstory-production-s3-public.s3.amazonaws.com/media/cards/large/HER119-RF.webp
RrrMdb8KPhtNTzKFrRRWQ,Flourish,2,,Earth,Deck,Earth Action,0,,2,true,R|P,R,GEM|TER,GEM169,https://legendstory-production-s3-public.s3.amazonaws.com/media/cards/large/GEM169.webp
PK8zK8ngMjKPzjTLR9zfB,Flourish,3,,Earth,Deck,Earth Action,0,,2,true,R,R,TER,TER024,https://legendstory-production-s3-public.s3.amazonaws.com/media/cards/large/TER024.webp
PcCQGjz68TjzgQrMfRnLQ,Flow Through,3,,Lightning,Deck,Lightning Instant,0,,,true,R,R,OMN,OMN158,https://legendstory-production-s3-public.s3.amazonaws.com/media/cards/large/OMN158.webp
KQhHqHjdrF8cFkRhQDQWq,Flowing Stormstrike,1,,Lightning,Deck,Lightning Action - Attack,0,4,2,true,R|P,R,AZS|FAB|OMN,AZS009,https://legendstory-production-s3-public.s3.amazonaws.com/media/cards/large/AZS009.webp
tR69zGf7gHHC9pTwwwnkH,Flowshard Elemental,1,,Lightning,Deck,Lightning Action - Attack,0,4,2,true,R|P,R,GEM|OMN,GEM172,https://legendstory-production-s3-public.s3.amazonaws.com/media/cards/large/GEM172.webp
HWwCcqHRHkB69mfHDdJfk,Flowstate Embodiment,1,,Lightning,Deck,Lightning Action - Attack,0,4,3,true,M|P,M,FAB|OMN,FAB476,https://legendstory-production-s3-public.s3.amazonaws.com/media/cards/large/FAB476-CF.webp
DfDQKGMfKrkdtfkJKLQch,Fluid Motion,3,,Mystic,Deck,Mystic Action - Attack,0,2,3,true,C,C,PEN|SEN,PEN269,https://legendstory-production-s3-public.s3.amazonaws.com/media/cards/large/PEN269.webp
jdkmHT8QfQmMbPLBHPrHJ,Flurry,,Warrior,,Token,Warrior Token - Aura,,,,true,B|V,B,AHA|MPW|SBL,AHA027,https://legendstory-production-s3-public.s3.amazonaws.com/media/cards/large/AHA027.webp
CRcjBPdh8TCq96GKpcmBc,Flurry Foot Dance,2,Warrior,,Deck,Warrior Defense Reaction,0,,2,true,R,R,AHA,AHA016,https://legendstory-production-s3-public.s3.amazonaws.com/media/cards/large/AHA016.webp
G8kKjJCFCz6GMTWhQkdzT,Flurry Stance,1,Warrior,,Deck,Warrior Action - Aura,0,,3,true,R|P,R,FAB|HNT,FAB312,https://legendstory-production-s3-public.s3.amazonaws.com/media/cards/large/FAB312-RF.webp
Wk9cnfJGMJRgWNMm7czwH,Fluster Fist,1,Ninja,,Deck,Ninja Action - Attack,0,4,3,true,R,R,KAT|KSU|WTR,KAT011,https://legendstory-production-s3-public.s3.amazonaws.com/media/cards/large/KAT011.webp
HGNCdBCQmdRqQGggmrLjg,Fluster Fist,2,Ninja,,Deck,Ninja Action - Attack,0,3,3,true,R,R,WTR,WTR087,https://legendstory-production-s3-public.s3.amazonaws.com/media/cards/large/WTR087.webp
9n8wHtnLRcNrMhctcDQCb,Fluster Fist,3,Ninja,,Deck,Ninja Action - Attack,0,2,3,true,R,R,KSU|WTR,KSU022,https://legendstory-production-s3-public.s3.amazonaws.com/media/cards/large/KSU022.webp
PGmLNJTqFnRhJwBgdc698,Fluttersteps,,Illusionist,,Equipment,Illusionist Equipment - Legs,,,,true,M,M,ROS,ROS251,https://legendstory-production-s3-public.s3.amazonaws.com/media/cards/large/ROS251.webp
g8DkCdbjNtDPTMWhDFnNf,Flying High,1,Generic,,Deck,Generic Action,0,,2,true,R|P,R,LGS|SEA,LGS411,https://legendstory-production-s3-public.s3.amazonaws.com/media/cards/large/LGS411-RF.webp
6cjnMQdchnmhcWTkNMrbK,Flying High,2,Generic,,Deck,Generic Action,0,,2,true,R|P,R,LGS|SEA,LGS412,https://legendstory-production-s3-public.s3.amazonaws.com/media/cards/large/LGS412-RF.webp
nL9rPDJLqLM9dBndmpn6L,Flying High,3,Generic,,Deck,Generic Action,0,,2,true,R|P,R,LGS|SEA|SGB|SVI,LGS413,https://legendstory-production-s3-public.s3.amazonaws.com/media/cards/large/LGS413-RF.webp
fRMpqdL8MjMKkPq9rG8J8,Flying Kick,1,Ninja,,Deck,Ninja Action - Attack,2,5,3,true,C|P,C,ASR|CRU|IRA|TCC,ASR009,https://legendstory-production-s3-public.s3.amazonaws.com/media/cards/large/ASR009.webp
R7RwbN6Gw8g79hw7wwPMf,Flying Kick,2,Ninja,,Deck,Ninja Action - Attack,2,4,3,true,C,C,CRU,CRU064,https://legendstory-production-s3-public.s3.amazonaws.com/media/cards/large/CRU064.webp
MCtGBgjzJWb8rPmNPTDWp,Flying Kick,3,Ninja,,Deck,Ninja Action - Attack,2,3,3,true,C,C,ASR|CRU|TCC,ASR021,https://legendstory-production-s3-public.s3.amazonaws.com/media/cards/large/ASR021.webp
tKf7fDRqqJHHn7QgrKjdR,Fog Down,2,Generic,,Deck,Generic Action - Aura,3,,3,true,M,M,UPR,UPR190,https://legendstory-production-s3-public.s3.amazonaws.com/media/cards/large/UPR190.webp
t9FQnwWKw7RWz7pPBGf7f,Fool's Gold,2,Generic,,Deck,Generic Resource,,,,true,R|P,R,FAB|SEA,FAB350,https://legendstory-production-s3-public.s3.amazonaws.com/media/cards/large/FAB350-CF.webp
JBQPqNK9TGWNHD9NKmKTh,For the Dracai,1,,Draconic,Deck,Draconic Action - Attack,0,4,3,true,C|P,C,FAB|FNG|HNT,FAB318,https://legendstory-production-s3-public.s3.amazonaws.com/media/cards/large/FAB318-RF.webp
kfQHGNNdKjPpG8nWkfB9P,For the Emperor,1,,Draconic,Deck,Draconic Action - Attack,1,5,3,true,C|P,C,FAB|HNT,FAB319,https://legendstory-production-s3-public.s3.amazonaws.com/media/cards/large/FAB319-RF.webp
bFDwJwbqJQPJpcnHRjLCj,For the Realm,1,,Draconic,Deck,Draconic Action - Attack,2,6,3,true,C|P,C,FAB|HNT,FAB320,https://legendstory-production-s3-public.s3.amazonaws.com/media/cards/large/FAB320-RF.webp
GwJdwRwJFbjNNWLzCqr6M,Force of Nature,3,Runeblade,Elemental,Deck,Elemental Runeblade Action,0,,3,true,M,M,ELE,ELE066,https://legendstory-production-s3-public.s3.amazonaws.com/media/cards/large/ELE066.webp
RN8gkCHTdn6DLWt7BzNfW,Force Sight,1,Generic,,Deck,Generic Action,1,,2,true,C,C,ARC,ARC206,https://legendstory-production-s3-public.s3.amazonaws.com/media/cards/large/ARC206.webp
gfNtDbBpfqGJPKHGqdJWH,Force Sight,2,Generic,,Deck,Generic Action,1,,2,true,C,C,ARC,ARC207,https://legendstory-production-s3-public.s3.amazonaws.com/media/cards/large/ARC207.webp
W86QwWGnpPRqPmcjKjkrb,Force Sight,3,Generic,,Deck,Generic Action,1,,2,true,C,C,ARC,ARC208,https://legendstory-production-s3-public.s3.amazonaws.com/media/cards/large/ARC208.webp
LzzKmcmdQdKhcJkN7zhB7,Foreboding Bolt,1,Wizard,,Deck,Wizard Action,1,,3,true,C,C,CRU,CRU168,https://legendstory-production-s3-public.s3.amazonaws.com/media/cards/large/CRU168.webp
cdpfM6bdKzrfhDf6TTwQH,Foreboding Bolt,2,Wizard,,Deck,Wizard Action,1,,3,true,C,C,CRU,CRU169,https://legendstory-production-s3-public.s3.amazonaws.com/media/cards/large/CRU169.webp
wz7pNtnfqfnLjgknJ8n8h,Foreboding Bolt,3,Wizard,,Deck,Wizard Action,1,,3,true,C,C,CRU,CRU170,https://legendstory-production-s3-public.s3.amazonaws.com/media/cards/large/CRU170.webp
fdTzMwFCfWtRTwC6qDMRt,Forged for War,2,Guardian,,Deck,Guardian Action - Aura,2,,3,true,S,S,WTR,WTR046,https://legendstory-production-s3-public.s3.amazonaws.com/media/cards/large/WTR046.webp
jPhJQqDbHFbnGHFPNmntR,Forked Lightning,1,Wizard,,Deck,Wizard Action,3,,3,true,S|M,S,1HP|ARC,1HP310,https://legendstory-production-s3-public.s3.amazonaws.com/media/cards/large/1HP310.webp
6BCMqFPmmMJDgMPCrKh9Q,Fortitude of Anvilheim,,Guardian|Warrior,,Equipment,Guardian / Warrior Equipment - Off-Hand,,,2,true,L,L,OMN,OMN242,https://legendstory-production-s3-public.s3.amazonaws.com/media/cards/large/OMN242-RF.webp
PnpHhBNBrWPC89LLC8td7,Four Feathers One Crown,1,,Draconic,Deck,Draconic Action - Attack,0,2,3,true,C,C,PEN,PEN256,https://legendstory-production-s3-public.s3.amazonaws.com/media/cards/large/PEN256.webp
hqnLfCpjbMKBrjTHQNRfk,Four Finger Gloves,,Generic,,Equipment,Generic Equipment - Arms,,,0,true,C|P,C,LGS|ROS,LGS322,https://legendstory-production-s3-public.s3.amazonaws.com/media/cards/large/LGS322-RF.webp
K6PPGtffFCcGHLNkQbdpm,Fractal Creation,3,Illusionist,,Deck,Illusionist Action - Attack,3,6,3,true,M,M,OMN,OMN040,https://legendstory-production-s3-public.s3.amazonaws.com/media/cards/large/OMN040.webp
NmpnLBpB9D6ghMfqNfDKm,Fractal Replication,1,Illusionist,,Deck,Illusionist Action - Attack,0,*,*,true,M,M,EVR,EVR138,https://legendstory-production-s3-public.s3.amazonaws.com/media/cards/large/EVR138.webp
wtKDkD6MRwz77CmthMHMz,Frail Swingline,3,Ranger,,Deck,Ranger Action - Trap,0,,3,true,C,C,PEN,PEN087,https://legendstory-production-s3-public.s3.amazonaws.com/media/cards/large/PEN087.webp
KPWKQmMgm7rmM7bfFw9gF,Frailty,,Generic,,Token,Generic Token - Disease Aura,,,,true,B|T|C|P,B,AAZ|ARA|AZL|FAB|LGS|OUT|RIP|SAZ|UZU,AAZ031,https://legendstory-production-s3-public.s3.amazonaws.com/media/cards/large/AAZ031.webp
gpwqqHDD7DwWNrJPdpzRT,Frailty Trap,1,Assassin|Ranger,,Deck,Assassin / Ranger Defense Reaction - Trap,0,,3,true,C,C,OUT|RIP|SAR,OUT172,https://legendstory-production-s3-public.s3.amazonaws.com/media/cards/large/OUT172.webp
qJdwq7GGjFb96CzLDqCdk,"Frankie, Make Ends Meat",,Necromancer,,Hero,Necromancer Hero - Young,,,,false,P,P,LSS,LSS021,https://legendstory-production-s3-public.s3.amazonaws.com/media/cards/large/LSS021-MV.webp
MQCrDKpjPzkPHDGKztTTr,Fraying Lifeforce,1,Illusionist,Lightning,Deck,Lightning Illusionist Action - Attack,2,7,3,true,R,R,OMN,OMN007,https://legendstory-production-s3-public.s3.amazonaws.com/media/cards/large/OMN007.webp
DL7gtdthCmhqGfQq8RJjj,Frazzle,1,Ranger,Elemental,Deck,Elemental Ranger Action - Arrow Attack,1,5,3,true,C,C,ELE|LXI,ELE059,https://legendstory-production-s3-public.s3.amazonaws.com/media/cards/large/ELE059.webp
FfGDLQNdtB6rgKNFdtdzD,Frazzle,2,Ranger,Elemental,Deck,Elemental Ranger Action - Arrow Attack,1,4,3,true,C,C,ELE|LXI,ELE060,https://legendstory-production-s3-public.s3.amazonaws.com/media/cards/large/ELE060.webp
nQMFLbtnFwQJhgzFMMcrd,Frazzle,3,Ranger,Elemental,Deck,Elemental Ranger Action - Arrow Attack,1,3,3,true,C,C,ELE,ELE061,https://legendstory-production-s3-public.s3.amazonaws.com/media/cards/large/ELE061.webp
dbFjRNnQkD8fRTNJn8pJC,Freewheeling Renegades,1,Generic,,Deck,Generic Action - Attack,1,6,2,true,C,C,OUT,OUT210,https://legendstory-production-s3-public.s3.amazonaws.com/media/cards/large/OUT210.webp
Rd8NkggL9QCtdLG8Bd8WG,Freewheeling Renegades,2,Generic,,Deck,Generic Action - Attack,1,5,2,true,C,C,OUT,OUT211,https://legendstory-production-s3-public.s3.amazonaws.com/media/cards/large/OUT211.webp
cCbqhRbTwGhJnk9zKGLCj,Freewheeling Renegades,3,Generic,,Deck,Generic Action - Attack,1,4,2,true,C,C,OUT,OUT212,https://legendstory-production-s3-public.s3.amazonaws.com/media/cards/large/OUT212.webp
bTtrCGpnGPrnC7pNFt6pw,Freezing Point,1,Wizard,Elemental,Deck,Elemental Wizard Action,3,,3,true,M,M,UPR,UPR105,https://legendstory-production-s3-public.s3.amazonaws.com/media/cards/large/UPR105.webp
tchtjzTbfPjRDFN8mcKR7,Frightmare,1,Illusionist,,Deck,Illusionist Action - Attack,3,13,,true,M,M,UPR,UPR153,https://legendstory-production-s3-public.s3.amazonaws.com/media/cards/large/UPR153.webp
9WFrC8Knr9qdtRbfCWq8c,Frontline Gauntlets,,Generic,,Equipment,Generic Equipment - Arms,,,2,true,R,R,DTD,DTD224,https://legendstory-production-s3-public.s3.amazonaws.com/media/cards/large/DTD224.webp
dw8F9WDckzGdK6hhQWnTt,Frontline Helm,,Generic,,Equipment,Generic Equipment - Head,,,2,true,R,R,DTD,DTD222,https://legendstory-production-s3-public.s3.amazonaws.com/media/cards/large/DTD222.webp
zLkjmfmJ7mgnMJCC8WbbW,Frontline Legs,,Generic,,Equipment,Generic Equipment - Legs,,,2,true,R,R,DTD,DTD225,https://legendstory-production-s3-public.s3.amazonaws.com/media/cards/large/DTD225.webp
rWGNRWnzMBzgWzth9676b,Frontline Plating,,Generic,,Equipment,Generic Equipment - Chest,,,2,true,R,R,DTD,DTD223,https://legendstory-production-s3-public.s3.amazonaws.com/media/cards/large/DTD223.webp
DRqd8NPqtJjrKTPNkNzjg,Frontline Scout,1,Generic,,Deck,Generic Action - Attack,0,3,2,true,C,C,MON,MON272,https://legendstory-production-s3-public.s3.amazonaws.com/media/cards/large/MON272.webp
zWdCw7fz7N6qwLMwBjrf8,Frontline Scout,2,Generic,,Deck,Generic Action - Attack,0,2,2,true,C,C,MON,MON273,https://legendstory-production-s3-public.s3.amazonaws.com/media/cards/large/MON273.webp
CKgr9QWHWwJQFdBHBqL8G,Frontline Scout,3,Generic,,Deck,Generic Action - Attack,0,1,2,true,C,C,MON,MON274,https://legendstory-production-s3-public.s3.amazonaws.com/media/cards/large/MON274.webp
MbCBHGzbw7DttmDcrkMzB,Frost Fang,1,,Ice,Deck,Ice Action - Attack,2,5,2,true,R,R,ELE|OLD,ELE148,https://legendstory-production-s3-public.s3.amazonaws.com/media/cards/large/ELE148.webp
6jnwnJMfJmF8tzMP6p86j,Frost Fang,2,,Ice,Deck,Ice Action - Attack,2,4,2,true,R,R,ELE,ELE149,https://legendstory-production-s3-public.s3.amazonaws.com/media/cards/large/ELE149.webp
dcLgct9B7DmJnG6WbHpQk,Frost Fang,3,,Ice,Deck,Ice Action - Attack,2,3,2,true,R,R,ELE,ELE150,https://legendstory-production-s3-public.s3.amazonaws.com/media/cards/large/ELE150.webp
rNW8mjhb6qbTfr9PHLQqb,Frost Hex,3,Wizard,Ice,Deck,Ice Wizard Action - Affliction Aura,3,,3,true,M,M,UPR,UPR126,https://legendstory-production-s3-public.s3.amazonaws.com/media/cards/large/UPR126.webp
NTctCqpK7LLrnKr9BnJKq,Frost Lock,3,Ranger,Elemental,Deck,Elemental Ranger Action - Arrow Attack,1,3,3,true,M,M,ELE,ELE035,https://legendstory-production-s3-public.s3.amazonaws.com/media/cards/large/ELE035.webp
nrj7b7pBJCfDBqC7MgkN7,Frost Spike,3,Wizard,Ice,Deck,Ice Wizard Instant,0,,,true,R|P,R,GEM|PEN|SIY,GEM130,https://legendstory-production-s3-public.s3.amazonaws.com/media/cards/large/GEM130.webp
GHG6KkBzPkHDnMf7hL7K7,Frostbite,,,Elemental,Token,Elemental Token - Aura,,,,true,B|T|C|P,B,AJV|ELE|EVR|FAB|LXI|OLD|SIY|UPR,AJV029,https://legendstory-production-s3-public.s3.amazonaws.com/media/cards/large/AJV029.webp
bGjFwg8ztdMPhnRmdmfRn,Frosthaven Sheath,1,,Elemental,Deck,Elemental Defense Reaction,1,,5,true,C|P,C,FAB|PEN,FAB427,https://legendstory-production-s3-public.s3.amazonaws.com/media/cards/large/FAB427.webp
pqPKGCqKntcTpQRjGwLpF,Frosting,1,Wizard,Ice,Deck,Ice Wizard Action,0,,3,true,C,C,UPR,UPR130,https://legendstory-production-s3-public.s3.amazonaws.com/media/cards/large/UPR130.webp
wQwFMHb6LtTgHF6FJKnqQ,Frosting,2,Wizard,Ice,Deck,Ice Wizard Action,0,,3,true,C,C,UPR,UPR131,https://legendstory-production-s3-public.s3.amazonaws.com/media/cards/large/UPR131.webp
mfbBCQnMpDR7PMbkgF9RP,Frosting,3,Wizard,Ice,Deck,Ice Wizard Action,0,,3,true,C,C,SIY|UPR,SIY026,https://legendstory-production-s3-public.s3.amazonaws.com/media/cards/large/SIY026.webp
f8tNHBndcKqGPGbhQNmWw,Frozen to Death,3,Guardian,Ice,Deck,Ice Guardian Action,3,,3,true,M,M,AJV,AJV020,https://legendstory-production-s3-public.s3.amazonaws.com/media/cards/large/AJV020.webp
jhPjMTDtrz9MqcwFkQrkL,Fruits of the Forest,1,,Earth,Deck,Earth Action - Attack,3,7,2,true,C|P,C,FLR|LGS|ROS|VER,FLR008,https://legendstory-production-s3-public.s3.amazonaws.com/media/cards/large/FLR008.webp
DHRFRqdNnjCBwF6cfkMhR,Fruits of the Forest,2,,Earth,Deck,Earth Action - Attack,3,6,2,true,C|P,C,LGS|ROS,LGS343,https://legendstory-production-s3-public.s3.amazonaws.com/media/cards/large/LGS343-RF.webp
hbBHDjCJqMw9cJzRjNchC,Fruits of the Forest,3,,Earth,Deck,Earth Action - Attack,3,5,2,true,C|P,C,FLR|LGS|ROS|VER,FLR022,https://legendstory-production-s3-public.s3.amazonaws.com/media/cards/large/FLR022.webp
JfqmwhFzQNjrQB8qTGHpN,Fry,1,,Lightning,Deck,Lightning Action - Attack,0,3,0,true,C|P,C,AUA|AUR|LGS|OSC|ROS|SBA,AUA009,https://legendstory-production-s3-public.s3.amazonaws.com/media/cards/large/AUA009.webp
8mL68DRLDWNmj7dTnwczP,Fry,2,,Lightning,Deck,Lightning Action - Attack,0,2,0,true,C,C,AUR|ROS,AUR016,https://legendstory-production-s3-public.s3.amazonaws.com/media/cards/large/AUR016.webp
KkjQW9nDMGL8nRqGK96GD,Fry,3,,Lightning,Deck,Lightning Action - Attack,0,1,0,true,C,C,ROS,ROS094,https://legendstory-production-s3-public.s3.amazonaws.com/media/cards/large/ROS094.webp
DnfHnbnMCChJD9zfLbgmJ,Fuel Injector,3,Mechanologist,,Deck,Mechanologist Action - Item,0,,,true,R,R,EVO,EVO075,https://legendstory-production-s3-public.s3.amazonaws.com/media/cards/large/EVO075.webp
8BPPFHfbG97tr7N7QPdcn,Full of Bravado,1,Guardian,,Deck,Guardian Action - Attack,3,7,2,true,R,R,SUP,SUP178,https://legendstory-production-s3-public.s3.amazonaws.com/media/cards/large/SUP178.webp
NzMLbBFDbWCrRWKbddqGb,Full of Bravado,2,Guardian,,Deck,Guardian Action - Attack,3,6,2,true,R,R,SUP,SUP179,https://legendstory-production-s3-public.s3.amazonaws.com/media/cards/large/SUP179.webp
nDH7rpttjqDt8Nb9zD768,Full of Bravado,3,Guardian,,Deck,Guardian Action - Attack,3,5,2,true,R,R,SLY|SUP,SLY025,https://legendstory-production-s3-public.s3.amazonaws.com/media/cards/large/SLY025.webp
fwGHMG68wcDm6TmkfqC7w,Full Tilt,1,Mechanologist,,Deck,Mechanologist Action - Attack,2,5,3,true,C,C,EVO,EVO168,https://legendstory-production-s3-public.s3.amazonaws.com/media/cards/large/EVO168.webp
Nfg6BhjddbLDCRHQgLzkf,Full Tilt,2,Mechanologist,,Deck,Mechanologist Action - Attack,2,4,3,true,C,C,EVO,EVO169,https://legendstory-production-s3-public.s3.amazonaws.com/media/cards/large/EVO169.webp
JmQmLGBfp6bRfqBqchfzN,Full Tilt,3,Mechanologist,,Deck,Mechanologist Action - Attack,2,3,3,true,C,C,EVO,EVO170,https://legendstory-production-s3-public.s3.amazonaws.com/media/cards/large/EVO170.webp
8RMfQqNQGhPfD6WrdPzHG,Fulminate,2,,Elemental,Deck,Elemental Action,2,,2,true,M,M,ELE,ELE091,https://legendstory-production-s3-public.s3.amazonaws.com/media/cards/large/ELE091.webp
Fc8bQjfzWBbCMnrzFCwP7,Funeral Moon,1,Runeblade,Shadow,Deck,Shadow Runeblade Action,0,,3,true,M,M,DTD,DTD140,https://legendstory-production-s3-public.s3.amazonaws.com/media/cards/large/DTD140.webp
q9r9fMjDdFnT6Lq88pcj6,Future Sight,1,Wizard,,Deck,Wizard Instant,1,,,true,C|P,C,GEM|PEN,GEM124,https://legendstory-production-s3-public.s3.amazonaws.com/media/cards/large/GEM124.webp
WFpMMm7wjK9wBmTnRBqHf,Future Sight,2,Wizard,,Deck,Wizard Instant,1,,,true,C,C,PEN,PEN118,https://legendstory-production-s3-public.s3.amazonaws.com/media/cards/large/PEN118.webp
JdkJpKTbhNmzgKkBWffjk,Future Sight,3,Wizard,,Deck,Wizard Instant,1,,,true,C,C,PEN,PEN119,https://legendstory-production-s3-public.s3.amazonaws.com/media/cards/large/PEN119.webp
FMkTCF7CdfJK9Ljfzb7bk,Fyendal's Fighting Spirit,1,Generic,,Deck,Generic Action - Attack,3,7,2,true,C|R|P,C,FAB|ROS|SBZ|SIY|UPR|VER,FAB261,https://legendstory-production-s3-public.s3.amazonaws.com/media/cards/large/FAB261-RF.webp
7NWDCLJnCJHrTpzbzw7Hw,Fyendal's Fighting Spirit,2,Generic,,Deck,Generic Action - Attack,3,6,2,true,C|R,C,ROS|UPR,ROS228,https://legendstory-production-s3-public.s3.amazonaws.com/media/cards/large/ROS228.webp
PchH8H7tWqQMjdRdwTLPR,Fyendal's Fighting Spirit,3,Generic,,Deck,Generic Action - Attack,3,5,2,true,C|R,C,ROS|UPR|VER,ROS229,https://legendstory-production-s3-public.s3.amazonaws.com/media/cards/large/ROS229.webp
RP6pJj9WtwbTT79qdHPkz,Fyendal's Spring Tunic,,Generic,,Equipment,Generic Equipment - Chest,,,1,true,P|L,P,1HP|ANQ|CRU|EVO|FAB|LSS|PEN|WTR,1HP341,https://legendstory-production-s3-public.s3.amazonaws.com/media/cards/large/1HP341.webp
r8Bq8zBCNdzGPkmMcr6QL,Galaxxi Black,,Runeblade,Shadow,Weapon,Shadow Runeblade Weapon - Sword (2H),,1,,true,T|C|P,T,CHN|LGS|MON,CHN003,https://legendstory-production-s3-public.s3.amazonaws.com/media/cards/large/CHN003.webp
rwLmwBWMRMnd9tzGBwng7,Gallantry Gold,,Warrior,,Equipment,Warrior Equipment - Arms,,,1,true,C,C,BOL|DVR|MON,BOL007,https://legendstory-production-s3-public.s3.amazonaws.com/media/cards/large/BOL007.webp
WPRGGkHPnLnLhMPFjjkfF,"Gallow, End of the Line",2,Pirate|Necromancer,,Deck,Pirate Necromancer Action - Ally,3,4,,true,M|V,M,SUP,SUP267,https://legendstory-production-s3-public.s3.amazonaws.com/media/cards/large/SUP267.webp
FdBq9qFfNpMbk67f7FRFL,Galvanic Bender,,Mechanologist,,Equipment,Mechanologist Equipment - Arms,,,1,true,R|P,R,DYN|FAB,DYN089,https://legendstory-production-s3-public.s3.amazonaws.com/media/cards/large/DYN089.webp
nC7DHjMkPCgnPbjPdCTdj,Gambler's Gloves,,Generic,,Equipment,Generic Equipment - Arms,,,0,true,M|P,M,1HP|CRU|FAB,1HP358,https://legendstory-production-s3-public.s3.amazonaws.com/media/cards/large/1HP358.webp
cdzFBWhFnBfNbH7cMppct,Gang Robbery,2,,Reviled,Deck,Reviled Action - Attack,0,1,3,true,S,S,SUP,SUP085,https://legendstory-production-s3-public.s3.amazonaws.com/media/cards/large/SUP085.webp
cz8WjTHRfmKBGtRfPrCWr,Garland of Spring,,Generic,,Equipment,Generic Equipment - Chest,,,0,true,C|P,C,LGS|SBL|SUP,LGS415,https://legendstory-production-s3-public.s3.amazonaws.com/media/cards/large/LGS415-CF.webp
MNLgkBbQcz8fQrqzfTjTj,Gas Guzzler,1,Mechanologist,,Deck,Mechanologist Action - Attack,3,6,3,true,C,C,EVO,EVO171,https://legendstory-production-s3-public.s3.amazonaws.com/media/cards/large/EVO171.webp
6gFbdhHwNwJmRJPqTfHRc,Gas Guzzler,2,Mechanologist,,Deck,Mechanologist Action - Attack,3,5,3,true,C,C,EVO,EVO172,https://legendstory-production-s3-public.s3.amazonaws.com/media/cards/large/EVO172.webp
c9cWTPgkgQQJPQDFMJw7W,Gas Guzzler,3,Mechanologist,,Deck,Mechanologist Action - Attack,3,4,3,true,C,C,EVO,EVO173,https://legendstory-production-s3-public.s3.amazonaws.com/media/cards/large/EVO173.webp
FFM9wDc8wcmkbhTL8fpCG,Gas Up,1,Mechanologist,,Deck,Mechanologist Action,1,,2,true,C|P,C,EVO|LGS,EVO222,https://legendstory-production-s3-public.s3.amazonaws.com/media/cards/large/EVO222.webp
QqcPfRmQ9JHzRBmHkWqJp,Gas Up,2,Mechanologist,,Deck,Mechanologist Action,1,,2,true,C|P,C,EVO|LGS,EVO223,https://legendstory-production-s3-public.s3.amazonaws.com/media/cards/large/EVO223.webp
whJmFnkNbtrd8D98KGg8d,Gas Up,3,Mechanologist,,Deck,Mechanologist Action,1,,2,true,C|P,C,EVO|LGS,EVO224,https://legendstory-production-s3-public.s3.amazonaws.com/media/cards/large/EVO224.webp
JtkWt6Kzpgz9qpPLPp8Ff,Gate to i'Arathael,,,Shadow,Token,Shadow Token - Aura,,,,true,V,V,IAR,IAR222,https://legendstory-production-s3-public.s3.amazonaws.com/media/cards/large/IAR222-MV.webp
GPRfKmdq6LnRwNQCG8jnR,Gauntlet of Boulderhold,,Guardian,,Equipment,Guardian Equipment - Arms,,,1,true,C,C,MPG,MPG007,https://legendstory-production-s3-public.s3.amazonaws.com/media/cards/large/MPG007.webp
CHNL9gtPrf8NhTwLWjT6w,Gauntlet of Might,,Brute|Guardian,,Equipment,Brute / Guardian Equipment - Arms,,,1,true,C,C,BET|HVY|KYO|RHI|VIC,BET006,https://legendstory-production-s3-public.s3.amazonaws.com/media/cards/large/BET006.webp
rjwJT7bmgDjKNjwgm7bKF,Gauntlet of Sword and Sorcery,,Runeblade,,Equipment,Runeblade Equipment - Arms,,,0,true,L,L,OMN,OMN086,https://legendstory-production-s3-public.s3.amazonaws.com/media/cards/large/OMN086-RF.webp
z6GNFrJctrhjhmJMLFQt9,Gauntlets of Iron Will,,Guardian,,Equipment,Guardian Equipment - Arms,,,2,true,P|L,P,FAB|HVY,FAB181,https://legendstory-production-s3-public.s3.amazonaws.com/media/cards/large/FAB181-GF.webp
HTF6WHdnfmgHD7pBFhMQL,Gauntlets of the Boreal Domain,,Guardian,Earth|Ice,Equipment,Earth Ice Guardian Equipment - Arms,,,2,true,P|L,P,AJV|FAB,AJV006,https://legendstory-production-s3-public.s3.amazonaws.com/media/cards/large/AJV006-RF.webp
pFdwP78gRGn89wqbB9prr,Gauntlets of Tyrannical Rex,,Brute,,Equipment,Brute Equipment - Arms,,,2,true,P|L,P,FAB|SUP,FAB360,https://legendstory-production-s3-public.s3.amazonaws.com/media/cards/large/FAB360-GF.webp
LjJ9tpDPzKQ8P68jQp7jF,Gauntlets of Unity,,Warrior,,Equipment,Warrior Equipment - Arms,,,1,true,R,R,PEN|SBL|SDO,PEN046,https://legendstory-production-s3-public.s3.amazonaws.com/media/cards/large/PEN046.webp
tpgGtDJmWntFC6QcdhhgW,Gavel of Natural Order,,Adjudicator,,Weapon,Adjudicator Weapon - Hammer (1H),,2,,false,P,P,JDG,JDG005,https://legendstory-production-s3-public.s3.amazonaws.com/media/cards/large/JDG005-CF.webp
RzdGctLgfrTtr7MWkBwWr,Gaze the Ages,3,Wizard,,Deck,Wizard Action,0,,3,true,M,M,CRU,CRU163,https://legendstory-production-s3-public.s3.amazonaws.com/media/cards/large/CRU163.webp
tg9TRmR87BpWm6RNLQgzg,Gear Turner,1,Mechanologist,,Deck,Mechanologist Action - Attack,1,5,3,true,M,M,OMN,OMN235,https://legendstory-production-s3-public.s3.amazonaws.com/media/cards/large/OMN235.webp
8TtCrkgJBC6h8TWjMgk8m,Genesis,2,Illusionist,Light,Deck,Light Illusionist Instant - Aura,4,,,true,M|P,M,APR|LGS|MON,APR017,https://legendstory-production-s3-public.s3.amazonaws.com/media/cards/large/APR017.webp
Mqj9K8NgJ7LFBwMKWk6L7,Genis Wotchuneed,,Merchant,,Hero,Merchant Hero - Young,,,,false,M|P,M,EVR|HER,EVR085,https://legendstory-production-s3-public.s3.amazonaws.com/media/cards/large/EVR085.webp
TkhWN8KJQzTkHQkjMwpgh,Gentle Breeze,1,Ninja,,Deck,Ninja Action - Attack,0,3,2,true,M,M,PEN,PEN034,https://legendstory-production-s3-public.s3.amazonaws.com/media/cards/large/PEN034.webp
drgrrjBH9rz9k67qc6WnF,Germinate,3,Runeblade,Earth,Deck,Earth Runeblade Action,XX,,3,true,M|P,M,FAB|ROS,FAB267,https://legendstory-production-s3-public.s3.amazonaws.com/media/cards/large/FAB267-RF.webp
KRf9kpGR6rQKwWCdwJL8b,Gesture of Goodwill,3,Generic,,Deck,Generic Block,,,3,true,P,P,LGS,LGS361,https://legendstory-production-s3-public.s3.amazonaws.com/media/cards/large/LGS361-RF.webp
NLLHBkqNPtnjc6NqJ66c7,Geyser of Seismic Stirrings,1,Guardian,,Deck,Guardian Action - Aura,2,,3,true,C,C,MPG,MPG103,https://legendstory-production-s3-public.s3.amazonaws.com/media/cards/large/MPG103.webp
wmWRPQHrrDHMcQw69k6MP,Geyser of Seismic Stirrings,2,Guardian,,Deck,Guardian Action - Aura,2,,3,true,C,C,MPG,MPG104,https://legendstory-production-s3-public.s3.amazonaws.com/media/cards/large/MPG104.webp
ptffGM7RrcMzNz7dLtPp8,Geyser of Seismic Stirrings,3,Guardian,,Deck,Guardian Action - Aura,2,,3,true,C,C,MPG,MPG105,https://legendstory-production-s3-public.s3.amazonaws.com/media/cards/large/MPG105.webp
7qQ8nJLhDkq7b78HKHgHQ,Ghost Protocol: Architect,1,Mechanologist,,Deck,Mechanologist Action - Attack,0,1,3,true,M|P,M,LGS|PEN,LGS444,https://legendstory-production-s3-public.s3.amazonaws.com/media/cards/large/LGS444-CF.webp
HJ9JjdmGt7JdNcJ7MT68w,Ghost Protocol: Mainframe,3,Mechanologist,,Deck,Mechanologist Action - Attack,0,1,3,true,M|P,M,LGS|PEN,LGS443,https://legendstory-production-s3-public.s3.amazonaws.com/media/cards/large/LGS443-CF.webp
rmdqRKFwTMWr97GPqNd6Q,Ghostly Touch,,Illusionist,,Equipment,Illusionist Equipment - Arms,,,0,true,P|L,P,FAB|UPR,FAB085,https://legendstory-production-s3-public.s3.amazonaws.com/media/cards/large/FAB085-GF.webp
F8BfQTc6BwC9qbDmQzn7g,Ghostly Visit,1,,Shadow,Deck,Shadow Action - Attack,1,4,3,true,C|P,C,CHN|FAB|MON,CHN021,https://legendstory-production-s3-public.s3.amazonaws.com/media/cards/large/CHN021.webp
mCrNQktkbzMwG6fBR7TzP,Ghostly Visit,2,,Shadow,Deck,Shadow Action - Attack,1,3,3,true,C|P,C,FAB|MON,FAB039,https://legendstory-production-s3-public.s3.amazonaws.com/media/cards/large/FAB039-RF.webp
f9gMHQcwjqhbDG8NHrpKK,Ghostly Visit,3,,Shadow,Deck,Shadow Action - Attack,1,2,3,true,C|P,C,FAB|MON,FAB040,https://legendstory-production-s3-public.s3.amazonaws.com/media/cards/large/FAB040-RF.webp
KgHPwMcntCzhc9jm8BM6d,Gigawatt,1,Mechanologist,,Deck,Mechanologist Action,1,,2,true,R,R,EVO,EVO156,https://legendstory-production-s3-public.s3.amazonaws.com/media/cards/large/EVO156.webp
tznCbwFPngzWgKH6TzBKN,Gigawatt,2,Mechanologist,,Deck,Mechanologist Action,1,,2,true,R,R,EVO,EVO157,https://legendstory-production-s3-public.s3.amazonaws.com/media/cards/large/EVO157.webp
LqjLWfPCwPRnNCmJzn7Bg,Gigawatt,3,Mechanologist,,Deck,Mechanologist Action,1,,2,true,R,R,EVO,EVO158,https://legendstory-production-s3-public.s3.amazonaws.com/media/cards/large/EVO158.webp
RH98bg97nBD6bPmhcPLrJ,Give 'Em a Piece of Your Mind,1,Brute,,Deck,Brute Action - Attack,2,7,2,true,C,C,SUP,SUP152,https://legendstory-production-s3-public.s3.amazonaws.com/media/cards/large/SUP152.webp
pPQNFMtqrp9MCFnr8RKW8,Give 'Em a Piece of Your Mind,2,Brute,,Deck,Brute Action - Attack,2,6,2,true,C,C,SUP,SUP153,https://legendstory-production-s3-public.s3.amazonaws.com/media/cards/large/SUP153.webp
fDRTh9GqLf8Hb8QpGbTH9,Give 'Em a Piece of Your Mind,3,Brute,,Deck,Brute Action - Attack,2,5,2,true,C,C,SUP,SUP154,https://legendstory-production-s3-public.s3.amazonaws.com/media/cards/large/SUP154.webp
KcbmbJJFzhLKRT6jDjTmP,Give and Take,1,Generic,,Deck,Generic Action - Attack,1,3,3,true,M,M,ASR|OUT,ASR010,https://legendstory-production-s3-public.s3.amazonaws.com/media/cards/large/ASR010.webp
dMBRGmmzWTNGjDRbRMzMn,Give No Quarter,3,Pirate|Necromancer,,Deck,Pirate Necromancer Action,0,,3,true,M,M,SEA,SEA049,https://legendstory-production-s3-public.s3.amazonaws.com/media/cards/large/SEA049.webp
qMHcbmnLmdDfBkNWhkPdN,Glacial Footsteps,1,Guardian,Elemental,Deck,Elemental Guardian Action - Attack,6,10,3,true,C,C,ELE|OLD,ELE016,https://legendstory-production-s3-public.s3.amazonaws.com/media/cards/large/ELE016.webp
gc8brnt6KtTr7wf9hfjrF,Glacial Footsteps,2,Guardian,Elemental,Deck,Elemental Guardian Action - Attack,6,9,3,true,C,C,ELE,ELE017,https://legendstory-production-s3-public.s3.amazonaws.com/media/cards/large/ELE017.webp
6RffdjmzwF6NbD96cLDWR,Glacial Footsteps,3,Guardian,Elemental,Deck,Elemental Guardian Action - Attack,6,8,3,true,C,C,AJV|ELE|OLD,AJV015,https://legendstory-production-s3-public.s3.amazonaws.com/media/cards/large/AJV015.webp
CmLHBGBBhfKTP7ghq8kTL,Glacial Horns,,,Ice,Equipment,Ice Equipment - Head,,,0,true,C,C,UPR,UPR137,https://legendstory-production-s3-public.s3.amazonaws.com/media/cards/large/UPR137.webp
tzWfhPkkqnMRWQtGWjRh8,Glaring Impact,1,Warrior,Light,Deck,Light Warrior Action - Attack,1,4,3,true,C,C,DTD,DTD063,https://legendstory-production-s3-public.s3.amazonaws.com/media/cards/large/DTD063.webp
mRfzmrQ6n6H8CgfpkgR8F,Glaring Impact,2,Warrior,Light,Deck,Light Warrior Action - Attack,1,3,3,true,C,C,DTD,DTD064,https://legendstory-production-s3-public.s3.amazonaws.com/media/cards/large/DTD064.webp
RdzmGtLg9BgTTbC6BjFdk,Glaring Impact,3,Warrior,Light,Deck,Light Warrior Action - Attack,1,2,3,true,C,C,DTD,DTD065,https://legendstory-production-s3-public.s3.amazonaws.com/media/cards/large/DTD065.webp
6cMTKCkgKrCLPBBdRFPjh,Gleam of the Blade,1,Warrior,,Deck,Warrior Attack Reaction,1,,2,true,R,R,AHA|MPW,AHA008,https://legendstory-production-s3-public.s3.amazonaws.com/media/cards/large/AHA008.webp
MwBWGN8MdgtBhK7qthRJg,Glide Through Starlight,1,,Lightning,Deck,Lightning Action - Attack,1,5,2,true,C|P,C,LGS|OMN,LGS451,https://legendstory-production-s3-public.s3.amazonaws.com/media/cards/large/LGS451-MV.webp
cq6dc8kNzfPMfDcBNBpHM,Glide Through Starlight,2,,Lightning,Deck,Lightning Action - Attack,1,4,2,true,C,C,OMN,OMN170,https://legendstory-production-s3-public.s3.amazonaws.com/media/cards/large/OMN170.webp
CNkgfHmrWLL6QDRK8zWzz,Glide Through Starlight,3,,Lightning,Deck,Lightning Action - Attack,1,3,2,true,C,C,OMN,OMN171,https://legendstory-production-s3-public.s3.amazonaws.com/media/cards/large/OMN171.webp
N8krkMtHG86TBmG8Fp69t,Glidewell Fins,,Ranger,,Equipment,Ranger Equipment - Arms,,,1,true,C,C,SEA,SEA097,https://legendstory-production-s3-public.s3.amazonaws.com/media/cards/large/SEA097.webp
QDgDmcwTqJPDctWrbqMLt,Glint the Quicksilver,3,Warrior,,Deck,Warrior Attack Reaction,0,,3,true,M,M,1HP|MPW|WTR,1HP147,https://legendstory-production-s3-public.s3.amazonaws.com/media/cards/large/1HP147.webp
FtfhP7nqwbwFWPLkBMFBC,Glisten,1,,Light,Deck,Light Instant,2,,,true,R,R,MON|SBL,MON069,https://legendstory-production-s3-public.s3.amazonaws.com/media/cards/large/MON069.webp
8Wp6TB6rJGhP7PJ8hzpgc,Glisten,2,,Light,Deck,Light Instant,2,,,true,R,R,MON,MON070,https://legendstory-production-s3-public.s3.amazonaws.com/media/cards/large/MON070.webp
rPjwGrNWBrnqGjFhn6rfD,Glisten,3,,Light,Deck,Light Instant,2,,,true,R,R,MON,MON071,https://legendstory-production-s3-public.s3.amazonaws.com/media/cards/large/MON071.webp
7BHmLFHMLWwnzR7Fhf667,Glistening Steelblade,2,Warrior,,Deck,Warrior Action,1,,3,true,M|P,M,DVR|GEM,DVR008,https://legendstory-production-s3-public.s3.amazonaws.com/media/cards/large/DVR008.webp
BbPCr6FPrbC9wdCFMgDFr,Glory Plate,,,Revered,Equipment,Revered Equipment - Chest,,,0,true,M|P,M,FAB|PEN,FAB413,https://legendstory-production-s3-public.s3.amazonaws.com/media/cards/large/FAB413-GF.webp
FcfhgdgwB6BBHjbNHkFtL,Glory Seeker,,Generic,,Equipment,Generic Equipment - Head,,,,true,C,C,HVY,HVY196,https://legendstory-production-s3-public.s3.amazonaws.com/media/cards/large/HVY196.webp
BMkwBQtHCCnhhwjTCbLGR,Gloves of Astral Sanctuary,,Generic,,Equipment,Generic Equipment - Arms,,,0,true,C|P,C,LGS|OMN,LGS454,https://legendstory-production-s3-public.s3.amazonaws.com/media/cards/large/LGS454-CF.webp
gJbTFDQTW7HfKnkpwgLCw,Gloves of Azure Waves,,Pirate,,Equipment,Pirate Equipment - Arms,,,0,true,M,M,PEN,PEN167,https://legendstory-production-s3-public.s3.amazonaws.com/media/cards/large/PEN167.webp
gmwg8fzdNG8rMfrHgD7kw,Gloves of Erasure,,Wizard,,Equipment,Wizard Equipment - Arms,,,0,true,R,R,PEN,PEN109,https://legendstory-production-s3-public.s3.amazonaws.com/media/cards/large/PEN109.webp
gTk9tDTjGDw9c9dM87gTR,Glyph Destruction Nodes,2,Wizard,,Deck,Wizard Action,0,,3,true,M,M,PEN,PEN111,https://legendstory-production-s3-public.s3.amazonaws.com/media/cards/large/PEN111.webp
7ztwtMfmmbnrhqM9F797p,Glyph Overlay,1,Wizard,,Deck,Wizard Action,1,,3,true,R|P,R,FAB|OSC|ROS,FAB277,https://legendstory-production-s3-public.s3.amazonaws.com/media/cards/large/FAB277-RF.webp
R9WwPqkfTJnGhpN8fmnCt,Glyph Overlay,2,Wizard,,Deck,Wizard Action,1,,3,true,R,R,ROS,ROS174,https://legendstory-production-s3-public.s3.amazonaws.com/media/cards/large/ROS174.webp
fDz7TpcM8GPdLWPCjcnKh,Glyph Overlay,3,Wizard,,Deck,Wizard Action,1,,3,true,R,R,ROS,ROS175,https://legendstory-production-s3-public.s3.amazonaws.com/media/cards/large/ROS175.webp
6KW6hmRbDRRcrThDpMDDT,Glyph Power Spell,1,Wizard,,Deck,Wizard Action,2,,3,true,R,R,PEN,PEN113,https://legendstory-production-s3-public.s3.amazonaws.com/media/cards/large/PEN113.webp
Ngk6PkmH6JQnfdC9zg8fQ,Go Bananas,2,Generic,,Deck,Generic Instant,0,,,false,P,P,LSS,LSS002,https://legendstory-production-s3-public.s3.amazonaws.com/media/cards/large/LSS002-RF.webp
gnCjFF9rFPTrhTrBcjJGc,Goblet of Bloodrun Wine,3,Warrior,,Deck,Warrior Action,0,,2,true,C|P,C,HVY|KSI|LGS|SDO,HVY133,https://legendstory-production-s3-public.s3.amazonaws.com/media/cards/large/HVY133.webp
8qdmprPg7kckn8ktMTKQh,Gold,,Generic,,Token,Generic Token - Item,,,,true,B|T|C|P|V,B,AGB|BET|DYN|FAB|HVY|KSI|LGS|MPW|OLA|SEA|SEN|SGB|SMP|VIC,AGB031,https://legendstory-production-s3-public.s3.amazonaws.com/media/cards/large/AGB031.webp
Kjjm76jCB6TCdfprGprtD,Gold Hunter Ketch,2,Pirate,,Deck,Pirate Action - Attack,4,7,2,true,C,C,SEA,SEA165,https://legendstory-production-s3-public.s3.amazonaws.com/media/cards/large/SEA165.webp
NrW7LgbzfgBGPCwhBRkKL,Gold Hunter Lightsail,2,Pirate,,Deck,Pirate Action - Attack,1,4,2,true,C,C,SEA,SEA162,https://legendstory-production-s3-public.s3.amazonaws.com/media/cards/large/SEA162.webp
FMtqqPTBz8J7KdLNCbzcb,Gold Hunter Longboat,2,Pirate,,Deck,Pirate Action - Attack,0,3,2,true,C,C,SEA,SEA163,https://legendstory-production-s3-public.s3.amazonaws.com/media/cards/large/SEA163.webp
KgPDCHhKBMbLfN6c8kwBJ,Gold Hunter Marauder,2,Pirate,,Deck,Pirate Action - Attack,3,6,2,true,C,C,SEA,SEA164,https://legendstory-production-s3-public.s3.amazonaws.com/media/cards/large/SEA164.webp
f9RrDh96NLGChKKrC9JGK,Gold the Tip,2,Pirate|Ranger,,Deck,Pirate Ranger Action,0,,2,true,M,M,SEA,SEA088,https://legendstory-production-s3-public.s3.amazonaws.com/media/cards/large/SEA088.webp
FmmqBdRdbrjzcQ7cp6jKq,Gold-Baited Hook,,Pirate,,Equipment,Pirate Equipment - Arms,,,1,true,P|L,P,FAB|SEA,FAB339,https://legendstory-production-s3-public.s3.amazonaws.com/media/cards/large/FAB339-GF.webp
H6nDPCh7gTgWLfzGdhHB7,Golden Cog,,Mechanologist,,Token,Mechanologist Token - Cog Item,,,,true,B|P|V,B,FAB|SEA,FAB353,https://legendstory-production-s3-public.s3.amazonaws.com/media/cards/large/FAB353-CF.webp
bnQmtqDtDLfpqzfLfFqMR,Golden Company,1,Warrior,,Deck,Warrior Defense Reaction,2,,6,true,R|P,R,FAB|MPW,FAB481,https://legendstory-production-s3-public.s3.amazonaws.com/media/cards/large/FAB481-RF.webp
f8B7rM7kBcncrTftJtntn,Golden Company,2,Warrior,,Deck,Warrior Defense Reaction,2,,5,true,R|P,R,FAB|MPW,FAB482,https://legendstory-production-s3-public.s3.amazonaws.com/media/cards/large/FAB482-RF.webp
cF8ftkLJ8W8jzpTzzGHTc,Golden Company,3,Warrior,,Deck,Warrior Defense Reaction,2,,4,true,R|P,R,AOL|FAB|MPW,AOL022,https://legendstory-production-s3-public.s3.amazonaws.com/media/cards/large/AOL022.webp
hWW6zdd6hQ7CwbBt6wc7d,Golden Gait,,Warrior,,Equipment,Warrior Equipment - Legs,,,2,true,M|V,M,SUP,SUP250,https://legendstory-production-s3-public.s3.amazonaws.com/media/cards/large/SUP250.webp
RWHJMQ9jdRHFHKNqcJDMD,Golden Galea,,Warrior,,Equipment,Warrior Equipment - Head,,,2,true,M|V,M,SUP,SUP247,https://legendstory-production-s3-public.s3.amazonaws.com/media/cards/large/SUP247.webp
hBNhqr7gCLz6QMzBDLk8F,Golden Gauntlets,,Warrior,,Equipment,Warrior Equipment - Arms,,,2,true,M|V,M,SUP,SUP249,https://legendstory-production-s3-public.s3.amazonaws.com/media/cards/large/SUP249.webp
69GnfBCnLKPjLMkhQ6gF6,Golden Glare,,Guardian,,Equipment,Guardian Equipment - Head,,,2,true,R|P,R,HVY|LGS|VIC,HVY054,https://legendstory-production-s3-public.s3.amazonaws.com/media/cards/large/HVY054.webp
NqpL7k7Gc78Pw6tzMNQwN,Golden Grail,,Warrior,,Weapon,Warrior Weapon - Sword (2H),,3,,true,B|R|V,B,AOL|MPW,AOL002,https://legendstory-production-s3-public.s3.amazonaws.com/media/cards/large/AOL002-RF.webp
nTWKhGp7pwKwMmtFnB8hc,Golden Heart Plate,,Warrior,,Equipment,Warrior Equipment - Chest,,,2,true,M|V,M,SUP,SUP248,https://legendstory-production-s3-public.s3.amazonaws.com/media/cards/large/SUP248.webp
9PLjGPKQTdWLMhrwDDptm,Golden Skull,2,Pirate|Necromancer,,Deck,Pirate Necromancer Action - Item,0,,,true,M|V,M,OMN,OMN240,https://legendstory-production-s3-public.s3.amazonaws.com/media/cards/large/OMN240.webp
cTchBtPqMqnNgDGGW89Gp,Golden Skywarden,2,Pirate|Mechanologist,,Deck,Pirate Mechanologist Action - Attack,4,7,2,true,M|P,M,FAB|SEA,FAB343,https://legendstory-production-s3-public.s3.amazonaws.com/media/cards/large/FAB343-RF.webp
6CpcdCrJKFkpkdkdLPQqT,Golden Tipple,1,Pirate,,Deck,Pirate Action - Attack,1,3,2,true,C,C,SEA|SGB,SEA159,https://legendstory-production-s3-public.s3.amazonaws.com/media/cards/large/SEA159.webp
8QrD8rDCQWm78C9fq7tpr,Golden Tipple,2,Pirate,,Deck,Pirate Action - Attack,1,2,2,true,C,C,SEA|SGB,SEA160,https://legendstory-production-s3-public.s3.amazonaws.com/media/cards/large/SEA160.webp
QctzddqGNk8RgCTBMWPMN,Golden Tipple,3,Pirate,,Deck,Pirate Action - Attack,1,1,2,true,C,C,AGB|SEA|SGB,AGB021,https://legendstory-production-s3-public.s3.amazonaws.com/media/cards/large/AGB021.webp
p9pFJWk6TCzMCLKPB68KG,Goldfin Harpoon,,Pirate|Ranger,,Deck,Pirate Ranger Action - Arrow Attack,0,2,,true,B|V,B,SEA,SEA093,https://legendstory-production-s3-public.s3.amazonaws.com/media/cards/large/SEA093.webp
9KpmmRGnpbdND9Q8GJnT6,Goldkiss Rum,,Generic,,Token,Generic Token - Item,,,,true,B|P,B,FAB|SEA,FAB354,https://legendstory-production-s3-public.s3.amazonaws.com/media/cards/large/FAB354-CF.webp
8nwFDqnJ8nCHfBMLrwBnr,Goldwing Turbine,1,Mechanologist,,Deck,Mechanologist Action,2,,3,true,C|P,C,GEM|SEA,GEM043,https://legendstory-production-s3-public.s3.amazonaws.com/media/cards/large/GEM043.webp
CwgjPFFG8MpkRF8ztzgFg,Goldwing Turbine,2,Mechanologist,,Deck,Mechanologist Action,2,,3,true,C,C,SEA,SEA037,https://legendstory-production-s3-public.s3.amazonaws.com/media/cards/large/SEA037.webp
tDL9LBtmCdmkrNnQzRhQ9,Goldwing Turbine,3,Mechanologist,,Deck,Mechanologist Action,2,,3,true,C,C,SEA,SEA038,https://legendstory-production-s3-public.s3.amazonaws.com/media/cards/large/SEA038.webp
bPGmQFC976CBt9cTGc88t,Goliath Gauntlet,,Generic,,Equipment,Generic Equipment - Arms,,,0,true,C|R|P,C,1HP|ARR|BVO|FAB|LEV|MPG|OLD|WTR,1HP352,https://legendstory-production-s3-public.s3.amazonaws.com/media/cards/large/1HP352.webp
DHfcJWbWWPdKWcGdtWmnQ,Gone in a Flash,1,,Lightning,Deck,Lightning Action - Attack,0,4,3,true,M,M,ROS,ROS076,https://legendstory-production-s3-public.s3.amazonaws.com/media/cards/large/ROS076.webp
nnFHwzGctzmqqwMTrfBpQ,Good Deeds Don't Go Unnoticed,2,Generic,,Deck,Generic Action - Aura,0,,3,false,P,P,LSS,LSS006,https://legendstory-production-s3-public.s3.amazonaws.com/media/cards/large/LSS006-RF.webp
nRPwcrgmmKKKtqgdFW8jd,Good Natured Brutality,2,Brute,Revered,Deck,Revered Brute Action - Attack,2,6,0,true,M,M,SUP,SUP004,https://legendstory-production-s3-public.s3.amazonaws.com/media/cards/large/SUP004.webp
JJqgR7zTPJmjWNtnFdQ88,Good Time Chapeau,,Guardian,,Equipment,Guardian Equipment - Head,,,2,true,R|P,R,BET|FAB|HVY|LGS,BET004,https://legendstory-production-s3-public.s3.amazonaws.com/media/cards/large/BET004.webp
WnzRKrcc8cLMN8BKPhnck,Goon Battery,3,,Reviled,Deck,Reviled Action - Attack,0,1,3,true,C,C,SUP,SUP104,https://legendstory-production-s3-public.s3.amazonaws.com/media/cards/large/SUP104.webp
JBC8TcFBdKmzKCRtJngJT,Goon Beatdown,3,,Reviled,Deck,Reviled Action - Attack,0,1,3,true,C,C,SLY|SUP,SLY026,https://legendstory-production-s3-public.s3.amazonaws.com/media/cards/large/SLY026.webp
QmJG8pMhhgzJHgRRJTGb6,Goon Tactics,3,,Reviled,Deck,Reviled Action - Attack,0,1,3,true,C,C,SLY|SUP,SLY027,https://legendstory-production-s3-public.s3.amazonaws.com/media/cards/large/SLY027.webp
mJbdJCLQD9jgQRMPjBrLB,Gore Belching,1,Generic,,Deck,Generic Action - Attack,0,7,,true,M,M,OUT,OUT186,https://legendstory-production-s3-public.s3.amazonaws.com/media/cards/large/OUT186.webp
rbMGNnJJBHjnNMdRCWBhw,Gorganian Tome,,Generic,,Deck,Generic Action,0,,,true,M,M,1HP|ANQ|CRU,1HP364,https://legendstory-production-s3-public.s3.amazonaws.com/media/cards/large/1HP364.webp
tFjCKTzpnNCbMGwgtMjFn,Gorgon's Gaze,2,Assassin,Mystic,Deck,Mystic Assassin Attack Reaction,2,,3,true,M,M,MST,MST008,https://legendstory-production-s3-public.s3.amazonaws.com/media/cards/large/MST008.webp
FhJWwcJKQjbQhHGRcNFTf,Grains of Bloodspill,,Warrior,,Equipment,Warrior Equipment - Chest,,,2,true,P|L,P,FAB|HVY|MPW,FAB182,https://legendstory-production-s3-public.s3.amazonaws.com/media/cards/large/FAB182-GF.webp
pwfB8pHmJRDD8CfP8mTbr,Grandeur of Valahai,3,Guardian,,Deck,Guardian Resource - Gem,,,,true,F,F,EVR,EVR000,https://legendstory-production-s3-public.s3.amazonaws.com/media/cards/large/EVR000-CF.webp
zBCwfCKHpdpkngRHWMFhN,Grandstand Legplates,,Generic,,Equipment,Generic Equipment - Legs,,,*,true,C,C,HVY,HVY205,https://legendstory-production-s3-public.s3.amazonaws.com/media/cards/large/HVY205.webp
CKFCLPKmb6nMQW9Jqjdz8,Graphene Chelicera,,Assassin,,Token,Assassin Token Weapon - Dagger (1H),,1,,true,B|T|P,B,GEM|HNT|SAR|WOD,GEM008,https://legendstory-production-s3-public.s3.amazonaws.com/media/cards/large/GEM008-CF.webp
76MpwMj77CmK8wDp6HMDn,Grasp of Darkness,,,Shadow,Equipment,Shadow Equipment - Arms,,,,true,C,C,DTD,DTD167,https://legendstory-production-s3-public.s3.amazonaws.com/media/cards/large/DTD167.webp
6WM7PKt9BCGmw7wQzn7k6,Grasp of the Arknight,,Runeblade,,Equipment,Runeblade Equipment - Arms,,,2,true,P|L,P,1HP|ARC|FAB,1HP262,https://legendstory-production-s3-public.s3.amazonaws.com/media/cards/large/1HP262.webp
wGPRkjkMdNTdwLQPPb9JK,Gravekeeping,1,Generic,,Deck,Generic Action - Attack,1,5,2,true,R|P,R,FAB|MST,FAB342,https://legendstory-production-s3-public.s3.amazonaws.com/media/cards/large/FAB342-RF.webp
q8bTDr6MqMQK6GPrKJRQb,Gravekeeping,2,Generic,,Deck,Generic Action - Attack,1,4,2,true,R,R,MST,MST201,https://legendstory-production-s3-public.s3.amazonaws.com/media/cards/large/MST201.webp
WqcGNMjbcfh8kknkfDrpK,Gravekeeping,3,Generic,,Deck,Generic Action - Attack,1,3,2,true,R,R,MST|NUU,MST202,https://legendstory-production-s3-public.s3.amazonaws.com/media/cards/large/MST202.webp
drQpPrpDwtQqTLDBNRq7G,Graveling Growl,1,Brute,Shadow,Deck,Shadow Brute Action - Attack,1,7,3,true,C,C,LEV|MON,LEV013,https://legendstory-production-s3-public.s3.amazonaws.com/media/cards/large/LEV013.webp
HTcdhdgt7bhtPBc6NQR7D,Graveling Growl,2,Brute,Shadow,Deck,Shadow Brute Action - Attack,1,6,3,true,C,C,MON,MON145,https://legendstory-production-s3-public.s3.amazonaws.com/media/cards/large/MON145.webp
njTt7R6g7QzNHm96wQQDb,Graveling Growl,3,Brute,Shadow,Deck,Shadow Brute Action - Attack,1,5,3,true,C,C,MON,MON146,https://legendstory-production-s3-public.s3.amazonaws.com/media/cards/large/MON146.webp
Ng9LqqDzcwcTmQmDzWzjT,Graven Call,,Assassin,,Weapon,Assassin Weapon - Dagger (1H),,1,,true,M,M,HVY,HVY245,https://legendstory-production-s3-public.s3.amazonaws.com/media/cards/large/HVY245.webp
ctk8ztqbzqLTRGNrQkJwf,Graven Cowl,,Assassin,,Equipment,Assassin Equipment - Head,,,2,true,R,R,PEN,PEN137,https://legendstory-production-s3-public.s3.amazonaws.com/media/cards/large/PEN137.webp
wkgMjwtjQk7NCGLFt9wDw,Graven Gaslight,,Assassin,,Equipment,Assassin Equipment - Off-Hand,,,,true,M|P,M,GEM|PEN,GEM106,https://legendstory-production-s3-public.s3.amazonaws.com/media/cards/large/GEM106-CF.webp
tbhqDHnRMTh9JtkGdpwpG,Graven Gloves,,Assassin,,Equipment,Assassin Equipment - Arms,,,2,true,R,R,PEN,PEN139,https://legendstory-production-s3-public.s3.amazonaws.com/media/cards/large/PEN139.webp
wTC7KKjRHpQdTrHCTgkJj,Graven Justaucorpse,,Necromancer,,Equipment,Necromancer Equipment - Chest,,,1,true,M,M,AGB,AGB005,https://legendstory-production-s3-public.s3.amazonaws.com/media/cards/large/AGB005-RF.webp
JccrcTgJrBnTWHqk6GnTP,Graven Vestment,,Assassin,,Equipment,Assassin Equipment - Chest,,,2,true,R,R,PEN,PEN138,https://legendstory-production-s3-public.s3.amazonaws.com/media/cards/large/PEN138.webp
PjpbjQFgwwt6Bc6BcwRr9,Graven Walkers,,Assassin,,Equipment,Assassin Equipment - Legs,,,2,true,R,R,PEN,PEN140,https://legendstory-production-s3-public.s3.amazonaws.com/media/cards/large/PEN140.webp
Fq9Cg9pKGFKrTbfHq9mBb,Gravy Bones,,Pirate|Necromancer,,Hero,Pirate Necromancer Hero - Young,,,,false,B|R|V,B,AGB|SEA|SGB,AGB002,https://legendstory-production-s3-public.s3.amazonaws.com/media/cards/large/AGB002-RF.webp
wbjNnhBq6cMwDfwdtrkhn,"Gravy Bones, Shipwrecked Looter",,Pirate|Necromancer,,Hero,Pirate Necromancer Hero,,,,true,B|M|P|V,B,AGB|HER|SEA|WIN,AGB001,https://legendstory-production-s3-public.s3.amazonaws.com/media/cards/large/AGB001.webp
fNGtM6WDcWMR6DcmjtRdw,Great Library of Solana,,,Light,Deck,Light Action - Landmark,2,,,true,F,F,MON,MON000,https://legendstory-production-s3-public.s3.amazonaws.com/media/cards/large/MON000-CF.webp
nqLhpPdNcfDcWHgLkQrM9,Grim Feast,1,,Shadow,Deck,Shadow Action,3,,2,true,R,R,DTD,DTD175,https://legendstory-production-s3-public.s3.amazonaws.com/media/cards/large/DTD175.webp
DKMp7DQNwqh6CrkP6G6R7,Grim Feast,2,,Shadow,Deck,Shadow Action,3,,2,true,R,R,DTD,DTD176,https://legendstory-production-s3-public.s3.amazonaws.com/media/cards/large/DTD176.webp
BkFwNf9wHWK8LBdN9b9t6,Grim Feast,3,,Shadow,Deck,Shadow Action,3,,2,true,R,R,DTD,DTD177,https://legendstory-production-s3-public.s3.amazonaws.com/media/cards/large/DTD177.webp
fjzKPPn6MD6qHWGTbwWtM,Grimoire of Fellingsong,,Runeblade,,Equipment,Runeblade Equipment - Off-Hand,,,,true,M|P,M,GEM|PEN,GEM110,https://legendstory-production-s3-public.s3.amazonaws.com/media/cards/large/GEM110-CF.webp
bpcWc9DJf9pzfBczMWczJ,Grimoire of the Haunt,,Runeblade,Shadow,Equipment,Shadow Runeblade Equipment - Off-Hand,,,,true,M,M,DTD,DTD136,https://legendstory-production-s3-public.s3.amazonaws.com/media/cards/large/DTD136.webp
FNKwLndWDcnRp8T6bjTqT,Grind Them Down,1,Guardian,,Deck,Guardian Action - Attack,3,7,3,true,C,C,MPG,MPG079,https://legendstory-production-s3-public.s3.amazonaws.com/media/cards/large/MPG079.webp
8pDHPwfjKjrCp9CFjbn6t,Grind Them Down,2,Guardian,,Deck,Guardian Action - Attack,3,6,3,true,C,C,MPG,MPG080,https://legendstory-production-s3-public.s3.amazonaws.com/media/cards/large/MPG080.webp
kdLqQ7BbpnTnCkJ9LzPTT,Grind Them Down,3,Guardian,,Deck,Guardian Action - Attack,3,5,3,true,C,C,BDD|MPG,BDD015,https://legendstory-production-s3-public.s3.amazonaws.com/media/cards/large/BDD015.webp
TNGCHzzLBft9q77QhkW9d,Grinding Gears,3,Mechanologist,,Deck,Mechanologist Action - Item,0,,,true,M,M,EVO,EVO070,https://legendstory-production-s3-public.s3.amazonaws.com/media/cards/large/EVO070.webp
JzRH98DmhDN98PnGR8bcg,Groundbreaker Crix,,Guardian,,Hero,Guardian Hero - Pit-Fighter,,,,false,M|P,M,HER|SMP,HER155,https://legendstory-production-s3-public.s3.amazonaws.com/media/cards/large/HER155-MV.webp
LT6DJwbzTFg8pwp6dGG6M,Grow Claws,1,Ninja,,Deck,Ninja Action - Attack,1,4,2,true,C,C,CIN|HNT,CIN013,https://legendstory-production-s3-public.s3.amazonaws.com/media/cards/large/CIN013.webp
K7MCKJGwJDzMzgHPbrRDw,Grow Claws,2,Ninja,,Deck,Ninja Action - Attack,1,3,2,true,C,C,HNT,HNT087,https://legendstory-production-s3-public.s3.amazonaws.com/media/cards/large/HNT087.webp
pkLRWtNDtBTQH8fkFJ8hb,Grow Claws,3,Ninja,,Deck,Ninja Action - Attack,1,2,2,true,C,C,HNT,HNT088,https://legendstory-production-s3-public.s3.amazonaws.com/media/cards/large/HNT088.webp
tLQ97QFt6qWCTPqbng7W7,Grow Wings,1,Ninja,,Deck,Ninja Action - Attack,0,3,3,true,C,C,HNT,HNT089,https://legendstory-production-s3-public.s3.amazonaws.com/media/cards/large/HNT089.webp
BdMBk67WBktQwcBmff9rm,Grow Wings,2,Ninja,,Deck,Ninja Action - Attack,0,2,3,true,C,C,HNT,HNT090,https://legendstory-production-s3-public.s3.amazonaws.com/media/cards/large/HNT090.webp
tNqhWw8WPHzbjBjRcNzMp,Grow Wings,3,Ninja,,Deck,Ninja Action - Attack,0,1,3,true,C,C,CIN|HNT,CIN024,https://legendstory-production-s3-public.s3.amazonaws.com/media/cards/large/CIN024.webp
gqJnkdRN8WkHKtFNtPTgN,Growl,1,Ninja,,Deck,Ninja Action - Attack,0,3,2,true,R,R,TCC,TCC086,https://legendstory-production-s3-public.s3.amazonaws.com/media/cards/large/TCC086.webp
p7gwqttrJdHDgWjpCHhtk,Growl,2,Ninja,,Deck,Ninja Action - Attack,0,2,2,true,R,R,TCC,TCC094,https://legendstory-production-s3-public.s3.amazonaws.com/media/cards/large/TCC094.webp
wLbNLfGtn86JfCTKBdMRg,Guardian of the Shadowrealm,1,,Shadow,Deck,Shadow Defense Reaction,2,,6,true,M,M,MON,MON192,https://legendstory-production-s3-public.s3.amazonaws.com/media/cards/large/MON192.webp
NCG7Gj8FnzJfDbmHQF6gF,Gustwave of the Second Wind,1,Ninja,,Deck,Ninja Action - Attack,0,4,3,true,M,M,ROS,ROS245,https://legendstory-production-s3-public.s3.amazonaws.com/media/cards/large/ROS245.webp
BrHTcWTJCgTnGjC7NFcbp,Gutshot,1,Warrior,,Deck,Warrior Action,1,,3,true,C,C,MPW,MPW109,https://legendstory-production-s3-public.s3.amazonaws.com/media/cards/large/MPW109.webp
nGGbCMQmmdwqdhW8QGPbF,Gutshot,2,Warrior,,Deck,Warrior Action,1,,3,true,C,C,MPW,MPW110,https://legendstory-production-s3-public.s3.amazonaws.com/media/cards/large/MPW110.webp
HCnqWbLnRrbdwP7RcqFrp,Gutshot,3,Warrior,,Deck,Warrior Action,1,,3,true,C,C,MPW,MPW111,https://legendstory-production-s3-public.s3.amazonaws.com/media/cards/large/MPW111.webp
PhqfJGJnp8FkNNqQb9crd,Haboob,1,Illusionist,Draconic,Deck,Draconic Illusionist Action - Aura,0,,3,true,R,R,PEN,PEN249,https://legendstory-production-s3-public.s3.amazonaws.com/media/cards/large/PEN249.webp
LPNDBTkkJ9gfhfnqrctfJ,Hack to Reality,2,Generic,,Deck,Generic Action,1,,2,true,M,M,DTD,DTD229,https://legendstory-production-s3-public.s3.amazonaws.com/media/cards/large/DTD229.webp
cjBPdpPNhzkzgdRCtKGPG,Hadron Collider,1,Mechanologist,,Deck,Mechanologist Action - Item,1,,,true,C,C,EVO,EVO090,https://legendstory-production-s3-public.s3.amazonaws.com/media/cards/large/EVO090.webp
KGHgthGPrb9MNrPpNKRpP,Hadron Collider,2,Mechanologist,,Deck,Mechanologist Action - Item,1,,,true,C,C,EVO,EVO091,https://legendstory-production-s3-public.s3.amazonaws.com/media/cards/large/EVO091.webp
CPgdwbjRGNNfKrgPn6ngL,Hadron Collider,3,Mechanologist,,Deck,Mechanologist Action - Item,1,,,true,C,C,EVO,EVO092,https://legendstory-production-s3-public.s3.amazonaws.com/media/cards/large/EVO092.webp
PCcMjhHfKKrmH8hR9LQBc,Hala,,Warrior,,Hero,Warrior Hero - Young,,,,false,B|V,B,MPW,MPW004,https://legendstory-production-s3-public.s3.amazonaws.com/media/cards/large/MPW004.webp
rWqFtWTCDnrgzPJthDHkR,Hala Goldenhelm,,Warrior,,Deck,Warrior Mentor,,,3,false,M|P,M,DVR|LGS,DVR007,https://legendstory-production-s3-public.s3.amazonaws.com/media/cards/large/DVR007.webp
FQFkLFgp9pJqdd8mQkJTQ,"Hala, Bladesaint of the Vow",,Warrior,,Hero,Warrior Hero,,,,true,B|M|V,B,AHA|MPW,AHA001,https://legendstory-production-s3-public.s3.amazonaws.com/media/cards/large/AHA001-RF.webp
phPFrDkRwGDrqrwq8M8T6,Halo of Illumination,,,Light,Equipment,Light Equipment - Head,,,0,true,C|P,C,BOL|FAB|MON|PSM|SBL,BOL005,https://legendstory-production-s3-public.s3.amazonaws.com/media/cards/large/BOL005.webp
ghPKp8NCBqQNbKLGpqkGM,Halo of Lumina Light,,Illusionist,Light,Equipment,Light Illusionist Equipment - Head,,,,true,M|P,M,APR|GEM,APR003,https://legendstory-production-s3-public.s3.amazonaws.com/media/cards/large/APR003-CF.webp
DLCqPPF6cRwMCgdhRBj6F,Hammer of Havenhold,,Guardian,,Weapon,Guardian Weapon - Hammer (1H),,3,,true,R|P,R,LGS|TCC,LGS205,https://legendstory-production-s3-public.s3.amazonaws.com/media/cards/large/LGS205-RF.webp
mTpzzz7FRDn6pfwQkQtRw,"Hammerhead, Harpoon Cannon",,Pirate|Ranger,,Weapon,Pirate Ranger Weapon - Bow Cannon (2H),,,,true,B|P,B,GEM|LGS|SEA,GEM038,https://legendstory-production-s3-public.s3.amazonaws.com/media/cards/large/GEM038-CF.webp
9kGkjgLHrhWqGFhfh9h8f,Hamstring Shot,1,Ranger,,Deck,Ranger Action - Arrow Attack,1,5,3,true,C,C,ARC,ARC060,https://legendstory-production-s3-public.s3.amazonaws.com/media/cards/large/ARC060.webp
WchNMmcctDfbrfJDpMTC8,Hamstring Shot,2,Ranger,,Deck,Ranger Action - Arrow Attack,1,4,3,true,C,C,ARC,ARC061,https://legendstory-production-s3-public.s3.amazonaws.com/media/cards/large/ARC061.webp
ftMMhmgB7L8mJ7zNR7TMR,Hamstring Shot,3,Ranger,,Deck,Ranger Action - Arrow Attack,1,3,3,true,C,C,ARC,ARC062,https://legendstory-production-s3-public.s3.amazonaws.com/media/cards/large/ARC062.webp
TbNWLjgL9QKkCMf7FJR6p,Hanabi Blaster,,Mechanologist,,Weapon,Mechanologist Weapon - Gun (2H),,5,,true,M|V,M,DYN,DYN088,https://legendstory-production-s3-public.s3.amazonaws.com/media/cards/large/DYN088.webp
pBBtgw6Ft8RrfLHrjnnp6,Hand Behind the Pen,1,Generic,,Deck,Generic Action - Attack,2,6,2,true,R|P,R,FAB|ROS,FAB271,https://legendstory-production-s3-public.s3.amazonaws.com/media/cards/large/FAB271-RF.webp
8qzF9KbHtkNHpGzpdGWhk,Hand of Vengeance,,,Draconic,Equipment,Draconic Equipment - Arms,,,1,true,C,C,HNT,HNT146,https://legendstory-production-s3-public.s3.amazonaws.com/media/cards/large/HNT146.webp
6j78cmbzJ6RkG9FKBgfp9,Hard Knuckle,,Generic,,Equipment,Generic Equipment - Arms,,,0,true,C|P,C,FAB|TER,FAB335,https://legendstory-production-s3-public.s3.amazonaws.com/media/cards/large/FAB335-CF.webp
gTNzqJLcQhkLkhBwKrpBQ,Harmonized Kodachi,,Ninja,,Weapon,Ninja Weapon - Dagger (1H),,1,,true,T|C|R|P,T,1HP|BEN|CRU|FAB|KAT|KSU|LGS|OUT|WTR|XXX,1HP091,https://legendstory-production-s3-public.s3.amazonaws.com/media/cards/large/1HP091.webp
8DknMpTdzFbMdjpRhkWLm,Harmony of the Hunt,1,Ninja,Mystic,Deck,Mystic Ninja Action - Attack,1,3,2,true,C,C,MST|ZEN,MST060,https://legendstory-production-s3-public.s3.amazonaws.com/media/cards/large/MST060.webp
6mDWM8jqfRP6NNLrcNjtQ,Harmony of the Hunt,2,Ninja,Mystic,Deck,Mystic Ninja Action - Attack,1,2,2,true,C,C,MST,MST061,https://legendstory-production-s3-public.s3.amazonaws.com/media/cards/large/MST061.webp
96qhpHbkmGTNFKQNjFrwq,Harmony of the Hunt,3,Ninja,Mystic,Deck,Mystic Ninja Action - Attack,1,1,2,true,C,C,MST|ZEN,MST062,https://legendstory-production-s3-public.s3.amazonaws.com/media/cards/large/MST062.webp
mnBtJdtHfCCzLtdkbJqKz,Harness Lightning,1,Runeblade,Elemental,Deck,Elemental Runeblade Action,0,,2,true,R,R,AUR,AUR013,https://legendstory-production-s3-public.s3.amazonaws.com/media/cards/large/AUR013.webp
FrLnt7LBFzJbWTFFWhWQj,Harness Lightning,2,Runeblade,Elemental,Deck,Elemental Runeblade Action,0,,2,true,R,R,AUR,AUR020,https://legendstory-production-s3-public.s3.amazonaws.com/media/cards/large/AUR020.webp
h9NHN8tRGcW6BtF98DJqM,Harvest Season,1,,Earth,Deck,Earth Action - Aura,1,,2,true,C|P,C,LGS|ROS|VER,LGS367,https://legendstory-production-s3-public.s3.amazonaws.com/media/cards/large/LGS367-RF.webp
7Dzp8kPW6kJPj7tQKL79w,Harvest Season,2,,Earth,Deck,Earth Action - Aura,1,,2,true,C,C,ROS,ROS062,https://legendstory-production-s3-public.s3.amazonaws.com/media/cards/large/ROS062.webp
Lq8ktfMh6MPDknk8jGRzr,Harvest Season,3,,Earth,Deck,Earth Action - Aura,1,,2,true,C,C,ROS|VER,ROS063,https://legendstory-production-s3-public.s3.amazonaws.com/media/cards/large/ROS063.webp
99B9LdcMnLqBhwjQmrHRG,Hatchet of Body,,Warrior,,Weapon,Warrior Weapon - Axe (1H),,2,,true,T|C|P,T,BOL|LGS|MON,BOL003,https://legendstory-production-s3-public.s3.amazonaws.com/media/cards/large/BOL003.webp
TCDKdFdzFT6nJnBBRbCLL,Hatchet of Mind,,Warrior,,Weapon,Warrior Weapon - Axe (1H),,2,,true,T|C|P,T,BOL|LGS|MON,BOL004,https://legendstory-production-s3-public.s3.amazonaws.com/media/cards/large/BOL004.webp
qp7f9b6WNBmRWJfPbKtDm,Haunting Rendition,1,Runeblade,,Deck,Runeblade Block,,,4,true,M,M,ROS,ROS120,https://legendstory-production-s3-public.s3.amazonaws.com/media/cards/large/ROS120.webp
6t8mpJGpHNQ9MKNrm99pr,Haunting Specter,1,Illusionist,,Deck,Illusionist Action - Aura,2,,2,true,R,R,MST,MST140,https://legendstory-production-s3-public.s3.amazonaws.com/media/cards/large/MST140.webp
GTj8JGDq7LfKj8HjpNhmn,Haunting Specter,2,Illusionist,,Deck,Illusionist Action - Aura,2,,2,true,R,R,MST,MST141,https://legendstory-production-s3-public.s3.amazonaws.com/media/cards/large/MST141.webp
CpfKgC8NJWLbMkhzFqQ8g,Haunting Specter,3,Illusionist,,Deck,Illusionist Action - Aura,2,,2,true,R,R,MST,MST142,https://legendstory-production-s3-public.s3.amazonaws.com/media/cards/large/MST142.webp
PnnF9jgBnbK7W67t7KrHG,Haven Veil,1,Wizard,,Deck,Wizard Instant - Aura,0,,,true,R,R,OMN,OMN137,https://legendstory-production-s3-public.s3.amazonaws.com/media/cards/large/OMN137.webp
g7bpktwdT6TNqpKwzJHPG,Haven Veil,2,Wizard,,Deck,Wizard Instant - Aura,0,,,true,R,R,OMN,OMN138,https://legendstory-production-s3-public.s3.amazonaws.com/media/cards/large/OMN138.webp
nNKq8rmjRrnwqK7DdtkPr,Haven Veil,3,Wizard,,Deck,Wizard Instant - Aura,0,,,true,R,R,OMN,OMN139,https://legendstory-production-s3-public.s3.amazonaws.com/media/cards/large/OMN139.webp
FHdcQjB7mGbTgzJnmPmhc,Havoc Wrap,,,Chaos,Equipment,Chaos Equipment - Chest,,,1,true,M,M,PEN,PEN275,https://legendstory-production-s3-public.s3.amazonaws.com/media/cards/large/PEN275.webp
RFRrT7hMB7bMJ9jcjzJgj,Haze Bending,3,Illusionist,,Deck,Illusionist Action - Aura,0,,2,true,R|P,R,APR|EVR|LGS,APR024,https://legendstory-production-s3-public.s3.amazonaws.com/media/cards/large/APR024.webp
LngwQzcgtkJQfCQ7PkP9h,Haze Shelter,1,Illusionist,Mystic,Deck,Mystic Illusionist Instant - Aura,2,,,true,C,C,ENG|MST,ENG009,https://legendstory-production-s3-public.s3.amazonaws.com/media/cards/large/ENG009.webp
DpC7pdbKCcfcgDRCNHkch,Haze Shelter,2,Illusionist,Mystic,Deck,Mystic Illusionist Instant - Aura,2,,,true,C,C,MST,MST038,https://legendstory-production-s3-public.s3.amazonaws.com/media/cards/large/MST038.webp
CGJMGJrWtt9qWQ6zfJHWK,Haze Shelter,3,Illusionist,Mystic,Deck,Mystic Illusionist Instant - Aura,2,,,true,C,C,MST,MST039,https://legendstory-production-s3-public.s3.amazonaws.com/media/cards/large/MST039.webp
JtCMThrjDDLjGmBbCcpWc,Head Jab,1,Ninja,,Deck,Ninja Action - Attack,0,3,2,true,C|P,C,BEN|KAT|KSU|LGS|OUT|WTR,BEN010,https://legendstory-production-s3-public.s3.amazonaws.com/media/cards/large/BEN010.webp
CwHzMDBNQRNdWpMc7phMr,Head Jab,2,Ninja,,Deck,Ninja Action - Attack,0,2,2,true,C|P,C,BEN|KAT|LGS|OUT|WTR,BEN017,https://legendstory-production-s3-public.s3.amazonaws.com/media/cards/large/BEN017.webp
CbngjC9FTFNdmTGT7ddCT,Head Jab,3,Ninja,,Deck,Ninja Action - Attack,0,1,2,true,C|P,C,BEN|IRA|KAT|KSU|LGS|OUT|WTR,BEN024,https://legendstory-production-s3-public.s3.amazonaws.com/media/cards/large/BEN024.webp
p8tbQ7KL7G8RwQTtdKnNH,Head Leads the Tail,1,Ninja,,Deck,Ninja Action - Attack,1,3,2,true,M,M,OUT,OUT052,https://legendstory-production-s3-public.s3.amazonaws.com/media/cards/large/OUT052.webp
KjdKWBHLWtqdF66zPzRwG,Head Shot,1,Ranger,,Deck,Ranger Action - Arrow Attack,1,4,3,true,C,C,1HP|ARC|SEA,1HP240,https://legendstory-production-s3-public.s3.amazonaws.com/media/cards/large/1HP240.webp
cDJpRqfcbpFm8NjnhDfCw,Head Shot,2,Ranger,,Deck,Ranger Action - Arrow Attack,1,3,3,true,C,C,1HP|ARC|SEA,1HP241,https://legendstory-production-s3-public.s3.amazonaws.com/media/cards/large/1HP241.webp
zNgcmTJjnWHfGKcLmPw8G,Head Shot,3,Ranger,,Deck,Ranger Action - Arrow Attack,1,2,3,true,C,C,1HP|ARC|SEA,1HP242,https://legendstory-production-s3-public.s3.amazonaws.com/media/cards/large/1HP242.webp
Pm8jQMDcJhBnT8wj6rwFD,Head Stone,,Necromancer,,Equipment,Necromancer Equipment - Head,,,1,true,C,C,SEA,SEA081,https://legendstory-production-s3-public.s3.amazonaws.com/media/cards/large/SEA081.webp
WgJjBtrhDPDrQgnzTtqCT,Headbutt,3,Guardian,,Deck,Guardian Action - Attack,4,6,3,true,M,M,MPG,MPG016,https://legendstory-production-s3-public.s3.amazonaws.com/media/cards/large/MPG016.webp
BB7nwJkKWfznpRkt6gcCF,Headliner Helm,,Generic,,Equipment,Generic Equipment - Head,,,*,true,C,C,HVY,HVY202,https://legendstory-production-s3-public.s3.amazonaws.com/media/cards/large/HVY202.webp
gM8RN6nqLkjHhfTDnRKtK,Heads Up,1,Warrior,,Deck,Warrior Action,1,,3,true,M,M,AOL,AOL014,https://legendstory-production-s3-public.s3.amazonaws.com/media/cards/large/AOL014.webp
hwFjtcMfQHTbj6whzfhk6,Healing Balm,1,Generic,,Deck,Generic Action,0,,2,true,C,C,DRO|UPR,DRO025,https://legendstory-production-s3-public.s3.amazonaws.com/media/cards/large/DRO025.webp
z6Ltnt69ChWMCDBTTdWkL,Healing Balm,2,Generic,,Deck,Generic Action,0,,2,true,C,C,UPR,UPR216,https://legendstory-production-s3-public.s3.amazonaws.com/media/cards/large/UPR216.webp
PdKcNzJNPJgpcF9TTCqm6,Healing Balm,3,Generic,,Deck,Generic Action,0,,2,true,C,C,UPR,UPR217,https://legendstory-production-s3-public.s3.amazonaws.com/media/cards/large/UPR217.webp
mRhKjfhKd6K6DPB8f6Twg,Healing Potion,3,Generic,,Deck,Generic Action - Item,0,,,true,R,R,EVR|TCC,EVR183,https://legendstory-production-s3-public.s3.amazonaws.com/media/cards/large/EVR183.webp
McBPGzHjMtg9mRHRGPMtL,Heart of Bladehold,,Warrior,,Equipment,Warrior Equipment - Chest,,,1,true,C,C,MPW,MPW018,https://legendstory-production-s3-public.s3.amazonaws.com/media/cards/large/MPW018.webp
pBpLPQ7kg6mkBpNMMPdCD,Heart of Fyendal,3,Generic,,Deck,Generic Resource - Gem,,,,true,F,F,ANQ|WTR,ANQ001,https://legendstory-production-s3-public.s3.amazonaws.com/media/cards/large/ANQ001.webp
PpQBJwQCfFrHzKM9TkcbD,Heart of Ice,,,Ice,Equipment,Ice Equipment - Chest,,,1,true,P|L,P,ELE|FAB,ELE144,https://legendstory-production-s3-public.s3.amazonaws.com/media/cards/large/ELE144-CF.webp
CkRKLHpzHJLkmDdBFJCwM,Heart of Vengeance,,,Draconic,Equipment,Draconic Equipment - Chest,,,1,true,C,C,HNT,HNT145,https://legendstory-production-s3-public.s3.amazonaws.com/media/cards/large/HNT145.webp
PDhbcdqqj7T9HJhGwTwCQ,Heart Wrencher,1,Mechanologist,,Deck,Mechanologist Action - Wrench Attack,0,3,3,true,C,C,PEN,PEN075,https://legendstory-production-s3-public.s3.amazonaws.com/media/cards/large/PEN075.webp
bQHRKzBGCWzR8JQnHRKqc,Heart Wrencher,2,Mechanologist,,Deck,Mechanologist Action - Wrench Attack,0,2,3,true,C,C,PEN,PEN076,https://legendstory-production-s3-public.s3.amazonaws.com/media/cards/large/PEN076.webp
GCMJTNF9q7MkjqWGc6zQd,Heart Wrencher,3,Mechanologist,,Deck,Mechanologist Action - Wrench Attack,0,1,3,true,C,C,PEN,PEN077,https://legendstory-production-s3-public.s3.amazonaws.com/media/cards/large/PEN077.webp
h7NLHrBf7dNmKLN8zqRLn,Heart-throb,,Bard,,Equipment,Bard Equipment - Chest,,,0,true,R|P,R,LGS|TCC,LGS214,https://legendstory-production-s3-public.s3.amazonaws.com/media/cards/large/LGS214-RF.webp
rQ7rcfpMdHMcLkTqtnfHz,Heartbeat of Candlehold,3,Wizard,Earth,Deck,Earth Wizard Action,1,,3,true,M|P,M,FAB|ROS,FAB269,https://legendstory-production-s3-public.s3.amazonaws.com/media/cards/large/FAB269-RF.webp
666mgFjKrrLQhdkpGzNzf,Heartened Cross Strap,,Generic,,Equipment,Generic Equipment - Chest,,,0,true,C|M|P,C,1HP|APR|BRI|FAB|KSU|MPG|PSM|WTR,1HP351,https://legendstory-production-s3-public.s3.amazonaws.com/media/cards/large/1HP351.webp
8KcHGzJF7JBb67qmjgNMb,Hearty Block,1,Guardian|Warrior,,Deck,Guardian / Warrior Block,,,3,true,R|P,R,HVY|LGS,HVY181,https://legendstory-production-s3-public.s3.amazonaws.com/media/cards/large/HVY181.webp
H6KCbhR6jqrLJnhjM8GPN,Heat Seeker,1,Ranger,,Deck,Ranger Action - Arrow Attack,1,5,3,true,M,M,DYN,DYN153,https://legendstory-production-s3-public.s3.amazonaws.com/media/cards/large/DYN153.webp
Prkf9mwfBCbLDHncK6CPP,Heat Wave,,Ninja,Draconic,Equipment,Draconic Ninja Equipment - Arms,,,0,true,C,C,FAI|UPR,FAI005,https://legendstory-production-s3-public.s3.amazonaws.com/media/cards/large/FAI005.webp
6HTFGH8fzF8THpGNjpmHR,Heave Ho!,3,Pirate|Necromancer,,Deck,Pirate Necromancer Action,0,,3,true,R|P,R,GEM|SEA,GEM052,https://legendstory-production-s3-public.s3.amazonaws.com/media/cards/large/GEM052.webp
BDqM89MWQr6zKfCk6hkBH,Heaven's Claws,1,,Lightning,Deck,Lightning Action - Attack,1,5,3,true,C,C,AUA|AUR|ELE|LXI|OMN|ROS,AUA010,https://legendstory-production-s3-public.s3.amazonaws.com/media/cards/large/AUA010.webp
NMTzJw6qfQ7rBdDpgMCzL,Heaven's Claws,2,,Lightning,Deck,Lightning Action - Attack,1,4,3,true,C,C,AUR|ELE|LXI|OMN|ROS,AUR017,https://legendstory-production-s3-public.s3.amazonaws.com/media/cards/large/AUR017.webp
HCGkgWcrLLkmHFBRbhpdM,Heaven's Claws,3,,Lightning,Deck,Lightning Action - Attack,1,3,3,true,C,C,AST|AUA|ELE|OMN|ROS,AST025,https://legendstory-production-s3-public.s3.amazonaws.com/media/cards/large/AST025.webp
CnGbng8qnbmcNP96gkWzT,Heavy Artillery,1,Mechanologist,,Deck,Mechanologist Action - Attack,3,6,3,true,R|P,R,EVO|LGS,EVO061,https://legendstory-production-s3-public.s3.amazonaws.com/media/cards/large/EVO061.webp
zMKfFNMHWRtL67cqWCnL8,Heavy Artillery,2,Mechanologist,,Deck,Mechanologist Action - Attack,3,5,3,true,R|P,R,EVO|LGS,EVO062,https://legendstory-production-s3-public.s3.amazonaws.com/media/cards/large/EVO062.webp
9h6KqtDtctfGjqNTBBjJF,Heavy Artillery,3,Mechanologist,,Deck,Mechanologist Action - Attack,3,4,3,true,R|P,R,EVO|LGS,EVO063,https://legendstory-production-s3-public.s3.amazonaws.com/media/cards/large/EVO063.webp
PtcNWqrmfGgdQmLzBQWtp,Heavy Industry Gear Shift,,Mechanologist,,Equipment,Mechanologist Equipment - Legs,,,1,true,M|P,M,AIO|JDG,AIO006,https://legendstory-production-s3-public.s3.amazonaws.com/media/cards/large/AIO006-RF.webp
6MktH8f6TgMJPmPLN8M8R,Heavy Industry Power Plant,,Mechanologist,,Equipment,Mechanologist Equipment - Chest,,,2,true,M|P,M,AIO|JDG,AIO004,https://legendstory-production-s3-public.s3.amazonaws.com/media/cards/large/AIO004-RF.webp
WgHWK8qbFHRzWFpH9NCWQ,Heavy Industry Ram Stop,,Mechanologist,,Equipment,Mechanologist Equipment - Arms,,,1,true,M|P,M,AIO|JDG,AIO005,https://legendstory-production-s3-public.s3.amazonaws.com/media/cards/large/AIO005-RF.webp
HDgpj7cmFJwFWqdrHgngk,Heavy Industry Surveillance,,Mechanologist,,Equipment,Mechanologist Equipment - Head,,,1,true,M,M,AIO,AIO003,https://legendstory-production-s3-public.s3.amazonaws.com/media/cards/large/AIO003-RF.webp
kcf7qcRNnNdCk8NL9N7NJ,Heavy Metal Hardcore,1,Mechanologist,,Deck,Mechanologist Action - Attack,0,3,3,true,C,C,PEN,PEN072,https://legendstory-production-s3-public.s3.amazonaws.com/media/cards/large/PEN072.webp
JjM6fT8dmFTMdKMpRjqCJ,Heavy Metal Hardcore,2,Mechanologist,,Deck,Mechanologist Action - Attack,0,2,3,true,C,C,PEN,PEN073,https://legendstory-production-s3-public.s3.amazonaws.com/media/cards/large/PEN073.webp
LRT8g7gJKf6RwWLbLmcdd,Heavy Metal Hardcore,3,Mechanologist,,Deck,Mechanologist Action - Attack,0,1,3,true,C,C,PEN,PEN074,https://legendstory-production-s3-public.s3.amazonaws.com/media/cards/large/PEN074.webp
KJCbCnCcqwBdCcCL88Cg8,Heavy Swing,1,Warrior,,Deck,Warrior Action - Aura,0,,3,true,C,C,MPW,MPW133,https://legendstory-production-s3-public.s3.amazonaws.com/media/cards/large/MPW133.webp
z7HGHDCwMDgBmhdhTnRhW,Heirloom of Rabbit Hide,,Illusionist,Mystic,Equipment,Mystic Illusionist Equipment - Chest,,,,true,R,R,ENG|MST,ENG004,https://legendstory-production-s3-public.s3.amazonaws.com/media/cards/large/ENG004.webp
wqzWn8rMcWhGwNQfKtWtG,Heirloom of Snake Hide,,Assassin,Mystic,Equipment,Mystic Assassin Equipment - Chest,,,2,true,R,R,MST,MST005,https://legendstory-production-s3-public.s3.amazonaws.com/media/cards/large/MST005.webp
6F7r7J6hRpwwH8hrtjdTp,Heirloom of Tiger Hide,,Ninja,Mystic,Equipment,Mystic Ninja Equipment - Chest,,,3,true,R,R,MST|ZEN,MST049,https://legendstory-production-s3-public.s3.amazonaws.com/media/cards/large/MST049.webp
NmRw7kHM96FTDqDF69qJ9,Heist,1,Mechanologist,,Deck,Mechanologist Action - Attack,2,5,3,true,M,M,AMX|EVO,AMX010,https://legendstory-production-s3-public.s3.amazonaws.com/media/cards/large/AMX010.webp
gjgpkHgC6p7HNTPpCJdCh,Helio's Mitre,,Generic,,Equipment,Generic Equipment - Head,,,0,true,T|P,T,LGS|UPR,LGS103,https://legendstory-production-s3-public.s3.amazonaws.com/media/cards/large/LGS103-RF.webp
zMbD7hqPwGNQCcDC6DPB9,Hell Hammer,,Brute,Shadow,Weapon,Shadow Brute Weapon - Hammer (2H),,6,,true,R|P,R,DTD|LGS,DTD105,https://legendstory-production-s3-public.s3.amazonaws.com/media/cards/large/DTD105.webp
cBRqwBmLLnnTKt8PKkh7k,Helm of Astral Sanctuary,,Generic,,Equipment,Generic Equipment - Head,,,0,true,C|P,C,LGS|OMN,LGS452,https://legendstory-production-s3-public.s3.amazonaws.com/media/cards/large/LGS452-CF.webp
TKbBnD6hMmqHfhDPtmHjL,Helm of Halo's Grace,,Warrior,Light,Equipment,Light Warrior Equipment - Head,,,2,true,M|P,M,ASB|JDG,ASB003,https://legendstory-production-s3-public.s3.amazonaws.com/media/cards/large/ASB003-RF.webp
HKqcfqWBCP9T6CHdQRCtn,Helm of Hindsight,,Generic,,Equipment,Generic Equipment - Head,,,0,true,C|P,C,LGS|SUP,LGS414,https://legendstory-production-s3-public.s3.amazonaws.com/media/cards/large/LGS414-CF.webp
rjhDRz7JGN7kpDdjHQfrg,Helm of Isen's Peak,,Guardian,,Equipment,Guardian Equipment - Head,,,1,true,C,C,1HP|BVO|MPG|OLD|WTR,1HP048,https://legendstory-production-s3-public.s3.amazonaws.com/media/cards/large/1HP048.webp
7gkkzWWDprGtBpfq8QPWC,Helm of Lignum Vitae,,,Earth,Equipment,Earth Equipment - Head,,,1,true,C|P,C,FLR|LGS|ROS|VER,FLR003,https://legendstory-production-s3-public.s3.amazonaws.com/media/cards/large/FLR003.webp
rcjgBWntdrDcMT7gHdgjF,Helm of Might and Magic,,Runeblade,,Equipment,Runeblade Equipment - Head,,,1,true,R,R,PEN,PEN093,https://legendstory-production-s3-public.s3.amazonaws.com/media/cards/large/PEN093.webp
HDD8FDbbhgKFmpHBGCL9c,Helm of Safe Haven,,Generic,,Equipment,Generic Equipment - Head,,,2,true,M,M,PEN,PEN314,https://legendstory-production-s3-public.s3.amazonaws.com/media/cards/large/PEN314.webp
MfBtnKK96JRR8Nb7RWMBn,Helm of Sharp Eye,,Warrior,,Equipment,Warrior Equipment - Head,,,1,true,M|P,M,EVR|FAB,EVR053,https://legendstory-production-s3-public.s3.amazonaws.com/media/cards/large/EVR053.webp
cWfNbbz7WB9nfNd8BbcNM,Helm of the Adored,,,Revered,Equipment,Revered Equipment - Head,,,1,true,C,C,SUP,SUP017,https://legendstory-production-s3-public.s3.amazonaws.com/media/cards/large/SUP017.webp
ffLDbK7CGgrjL7R68jKJC,Helm of the Arknight,,Runeblade,,Equipment,Runeblade Equipment - Head,,,2,true,M|P,M,AVS|GEM,AVS003,https://legendstory-production-s3-public.s3.amazonaws.com/media/cards/large/AVS003-CF.webp
pwMHKpWQbDFMbH8pm77qd,Helm of Unity,,Warrior,,Equipment,Warrior Equipment - Head,,,1,true,R,R,PEN|SBL|SDO,PEN044,https://legendstory-production-s3-public.s3.amazonaws.com/media/cards/large/PEN044.webp
PMh8LjJm6jmBKfm8FqfkW,Helmsman's Peak,,Generic,,Equipment,Generic Equipment - Head,,,1,true,C,C,SEA,SEA180,https://legendstory-production-s3-public.s3.amazonaws.com/media/cards/large/SEA180.webp
JbhrgT86TGzH9rWPpzHBc,Hemorrhage Bore,1,Ranger,,Deck,Ranger Action - Arrow Attack,1,5,3,true,C|P,C,DYN|LGS|RIP,DYN162,https://legendstory-production-s3-public.s3.amazonaws.com/media/cards/large/DYN162.webp
KWpp9Jg6QBftjK9HKNNKW,Hemorrhage Bore,2,Ranger,,Deck,Ranger Action - Arrow Attack,1,4,3,true,C|P,C,DYN|LGS,DYN163,https://legendstory-production-s3-public.s3.amazonaws.com/media/cards/large/DYN163.webp
9hMdhNp7G6p6jqcrQD6Gd,Hemorrhage Bore,3,Ranger,,Deck,Ranger Action - Arrow Attack,1,3,3,true,C|P,C,DYN|LGS,DYN164,https://legendstory-production-s3-public.s3.amazonaws.com/media/cards/large/DYN164.webp
9BPFcP6dTCwRdJKJBbqCc,Herald of Erudition,2,Illusionist,Light,Deck,Light Illusionist Action - Attack,2,5,3,true,M,M,APR|MON,APR011,https://legendstory-production-s3-public.s3.amazonaws.com/media/cards/large/APR011.webp
z7fKMTdrJ6jGBFWTMTbnF,Herald of Judgment,2,Illusionist,Light,Deck,Light Illusionist Action - Attack,2,6,3,true,R|P,R,DTD|FAB|MON|PSM,DTD013,https://legendstory-production-s3-public.s3.amazonaws.com/media/cards/large/DTD013.webp
LrjRbqHNNKbLGfqDPjp7R,Herald of Protection,1,Illusionist,Light,Deck,Light Illusionist Action - Attack,2,7,3,true,C|R|P,C,APR|DTD|FAB|MON|PSM,APR007,https://legendstory-production-s3-public.s3.amazonaws.com/media/cards/large/APR007.webp
GpWJp9RKt7nrzt6dCMnbH,Herald of Protection,2,Illusionist,Light,Deck,Light Illusionist Action - Attack,2,6,3,true,C|R|P,C,APR|DTD|FAB|MON,APR012,https://legendstory-production-s3-public.s3.amazonaws.com/media/cards/large/APR012.webp
kWCjCDmt6k6Rq7bkf7pGr,Herald of Protection,3,Illusionist,Light,Deck,Light Illusionist Action - Attack,2,5,3,true,C|R|P,C,APR|DTD|FAB|MON|PSM,APR021,https://legendstory-production-s3-public.s3.amazonaws.com/media/cards/large/APR021.webp
6TdnF7dGqjJJcCBdKb98r,Herald of Ravages,1,Illusionist,Light,Deck,Light Illusionist Action - Attack,2,7,3,true,C|R|P,C,DTD|LGS|MON|PSM,DTD017,https://legendstory-production-s3-public.s3.amazonaws.com/media/cards/large/DTD017.webp
tpBFGmkQggrgbfN96bNW6,Herald of Ravages,2,Illusionist,Light,Deck,Light Illusionist Action - Attack,2,6,3,true,C|R|P,C,DTD|LGS|MON,DTD018,https://legendstory-production-s3-public.s3.amazonaws.com/media/cards/large/DTD018.webp
6kKnCBgtcwPWzKhHLDPLn,Herald of Ravages,3,Illusionist,Light,Deck,Light Illusionist Action - Attack,2,5,3,true,C|R|P,C,DTD|LGS|MON|PSM,DTD019,https://legendstory-production-s3-public.s3.amazonaws.com/media/cards/large/DTD019.webp
FLpRPPKtB668jDRD7Gknm,Herald of Rebirth,1,Illusionist,Light,Deck,Light Illusionist Action - Attack,2,7,3,true,C|R|P,C,DTD|FAB|MON|PSM,DTD020,https://legendstory-production-s3-public.s3.amazonaws.com/media/cards/large/DTD020.webp
WzgPPdjkL9zHrrqpjHbNJ,Herald of Rebirth,2,Illusionist,Light,Deck,Light Illusionist Action - Attack,2,6,3,true,C|R|P,C,DTD|FAB|MON,DTD021,https://legendstory-production-s3-public.s3.amazonaws.com/media/cards/large/DTD021.webp
wHPGqnKDg8mRNzmwfmh8W,Herald of Rebirth,3,Illusionist,Light,Deck,Light Illusionist Action - Attack,2,5,3,true,C|R|P,C,DTD|FAB|MON|PSM,DTD022,https://legendstory-production-s3-public.s3.amazonaws.com/media/cards/large/DTD022.webp
8KBRjnQQ7cTq7M9q9CgCN,Herald of Sekem,1,Illusionist,Light,Deck,Light Illusionist Action - Attack,2,7,3,true,M|P,M,LGS|SEA,LGS430,https://legendstory-production-s3-public.s3.amazonaws.com/media/cards/large/LGS430-RF.webp
JRFMjNBpz9H6tmgGWHkrD,Herald of Tenacity,1,Illusionist,Light,Deck,Light Illusionist Action - Attack,2,6,3,true,C|R|P,C,DTD|LGS|MON|PSM,DTD023,https://legendstory-production-s3-public.s3.amazonaws.com/media/cards/large/DTD023.webp
Jb7Ht9qpJRjRRwQMjJBKH,Herald of Tenacity,2,Illusionist,Light,Deck,Light Illusionist Action - Attack,2,5,3,true,C|R|P,C,DTD|LGS|MON,DTD024,https://legendstory-production-s3-public.s3.amazonaws.com/media/cards/large/DTD024.webp
jgC7fqfp9rGLjPdJQNRBM,Herald of Tenacity,3,Illusionist,Light,Deck,Light Illusionist Action - Attack,2,4,3,true,C|R|P,C,DTD|LGS|MON|PSM,DTD025,https://legendstory-production-s3-public.s3.amazonaws.com/media/cards/large/DTD025.webp
QD7K9HmH9g9CLWRPcz87n,Herald of Triumph,1,Illusionist,Light,Deck,Light Illusionist Action - Attack,2,7,3,true,R|P,R,DTD|FAB|MON,DTD026,https://legendstory-production-s3-public.s3.amazonaws.com/media/cards/large/DTD026.webp
pKzcGJ6MbDD7pBM6HNJpf,Herald of Triumph,2,Illusionist,Light,Deck,Light Illusionist Action - Attack,2,6,3,true,R|P,R,APR|DTD|FAB|MON,APR013,https://legendstory-production-s3-public.s3.amazonaws.com/media/cards/large/APR013.webp
rk9986mQCBfcCRTwFJRdL,Herald of Triumph,3,Illusionist,Light,Deck,Light Illusionist Action - Attack,2,5,3,true,R|P,R,APR|DTD|FAB|MON,APR022,https://legendstory-production-s3-public.s3.amazonaws.com/media/cards/large/APR022.webp
qpqwfj8MqTkWLqpbDgrd8,Herald of Victoria,2,Illusionist,Light,Deck,Light Illusionist Action - Attack,2,7,3,true,R,R,PEN,PEN177,https://legendstory-production-s3-public.s3.amazonaws.com/media/cards/large/PEN177.webp
r96wGNm66Fft8RcWcQj7f,Heroic Grit,2,,Revered,Deck,Revered Action,0,,2,true,C,C,SUP,SUP056,https://legendstory-production-s3-public.s3.amazonaws.com/media/cards/large/SUP056.webp
z8f8PqBmdGwK9ftBbcBMb,Heroic Pose,1,,Revered,Deck,Revered Action,1,,2,true,C|P,C,GEM|SUP,GEM091,https://legendstory-production-s3-public.s3.amazonaws.com/media/cards/large/GEM091.webp
GFMCKpFRhPcGpD9NzhpGm,Heroic Pose,2,,Revered,Deck,Revered Action,1,,2,true,C,C,SUP,SUP058,https://legendstory-production-s3-public.s3.amazonaws.com/media/cards/large/SUP058.webp
KMChcRLgKq8tLHQwffNpP,Heroic Pose,3,,Revered,Deck,Revered Action,1,,2,true,C,C,SUP,SUP059,https://legendstory-production-s3-public.s3.amazonaws.com/media/cards/large/SUP059.webp
j8jNwqCDtMqHPbCrnLcbf,Heron's Flight,1,Ninja,,Deck,Ninja Action - Attack,0,3,3,true,M,M,1HP|CRU,1HP100,https://legendstory-production-s3-public.s3.amazonaws.com/media/cards/large/1HP100.webp
zCRpPtm9BTfzBJFNkdpNw,"Hexagore, the Death Hydra",,Brute,Shadow,Weapon,Shadow Brute Weapon - Flail (2H),,6,,true,M|P,M,FAB|MON,FAB186,https://legendstory-production-s3-public.s3.amazonaws.com/media/cards/large/FAB186-GF.webp
dwfCfQLjJJNLpwrnmhcPt,Hidden Agenda,,Ranger,,Equipment,Ranger Equipment - Chest,,,,true,M,M,AAZ,AAZ005,https://legendstory-production-s3-public.s3.amazonaws.com/media/cards/large/AAZ005-RF.webp
7MNrGmWN7jTtR99LrWNm7,Hide Tanner,,Brute,,Equipment,Brute Equipment - Arms,,,1,true,M,M,AKO,AKO005,https://legendstory-production-s3-public.s3.amazonaws.com/media/cards/large/AKO005-RF.webp
pnrq67PgHWrKbHNDbhLWc,High Current Currency,3,Generic,,Deck,Generic Action,0,,3,true,M|P,M,FAB|PEN,FAB424,https://legendstory-production-s3-public.s3.amazonaws.com/media/cards/large/FAB424-CF.webp
BF7rFRwnNckBK8cMGpKHH,High Octane,1,Mechanologist,,Deck,Mechanologist Action,1,,3,true,M,M,1HP|ARC,1HP188,https://legendstory-production-s3-public.s3.amazonaws.com/media/cards/large/1HP188.webp
mtQhLfLDgTzMpFdJgt88C,High Pitched Howl,1,Brute,,Deck,Brute Action - Attack,2,6,3,true,C,C,SKA|SUP,SKA014,https://legendstory-production-s3-public.s3.amazonaws.com/media/cards/large/SKA014.webp
khhbD7jztHMLmBGbqNdgf,High Pitched Howl,2,Brute,,Deck,Brute Action - Attack,2,5,3,true,C,C,SUP,SUP156,https://legendstory-production-s3-public.s3.amazonaws.com/media/cards/large/SUP156.webp
bRpJLNLCgwrHrwktkCGPd,High Pitched Howl,3,Brute,,Deck,Brute Action - Attack,2,4,3,true,C,C,SUP,SUP157,https://legendstory-production-s3-public.s3.amazonaws.com/media/cards/large/SUP157.webp
qRkrJ8t9RgGhDgpMpBBFd,High Riser,,Guardian,,Weapon,Guardian Weapon - Hammer (1H),,3,,true,T|C|R|P,T,BET|HVY|LGS|MPG,BET002,https://legendstory-production-s3-public.s3.amazonaws.com/media/cards/large/BET002.webp
FtQwNRWhWwhtbPNWcN8RJ,High Roller,1,Brute,,Deck,Brute Action,0,,3,true,R,R,EVR,EVR005,https://legendstory-production-s3-public.s3.amazonaws.com/media/cards/large/EVR005.webp
Kg6pf7HDqczBhNpddC6KH,High Roller,2,Brute,,Deck,Brute Action,0,,3,true,R,R,EVR,EVR006,https://legendstory-production-s3-public.s3.amazonaws.com/media/cards/large/EVR006.webp
LkT9MmTbLGprPFDPNzwfQ,High Roller,3,Brute,,Deck,Brute Action,0,,3,true,R,R,EVR,EVR007,https://legendstory-production-s3-public.s3.amazonaws.com/media/cards/large/EVR007.webp
7wmJfzLNM6WKW6wNGtTkN,High Speed Impact,1,Mechanologist,,Deck,Mechanologist Action - Attack,1,4,3,true,R,R,1HP|CRU,1HP193,https://legendstory-production-s3-public.s3.amazonaws.com/media/cards/large/1HP193.webp
pzBQ8dDpb78qTW8RwGbPJ,High Speed Impact,2,Mechanologist,,Deck,Mechanologist Action - Attack,1,3,3,true,R,R,1HP|CRU,1HP194,https://legendstory-production-s3-public.s3.amazonaws.com/media/cards/large/1HP194.webp
FRL8RKjcFT9zRbnn8gpTP,High Speed Impact,3,Mechanologist,,Deck,Mechanologist Action - Attack,1,2,3,true,R,R,1HP|CRU,1HP195,https://legendstory-production-s3-public.s3.amazonaws.com/media/cards/large/1HP195.webp
8DbbfFFWLbmpbtdFMbnDM,High Striker,1,Generic,,Deck,Generic Action,0,,2,true,R,R,EVR,EVR164,https://legendstory-production-s3-public.s3.amazonaws.com/media/cards/large/EVR164.webp
dT9zWQdWrRnqwfC7Qmcnp,High Striker,2,Generic,,Deck,Generic Action,0,,2,true,R,R,EVR,EVR165,https://legendstory-production-s3-public.s3.amazonaws.com/media/cards/large/EVR165.webp
RFdQdrNDp9QHmpffbKFfg,High Striker,3,Generic,,Deck,Generic Action,0,,2,true,R,R,EVR,EVR166,https://legendstory-production-s3-public.s3.amazonaws.com/media/cards/large/EVR166.webp
g8DkhdLpGnDhj8WmkqTgr,High Voltage,3,,Lightning,Deck,Lightning Instant,0,,,true,M,M,ROS,ROS078,https://legendstory-production-s3-public.s3.amazonaws.com/media/cards/large/ROS078.webp
nhqPkqkWqbcjBCWG6RrFq,Hiss,1,Assassin,Mystic,Deck,Mystic Assassin Attack Reaction,1,,3,true,C,C,MST|NUU,MST014,https://legendstory-production-s3-public.s3.amazonaws.com/media/cards/large/MST014.webp
KWTp66RpbjrmqQPg87jbm,Hiss,2,Assassin,Mystic,Deck,Mystic Assassin Attack Reaction,1,,3,true,C,C,MST|NUU,MST015,https://legendstory-production-s3-public.s3.amazonaws.com/media/cards/large/MST015.webp
8tzjQqHmRDzCTppjNRd9w,Hiss,3,Assassin,Mystic,Deck,Mystic Assassin Attack Reaction,1,,3,true,C,C,MST|NUU,MST016,https://legendstory-production-s3-public.s3.amazonaws.com/media/cards/large/MST016.webp
wnrwnDFQzMQChWBt7JWtr,Hit and Run,1,Warrior,,Deck,Warrior Action,0,,3,true,C,C,1HP|CRU|MPW,1HP174,https://legendstory-production-s3-public.s3.amazonaws.com/media/cards/large/1HP174.webp
qbjpM6PbCPWjjQTfdt9TM,Hit and Run,2,Warrior,,Deck,Warrior Action,0,,3,true,C,C,1HP|CRU|MPW,1HP175,https://legendstory-production-s3-public.s3.amazonaws.com/media/cards/large/1HP175.webp
gqHqnRkFrm7dmJRDf9kzJ,Hit and Run,3,Warrior,,Deck,Warrior Action,0,,3,true,C,C,1HP|CRU|DVR|MPW|SDO,1HP176,https://legendstory-production-s3-public.s3.amazonaws.com/media/cards/large/1HP176.webp
C8RCCpMWmdNnF6JW7KQhP,Hit the Gas,3,Mechanologist,,Deck,Mechanologist Action,0,,3,true,M,M,SUP,SUP255,https://legendstory-production-s3-public.s3.amazonaws.com/media/cards/large/SUP255.webp
KGdgF77WDGGTdJPnfCbtm,Hit the High Notes,1,Runeblade,,Deck,Runeblade Action - Attack,1,4,3,true,C,C,AUA|ROS|SVI,AUA011,https://legendstory-production-s3-public.s3.amazonaws.com/media/cards/large/AUA011.webp
pj9cPfwPz7mHkdwHhbdpf,Hit the High Notes,2,Runeblade,,Deck,Runeblade Action - Attack,1,3,3,true,C,C,AUA|ROS,AUA019,https://legendstory-production-s3-public.s3.amazonaws.com/media/cards/large/AUA019.webp
7mWHRdqJGNzTkHwBqD78D,Hit the High Notes,3,Runeblade,,Deck,Runeblade Action - Attack,1,2,3,true,C,C,AUA|ROS,AUA021,https://legendstory-production-s3-public.s3.amazonaws.com/media/cards/large/AUA021.webp
CDPJ7MNMhpFCmpRn79TP7,Hit the Jackpot,,,,Deck,Event,,,,false,M,M,SMP,SMP011,https://legendstory-production-s3-public.s3.amazonaws.com/media/cards/large/SMP011.webp
bkMchLmgcWQfPCf7MtjnF,HMS Barracuda,2,Pirate,,Deck,Pirate Action - Attack,4,6,3,true,R,R,SEA,SEA134,https://legendstory-production-s3-public.s3.amazonaws.com/media/cards/large/SEA134.webp
7p9qhCT76DDh6MQ9zFDwK,HMS Kraken,2,Pirate,,Deck,Pirate Action - Attack,4,6,3,true,R,R,SEA,SEA135,https://legendstory-production-s3-public.s3.amazonaws.com/media/cards/large/SEA135.webp
NPjFdzCwz8HKdGkcwLPmw,HMS Marlin,2,Pirate,,Deck,Pirate Action - Attack,4,6,3,true,R,R,SEA,SEA136,https://legendstory-production-s3-public.s3.amazonaws.com/media/cards/large/SEA136.webp
m78fRjCfRBzTwhbrdDBBc,Hoarding of Denial,,Guardian,,Equipment,Guardian Equipment - Off-Hand,,,0,true,C,C,MPG,MPG009,https://legendstory-production-s3-public.s3.amazonaws.com/media/cards/large/MPG009.webp
mNTC7Tzb7hhKr6FMtbK6B,Hocus Pocus,1,Runeblade,,Deck,Runeblade Action - Attack,0,3,3,true,C,C,AVS|ROS,AVS010,https://legendstory-production-s3-public.s3.amazonaws.com/media/cards/large/AVS010.webp
kNCRpnpttdTCbrWkzkmfQ,Hocus Pocus,2,Runeblade,,Deck,Runeblade Action - Attack,0,2,3,true,C,C,ROS,ROS144,https://legendstory-production-s3-public.s3.amazonaws.com/media/cards/large/ROS144.webp
g6KGRbQjr8rg7JbnhFRT6,Hocus Pocus,3,Runeblade,,Deck,Runeblade Action - Attack,0,1,3,true,C,C,AUA|ROS,AUA022,https://legendstory-production-s3-public.s3.amazonaws.com/media/cards/large/AUA022.webp
rLgf6HdKBBDFTcJrkwgtT,Hoist 'Em Up,1,Pirate|Necromancer,,Deck,Pirate Necromancer Block,,,4,true,R|P,R,FAB|SEA,FAB349,https://legendstory-production-s3-public.s3.amazonaws.com/media/cards/large/FAB349-RF.webp
nPfKdqt8wHnfLqdFNHKFH,Hold 'em,1,Warrior,,Deck,Warrior Action,1,,3,true,C,C,AOL|HVY|OLA,AOL015,https://legendstory-production-s3-public.s3.amazonaws.com/media/cards/large/AOL015.webp
HhJtCMW6nLMfzGJLn7g8m,Hold 'em,2,Warrior,,Deck,Warrior Action,1,,3,true,C,C,HVY,HVY131,https://legendstory-production-s3-public.s3.amazonaws.com/media/cards/large/HVY131.webp
WHLRchgdMH8Bjb8TDngkp,Hold 'em,3,Warrior,,Deck,Warrior Action,1,,3,true,C,C,AOL|HVY|OLA,AOL025,https://legendstory-production-s3-public.s3.amazonaws.com/media/cards/large/AOL025.webp
6cfpHFn7czfqJDTRhw7fp,Hold Firm,,,Revered,Equipment,Revered Equipment - Arms,,,1,true,C,C,SUP,SUP018,https://legendstory-production-s3-public.s3.amazonaws.com/media/cards/large/SUP018.webp
mTWd9JgNqM9bGj9H87Jpq,Hold Focus,,Wizard,,Equipment,Wizard Equipment - Arms,,,0,true,C|P,C,LGS|OSC|ROS|VER,LGS319,https://legendstory-production-s3-public.s3.amazonaws.com/media/cards/large/JA_LGS319-RF.webp
77rDjRrtRKDHTpNwbHWDW,Hold the Line,3,Generic,,Deck,Generic Defense Reaction,0,,2,true,M,M,ANQ|DTD,ANQ017,https://legendstory-production-s3-public.s3.amazonaws.com/media/cards/large/ANQ017.webp
f9C7rd9WgL9b8bgFMrP9h,Holo Shield,1,Illusionist,Lightning,Deck,Lightning Illusionist Instant - Aura,1,,,true,C,C,OMN,OMN030,https://legendstory-production-s3-public.s3.amazonaws.com/media/cards/large/OMN030.webp
gQbKw7QPrQtQ7TTKDfLbb,Holo Shield,2,Illusionist,Lightning,Deck,Lightning Illusionist Instant - Aura,1,,,true,C,C,OMN,OMN031,https://legendstory-production-s3-public.s3.amazonaws.com/media/cards/large/OMN031.webp
H7PmnpTDN7WpBw7gtwCdq,Holo Shield,3,Illusionist,Lightning,Deck,Lightning Illusionist Instant - Aura,1,,,true,C,C,OMN,OMN032,https://legendstory-production-s3-public.s3.amazonaws.com/media/cards/large/OMN032.webp
mzKLGwTBmFHFd8KNdPQ7n,Homage to Ancestors,3,,Mystic,Deck,Mystic Instant,0,,,true,C|P|V,C,ENG|LGS|MST|SEN,ENG026,https://legendstory-production-s3-public.s3.amazonaws.com/media/cards/large/ENG026.webp
JHGDt9dft6zcwHdWrqKqC,Honed for Honor,3,Warrior,,Deck,Warrior Action,0,,3,true,M,M,MPW,MPW031,https://legendstory-production-s3-public.s3.amazonaws.com/media/cards/large/MPW031.webp
zc8n8JQRfBTPHGfnBmw8L,Honing Hood,,Ranger,,Equipment,Ranger Equipment - Head,0,,0,true,C,C,ELE|LXI,ELE214,https://legendstory-production-s3-public.s3.amazonaws.com/media/cards/large/ELE214.webp
6ntF8Rdm7PqLkHWnPMkrF,Hood of Red Sand,,Warrior,,Equipment,Warrior Equipment - Head,,,1,true,R|P,R,HVY|KSI|LGS,HVY099,https://legendstory-production-s3-public.s3.amazonaws.com/media/cards/large/HVY099.webp
pnwRgqpdgHJCwh7QMbzwT,Hood of Second Thoughts,,Generic,,Equipment,Generic Equipment - Head,,,0,true,C|P,C,LGS|ROS,LGS320,https://legendstory-production-s3-public.s3.amazonaws.com/media/cards/large/LGS320-RF.webp
9tPpWpwwJdjzdcBppcpQq,Hook,3,Ranger,,Deck,Ranger Action,0,,3,true,R,R,SEA,SEA103,https://legendstory-production-s3-public.s3.amazonaws.com/media/cards/large/SEA103.webp
khP7tT6NRCgzjJMWB8JHm,Hooves of the Shadowbeast,,Brute,Shadow,Equipment,Shadow Brute Equipment - Legs,,,1,true,C,C,LEV|MON,LEV007,https://legendstory-production-s3-public.s3.amazonaws.com/media/cards/large/LEV007.webp
DW7LjrR6RwKPhNB8d9CGM,Hope Merchant's Hood,,Generic,,Equipment,Generic Equipment - Head,,,0,true,C|P,C,1HP|FAI|LSS|MPG|MPW|SDA|SFA|TEA|WTR,1HP350,https://legendstory-production-s3-public.s3.amazonaws.com/media/cards/large/1HP350.webp
kHTFbHM7GGctRFhMm8hBg,Hornet's Sting,,Ranger,,Equipment,Ranger Equipment - Arms,,,1,true,R,R,DYN,DYN152,https://legendstory-production-s3-public.s3.amazonaws.com/media/cards/large/DYN152.webp
667jCHDNcTc6zNTcjFk8m,Horns of the Despised,,,Reviled,Equipment,Reviled Equipment - Head,,,1,true,C,C,SUP,SUP079,https://legendstory-production-s3-public.s3.amazonaws.com/media/cards/large/SUP079.webp
dCFNBWG66KFGWzrfkM7cQ,Horrors of the Past,2,Assassin,,Deck,Assassin Action - Attack,0,2,3,true,M,M,AAC,AAC022,https://legendstory-production-s3-public.s3.amazonaws.com/media/cards/large/AAC022.webp
NKBJGDhp7TDQ7CzdQtpJM,Hostile Encroachment,1,Guardian,,Deck,Guardian Action - Attack,3,8,3,true,R|P,R,FAB|MPG,FAB329,https://legendstory-production-s3-public.s3.amazonaws.com/media/cards/large/FAB329-RF.webp
dDw6tLrTHJMDftM86zRjK,Hot on Their Heels,1,Ninja,Draconic,Deck,Draconic Ninja Action - Attack,0,3,3,true,C,C,CIN|HNT|SFA,CIN014,https://legendstory-production-s3-public.s3.amazonaws.com/media/cards/large/CIN014.webp
WKGJ7ktHDWrtCBnC9J7gW,Hot Streak,,Warrior,,Weapon,Warrior Weapon - Sword (1H),,2,,true,R|P,R,HVY|KSI|LGS,HVY095,https://legendstory-production-s3-public.s3.amazonaws.com/media/cards/large/HVY095.webp
Bpf8fG8p9BdL6Bgmk7K7F,Hot Top,,Warrior,,Equipment,Warrior Equipment - Head,,,1,true,C,C,MPW,MPW017,https://legendstory-production-s3-public.s3.amazonaws.com/media/cards/large/MPW017.webp
hGgJfbfTpknpFCTCgQCzw,Howl from Beyond,1,,Shadow,Deck,Shadow Action,2,,2,true,R,R,CHN|MON,CHN022,https://legendstory-production-s3-public.s3.amazonaws.com/media/cards/large/CHN022.webp
TwBPwf6rM9fKF6Kqg9j8p,Howl from Beyond,2,,Shadow,Deck,Shadow Action,2,,2,true,R,R,MON,MON201,https://legendstory-production-s3-public.s3.amazonaws.com/media/cards/large/MON201.webp
r6GJMftwgdpDGrfbwkprz,Howl from Beyond,3,,Shadow,Deck,Shadow Action,2,,2,true,R,R,MON,MON202,https://legendstory-production-s3-public.s3.amazonaws.com/media/cards/large/MON202.webp
dqMTFcnkTFmRwgHjKFhkz,Hulk Up,1,,Revered,Deck,Revered Action - Attack,4,8,2,true,C,C,PEN,PEN291,https://legendstory-production-s3-public.s3.amazonaws.com/media/cards/large/PEN291.webp
GmNDLPfF8MFkTqkrbhLnp,Hulk Up,2,,Revered,Deck,Revered Action - Attack,4,7,2,true,C,C,PEN,PEN292,https://legendstory-production-s3-public.s3.amazonaws.com/media/cards/large/PEN292.webp
mJKcWjzzzGmbTchphggNT,Hulk Up,3,,Revered,Deck,Revered Action - Attack,4,6,2,true,C|P,C,GEM|PEN,GEM138,https://legendstory-production-s3-public.s3.amazonaws.com/media/cards/large/GEM138.webp
Ck8jCNWQmgKkcmD98bdjG,Humble,1,Generic,,Deck,Generic Action - Attack,2,6,2,true,R,R,AKO|OUT|UZU,AKO009,https://legendstory-production-s3-public.s3.amazonaws.com/media/cards/large/AKO009.webp
RJn7qQFgkNz6qR9rwntCc,Humble,2,Generic,,Deck,Generic Action - Attack,2,5,2,true,R,R,OUT,OUT190,https://legendstory-production-s3-public.s3.amazonaws.com/media/cards/large/OUT190.webp
JnQ8mtr69DWrhqmrWkJ8z,Humble,3,Generic,,Deck,Generic Action - Attack,2,4,2,true,R,R,OUT,OUT191,https://legendstory-production-s3-public.s3.amazonaws.com/media/cards/large/OUT191.webp
R8W7dzcQdMj9BNjKQp6bd,Humble Entrance,3,,Revered,Deck,Revered Action,0,,2,true,C|P,C,GEM|SUP,GEM092,https://legendstory-production-s3-public.s3.amazonaws.com/media/cards/large/GEM092.webp
mgrmPqRmdHfMbptFfDcbC,"Hummingbird, Call of Adventure",,Bard,,Weapon,Bard Weapon - Lute (2H),,,,false,P,P,FAB,FAB094,https://legendstory-production-s3-public.s3.amazonaws.com/media/cards/large/FAB094-CF.webp
rN8CLmcfzpNLwbgJJCzwK,Humour Plunge,,Assassin,,Weapon,Assassin Weapon - Dagger (1H),,1,,true,R,R,AMO,AMO002,https://legendstory-production-s3-public.s3.amazonaws.com/media/cards/large/AMO002-RF.webp
pGDD7t8RQzK7gdJkjdhdQ,Hundred Winds,1,Ninja,,Deck,Ninja Action - Attack,0,3,2,true,R,R,EVR,EVR041,https://legendstory-production-s3-public.s3.amazonaws.com/media/cards/large/EVR041.webp
gcfNgcdDLzRGCmpfWnKqF,Hundred Winds,2,Ninja,,Deck,Ninja Action - Attack,0,2,2,true,R,R,EVR,EVR042,https://legendstory-production-s3-public.s3.amazonaws.com/media/cards/large/EVR042.webp
JbrwN8cw6hzWNFg9cMrFH,Hundred Winds,3,Ninja,,Deck,Ninja Action - Attack,0,1,2,true,R,R,EVR,EVR043,https://legendstory-production-s3-public.s3.amazonaws.com/media/cards/large/EVR043.webp
bCTrnKTgwNCWbWrMFDTHr,Hungering Demigon,1,,Shadow,Deck,Shadow Action - Attack,2,6,3,true,R|P,R,DTD|LGS,DTD172,https://legendstory-production-s3-public.s3.amazonaws.com/media/cards/large/DTD172.webp
jbKCqbHCCkqMKKQfrDRwT,Hungering Demigon,2,,Shadow,Deck,Shadow Action - Attack,2,5,3,true,R|P,R,DTD|LGS,DTD173,https://legendstory-production-s3-public.s3.amazonaws.com/media/cards/large/DTD173.webp
zJrhrzqpRphqWwzn8gwRM,Hungering Demigon,3,,Shadow,Deck,Shadow Action - Attack,2,4,3,true,R|P,R,DTD|LGS,DTD174,https://legendstory-production-s3-public.s3.amazonaws.com/media/cards/large/DTD174.webp
NPGdfQqhRB8krzLLHpzDC,Hungering Slaughterbeast,1,Brute,Shadow,Deck,Shadow Brute Action - Attack,2,7,3,true,C,C,LEV|MON,LEV014,https://legendstory-production-s3-public.s3.amazonaws.com/media/cards/large/LEV014.webp
zTFWnGk7cdjrPfHGW8C8w,Hungering Slaughterbeast,2,Brute,Shadow,Deck,Shadow Brute Action - Attack,2,6,3,true,C,C,LEV|MON,LEV017,https://legendstory-production-s3-public.s3.amazonaws.com/media/cards/large/LEV017.webp
mhddn6pK9fJTpdqWP67tL,Hungering Slaughterbeast,3,Brute,Shadow,Deck,Shadow Brute Action - Attack,2,5,3,true,C,C,MON,MON149,https://legendstory-production-s3-public.s3.amazonaws.com/media/cards/large/MON149.webp
6pmddtzdHzQ77rjGrM6mw,Hungry for More,1,Guardian,,Deck,Guardian Instant - Aura,1,,2,true,S|P,S,LGS|SUP,LGS438,https://legendstory-production-s3-public.s3.amazonaws.com/media/cards/large/LGS438-CF.webp
MqqQjwqcHRj7WnG96DPMH,Hunt a Killer,1,Warrior,,Deck,Warrior Action,1,,3,true,C,C,HNT,HNT131,https://legendstory-production-s3-public.s3.amazonaws.com/media/cards/large/HNT131.webp
8gG7kjNqwhwftdGHjCQnq,Hunt a Killer,2,Warrior,,Deck,Warrior Action,1,,3,true,C,C,HNT,HNT132,https://legendstory-production-s3-public.s3.amazonaws.com/media/cards/large/HNT132.webp
GjDhhCcNjbQcc7Tt9rJkC,Hunt a Killer,3,Warrior,,Deck,Warrior Action,1,,3,true,C,C,FNG|HNT,FNG024,https://legendstory-production-s3-public.s3.amazonaws.com/media/cards/large/FNG024.webp
kD7jpPzWkNtFz6LTkk8HQ,Hunt the Hunter,1,,Draconic,Deck,Draconic Action - Attack,1,5,3,true,C|P,C,GEM|HNT,GEM014,https://legendstory-production-s3-public.s3.amazonaws.com/media/cards/large/GEM014.webp
zTPFF6jKhBgqGLpjtFrGG,Hunt to the Ends of Rathe,1,,Draconic,Deck,Draconic Action - Attack,0,2,2,true,R|P,R,CIN|FNG|GEM|HNT,CIN015,https://legendstory-production-s3-public.s3.amazonaws.com/media/cards/large/CIN015.webp
dnK9JddMWTf6RgcBWGjn6,Hunt's End,1,Warrior,Draconic,Deck,Draconic Warrior Attack Reaction,0,,3,true,M,M,HNT,HNT101,https://legendstory-production-s3-public.s3.amazonaws.com/media/cards/large/HNT101.webp
ckmHzhDHLgzTzzDgKfWgH,Hunted or Hunter,1,Assassin,,Deck,Assassin Defense Reaction - Trap,0,,3,true,C,C,ARK|HNT,ARK017,https://legendstory-production-s3-public.s3.amazonaws.com/media/cards/large/ARK017.webp
9ktNWqbdPNrBJPNnCQCgb,Hunter or Hunted?,3,Assassin,,Deck,Assassin Defense Reaction,3,,4,true,M,M,SUP,SUP245,https://legendstory-production-s3-public.s3.amazonaws.com/media/cards/large/SUP245.webp
QTkWJ8jqCgbMCTcNpmMmC,Hunter's Klaive,,Assassin,,Weapon,Assassin Weapon - Dagger (1H),,1,,true,M|P,M,AAC|GEM|HNT,AAC002,https://legendstory-production-s3-public.s3.amazonaws.com/media/cards/large/AAC002.webp
D9hnm7hf7fWbFWtqKbKFb,Hurl,1,Assassin|Ninja,,Deck,Assassin / Ninja Action - Attack,0,3,2,true,R,R,ARA|OUT,ARA007,https://legendstory-production-s3-public.s3.amazonaws.com/media/cards/large/ARA007.webp
RdwgJFC9Lq8rmrgG8fjKf,Hurl,2,Assassin|Ninja,,Deck,Assassin / Ninja Action - Attack,0,2,2,true,R,R,OUT,OUT149,https://legendstory-production-s3-public.s3.amazonaws.com/media/cards/large/OUT149.webp
KJT8g9znGjfbKW9BhHrNc,Hurl,3,Assassin|Ninja,,Deck,Assassin / Ninja Action - Attack,0,1,2,true,R,R,OUT,OUT150,https://legendstory-production-s3-public.s3.amazonaws.com/media/cards/large/OUT150.webp
BRbggWh7bBGWNgDPP7Rrg,Hurricane Technique,2,Ninja,,Deck,Ninja Action - Attack,1,4,3,true,S,S,WTR,WTR084,https://legendstory-production-s3-public.s3.amazonaws.com/media/cards/large/WTR084.webp
WrQKgDFnmpLc7KmTWRmHj,Hydraulic Press,1,Mechanologist,,Deck,Mechanologist Action - Attack,3,6,3,true,R,R,EVO,EVO102,https://legendstory-production-s3-public.s3.amazonaws.com/media/cards/large/EVO102.webp
fqCqGRGmQ6QDRJGjrFDbg,Hydraulic Press,2,Mechanologist,,Deck,Mechanologist Action - Attack,3,5,3,true,R,R,EVO,EVO103,https://legendstory-production-s3-public.s3.amazonaws.com/media/cards/large/EVO103.webp
HCR9pfkgzwfMgnwHdt8TP,Hydraulic Press,3,Mechanologist,,Deck,Mechanologist Action - Attack,3,4,3,true,R,R,EVO,EVO104,https://legendstory-production-s3-public.s3.amazonaws.com/media/cards/large/EVO104.webp
kRRdnfWFfdCmmKTnjmzNk,Hyper Driver,1,Mechanologist,,Deck,Mechanologist Action - Item,1,,,true,C,C,1HP|AMX|ARC|DYN|EVO|SDA,1HP218,https://legendstory-production-s3-public.s3.amazonaws.com/media/cards/large/1HP218.webp
zPjKJbcG7q8qD8QdKjtnG,Hyper Driver,2,Mechanologist,,Deck,Mechanologist Action - Item,1,,,true,C,C,AMX|DYN,AMX023,https://legendstory-production-s3-public.s3.amazonaws.com/media/cards/large/AMX023.webp
chD7n8jHMM6brNhDGJtfG,Hyper Driver,3,Mechanologist,,Deck,Mechanologist Action - Item,1,,,true,C,C,AMX|DYN,AMX027,https://legendstory-production-s3-public.s3.amazonaws.com/media/cards/large/AMX027.webp
FwwCqJKcNDNMjJn9mTCgg,Hyper Driver,,Mechanologist,,Token,Mechanologist Token - Item,,,,true,T|P,T,AMX|EVO|FAB|JDG,AMX028,https://legendstory-production-s3-public.s3.amazonaws.com/media/cards/large/AMX028.webp
wFqQ8FbrPHqHWjBkQCm8R,Hyper Inflation,1,,Chaos,Deck,Chaos Action - Attack,0,4,3,true,C|P,C,GEM|PEN|SAR,GEM131,https://legendstory-production-s3-public.s3.amazonaws.com/media/cards/large/GEM131.webp
6RmpNRmdhQFNjJTqtRwbK,Hyper Inflation,2,,Chaos,Deck,Chaos Action - Attack,0,4,3,true,C,C,PEN,PEN283,https://legendstory-production-s3-public.s3.amazonaws.com/media/cards/large/PEN283.webp
BKJbdNkwdHcnC987TRDwg,Hyper Inflation,3,,Chaos,Deck,Chaos Action - Attack,0,4,3,true,C,C,PEN,PEN284,https://legendstory-production-s3-public.s3.amazonaws.com/media/cards/large/PEN284.webp
mC76qgRmwnBBqMkgTTfJ8,Hyper Scrapper,3,Mechanologist,,Deck,Mechanologist Action - Attack,X,2,3,true,M,M,EVO,EVO100,https://legendstory-production-s3-public.s3.amazonaws.com/media/cards/large/EVO100.webp
WkJPkznH7gWGLmhtcmrrR,Hyper-X3,,Mechanologist,,Equipment,Mechanologist Equipment - Head,,,1,true,P|L,P,EVO|FAB,EVO011,https://legendstory-production-s3-public.s3.amazonaws.com/media/cards/large/EVO011-RF.webp
HFwjczQFRKCgTFHdbjdzW,Hypothermia,3,,Ice,Deck,Ice Action - Affliction Aura,0,,2,true,M,M,UPR,UPR139,https://legendstory-production-s3-public.s3.amazonaws.com/media/cards/large/UPR139.webp
rfCmCzDDJzWK7PqbR8NTK,Ice Bolt,1,Wizard,Ice,Deck,Ice Wizard Action,2,,3,true,C,C,SIY|UPR,SIY016,https://legendstory-production-s3-public.s3.amazonaws.com/media/cards/large/SIY016.webp
MTLmmmcPGLhQ9p8z6HbDF,Ice Bolt,2,Wizard,Ice,Deck,Ice Wizard Action,2,,3,true,C,C,UPR,UPR134,https://legendstory-production-s3-public.s3.amazonaws.com/media/cards/large/UPR134.webp
fb7rNjThhmgFtrjmGcc6k,Ice Bolt,3,Wizard,Ice,Deck,Ice Wizard Action,2,,3,true,C,C,SIY|UPR,SIY027,https://legendstory-production-s3-public.s3.amazonaws.com/media/cards/large/SIY027.webp
zBQGRp777Mj9QPL7zTb9d,Ice Eternal,3,Wizard,Elemental,Deck,Elemental Wizard Action,XX,,3,true,R|P,R,LGS|SIY|UPR,LGS110,https://legendstory-production-s3-public.s3.amazonaws.com/media/cards/large/LGS110-RF.webp
dMw97RJqc6PgTctzgWWK9,Ice Quake,1,,Ice,Deck,Ice Action,1,,2,true,R,R,ELE,ELE151,https://legendstory-production-s3-public.s3.amazonaws.com/media/cards/large/ELE151.webp
kTNdJ7FzJFNzgLpBWgTPM,Ice Quake,2,,Ice,Deck,Ice Action,1,,2,true,R,R,ELE,ELE152,https://legendstory-production-s3-public.s3.amazonaws.com/media/cards/large/ELE152.webp
hKkwwcJqJn9gdfRzgbmcF,Ice Quake,3,,Ice,Deck,Ice Action,1,,2,true,R,R,ELE,ELE153,https://legendstory-production-s3-public.s3.amazonaws.com/media/cards/large/ELE153.webp
8f6PJ8ztqJhcQRFDLR9nG,Ice Storm,1,Ranger,Elemental,Deck,Elemental Ranger Action,0,,2,true,M,M,ELE,ELE037,https://legendstory-production-s3-public.s3.amazonaws.com/media/cards/large/ELE037.webp
6wknmpgBbdgQBjD7LR6rb,Icebind,1,Wizard,Elemental,Deck,Elemental Wizard Action,0,,3,true,C,C,UPR,UPR119,https://legendstory-production-s3-public.s3.amazonaws.com/media/cards/large/UPR119.webp
hHQTDb7NM76rqHD7gGMzz,Icebind,2,Wizard,Elemental,Deck,Elemental Wizard Action,0,,3,true,C,C,UPR,UPR120,https://legendstory-production-s3-public.s3.amazonaws.com/media/cards/large/UPR120.webp
cRRgFHmDFNtkNj8RBffWL,Icebind,3,Wizard,Elemental,Deck,Elemental Wizard Action,0,,3,true,C,C,UPR,UPR121,https://legendstory-production-s3-public.s3.amazonaws.com/media/cards/large/UPR121.webp
pNjR9CjBG6nHqJ9kdMQmJ,Icy Encounter,1,,Ice,Deck,Ice Action - Attack,2,6,2,true,C,C,AJV|ELE,AJV010,https://legendstory-production-s3-public.s3.amazonaws.com/media/cards/large/AJV010.webp
hnJmqBJqmdmw886QMF6n6,Icy Encounter,2,,Ice,Deck,Ice Action - Attack,2,5,2,true,C,C,ELE,ELE158,https://legendstory-production-s3-public.s3.amazonaws.com/media/cards/large/ELE158.webp
nCkGmQKJwMhgGgKWNWbGH,Icy Encounter,3,,Ice,Deck,Ice Action - Attack,2,4,2,true,C,C,ELE,ELE159,https://legendstory-production-s3-public.s3.amazonaws.com/media/cards/large/ELE159.webp
8CbBPCmzNRmddJKTgCFmj,Ignite,1,Ninja,Draconic,Deck,Draconic Ninja Action - Attack,0,2,2,true,M,M,HNT,HNT058,https://legendstory-production-s3-public.s3.amazonaws.com/media/cards/large/HNT058.webp
m68hqbdgQGTzgFzJhBgTt,Illuminate,1,,Light,Deck,Light Action - Attack,0,4,3,true,C,C,MON|PSM|SBL,MON072,https://legendstory-production-s3-public.s3.amazonaws.com/media/cards/large/MON072.webp
mqMmPJg9kbn7gBJfzkwqH,Illuminate,2,,Light,Deck,Light Action - Attack,0,3,3,true,C,C,MON,MON073,https://legendstory-production-s3-public.s3.amazonaws.com/media/cards/large/MON073.webp
qq9JDbPD9HrD7wG7CWbKj,Illuminate,3,,Light,Deck,Light Action - Attack,0,2,3,true,C,C,BOL|MON|PSM,BOL027,https://legendstory-production-s3-public.s3.amazonaws.com/media/cards/large/BOL027.webp
JwFbJDJCkQdfFGLCjQz6P,Immobilizing Shot,1,Ranger,,Deck,Ranger Action - Arrow Attack,0,4,3,true,M,M,DYN,DYN154,https://legendstory-production-s3-public.s3.amazonaws.com/media/cards/large/DYN154.webp
nBFJ7C89G7d8kd7NgNGkG,Impenetrable Belief,1,,Light,Deck,Light Action - Attack,2,5,2,true,C,C,MON,MON075,https://legendstory-production-s3-public.s3.amazonaws.com/media/cards/large/MON075.webp
8z879fjfzMj9zWQWbzdLW,Impenetrable Belief,2,,Light,Deck,Light Action - Attack,2,4,2,true,C,C,MON,MON076,https://legendstory-production-s3-public.s3.amazonaws.com/media/cards/large/MON076.webp
PTDpbrCQt8NJfgq9fB8cF,Impenetrable Belief,3,,Light,Deck,Light Action - Attack,2,3,2,true,C,C,MON,MON077,https://legendstory-production-s3-public.s3.amazonaws.com/media/cards/large/MON077.webp
rFBm6FppdwTJDPRbrgqcg,Imperial Edict,1,Generic,,Deck,Generic Action - Item,1,,,true,M,M,DYN,DYN240,https://legendstory-production-s3-public.s3.amazonaws.com/media/cards/large/DYN240.webp
9jMhDp7f8QpfCNk9fMmzD,Imperial Intent,1,Warrior,Draconic,Deck,Draconic Warrior Attack Reaction,1,,2,true,C,C,HNT,HNT109,https://legendstory-production-s3-public.s3.amazonaws.com/media/cards/large/HNT109.webp
BNbrWmM6dzGqMfrLHtbQh,Imperial Ledger,1,Generic,,Deck,Generic Action - Item,0,,,true,M,M,DYN,DYN241,https://legendstory-production-s3-public.s3.amazonaws.com/media/cards/large/DYN241.webp
RHB7WdBLKPhLTzJHTWJQq,Imperial Seal of Command,1,Generic,,Deck,Generic Action - Item,0,,,true,R|P,R,FAB|HNT,FAB305,https://legendstory-production-s3-public.s3.amazonaws.com/media/cards/large/FAB305-CF.webp
6CkGNJTJPDRwwqrWKJKzn,Imperial Warhorn,1,Generic,,Deck,Generic Action - Item,2,,,true,M,M,DYN,DYN242,https://legendstory-production-s3-public.s3.amazonaws.com/media/cards/large/DYN242.webp
nkMztM7pPg8mQGhMzKqtj,Imposing Visage,3,Guardian,,Deck,Guardian Action,X3,,3,true,M,M,EVR,EVR022,https://legendstory-production-s3-public.s3.amazonaws.com/media/cards/large/EVR022.webp
68HKwDLNHwFdPpdpFMJBg,Impulsive Desire,1,Assassin,,Deck,Assassin Action - Attack,0,3,3,true,C,C,MST|NUU,MST121,https://legendstory-production-s3-public.s3.amazonaws.com/media/cards/large/MST121.webp
99gF9qJ67mCbKjkjHCFfR,Impulsive Desire,2,Assassin,,Deck,Assassin Action - Attack,0,2,3,true,C,C,MST,MST122,https://legendstory-production-s3-public.s3.amazonaws.com/media/cards/large/MST122.webp
9Lht6BjkgdNDtQzkGbqrn,Impulsive Desire,3,Assassin,,Deck,Assassin Action - Attack,0,1,3,true,C,C,MST|NUU,MST123,https://legendstory-production-s3-public.s3.amazonaws.com/media/cards/large/MST123.webp
qqDbjmjjfHK9d8KJ8PcGm,In the Palm of Your Hand,1,Guardian,,Deck,Guardian Instant - Aura,2,,3,true,M|P,M,LGS|SUP,LGS431,https://legendstory-production-s3-public.s3.amazonaws.com/media/cards/large/LGS431-CF.webp
tFcNdRJcpB69qcCBpTL7c,In the Swing,1,Warrior,,Deck,Warrior Attack Reaction,0,,3,true,C|P,C,DDD|DVR|EVR|FAB|MPW,DDD007,https://legendstory-production-s3-public.s3.amazonaws.com/media/cards/large/DDD007.webp
kGTBzfhL8Kr67NPjMWwK8,In the Swing,2,Warrior,,Deck,Warrior Attack Reaction,0,,3,true,C,C,EVR,EVR064,https://legendstory-production-s3-public.s3.amazonaws.com/media/cards/large/EVR064.webp
jjbWn8gPgq9nzqTHpNr8h,In the Swing,3,Warrior,,Deck,Warrior Attack Reaction,0,,3,true,C,C,EVR,EVR065,https://legendstory-production-s3-public.s3.amazonaws.com/media/cards/large/EVR065.webp
qh69zwgzjzDtjgTLN8c7P,Incision,1,Assassin|Warrior,,Deck,Assassin / Warrior Attack Reaction,0,,3,true,C|P,C,ARK|FNG|GEM|HNT,ARK015,https://legendstory-production-s3-public.s3.amazonaws.com/media/cards/large/ARK015.webp
pLrkq7WBQfk9LjdzLHNBw,Incision,2,Assassin|Warrior,,Deck,Assassin / Warrior Attack Reaction,0,,3,true,C,C,HNT,HNT206,https://legendstory-production-s3-public.s3.amazonaws.com/media/cards/large/HNT206.webp
RNrdzq87MmgFMG6WPHhhz,Incision,3,Assassin|Warrior,,Deck,Assassin / Warrior Attack Reaction,0,,3,true,C,C,ARK|HNT,ARK023,https://legendstory-production-s3-public.s3.amazonaws.com/media/cards/large/ARK023.webp
fgdcRDCnkGRWgNzJCwchR,Increase the Tension,1,Ranger,,Deck,Ranger Action,1,,2,true,C,C,CRU|RIP,CRU135,https://legendstory-production-s3-public.s3.amazonaws.com/media/cards/large/CRU135.webp
8NWLmJqtTMGp7rgLjjbwJ,Increase the Tension,2,Ranger,,Deck,Ranger Action,1,,2,true,C,C,CRU,CRU136,https://legendstory-production-s3-public.s3.amazonaws.com/media/cards/large/CRU136.webp
nnJzbrqgGRnJ8bbLjQPtN,Increase the Tension,3,Ranger,,Deck,Ranger Action,1,,2,true,C,C,CRU,CRU137,https://legendstory-production-s3-public.s3.amazonaws.com/media/cards/large/CRU137.webp
NnJrnKHWM6F8hLqrD6QW9,Indefensibly Honed,3,Warrior,,Deck,Warrior Action,0,,3,true,M,M,AHA,AHA023,https://legendstory-production-s3-public.s3.amazonaws.com/media/cards/large/AHA023.webp
zbnJCMqgMPNLrgCpGkgrq,Index,1,Wizard,,Deck,Wizard Action,0,,2,true,C,C,ARC,ARC135,https://legendstory-production-s3-public.s3.amazonaws.com/media/cards/large/ARC135.webp
g7hJCTWLMLLjNGWM89PzC,Index,2,Wizard,,Deck,Wizard Action,0,,2,true,C,C,ARC,ARC136,https://legendstory-production-s3-public.s3.amazonaws.com/media/cards/large/ARC136.webp
KTzNfrpRnQ7cfgKnwgwFt,Index,3,Wizard,,Deck,Wizard Action,0,,2,true,C,C,ARC,ARC137,https://legendstory-production-s3-public.s3.amazonaws.com/media/cards/large/ARC137.webp
JQtbmKdrD67q9w6pr8rFD,Induce Panic,2,,Chaos,Deck,Chaos Block,,,2,true,M,M,OMN,OMN246,https://legendstory-production-s3-public.s3.amazonaws.com/media/cards/large/OMN246.webp
MNwTgMKtfwcbBTGTLCbzt,Induction Chamber,1,Mechanologist,,Deck,Mechanologist Action - Item,2,,,true,S|M,S,1HP|ARC,1HP189,https://legendstory-production-s3-public.s3.amazonaws.com/media/cards/large/1HP189.webp
G6kbCqnBzwjhrb88Q6K7w,Inertia,,Generic,,Token,Generic Token - Disease Aura,,,,true,B|T|C|P,B,AAZ|ARA|AZL|FAB|LGS|OUT|RIP|SAZ|UZU,AAZ032,https://legendstory-production-s3-public.s3.amazonaws.com/media/cards/large/AAZ032.webp
Jb6MjpJPRLbM99RJC8qKR,Inertia Trap,1,Assassin|Ranger,,Deck,Assassin / Ranger Defense Reaction - Trap,0,,3,true,C,C,OUT|RIP|SAR,OUT173,https://legendstory-production-s3-public.s3.amazonaws.com/media/cards/large/OUT173.webp
NDFjzQLjMLL7LzGQNBtGd,Infect,1,Assassin,,Deck,Assassin Action - Attack,0,3,3,true,C,C,AAC|ARA|OUT|SAR|UZU,AAC010,https://legendstory-production-s3-public.s3.amazonaws.com/media/cards/large/AAC010.webp
LpcdHznLWndg78zmc6RHJ,Infect,2,Assassin,,Deck,Assassin Action - Attack,0,2,3,true,C,C,ARA|OUT|UZU,ARA020,https://legendstory-production-s3-public.s3.amazonaws.com/media/cards/large/ARA020.webp
Q8zWBnk8WGTkgwzHG8pcp,Infect,3,Assassin,,Deck,Assassin Action - Attack,0,1,3,true,C,C,ARA|OUT|UZU,ARA022,https://legendstory-production-s3-public.s3.amazonaws.com/media/cards/large/ARA022.webp
8fFPCT68cgF9gbWKppDgQ,Infecting Shot,1,Ranger,,Deck,Ranger Action - Arrow Attack,1,5,3,true,C|P,C,AAZ|AZL|OUT|SAZ|TNP,AAZ011,https://legendstory-production-s3-public.s3.amazonaws.com/media/cards/large/AAZ011.webp
Nct7799R68FjJmTPdkLwc,Infecting Shot,2,Ranger,,Deck,Ranger Action - Arrow Attack,1,4,3,true,C|P,C,OUT|RIP|SAZ|TNP,OUT119,https://legendstory-production-s3-public.s3.amazonaws.com/media/cards/large/OUT119.webp
FTnGpQhbkrRGWFLwb9TGt,Infecting Shot,3,Ranger,,Deck,Ranger Action - Arrow Attack,1,3,3,true,C|P,C,AAZ|OUT|TNP,AAZ027,https://legendstory-production-s3-public.s3.amazonaws.com/media/cards/large/AAZ027.webp
dpwPgBFGQpTFjPWNTDdDt,Infectious Host,1,Generic,,Deck,Generic Action - Attack,0,4,2,true,R,R,OUT,OUT192,https://legendstory-production-s3-public.s3.amazonaws.com/media/cards/large/OUT192.webp
9hQDRdBpQpb8B8kJ9Lq8J,Infectious Host,2,Generic,,Deck,Generic Action - Attack,0,3,2,true,R,R,OUT,OUT193,https://legendstory-production-s3-public.s3.amazonaws.com/media/cards/large/OUT193.webp
LpmdRdBC8QLhFPbPwPg6h,Infectious Host,3,Generic,,Deck,Generic Action - Attack,0,2,2,true,R,R,OUT,OUT194,https://legendstory-production-s3-public.s3.amazonaws.com/media/cards/large/OUT194.webp
86gQBcFRPDjmJwnLd8dpL,Infiltrate,1,Assassin,,Deck,Assassin Action - Attack,0,3,3,true,M,M,AAC|OUT,AAC011,https://legendstory-production-s3-public.s3.amazonaws.com/media/cards/large/AAC011.webp
pq96Kr6wpqctKgCCQRL9z,Inflame,1,,Draconic,Deck,Draconic Action - Attack,0,1,2,true,C,C,FAI|UPR,FAI011,https://legendstory-production-s3-public.s3.amazonaws.com/media/cards/large/FAI011.webp
gGFjwC7rpLfpdBWDdQwgn,Infuse Alloy,1,Mechanologist,,Deck,Mechanologist Action - Attack,0,4,2,true,C,C,EVO,EVO120,https://legendstory-production-s3-public.s3.amazonaws.com/media/cards/large/EVO120.webp
BdmMDknJzHtkq6dHDpMFk,Infuse Alloy,2,Mechanologist,,Deck,Mechanologist Action - Attack,0,3,2,true,C,C,EVO,EVO121,https://legendstory-production-s3-public.s3.amazonaws.com/media/cards/large/EVO121.webp
fJdjjcFWMpqfCNKpJbNLr,Infuse Alloy,3,Mechanologist,,Deck,Mechanologist Action - Attack,0,2,2,true,C,C,EVO,EVO122,https://legendstory-production-s3-public.s3.amazonaws.com/media/cards/large/EVO122.webp
PnfMD9zp7JgTwTmJTQkwz,Infuse Titanium,1,Mechanologist,,Deck,Mechanologist Action - Attack,3,7,2,true,C,C,EVO,EVO123,https://legendstory-production-s3-public.s3.amazonaws.com/media/cards/large/EVO123.webp
qQbcdmqJw9tPqqDBnDpH9,Infuse Titanium,2,Mechanologist,,Deck,Mechanologist Action - Attack,3,6,2,true,C,C,EVO,EVO124,https://legendstory-production-s3-public.s3.amazonaws.com/media/cards/large/EVO124.webp
JhJWJjwBffmkgq69rfrgC,Infuse Titanium,3,Mechanologist,,Deck,Mechanologist Action - Attack,3,5,2,true,C,C,EVO,EVO125,https://legendstory-production-s3-public.s3.amazonaws.com/media/cards/large/EVO125.webp
TPQdbDWdpDjBznGcwfF7g,Ink-lined Cloak,,Wizard,,Equipment,Wizard Equipment - Chest,,,0,true,C|P,C,LGS|OSC|ROS,LGS318,https://legendstory-production-s3-public.s3.amazonaws.com/media/cards/large/LGS318-RF.webp
FRTnBzBCRC7TbNhdKLWqW,Inner Chi,3,,Mystic|Chi,Deck,Mystic Resource - Chi,,,,true,C|M|P|V|F,C,ENG|FAB|LGS|MST|NUU|SEN|ZEN,ENG025,https://legendstory-production-s3-public.s3.amazonaws.com/media/cards/large/ENG025_BACK.webp
gfrwTGTGJhqjTPKbcd96P,Insidious Chill,3,,Ice,Deck,Ice Action - Aura,3,,2,true,M,M,UPR,UPR140,https://legendstory-production-s3-public.s3.amazonaws.com/media/cards/large/UPR140.webp
GWf9TFdgmh8qT7JmWNG8c,Inspire Lightning,1,Runeblade,Elemental,Deck,Elemental Runeblade Action,1,,2,true,C,C,ELE,ELE088,https://legendstory-production-s3-public.s3.amazonaws.com/media/cards/large/ELE088.webp
cNWLjfmWMbJHbRQkbWDJN,Inspire Lightning,2,Runeblade,Elemental,Deck,Elemental Runeblade Action,1,,2,true,C,C,ELE,ELE089,https://legendstory-production-s3-public.s3.amazonaws.com/media/cards/large/ELE089.webp
W8hhkFmqt8rDrBnTfCCPw,Inspire Lightning,3,Runeblade,Elemental,Deck,Elemental Runeblade Action,1,,2,true,C,C,ELE,ELE090,https://legendstory-production-s3-public.s3.amazonaws.com/media/cards/large/ELE090.webp
J6mDdKqWNHBGLWFW9PQqf,Instill Fear,1,,Reviled,Deck,Reviled Action - Attack,0,3,3,true,C,C,SUP,SUP107,https://legendstory-production-s3-public.s3.amazonaws.com/media/cards/large/SUP107.webp
6rkDBBFc9rN7rpqqNbnrD,Instill Fear,2,,Reviled,Deck,Reviled Action - Attack,0,2,3,true,C,C,SUP,SUP108,https://legendstory-production-s3-public.s3.amazonaws.com/media/cards/large/SUP108.webp
ChWC6JfLg9hcmHd9JcMBk,Instill Fear,3,,Reviled,Deck,Reviled Action - Attack,0,1,3,true,C,C,SUP,SUP109,https://legendstory-production-s3-public.s3.amazonaws.com/media/cards/large/SUP109.webp
TthpPbn8nP88GGghn9wDr,Insult to Injury,1,,Reviled,Deck,Reviled Action - Attack,0,3,3,true,C,C,PEN,PEN303,https://legendstory-production-s3-public.s3.amazonaws.com/media/cards/large/PEN303.webp
DjtKnjrGd6BTjD9LTkqqf,Insult to Injury,2,,Reviled,Deck,Reviled Action - Attack,0,2,3,true,C,C,PEN,PEN304,https://legendstory-production-s3-public.s3.amazonaws.com/media/cards/large/PEN304.webp
z6MTBD8qkFPNzGtNrtprL,Insult to Injury,3,,Reviled,Deck,Reviled Action - Attack,0,1,3,true,C,C,PEN,PEN305,https://legendstory-production-s3-public.s3.amazonaws.com/media/cards/large/PEN305.webp
QGjhRDwJdHr68gtkNqCWm,Intellect Penalty,,,,Deck,Macro,,,,false,P,P,JDG,JDG000,https://storage.googleapis.com/fabmaster/cardfaces/promos/JDG000.png
cRRDRFWcfMpkDcWtTphFT,Interlude,1,Bard,,Deck,Bard Instant,0,,,true,C,C,TCC,TCC058,https://legendstory-production-s3-public.s3.amazonaws.com/media/cards/large/TCC058.webp
hkmQgBRgHRJJh6jmzGW8G,Interlude,2,Bard,,Deck,Bard Instant,0,,,true,C,C,TCC,TCC062,https://legendstory-production-s3-public.s3.amazonaws.com/media/cards/large/TCC062.webp
WLwb8QhpFqc69mcwQGg9n,Interlude,3,Bard,,Deck,Bard Instant,0,,,true,C,C,TCC,TCC075,https://legendstory-production-s3-public.s3.amazonaws.com/media/cards/large/TCC075.webp
fn6R8HkftTRfr6dD8Gfgh,Intimate Inducement,1,Assassin,Mystic,Deck,Mystic Assassin Attack Reaction,0,,3,true,C,C,MST,MST017,https://legendstory-production-s3-public.s3.amazonaws.com/media/cards/large/MST017.webp
jrBknpNwPbrNbzmfKMnKw,Intimate Inducement,2,Assassin,Mystic,Deck,Mystic Assassin Attack Reaction,0,,3,true,C,C,MST,MST018,https://legendstory-production-s3-public.s3.amazonaws.com/media/cards/large/MST018.webp
b8WGTGmWNGDdGwCWP7r66,Intimate Inducement,3,Assassin,Mystic,Deck,Mystic Assassin Attack Reaction,0,,3,true,C,C,MST,MST019,https://legendstory-production-s3-public.s3.amazonaws.com/media/cards/large/MST019.webp
MHkPqWbqGjb7FwzdFphLk,Into the Muck,1,Warrior,,Deck,Warrior Attack Reaction,0,,3,true,M,M,AOL|MPW,AOL007,https://legendstory-production-s3-public.s3.amazonaws.com/media/cards/large/AOL007.webp
BzRzJh9PcztPDn7fhNLF9,Intoxicating Shot,3,Ranger,,Deck,Ranger Action - Arrow Attack,0,4,3,true,M,M,EVO,EVO241,https://legendstory-production-s3-public.s3.amazonaws.com/media/cards/large/EVO241.webp
8qkczmhLhHzTCTpbgwJbD,Invert Existence,3,Runeblade,Shadow,Deck,Shadow Runeblade Instant,1,,,true,M,M,MON,MON158,https://legendstory-production-s3-public.s3.amazonaws.com/media/cards/large/MON158.webp
gMWcDdjLpcdzMFDTBNpmM,Inverter's Nightcowl,,Assassin,,Equipment,Assassin Equipment - Chest,,,1,true,M|P,M,AAC|JDG,AAC005,https://legendstory-production-s3-public.s3.amazonaws.com/media/cards/large/AAC005-RF.webp
T8JWb9PmhhbtHkRwdPdMQ,Invigorate,1,,Elemental,Deck,Elemental Action,0,,2,true,C|P,C,ELE|LGS,ELE103,https://legendstory-production-s3-public.s3.amazonaws.com/media/cards/large/ELE103.webp
LT8HTjjcDkHbFqk6JNq7p,Invigorate,2,,Elemental,Deck,Elemental Action,0,,2,true,C|P,C,ELE|LGS,ELE104,https://legendstory-production-s3-public.s3.amazonaws.com/media/cards/large/ELE104.webp
jDKTTwddjQzNWmHkTwDQb,Invigorate,3,,Elemental,Deck,Elemental Action,0,,2,true,C|P,C,ELE|LGS,ELE105,https://legendstory-production-s3-public.s3.amazonaws.com/media/cards/large/ELE105.webp
thwwGHwJCmkHF698TC8Wn,Invigorating Light,1,,Light,Deck,Light Action - Attack,3,6,2,true,R,R,BOL|MON,BOL024,https://legendstory-production-s3-public.s3.amazonaws.com/media/cards/large/BOL024.webp
qdjcJLJKQBCRLnkpfrPPb,Invigorating Light,2,,Light,Deck,Light Action - Attack,3,5,2,true,R,R,MON,MON067,https://legendstory-production-s3-public.s3.amazonaws.com/media/cards/large/MON067.webp
BjJDkrf7WQzCdfTwJrgtf,Invigorating Light,3,,Light,Deck,Light Action - Attack,3,4,2,true,R,R,MON,MON068,https://legendstory-production-s3-public.s3.amazonaws.com/media/cards/large/MON068.webp
QJKrt7FrgBJqNBhfjbmCP,Invoke Azvolai,1,Illusionist,Draconic,Deck,Draconic Illusionist Action - Invocation,0,,3,true,R|V,R,UPR,UPR009,https://legendstory-production-s3-public.s3.amazonaws.com/media/cards/large/UPR009.webp
zRfhznJbJjhPqrtCqNMPT,Invoke Cromai,1,Illusionist,Draconic,Deck,Draconic Illusionist Action - Invocation,0,,3,true,R|V,R,UPR,UPR010,https://legendstory-production-s3-public.s3.amazonaws.com/media/cards/large/UPR010.webp
wjwFgpKPTgkKNGgr8Q7JK,Invoke Dominia,1,Illusionist,Draconic,Deck,Draconic Illusionist Action - Invocation,4,,3,true,M|V,M,UPR,UPR008,https://legendstory-production-s3-public.s3.amazonaws.com/media/cards/large/UPR008.webp
BPPzktrTM7CqMKmbmmkDH,Invoke Dracona Optimai,1,Illusionist,Draconic,Deck,Draconic Illusionist Action - Invocation,6,,3,true,M|V,M,UPR,UPR006,https://legendstory-production-s3-public.s3.amazonaws.com/media/cards/large/UPR006.webp
qRbQCrnwpWm7mtbfpcFn7,Invoke Kyloria,1,Illusionist,Draconic,Deck,Draconic Illusionist Action - Invocation,1,,3,true,R|V,R,UPR,UPR011,https://legendstory-production-s3-public.s3.amazonaws.com/media/cards/large/UPR011.webp
QLFBGCzhjCqFKrPBn7GFN,Invoke Miragai,1,Illusionist,Draconic,Deck,Draconic Illusionist Action - Invocation,1,,3,true,R|V,R,UPR,UPR012,https://legendstory-production-s3-public.s3.amazonaws.com/media/cards/large/UPR012.webp
QjT7Pt8nTWqtfT6GbrQnJ,Invoke Nekria,1,Illusionist,Draconic,Deck,Draconic Illusionist Action - Invocation,3,,3,true,R|V,R,UPR,UPR013,https://legendstory-production-s3-public.s3.amazonaws.com/media/cards/large/UPR013.webp
PWGBRjB7mhQJNkq896RNz,Invoke Ouvia,1,Illusionist,Draconic,Deck,Draconic Illusionist Action - Invocation,2,,3,true,R|V,R,UPR,UPR014,https://legendstory-production-s3-public.s3.amazonaws.com/media/cards/large/UPR014.webp
J6bjpTRPwRCmLTMcWTPWH,Invoke Suraya,2,Illusionist,Light,Deck,Light Illusionist Action - Invocation,2,,3,true,L|V,L,DYN,DYN212,https://legendstory-production-s3-public.s3.amazonaws.com/media/cards/large/DYN212-RF.webp
8htBPWMfPrM8bzjf8LrCr,Invoke Themai,1,Illusionist,Draconic,Deck,Draconic Illusionist Action - Invocation,2,,3,true,R|V,R,UPR,UPR015,https://legendstory-production-s3-public.s3.amazonaws.com/media/cards/large/UPR015.webp
C7PG6mkm7JPNTBWKJwHpt,Invoke Tomeltai,1,Illusionist,Draconic,Deck,Draconic Illusionist Action - Invocation,5,,3,true,M|V,M,UPR,UPR007,https://legendstory-production-s3-public.s3.amazonaws.com/media/cards/large/UPR007.webp
KWR8NHg7qbrP9rnbfWPr7,Invoke Vynserakai,1,Illusionist,Draconic,Deck,Draconic Illusionist Action - Invocation,3,,3,true,R|V,R,UPR,UPR016,https://legendstory-production-s3-public.s3.amazonaws.com/media/cards/large/UPR016.webp
9J9c98JJDc8mtKnRR9hhq,Invoke Yendurai,1,Illusionist,Draconic,Deck,Draconic Illusionist Action - Invocation,1,,3,true,R|V,R,UPR,UPR017,https://legendstory-production-s3-public.s3.amazonaws.com/media/cards/large/UPR017.webp
rrN8b6TLpjCHQJRKBpJFm,Ion Charged,2,,Lightning,Deck,Lightning Instant,0,,,true,R|P,R,GEM|PEN,GEM135,https://legendstory-production-s3-public.s3.amazonaws.com/media/cards/large/GEM135.webp
GCRQMpBtqBHWrk68GqnGP,"Ira, Crimson Haze",,Ninja,,Hero,Ninja Hero - Young,,,,false,C|P,C,1HP|CRU|HER|IRA|TCC,1HP089,https://legendstory-production-s3-public.s3.amazonaws.com/media/cards/large/1HP089.webp
DBKWbWMbrt7WK7KwmNQRL,"Ira, Scarlet Revenger",,Ninja,,Hero,Ninja Hero,,,,true,M|P,M,ASR|HER|WIN,ASR001,https://legendstory-production-s3-public.s3.amazonaws.com/media/cards/large/ASR001-RF.webp
7TBhRR7QqNj86D7Crj6Rq,Ire of the Crowd,,,,Deck,Event,,,,false,C,C,SMP,SMP026,https://legendstory-production-s3-public.s3.amazonaws.com/media/cards/large/SMP026.webp
W8h8fMQhbjGr6hzDbFmq7,Iris of Reality,,Illusionist,,Weapon,Illusionist Weapon - Orb (2H),,,,true,T|C|P,T,FAB|LGS|MON|PSM,FAB098,https://legendstory-production-s3-public.s3.amazonaws.com/media/cards/large/FAB098-GF.webp
MNKMPhrDfjjDqqBJW99jk,Iris of the Blossom,,Ninja,,Equipment,Ninja Equipment - Head,,,2,true,M|P,M,ASR|JDG,ASR003,https://legendstory-production-s3-public.s3.amazonaws.com/media/cards/large/ASR003-RF.webp
mPjzJQcPgCcjqgqjCPzLH,Ironfist Revelation,,Guardian,,Equipment,Guardian Equipment - Arms,,,2,true,P|L,P,FAB|SUP,FAB361,https://legendstory-production-s3-public.s3.amazonaws.com/media/cards/large/FAB361-GF.webp
FWzdtMmz6kCcWBpWDMLmM,Ironhide Gauntlet,,Generic,,Equipment,Generic Equipment - Arms,,,0,true,C|P,C,FAB|MON|RVD,FAB150,https://legendstory-production-s3-public.s3.amazonaws.com/media/cards/large/FAB150-GF.webp
kJJJmpKfCzqkzCM9DW9Nw,Ironhide Helm,,Generic,,Equipment,Generic Equipment - Head,,,0,true,C,C,DRO|MON,DRO005,https://legendstory-production-s3-public.s3.amazonaws.com/media/cards/large/DRO005.webp
d7FgThnkGzdhQBPmFgnrn,Ironhide Legs,,Generic,,Equipment,Generic Equipment - Legs,,,0,true,C,C,DRO|MON|OLD|RVD|UZU,DRO008,https://legendstory-production-s3-public.s3.amazonaws.com/media/cards/large/DRO008.webp
qq8NfJ7zgchWbMfM8BJBG,Ironhide Plate,,Generic,,Equipment,Generic Equipment - Chest,,,0,true,C,C,MON,MON242,https://legendstory-production-s3-public.s3.amazonaws.com/media/cards/large/MON242.webp
wJHGzDnNr7fkPFnkLzMWq,Ironrot Gauntlet,,Generic,,Equipment,Generic Equipment - Arms,,,1,true,C|P,C,1HP|BRI|MPG|OXO|RNR|TEA|WTR,1HP344,https://legendstory-production-s3-public.s3.amazonaws.com/media/cards/large/1HP344.webp
pCDQncQ7WrwtmPrmgjQjQ,Ironrot Helm,,Generic,,Equipment,Generic Equipment - Head,,,1,true,C|P,C,1HP|AUR|BDD|DDD|DVR|KSU|MPG|OXO|RNR|TER|WTR,1HP342,https://legendstory-production-s3-public.s3.amazonaws.com/media/cards/large/1HP342.webp
rBMjbzt9h6cKWqz6JmCTc,Ironrot Legs,,Generic,,Equipment,Generic Equipment - Legs,,,1,true,C|P,C,1HP|AUR|AZL|BDD|BVO|DVR|KSU|LXI|MPG|OXO|RIP|TER|WTR,1HP345,https://legendstory-production-s3-public.s3.amazonaws.com/media/cards/large/1HP345.webp
k8mnLNbhrPPrtF9W9jbnH,Ironrot Plate,,Generic,,Equipment,Generic Equipment - Chest,,,1,true,C|P,C,1HP|BVO|MPG|OXO|TEA|WTR,1HP343,https://legendstory-production-s3-public.s3.amazonaws.com/media/cards/large/1HP343.webp
PqNCC7zzLf8kFWDCpj7g6,Ironsong Determination,2,Warrior,,Deck,Warrior Action,0,,3,true,S,S,WTR,WTR122,https://legendstory-production-s3-public.s3.amazonaws.com/media/cards/large/WTR122.webp
DWRBqLngTDmHThkjT6LFn,Ironsong Pride,1,Warrior,,Deck,Warrior Instant - Aura,1,,,true,M,M,DYN,DYN072,https://legendstory-production-s3-public.s3.amazonaws.com/media/cards/large/DYN072.webp
9Kp6GPmC6WKb7NqNPwNrd,Ironsong Response,1,Warrior,,Deck,Warrior Attack Reaction,0,,3,true,C|P,C,1HP|AOL|DVR|LGS|MPW|SDO|WTR,1HP162,https://legendstory-production-s3-public.s3.amazonaws.com/media/cards/large/1HP162.webp
L7jKNGkRd9WwpN6NQKGbf,Ironsong Response,2,Warrior,,Deck,Warrior Attack Reaction,0,,3,true,C|P,C,1HP|LGS|WTR,1HP163,https://legendstory-production-s3-public.s3.amazonaws.com/media/cards/large/1HP163.webp
tnLDhJDNRMRQrcTzBkTF9,Ironsong Response,3,Warrior,,Deck,Warrior Attack Reaction,0,,3,true,C|P,C,1HP|LGS|SDO|TEA|WTR,1HP164,https://legendstory-production-s3-public.s3.amazonaws.com/media/cards/large/1HP164.webp
JtPhDg9PkWmHb6jpCCPjz,Ironsong Versus,,Warrior,,Equipment,Warrior Equipment - Arms,,,2,true,P|L,P,DTD|FAB,DTD207,https://legendstory-production-s3-public.s3.amazonaws.com/media/cards/large/DTD207-RF.webp
FHLMhFd7rHFC8LqNmLcJR,Isenhowl Weathervane,1,,Ice,Deck,Ice Action,1,,2,true,R,R,UPR,UPR141,https://legendstory-production-s3-public.s3.amazonaws.com/media/cards/large/UPR141.webp
KwLBJgTd78DwgLWdpqRhN,Isenhowl Weathervane,2,,Ice,Deck,Ice Action,1,,2,true,R,R,UPR,UPR142,https://legendstory-production-s3-public.s3.amazonaws.com/media/cards/large/UPR142.webp
QcJHqRnCpgHQ7KBMHmbWT,Isenhowl Weathervane,3,,Ice,Deck,Ice Action,1,,2,true,R,R,UPR,UPR143,https://legendstory-production-s3-public.s3.amazonaws.com/media/cards/large/UPR143.webp
RbPKWpnNdq7P8nphqdJn6,Isolate,1,Assassin,,Deck,Assassin Action - Attack,0,3,3,true,C,C,ARA|OUT|UZU,ARA009,https://legendstory-production-s3-public.s3.amazonaws.com/media/cards/large/ARA009.webp
HHKcFqDJTmCB6bwFzjdcF,Isolate,2,Assassin,,Deck,Assassin Action - Attack,0,2,3,true,C,C,OUT|UZU,OUT028,https://legendstory-production-s3-public.s3.amazonaws.com/media/cards/large/OUT028.webp
kMjgjn9M78JbkDGbgPPzk,Isolate,3,Assassin,,Deck,Assassin Action - Attack,0,1,3,true,C,C,OUT|UZU,OUT029,https://legendstory-production-s3-public.s3.amazonaws.com/media/cards/large/OUT029.webp
TmKrpP8tDg8bmpnqMPtgj,Iyslander,,Wizard,Elemental,Hero,Elemental Wizard Hero - Young,,,,false,T|R|M|P|V,T,EVR|HER|SIY|UPR,EVR120,https://legendstory-production-s3-public.s3.amazonaws.com/media/cards/large/EVR120.webp
8KRCDf6drqhFMKK7hJhbM,"Iyslander, Stormbind",,Wizard,Elemental,Hero,Elemental Wizard Hero,,,,true,T|P,T,HER|UPR|WIN,HER060,https://legendstory-production-s3-public.s3.amazonaws.com/media/cards/large/HER060-CF.webp
JfdLrjqqCPgLQkrhtFqcz,Jack Be Nimble,1,Generic,,Deck,Generic Action - Attack,0,3,3,true,R,R,SEA,SEA201,https://legendstory-production-s3-public.s3.amazonaws.com/media/cards/large/SEA201.webp
hKpL79WLFdLkgBhmhtdQJ,Jack Be Quick,1,Generic,,Deck,Generic Action - Attack,0,3,3,true,R,R,SBA|SEA,SBA014,https://legendstory-production-s3-public.s3.amazonaws.com/media/cards/large/SBA014.webp
MqhJWhp7gnBLjtMwzwmm8,Jack-o'-lantern,1,Runeblade,Shadow,Deck,Shadow Runeblade Action,0,,2,true,P,P,LGS,LGS176,https://legendstory-production-s3-public.s3.amazonaws.com/media/cards/large/LGS176.webp
KmMWLT6fF88QdfKTJ9GFf,Jack-o'-lantern,2,Runeblade,Shadow,Deck,Shadow Runeblade Action,0,,2,true,P,P,LGS,LGS177,https://legendstory-production-s3-public.s3.amazonaws.com/media/cards/large/LGS177.webp
b9tmpTgLPfDhD6qDJ7FwD,Jack-o'-lantern,3,Runeblade,Shadow,Deck,Shadow Runeblade Action,0,,2,true,P,P,LGS,LGS178,https://legendstory-production-s3-public.s3.amazonaws.com/media/cards/large/LGS178.webp
RbpzqdWTwMQDRTpNhwdtp,Jagged Edge,1,Warrior,,Deck,Warrior Attack Reaction,1,,3,true,M|P,M,FAB|HNT,FAB311,https://legendstory-production-s3-public.s3.amazonaws.com/media/cards/large/FAB311-CF.webp
9QL68DDb9hCqhWWhgnQgR,Jarl Vetreiði,,Guardian,Elemental,Hero,Elemental Guardian Hero,,,,true,M|P|V,M,AJV|GEM|MPG|WIN,AJV001,https://legendstory-production-s3-public.s3.amazonaws.com/media/cards/large/AJV001-RF.webp
7TWGJzNdq8bQ7Rr8LWmdn,Jaws of Victory,1,Brute,Revered,Deck,Revered Brute Action - Attack,2,6,3,true,S,S,SUP,SUP005,https://legendstory-production-s3-public.s3.amazonaws.com/media/cards/large/SUP005.webp
GK6TKkztnwHHwqKPrGR9k,"Jinglewood, Smash Hit",,Bard,,Weapon,Bard Weapon - Fiddle (2H),,2,,true,R|P,R,LGS|TCC,LGS212,https://legendstory-production-s3-public.s3.amazonaws.com/media/cards/large/LGS212-RF.webp
FBWddcQRCcJm9mqLNdwtW,Jittery Bones,1,Pirate|Necromancer,,Deck,Pirate Necromancer Action - Attack,0,4,3,true,C|P,C,AGB|GEM|SEA,AGB009,https://legendstory-production-s3-public.s3.amazonaws.com/media/cards/large/AGB009.webp
CRn7J9kmnRCDPDRKbckQQ,Jittery Bones,2,Pirate|Necromancer,,Deck,Pirate Necromancer Action - Attack,0,3,3,true,C,C,SEA,SEA069,https://legendstory-production-s3-public.s3.amazonaws.com/media/cards/large/SEA069.webp
GTNzDNDpq96bffrF66DPG,Jittery Bones,3,Pirate|Necromancer,,Deck,Pirate Necromancer Action - Attack,0,2,3,true,C,C,AGB|SEA|SGB,AGB022,https://legendstory-production-s3-public.s3.amazonaws.com/media/cards/large/AGB022.webp
KPBwhdMz8L9BFzTJ9NMtq,Jive,3,Warrior,,Deck,Warrior Action,0,,3,true,C,C,MPW,MPW115,https://legendstory-production-s3-public.s3.amazonaws.com/media/cards/large/MPW115.webp
6cNLLnWnpJdfmdpQHMFMb,Jolly Bludger,2,Pirate|Mechanologist,,Deck,Pirate Mechanologist Action - Attack,2,5,3,true,M,M,SEA,SEA005,https://legendstory-production-s3-public.s3.amazonaws.com/media/cards/large/SEA005.webp
kfCPfkdm8jrFqmHMNGj8h,"Jubeel, Spellbane",,Warrior,,Weapon,Warrior Weapon - Sword (2H),,3,,true,M|P,M,DYN|FAB,DYN067,https://legendstory-production-s3-public.s3.amazonaws.com/media/cards/large/DYN067.webp
D9N8LLTrcrbm9pk7HnPqN,"Judge, Jury, Executioner",1,Ranger,,Deck,Ranger Action - Arrow Attack,1,5,3,true,M,M,HVY,HVY249,https://legendstory-production-s3-public.s3.amazonaws.com/media/cards/large/HVY249.webp
drBDmHmGtr8qtbmgztwdH,Jump Start,1,Mechanologist,,Deck,Mechanologist Action - Attack,2,5,3,true,C,C,AMX|DYN|EVO|SDA,AMX011,https://legendstory-production-s3-public.s3.amazonaws.com/media/cards/large/AMX011.webp
8gBtrNrB6gqGGq9WjNrTj,Jump Start,2,Mechanologist,,Deck,Mechanologist Action - Attack,2,4,3,true,C,C,DYN|EVO|SDA,DYN105,https://legendstory-production-s3-public.s3.amazonaws.com/media/cards/large/DYN105.webp
T8qmHczkFQMWqBMzJWtT6,Jump Start,3,Mechanologist,,Deck,Mechanologist Action - Attack,2,3,3,true,C,C,DYN|EVO|SDA,DYN106,https://legendstory-production-s3-public.s3.amazonaws.com/media/cards/large/DYN106.webp
F9gtJwgzgM76KghF8jrcq,Junkyard Dogg,1,Mechanologist,,Deck,Mechanologist Action - Attack,3,6,3,true,C,C,EVO,EVO126,https://legendstory-production-s3-public.s3.amazonaws.com/media/cards/large/EVO126.webp
gTdJqkNfNt9HgCwbF8PwG,Junkyard Dogg,2,Mechanologist,,Deck,Mechanologist Action - Attack,3,5,3,true,C,C,EVO,EVO127,https://legendstory-production-s3-public.s3.amazonaws.com/media/cards/large/EVO127.webp
wDGJfznzQCFGmwgFfnhfw,Junkyard Dogg,3,Mechanologist,,Deck,Mechanologist Action - Attack,3,4,3,true,C,C,EVO,EVO128,https://legendstory-production-s3-public.s3.amazonaws.com/media/cards/large/EVO128.webp
JpTPzw6fB8bK6JjRpTmPC,Just a Nick,1,Assassin,,Deck,Assassin Attack Reaction,0,,3,true,M,M,MST,MST105,https://legendstory-production-s3-public.s3.amazonaws.com/media/cards/large/MST105.webp
QmJTKzcT6dtHwqktKqBFk,Kabuto of Imperial Authority,,Warrior,,Equipment,Warrior Equipment - Head,,,2,true,P|L,P,FAB|HNT,FAB292,https://legendstory-production-s3-public.s3.amazonaws.com/media/cards/large/FAB292-GF.webp
Q9B8TDhTdfDLN8ccnBThK,Kano,,Wizard,,Hero,Wizard Hero - Young,,,,false,T|C|P|V,T,1HP|ARC|HER|PEN,1HP302,https://legendstory-production-s3-public.s3.amazonaws.com/media/cards/large/1HP302.webp
kRPqHdCckKBKfRwjbfzNT,"Kano, Dracai of Aether",,Wizard,,Hero,Wizard Hero,,,,true,T|C|P,T,1HP|ARC|CRU|HER|WIN,1HP301,https://legendstory-production-s3-public.s3.amazonaws.com/media/cards/large/1HP301.webp
GwMRRqcL8rDHFRDTfqWzt,Kassai,,Warrior,,Hero,Warrior Hero - Young,,,,false,T|R|V,T,HVY|KSI,HVY091,https://legendstory-production-s3-public.s3.amazonaws.com/media/cards/large/HVY091.webp
ffKGNQcWnLkfQD7w66MRL,Kassai of the Golden Sand,,Warrior,,Hero,Warrior Hero,,,,true,M|P|V,M,HER|HVY|WIN,HER110,https://legendstory-production-s3-public.s3.amazonaws.com/media/cards/large/HER110-RF.webp
wWmP8RJRq7MWk7kBh9q7w,"Kassai, Cintari Sellsword",,Warrior,,Hero,Warrior Hero - Young,,,,false,R|P|V,R,1HP|CRU|HER|PEN,1HP140,https://legendstory-production-s3-public.s3.amazonaws.com/media/cards/large/1HP140.webp
QnGJNBGBFw98q9n9NCdRW,Katsu,,Ninja,,Hero,Ninja Hero - Young,,,,false,T|C|P,T,1HP|HER|KAT|KSU|OUT|WTR|XXX,1HP087,https://legendstory-production-s3-public.s3.amazonaws.com/media/cards/large/1HP087.webp
nM8BHGHd9qLGTPgwtWzkJ,"Katsu, the Wanderer",,Ninja,,Hero,Ninja Hero,,,,true,T|C|P,T,1HP|CRU|HER|KSU|OUT|WIN|WTR,1HP086,https://legendstory-production-s3-public.s3.amazonaws.com/media/cards/large/1HP086.webp
rgq8FqBMdhn9khbwjDK6Q,"Kavdaen, Trader of Skins",,Merchant,,Hero,Merchant Hero - Young,,,,false,R|P,R,1HP|CRU|HER,1HP220,https://legendstory-production-s3-public.s3.amazonaws.com/media/cards/large/1HP220.webp
HhFFJJRzq78LdNWPJP88t,Kayo,,Brute,,Hero,Brute Hero - Young,,,,false,T|R|V,T,HVY|KYO|SKA,HVY002,https://legendstory-production-s3-public.s3.amazonaws.com/media/cards/large/HVY002.webp
qdLHRPTdGkw6TjpMjPTW7,"Kayo, Armed and Dangerous",,Brute,,Hero,Brute Hero,,,,true,M|P|V,M,AKO|HER|HVY|WIN,AKO001,https://legendstory-production-s3-public.s3.amazonaws.com/media/cards/large/AKO001.webp
NcQMQ79gb9P7CTMfWfBz8,"Kayo, Berserker Runt",,Brute,,Hero,Brute Hero - Young,,,,false,R|P,R,1HP|CRU|HER,1HP003,https://legendstory-production-s3-public.s3.amazonaws.com/media/cards/large/1HP003.webp
rwntmhkHtPGcKCbzJWjNn,"Kayo, Strong-arm",,Brute,Reviled,Hero,Reviled Brute Hero - Young,,,,false,B|P|V,B,HER|SUP,HER151,https://legendstory-production-s3-public.s3.amazonaws.com/media/cards/large/HER151-RF.webp
fMDbBJHTPL7dcMMFNkCCm,"Kayo, Underhanded Cheat",,Brute,Reviled,Hero,Reviled Brute Hero,,,,true,B|P|V,B,HER|SUP|WIN,HER148,https://legendstory-production-s3-public.s3.amazonaws.com/media/cards/large/HER148-RF.webp
QCKrPkcL9crDhmNhQTnPc,"Kelpie, Tangled Mess",2,Pirate|Necromancer,,Deck,Pirate Necromancer Action - Ally,0,1,,true,R|P|V,R,LGS|SEA,LGS404,https://legendstory-production-s3-public.s3.amazonaws.com/media/cards/large/LGS404-RF.webp
wzfdd9ktHKGhFkCKDhTWT,Kick the Hornet's Nest,2,Generic,,Deck,Generic Action - Attack,3,6,3,true,S,S,SUP,SUP217,https://legendstory-production-s3-public.s3.amazonaws.com/media/cards/large/SUP217.webp
9ngQ9QRpcTPQtpcnjwrRw,"Killjoy, the Crooked Blade",,Warrior|Thief,Reviled,Hero,Reviled Warrior Thief Hero - Young,,,,false,R,R,SPW,SPW001,https://legendstory-production-s3-public.s3.amazonaws.com/media/cards/large/SPW001-RF.webp
hmNrmWJFJzgW6PDFGLBHM,Kimono of Layered Lessons,,,Mystic,Equipment,Mystic Equipment - Chest,,,1,true,R,R,PEN,PEN266,https://legendstory-production-s3-public.s3.amazonaws.com/media/cards/large/PEN266.webp
jGBBjz7wKwnLPrnMBRBht,Kindle,1,Wizard,,Deck,Wizard Instant,0,,,true,M,M,MST,MST234,https://legendstory-production-s3-public.s3.amazonaws.com/media/cards/large/MST234.webp
pnjKtMh8BcRHL8NJkFWpL,King Kraken Harpoon,1,Pirate|Ranger,,Deck,Pirate Ranger Action - Arrow Attack,2,6,3,true,M,M,SEA,SEA085,https://legendstory-production-s3-public.s3.amazonaws.com/media/cards/large/SEA085.webp
TGmtp7HrQ86JjWhcMfgrh,King Shark Harpoon,1,Pirate|Ranger,,Deck,Pirate Ranger Action - Arrow Attack,2,6,3,true,M,M,SEA,SEA086,https://legendstory-production-s3-public.s3.amazonaws.com/media/cards/large/SEA086.webp
rkRhTdHrdkwMhFwHnPGMk,Kiss of Death,1,Assassin,,Deck,Assassin Action - Dagger Attack,0,3,3,true,M,M,HNT,HNT012,https://legendstory-production-s3-public.s3.amazonaws.com/media/cards/large/HNT012.webp
jtJnCFHwQf7w9hwzbBtQt,Knick Knack Bric-a-brac,1,Generic,,Deck,Generic Action,3,,2,true,M,M,EVR,EVR159,https://legendstory-production-s3-public.s3.amazonaws.com/media/cards/large/EVR159.webp
WqbqQqpFcbnChCQGT7mpm,Knife Through,1,Assassin,,Deck,Assassin Action - Attack,0,3,3,true,C|P,C,GEM|PEN,GEM113,https://legendstory-production-s3-public.s3.amazonaws.com/media/cards/large/GEM113.webp
j9JKbN6mfRQRdDfQPnR76,Knife Through,2,Assassin,,Deck,Assassin Action - Attack,0,2,3,true,C,C,PEN,PEN148,https://legendstory-production-s3-public.s3.amazonaws.com/media/cards/large/PEN148.webp
zdbmNLTKjH8QqFBbWhKCF,Knife Through,3,Assassin,,Deck,Assassin Action - Attack,0,1,3,true,C,C,PEN,PEN149,https://legendstory-production-s3-public.s3.amazonaws.com/media/cards/large/PEN149.webp
j8jg6Htq98C6ChrtPMhhJ,Knife Through Butter,1,Warrior,,Deck,Warrior Action,1,,3,true,C,C,HNT,HNT134,https://legendstory-production-s3-public.s3.amazonaws.com/media/cards/large/HNT134.webp
9bntMjr9pHrLdnpNmKtPk,Knife Through Butter,2,Warrior,,Deck,Warrior Action,1,,3,true,C,C,HNT,HNT135,https://legendstory-production-s3-public.s3.amazonaws.com/media/cards/large/HNT135.webp
gNzpTNpKbgmFnGtzhdTcq,Knife Through Butter,3,Warrior,,Deck,Warrior Action,1,,3,true,C,C,HNT,HNT136,https://legendstory-production-s3-public.s3.amazonaws.com/media/cards/large/HNT136.webp
BCBmbhp7nbzkzBHcpzjp7,Knives Out,3,Assassin|Ninja,,Deck,Assassin / Ninja Attack Reaction,0,,3,true,M,M,OUT,OUT144,https://legendstory-production-s3-public.s3.amazonaws.com/media/cards/large/OUT144.webp
bWBL7WwPLgdD9j9KkmDHW,Knock 'Em Off Their Feet,1,Guardian,,Deck,Guardian Action - Attack,4,8,3,true,R,R,BDD,BDD008,https://legendstory-production-s3-public.s3.amazonaws.com/media/cards/large/BDD008.webp
WqDtDMqJhHBhHfdjTRRFb,Knucklehead,,Brute,,Equipment,Brute Equipment - Head,,,2,true,R|P,R,AKO|HVY|KYO|LGS|SKA,AKO003,https://legendstory-production-s3-public.s3.amazonaws.com/media/cards/large/AKO003.webp
mccHtdK6wgfhL6g98CKMT,Koi Blessed Kimono,,,Mystic,Equipment,Mystic Equipment - Chest,,,,true,C|P,C,LGS|MST|NUU,LGS275,https://legendstory-production-s3-public.s3.amazonaws.com/media/cards/large/LGS275-RF.webp
jbDgmHNWr6GGD6GqmBCTf,"Korshem, Crossroad of Elements",,,Elemental,Deck,Elemental Action - Landmark,1,,,true,F,F,ELE,ELE000,https://legendstory-production-s3-public.s3.amazonaws.com/media/cards/large/ELE000-CF.webp
Cd6PTGH6CqTHmt7LQmBMp,Kraken's Aethervein,,Wizard,,Weapon,Wizard Weapon - Staff (2H),,,,true,M,M,EVR,EVR121,https://legendstory-production-s3-public.s3.amazonaws.com/media/cards/large/EVR121.webp
kcf6QQMkQC8Mw9DBk78KN,Kunai of Retribution,,Ninja,Draconic,Weapon,Draconic Ninja Weapon - Dagger (1H),,1,,true,T|C|P,T,CIN|FAB|GEM|HNT|LGS,CIN002,https://legendstory-production-s3-public.s3.amazonaws.com/media/cards/large/CIN002.webp
PHgMJBpk9fJcWNrrnqztz,Kyloria,,Illusionist,Draconic,Deck,Draconic Illusionist - Dragon Ally,,4,,true,R|V,R,UPR,UPR011,https://legendstory-production-s3-public.s3.amazonaws.com/media/cards/large/UPR011_BACK.webp
gdFrmMtzgg8DcqjN6tfBM,Lace with Bloodrot,1,Ranger,,Deck,Ranger Action,0,,2,true,R|P,R,AAZ|LGS|OUT|SAZ,AAZ017,https://legendstory-production-s3-public.s3.amazonaws.com/media/cards/large/AAZ017.webp
cztrB96QNb9CqKDgBRwcN,Lace with Frailty,1,Ranger,,Deck,Ranger Action,0,,2,true,R|P,R,AAZ|LGS|OUT|SAZ,AAZ018,https://legendstory-production-s3-public.s3.amazonaws.com/media/cards/large/AAZ018.webp
n877nqgWkLDfjQBwM7DM7,Lace with Inertia,1,Ranger,,Deck,Ranger Action,0,,2,true,R|P,R,AAZ|LGS|OUT|SAZ,AAZ019,https://legendstory-production-s3-public.s3.amazonaws.com/media/cards/large/AAZ019.webp
Kb99nwFrrpTQJTpqN6kCt,Laced Lightning,,,Lightning,Equipment,Lightning Equipment - Legs,,,0,true,C,C,OMN,OMN144,https://legendstory-production-s3-public.s3.amazonaws.com/media/cards/large/OMN144.webp
QgJQKQKbPcQRM9BJ9qkGG,Laden with Earth,1,,Elemental,Deck,Elemental Action,1,,2,true,C,C,PEN,PEN210,https://legendstory-production-s3-public.s3.amazonaws.com/media/cards/large/PEN210.webp
kRfJmWQQmDCrHtkFtmLQt,Laden with Frost,1,,Elemental,Deck,Elemental Action,1,,2,true,C,C,PEN,PEN211,https://legendstory-production-s3-public.s3.amazonaws.com/media/cards/large/PEN211.webp
kg8PPbzPQHbJBccCwwh6f,Laden with Lightning,1,,Elemental,Deck,Elemental Action,1,,2,true,C,C,PEN,PEN212,https://legendstory-production-s3-public.s3.amazonaws.com/media/cards/large/PEN212.webp
rpqF9GbWN7Kkb6hPKPnJk,Lady Barthimont,,Brute,,Deck,Brute Mentor,,,3,false,M|P,M,FAB|LEV,FAB045,https://legendstory-production-s3-public.s3.amazonaws.com/media/cards/large/FAB045-RF.webp
mMzzGF76cFfFHJQJTFcnB,Lair of the Spider,1,Assassin|Ninja,,Deck,Assassin / Ninja Action Defense Reaction - Trap,0,,3,true,C|P,C,HNT|LGS|SAR|WOD,HNT191,https://legendstory-production-s3-public.s3.amazonaws.com/media/cards/large/HNT191.webp
qmzNwRPnh8gkrdKdLwCbt,Last Ditch Effort,3,Generic,,Deck,Generic Action - Attack,3,4,3,true,S|M|P,S,1HP|JDG|WTR,1HP362,https://legendstory-production-s3-public.s3.amazonaws.com/media/cards/large/1HP362.webp
mm6rHKbCkKKfD6h6tCMcK,Laughing Knee-Slappers,,Brute,Reviled,Equipment,Reviled Brute Equipment - Legs,,,1,true,C,C,SUP,SUP065,https://legendstory-production-s3-public.s3.amazonaws.com/media/cards/large/SUP065.webp
GzTpzLGB99zRcW9w7tKd8,Lava Burst,1,,Draconic,Deck,Draconic Action - Attack,0,2,3,true,C,C,DRO|SFA|UPR,DRO010,https://legendstory-production-s3-public.s3.amazonaws.com/media/cards/large/DRO010.webp
BFpBkbT788fWNrCgGcWHt,Lava Vein Loyalty,1,Ninja,Draconic,Deck,Draconic Ninja Action - Attack,0,3,3,true,C,C,FAI|HNT|UPR,FAI015,https://legendstory-production-s3-public.s3.amazonaws.com/media/cards/large/FAI015.webp
pdfbRhNQ7rBq8r8HfcBbt,Lava Vein Loyalty,2,Ninja,Draconic,Deck,Draconic Ninja Action - Attack,0,2,3,true,C,C,UPR,UPR070,https://legendstory-production-s3-public.s3.amazonaws.com/media/cards/large/UPR070.webp
KTF8r6hgr8f89Gn9PpGn6,Lava Vein Loyalty,3,Ninja,Draconic,Deck,Draconic Ninja Action - Attack,0,1,3,true,C,C,FAI|UPR,FAI025,https://legendstory-production-s3-public.s3.amazonaws.com/media/cards/large/FAI025.webp
8jkrbgKtBmnwdwNR7cKHn,Lay Down the Challenge,2,Brute,,Deck,Brute Action,0,,3,true,M,M,PEN,PEN007,https://legendstory-production-s3-public.s3.amazonaws.com/media/cards/large/PEN007.webp
trdLjTnNnn6NjM7DzrcQh,Lay Down the Law,1,Guardian,,Deck,Guardian Action - Attack,3,7,3,true,R,R,HVY|TCC,HVY063,https://legendstory-production-s3-public.s3.amazonaws.com/media/cards/large/HVY063.webp
fnrjjBNqBwWQb7PhMtmzC,Lay Low,2,Generic,,Deck,Generic Defense Reaction,0,,3,true,C,C,HNT,HNT236,https://legendstory-production-s3-public.s3.amazonaws.com/media/cards/large/HNT236.webp
Jw6CQTrR7njDNnNMCfNC7,Lay to Rest,1,,Light,Deck,Light Action - Attack,1,5,3,true,R,R,DTD,DTD082,https://legendstory-production-s3-public.s3.amazonaws.com/media/cards/large/DTD082.webp
zr9nbKgKmqFGbQTntjT8p,Lay to Rest,2,,Light,Deck,Light Action - Attack,1,4,3,true,R,R,DTD,DTD083,https://legendstory-production-s3-public.s3.amazonaws.com/media/cards/large/DTD083.webp
FgCfCKNMFC7rRC8r7GMPj,Lay to Rest,3,,Light,Deck,Light Action - Attack,1,3,3,true,R,R,DTD,DTD084,https://legendstory-production-s3-public.s3.amazonaws.com/media/cards/large/DTD084.webp
JcNpbqjGjLkFtBNjmtDfD,Lay Waste,1,Mechanologist,,Deck,Mechanologist Action - Attack,2,5,3,true,C,C,EVO,EVO207,https://legendstory-production-s3-public.s3.amazonaws.com/media/cards/large/EVO207.webp
BhNdN8jj6GHKjncPhRqzT,Lay Waste,2,Mechanologist,,Deck,Mechanologist Action - Attack,2,4,3,true,C,C,EVO,EVO208,https://legendstory-production-s3-public.s3.amazonaws.com/media/cards/large/EVO208.webp
Qcj66Pf677BBrkJKWFpPk,Lay Waste,3,Mechanologist,,Deck,Mechanologist Action - Attack,2,3,3,true,C,C,EVO,EVO209,https://legendstory-production-s3-public.s3.amazonaws.com/media/cards/large/EVO209.webp
qcTNqDCwM6jHP7QjBb7tN,Lead the Charge,1,Generic,,Deck,Generic Action,0,,2,true,C,C,ARC,ARC209,https://legendstory-production-s3-public.s3.amazonaws.com/media/cards/large/ARC209.webp
PBLrCPQwdHtqcFgWbR9qk,Lead the Charge,2,Generic,,Deck,Generic Action,0,,2,true,C,C,ARC,ARC210,https://legendstory-production-s3-public.s3.amazonaws.com/media/cards/large/ARC210.webp
86rPJjLKBzfmJm76C9z8N,Lead the Charge,3,Generic,,Deck,Generic Action,0,,2,true,C,C,ARC,ARC211,https://legendstory-production-s3-public.s3.amazonaws.com/media/cards/large/ARC211.webp
CTq6Kdn7WcJ87LzrmznkH,Lead with Heart,1,Guardian|Warrior,,Deck,Guardian / Warrior Action,1,,2,true,C,C,HVY,HVY192,https://legendstory-production-s3-public.s3.amazonaws.com/media/cards/large/HVY192.webp
QqFg7dmp9NTgKcr88p6KG,Lead with Heart,2,Guardian|Warrior,,Deck,Guardian / Warrior Action,1,,2,true,C,C,HVY,HVY193,https://legendstory-production-s3-public.s3.amazonaws.com/media/cards/large/HVY193.webp
mRhcrTprzbbdTbB9gdTHw,Lead with Heart,3,Guardian|Warrior,,Deck,Guardian / Warrior Action,1,,2,true,C,C,HVY,HVY194,https://legendstory-production-s3-public.s3.amazonaws.com/media/cards/large/HVY194.webp
zCCQtzBrr9QWp6fqDQNrC,Lead with Power,1,Brute|Guardian,,Deck,Brute / Guardian Action,1,,2,true,C,C,HVY|KYO,HVY152,https://legendstory-production-s3-public.s3.amazonaws.com/media/cards/large/HVY152.webp
PNLWb9zzTRkcJ6Dbrg67G,Lead with Power,2,Brute|Guardian,,Deck,Brute / Guardian Action,1,,2,true,C,C,HVY,HVY153,https://legendstory-production-s3-public.s3.amazonaws.com/media/cards/large/HVY153.webp
WbckgKBJq6kBM88nRFGmB,Lead with Power,3,Brute|Guardian,,Deck,Brute / Guardian Action,1,,2,true,C,C,HVY|KYO|RHI,HVY154,https://legendstory-production-s3-public.s3.amazonaws.com/media/cards/large/HVY154.webp
W8LHRTQFddrfnG8ptNjHW,Lead with Speed,1,Brute|Warrior,,Deck,Brute / Warrior Action,1,,2,true,C,C,HVY|KSI|KYO|OLA|SDO,HVY172,https://legendstory-production-s3-public.s3.amazonaws.com/media/cards/large/HVY172.webp
nwCQmwCJLFCtDCBtH8mfD,Lead with Speed,2,Brute|Warrior,,Deck,Brute / Warrior Action,1,,2,true,C,C,HVY|KSI|OLA,HVY173,https://legendstory-production-s3-public.s3.amazonaws.com/media/cards/large/HVY173.webp
9fPKGQrHcMrfMjQ7MqgGL,Lead with Speed,3,Brute|Warrior,,Deck,Brute / Warrior Action,1,,2,true,C,C,HVY|KYO|RHI,HVY174,https://legendstory-production-s3-public.s3.amazonaws.com/media/cards/large/HVY174.webp
RBnkrB6LWQHFDcD8RjcWT,Leap Frog Gloves,,Assassin|Ninja,,Equipment,Assassin / Ninja Equipment - Arms,,,1,true,C,C,HNT,HNT171,https://legendstory-production-s3-public.s3.amazonaws.com/media/cards/large/HNT171.webp
8mrLmWTr8TBJgjCpzBzmB,Leap Frog Leggings,,Assassin|Ninja,,Equipment,Assassin / Ninja Equipment - Legs,,,1,true,C,C,CIN|HNT,CIN006,https://legendstory-production-s3-public.s3.amazonaws.com/media/cards/large/CIN006.webp
TQL89gnkPdTLrbr8HNtgf,Leap Frog Slime Skin,,Assassin|Ninja,,Equipment,Assassin / Ninja Equipment - Chest,,,1,true,C,C,ARK|HNT,ARK004,https://legendstory-production-s3-public.s3.amazonaws.com/media/cards/large/ARK004.webp
6Gqn7z8PhLkHtBnF7MmwJ,Leap Frog Vocal Sac,,Assassin|Ninja,,Equipment,Assassin / Ninja Equipment - Head,,,1,true,C,C,HNT|WOD,HNT169,https://legendstory-production-s3-public.s3.amazonaws.com/media/cards/large/HNT169.webp
FB7cMqjrQpWQqFhmPn7Hk,Leave 'Em Speechless,3,,Reviled,Deck,Reviled Action - Aura,0,,2,true,M,M,PEN,PEN301,https://legendstory-production-s3-public.s3.amazonaws.com/media/cards/large/PEN301.webp
WpmPhMcL97wRCPfz8nzgR,Leave a Dent,3,Guardian,,Deck,Guardian Action,0,,3,true,M,M,MPG,MPG020,https://legendstory-production-s3-public.s3.amazonaws.com/media/cards/large/MPG020.webp
zWjNwt6zMt9hMq9TDKJWp,Leave No Witnesses,1,Assassin,,Deck,Assassin Action - Attack,0,4,3,true,M,M,DYN,DYN120,https://legendstory-production-s3-public.s3.amazonaws.com/media/cards/large/DYN120.webp
jhcWTqd8Thf6gwbNGKqwh,Leave Them Hanging,1,Guardian,Reviled,Deck,Reviled Guardian Instant - Aura,3,,3,true,M,M,SUP,SUP074,https://legendstory-production-s3-public.s3.amazonaws.com/media/cards/large/SUP074.webp
qftcQd6NJhpQkfCczqLF7,Leaven Sheath,1,,Elemental,Deck,Elemental Defense Reaction,1,,5,true,C|P,C,FAB|PEN,FAB428,https://legendstory-production-s3-public.s3.amazonaws.com/media/cards/large/FAB428.webp
TqcqHwCjGhFkzkFCthwtd,Leech Memory,1,Runeblade,,Deck,Runeblade Action,1,,3,true,R,R,OMN,OMN091,https://legendstory-production-s3-public.s3.amazonaws.com/media/cards/large/OMN091.webp
mHqPTDJhBrhWtLCrRBWbf,Leech Renown,1,Runeblade,,Deck,Runeblade Action,1,,3,true,R,R,OMN,OMN092,https://legendstory-production-s3-public.s3.amazonaws.com/media/cards/large/OMN092.webp
9DqgBgRpB9C8cTRFjL8Gm,Leech Vitality,1,Runeblade,,Deck,Runeblade Action,1,,3,true,R,R,OMN,OMN093,https://legendstory-production-s3-public.s3.amazonaws.com/media/cards/large/OMN093.webp
Thbcg9RW9t8WNfMCpgNmk,Leg Tap,1,Ninja,,Deck,Ninja Action - Attack,1,4,2,true,C,C,1HP|KSU|TCC|WTR,1HP116,https://legendstory-production-s3-public.s3.amazonaws.com/media/cards/large/1HP116.webp
9K6tW9Kcqfc67PtcgmNTP,Leg Tap,2,Ninja,,Deck,Ninja Action - Attack,1,3,2,true,C,C,1HP|KSU|TCC|WTR,1HP117,https://legendstory-production-s3-public.s3.amazonaws.com/media/cards/large/1HP117.webp
dcWdcd8Q6tnPKDT6nKkjH,Leg Tap,3,Ninja,,Deck,Ninja Action - Attack,1,2,2,true,C,C,1HP|WTR,1HP118,https://legendstory-production-s3-public.s3.amazonaws.com/media/cards/large/1HP118.webp
JcTJrnMgfhqHj6b8ckr8W,Legacy of Ikaru,3,Ninja,,Deck,Ninja Attack Reaction,0,,3,true,R,R,ASR,ASR026,https://legendstory-production-s3-public.s3.amazonaws.com/media/cards/large/ASR026.webp
DGNn7nRKwBjzf9f9rmzJM,Lesson in Lava,2,Wizard,,Deck,Wizard Action,1,,3,true,S|M,S,1HP|ARC,1HP311,https://legendstory-production-s3-public.s3.amazonaws.com/media/cards/large/1HP311.webp
RbQQFDFMgLp8MrGnzGNLc,Lessons Learned,3,Warrior,,Deck,Warrior Instant,0,,,true,M,M,MPW,MPW036,https://legendstory-production-s3-public.s3.amazonaws.com/media/cards/large/MPW036.webp
tgkMhwLnr8kh6pcR86nR6,Let Me Buy You a Drink,,,,Deck,Event,,,,false,C,C,SMP,SMP027,https://legendstory-production-s3-public.s3.amazonaws.com/media/cards/large/SMP027.webp
PzdWT6J9q9kMDBkMpjC9F,Levels of Enlightenment,3,,Mystic,Deck,Mystic Action - Attack,1,3,3,true,M,M,MST,MST077,https://legendstory-production-s3-public.s3.amazonaws.com/media/cards/large/MST077.webp
WwzJLfPwhRTkFLDNjJPrk,Levia,,Brute,Shadow,Hero,Shadow Brute Hero - Young,,,,false,T|C|R|P,T,DTD|HER|LEV|MON,DTD104,https://legendstory-production-s3-public.s3.amazonaws.com/media/cards/large/DTD104.webp
qjqqRn6kHWHGz6PQGWd7z,"Levia, Redeemed",,,Shadow,Hero,Shadow Demi-Hero,,,,true,L|V,L,DTD,DTD164,https://legendstory-production-s3-public.s3.amazonaws.com/media/cards/large/DTD164.webp
KCwnGqDJtnmJfth7fn8Qq,"Levia, Shadowborn Abomination",,Brute,Shadow,Hero,Shadow Brute Hero,,,,true,T|C|P,T,DTD|HER|MON|WIN,DTD103,https://legendstory-production-s3-public.s3.amazonaws.com/media/cards/large/DTD103.webp
GFc7t8wNTwC8rCFwrqTfh,Lexi,,Ranger,Elemental,Hero,Elemental Ranger Hero - Young,,,,false,T|R|P|V,T,ELE|HER|LXI|PEN,ELE032,https://legendstory-production-s3-public.s3.amazonaws.com/media/cards/large/ELE032.webp
PFmgFK9dFr8q6PrpJFpPG,"Lexi, Livewire",,Ranger,Elemental,Hero,Elemental Ranger Hero,,,,true,T|P,T,ELE|HER|WIN,ELE031,https://legendstory-production-s3-public.s3.amazonaws.com/media/cards/large/ELE031.webp
LWD8GBDqqgnWHmLBzdTh7,Ley Line of the Old Ones,3,Guardian,,Deck,Guardian Instant - Aura,0,,,true,L|V,L,MPG,MPG013,https://legendstory-production-s3-public.s3.amazonaws.com/media/cards/large/MPG013-RF.webp
cHPKptkbztKtj7bQnWmmP,Liar's Charm,2,Guardian,Reviled,Deck,Reviled Guardian Instant,0,,,true,S|P,S,FAB|LGS|SUP,FAB373,https://legendstory-production-s3-public.s3.amazonaws.com/media/cards/large/FAB373-MV.webp
qqzmLCbJJ6nwQGtzrJMcL,Life for a Life,1,Generic,,Deck,Generic Action - Attack,1,4,2,true,C|R,C,1HP|ARC|SEA,1HP368,https://legendstory-production-s3-public.s3.amazonaws.com/media/cards/large/1HP368.webp
9HfD8KjKKWFc6CfCjKp9p,Life for a Life,2,Generic,,Deck,Generic Action - Attack,1,3,2,true,R,R,1HP|ARC,1HP369,https://legendstory-production-s3-public.s3.amazonaws.com/media/cards/large/1HP369.webp
qGLzQjzncCQztM6QrtwPn,Life for a Life,3,Generic,,Deck,Generic Action - Attack,1,2,2,true,R,R,1HP|ARC,1HP370,https://legendstory-production-s3-public.s3.amazonaws.com/media/cards/large/1HP370.webp
LJ9FRbpjJLcpHMM6wk6HW,Life of the Party,1,Generic,,Deck,Generic Action - Attack,2,4,2,true,R|P,R,EVR|LGS|TCC,EVR161,https://legendstory-production-s3-public.s3.amazonaws.com/media/cards/large/EVR161.webp
7frtgrpJFT9fmwbnbfrP6,Life of the Party,2,Generic,,Deck,Generic Action - Attack,2,3,2,true,R|P,R,EVR|LGS,EVR162,https://legendstory-production-s3-public.s3.amazonaws.com/media/cards/large/EVR162.webp
bbgPwChkMppQBfwfrfTtL,Life of the Party,3,Generic,,Deck,Generic Action - Attack,2,2,2,true,R|P,R,EVR|LGS,EVR163,https://legendstory-production-s3-public.s3.amazonaws.com/media/cards/large/EVR163.webp
QCpd7ctKhtN7LCP8FqkmP,Light Fingers,,Generic,,Equipment,Generic Equipment - Arms,,,1,true,C,C,SEA,SEA184,https://legendstory-production-s3-public.s3.amazonaws.com/media/cards/large/SEA184.webp
7hLgJ6QwzWmFrG8phh9qb,Light it Up,2,Ranger,Elemental,Deck,Elemental Ranger Action - Arrow Attack,1,4,3,true,M,M,ELE,ELE036,https://legendstory-production-s3-public.s3.amazonaws.com/media/cards/large/ELE036.webp
76cHnpRhNn7GWNNfFbNhL,Light of Sol,2,,Light,Deck,Light Resource - Gem,,,,true,F,F,DTD,DTD000,https://legendstory-production-s3-public.s3.amazonaws.com/media/cards/large/DTD000-RF.webp
dJkTjzNPzkH9fc98PJdDk,Light the Way,1,Warrior,Light,Deck,Light Warrior Action - Attack,0,3,3,true,C,C,ASB|DTD|SBL,ASB011,https://legendstory-production-s3-public.s3.amazonaws.com/media/cards/large/ASB011.webp
N8hnQ98bBq7GrpTh8Pzmt,Light the Way,2,Warrior,Light,Deck,Light Warrior Action - Attack,0,2,3,true,C,C,DTD|SBL,DTD067,https://legendstory-production-s3-public.s3.amazonaws.com/media/cards/large/DTD067.webp
TGKkqC6BBFJnggLzKtDLt,Light the Way,3,Warrior,Light,Deck,Light Warrior Action - Attack,0,1,3,true,C,C,DTD,DTD068,https://legendstory-production-s3-public.s3.amazonaws.com/media/cards/large/DTD068.webp
hcPBRGtmCKRBDMFBTJFbT,Light Up the Leaves,1,Wizard,Earth,Deck,Earth Wizard Action,3,,3,true,M,M,SUP,SUP264,https://legendstory-production-s3-public.s3.amazonaws.com/media/cards/large/SUP264.webp
7RfrHFWkjkHMNWcjDt6WN,Lighten the Load,1,Pirate,,Deck,Pirate Action - Attack,0,4,2,true,C|P,C,GEM|PEN,GEM168,https://legendstory-production-s3-public.s3.amazonaws.com/media/cards/large/GEM168.webp
GnDRMjpN6tGrNfBzcB89N,Lighten the Load,2,Pirate,,Deck,Pirate Action - Attack,0,3,2,true,C,C,PEN,PEN172,https://legendstory-production-s3-public.s3.amazonaws.com/media/cards/large/PEN172.webp
9JHthWCT8wtfWqQqnMLjb,Lighten the Load,3,Pirate,,Deck,Pirate Action - Attack,0,2,2,true,C,C,PEN,PEN173,https://legendstory-production-s3-public.s3.amazonaws.com/media/cards/large/PEN173.webp
NzHWJJzD6JwJ88LmRTTGQ,Lightning Flow,,,Elemental,Token,Elemental Token - Aura,,,,true,B|P|V,B,FAB|OMN,FAB470,https://legendstory-production-s3-public.s3.amazonaws.com/media/cards/large/FAB470-RFA.webp
DdtptrGpgDbnbDJgktBtk,Lightning Form,1,,Lightning,Deck,Lightning Action - Attack,1,5,2,true,R|P,R,AUA|LGS|OMN|ROS,AUA012,https://legendstory-production-s3-public.s3.amazonaws.com/media/cards/large/AUA012.webp
qkQLJNc7RM6LcztMdbrfz,Lightning Form,2,,Lightning,Deck,Lightning Action - Attack,1,4,2,true,R,R,ROS,ROS083,https://legendstory-production-s3-public.s3.amazonaws.com/media/cards/large/ROS083.webp
pLbjgzrzbGMwcd8mbRcRG,Lightning Form,3,,Lightning,Deck,Lightning Action - Attack,1,3,2,true,R,R,ROS,ROS084,https://legendstory-production-s3-public.s3.amazonaws.com/media/cards/large/ROS084.webp
dpPzdRQgfkBRgcHbWMQpt,Lightning Greaves,,,Lightning,Equipment,Lightning Equipment - Legs,,,1,true,P|L,P,FAB|ROS,FAB251,https://legendstory-production-s3-public.s3.amazonaws.com/media/cards/large/FAB251-GF.webp
9TcGzWhGzwHnn7FqfPbfR,Lightning Overload,1,Wizard,Lightning,Deck,Lightning Wizard Action,1,,3,true,C,C,OMN,OMN115,https://legendstory-production-s3-public.s3.amazonaws.com/media/cards/large/OMN115.webp
tBQtc8qMLfnmmGWCtFH9z,Lightning Overload,2,Wizard,Lightning,Deck,Lightning Wizard Action,1,,3,true,C,C,OMN,OMN116,https://legendstory-production-s3-public.s3.amazonaws.com/media/cards/large/OMN116.webp
mp8HwB7fRRz7wK9fRrTmw,Lightning Overload,3,Wizard,Lightning,Deck,Lightning Wizard Action,1,,3,true,C,C,OMN,OMN117,https://legendstory-production-s3-public.s3.amazonaws.com/media/cards/large/OMN117.webp
QWgWwdcd8GPj8dCjCmRCR,Lightning Press,1,,Lightning,Deck,Lightning Instant,0,,,true,R|P,R,AST|ELE|FAB|LXI|SBA,AST021,https://legendstory-production-s3-public.s3.amazonaws.com/media/cards/large/AST021.webp
CNgPdMm79nkPHpnqGQCFd,Lightning Press,2,,Lightning,Deck,Lightning Instant,0,,,true,R,R,ELE,ELE184,https://legendstory-production-s3-public.s3.amazonaws.com/media/cards/large/ELE184.webp
bjwkrWNdkhrMrPjMtdRmm,Lightning Press,3,,Lightning,Deck,Lightning Instant,0,,,true,R,R,AUR|ELE,AUR026,https://legendstory-production-s3-public.s3.amazonaws.com/media/cards/large/AUR026.webp
8BFGd6LjfLGgTBrJdmdqf,Lightning Surge,1,,Lightning,Deck,Lightning Action - Attack,0,4,2,true,C,C,AST|AUA|AUR|ELE|OSC|ROS|SBA,AST011,https://legendstory-production-s3-public.s3.amazonaws.com/media/cards/large/AST011.webp
b7tLTkWGQtKDhqKG9fjQq,Lightning Surge,2,,Lightning,Deck,Lightning Action - Attack,0,3,2,true,C,C,AUR|BRI|ELE|ROS,AUR018,https://legendstory-production-s3-public.s3.amazonaws.com/media/cards/large/AUR018.webp
6CrqfmG7dCTFgNzLbKtcc,Lightning Surge,3,,Lightning,Deck,Lightning Action - Attack,0,2,2,true,C,C,ELE|ROS,ELE191,https://legendstory-production-s3-public.s3.amazonaws.com/media/cards/large/ELE191.webp
R6NHGRHdjzP77nfqbDGHM,Limbs of Lignum Vitae,,,Earth,Equipment,Earth Equipment - Arms,,,1,true,R,R,PEN,PEN216,https://legendstory-production-s3-public.s3.amazonaws.com/media/cards/large/PEN216.webp
cw7GLPjtPFqMHJthzJCbw,"Limpit, Hop-a-long",2,Pirate|Necromancer,,Deck,Pirate Necromancer Action - Ally,0,2,,true,R|P|V,R,AGB|LGS|SEA|SGB,AGB016,https://legendstory-production-s3-public.s3.amazonaws.com/media/cards/large/AGB016.webp
8CRqBFWrD7R7kCrnJbKr9,Line,3,Ranger,,Deck,Ranger Action,0,,3,true,R,R,SEA,SEA104,https://legendstory-production-s3-public.s3.amazonaws.com/media/cards/large/SEA104.webp
7DfN7NwW9WbTpDNhFW8qW,Line Crossers,,,Reviled,Equipment,Reviled Equipment - Arms,,,1,true,R,R,PEN|SLY,PEN300,https://legendstory-production-s3-public.s3.amazonaws.com/media/cards/large/PEN300.webp
htRtFwB8MhppFMqwLnNzK,Line It Up,2,Ranger,,Deck,Ranger Action,1,,3,true,M,M,AAZ,AAZ024,https://legendstory-production-s3-public.s3.amazonaws.com/media/cards/large/AAZ024.webp
pdQGjBWQgfnrqhhLDGMkC,Lion's Pounce,,,,Deck,Event,,3,,false,C,C,SMP,SMP028,https://legendstory-production-s3-public.s3.amazonaws.com/media/cards/large/SMP028.webp
zRDd7cPpPd6KgTNtRPhbQ,Lionclaw Maul,,Guardian,Reviled,Weapon,Reviled Guardian Weapon - Hammer Axe (1H),,1,,true,M|P,M,GEM|OMN,GEM145,https://legendstory-production-s3-public.s3.amazonaws.com/media/cards/large/GEM145-CF.webp
qKWKLWtD8fBWHrRbKrwkT,Liquefy,1,,Draconic,Deck,Draconic Attack Reaction,1,,2,true,M,M,UPR,UPR087,https://legendstory-production-s3-public.s3.amazonaws.com/media/cards/large/UPR087.webp
p7QGFtHCDtj6b8r6wLFwB,Liquid-Cooled Mayhem,1,Mechanologist,,Deck,Mechanologist Action - Attack,4,6,3,true,R|P,R,EVO|LGS|TCC,EVO064,https://legendstory-production-s3-public.s3.amazonaws.com/media/cards/large/EVO064.webp
BzhRqCc9TLjNgJ9dKDPfc,Liquid-Cooled Mayhem,2,Mechanologist,,Deck,Mechanologist Action - Attack,4,5,3,true,R|P,R,EVO|LGS,EVO065,https://legendstory-production-s3-public.s3.amazonaws.com/media/cards/large/EVO065.webp
WrpTBBHz9Qgf79MwRGtCP,Liquid-Cooled Mayhem,3,Mechanologist,,Deck,Mechanologist Action - Attack,4,4,3,true,R|P,R,EVO|LGS|TCC,EVO066,https://legendstory-production-s3-public.s3.amazonaws.com/media/cards/large/EVO066.webp
gnkkkrwCnGpp7g8JHjFpK,Little Big Foot,1,Guardian,,Deck,Guardian Action - Attack,4,3,3,true,R,R,MPG,MPG038,https://legendstory-production-s3-public.s3.amazonaws.com/media/cards/large/MPG038.webp
9gHbFNMgRMfPHDQFB7pfq,Little Big Foot,2,Guardian,,Deck,Guardian Action - Attack,4,3,3,true,R,R,MPG,MPG039,https://legendstory-production-s3-public.s3.amazonaws.com/media/cards/large/MPG039.webp
DTzNKfTmjP6QLP8W8TpdF,Little Big Foot,3,Guardian,,Deck,Guardian Action - Attack,4,3,3,true,R,R,MPG,MPG040,https://legendstory-production-s3-public.s3.amazonaws.com/media/cards/large/MPG040.webp
HfTqKQj6gGzCwwdFhdLQL,Livewire Press,1,,Lightning,Deck,Lightning Instant,1,,,true,R,R,OMN,OMN159,https://legendstory-production-s3-public.s3.amazonaws.com/media/cards/large/OMN159.webp
88GhcGBpR8WDWQRr87hcn,Loan Shark,2,Pirate,,Deck,Pirate Action - Aura,0,,3,true,M,M,SEA,SEA131,https://legendstory-production-s3-public.s3.amazonaws.com/media/cards/large/SEA131.webp
tdCWDz6H6CWDMJ7CChhzW,Lobotomy,1,Assassin,,Deck,Assassin Action - Attack,0,3,3,true,M,M,PEN,PEN141,https://legendstory-production-s3-public.s3.amazonaws.com/media/cards/large/PEN141.webp
RBmR6mwf6mzwwg7nwtGzK,Locked and Loaded,1,Mechanologist,,Deck,Mechanologist Action,0,,3,true,C,C,ARC,ARC032,https://legendstory-production-s3-public.s3.amazonaws.com/media/cards/large/ARC032.webp
fftHpLKh8HbCDnTzgHbjF,Locked and Loaded,2,Mechanologist,,Deck,Mechanologist Action,0,,3,true,C,C,ARC,ARC033,https://legendstory-production-s3-public.s3.amazonaws.com/media/cards/large/ARC033.webp
nTqfpprmJbKkPMdNbdhRg,Locked and Loaded,3,Mechanologist,,Deck,Mechanologist Action,0,,3,true,C,C,ARC,ARC034,https://legendstory-production-s3-public.s3.amazonaws.com/media/cards/large/ARC034.webp
tBBCd9hNgWjQkTGDj7dPq,Log Fall,1,Guardian,Elemental,Deck,Elemental Guardian Action - Attack,3,5,3,true,C,C,TER,TER011,https://legendstory-production-s3-public.s3.amazonaws.com/media/cards/large/TER011.webp
kPNdhpwdWLw77zLDKfgdr,Log Fall,2,Guardian,Elemental,Deck,Elemental Guardian Action - Attack,3,4,3,true,C,C,TER,TER015,https://legendstory-production-s3-public.s3.amazonaws.com/media/cards/large/TER015.webp
Jcr8qghhWR9GPwR9GzDJq,Long Shot,1,Ranger,,Deck,Ranger Action - Arrow Attack,0,3,3,true,C,C,DYN,DYN165,https://legendstory-production-s3-public.s3.amazonaws.com/media/cards/large/DYN165.webp
Pbw7BCzT7RnLTqz7R8TgN,Long Shot,2,Ranger,,Deck,Ranger Action - Arrow Attack,0,2,3,true,C,C,DYN,DYN166,https://legendstory-production-s3-public.s3.amazonaws.com/media/cards/large/DYN166.webp
wcQzjTdhBwLkDWQbjLG8c,Long Shot,3,Ranger,,Deck,Ranger Action - Arrow Attack,0,1,3,true,C,C,DYN,DYN167,https://legendstory-production-s3-public.s3.amazonaws.com/media/cards/large/DYN167.webp
969HqThPzMmQtFhM9mNq8,Long Whisker Loyalty,1,Warrior,Draconic,Deck,Draconic Warrior Attack Reaction,0,,3,true,M|P,M,FAB|HNT,FAB317,https://legendstory-production-s3-public.s3.amazonaws.com/media/cards/large/FAB317-RF.webp
tNBLJKrbDpBL9TMb678wM,Longdraw Half-glove,,Ranger,,Equipment,Ranger Equipment - Arms,,,1,true,M,M,MST,MST232,https://legendstory-production-s3-public.s3.amazonaws.com/media/cards/large/MST232.webp
6tr7pJgCdgwkQ79TmpcnF,Longsword Leggings,,Warrior,,Equipment,Warrior Equipment - Legs,,,1,true,C,C,MPW,MPW016,https://legendstory-production-s3-public.s3.amazonaws.com/media/cards/large/MPW016.webp
MFbG9dt7gfRHbqpNKTJwR,Look Tuff,1,Generic,,Deck,Generic Action - Attack,3,8,3,true,R|P,R,FAB|SBZ|SEN|SIY|SUP,FAB398,https://legendstory-production-s3-public.s3.amazonaws.com/media/cards/large/FAB398-RF.webp
zn7jChRWnFCRdJTRbMmbw,Look Within,3,,Mystic,Deck,Mystic Action,0,,3,true,C,C,PEN,PEN273,https://legendstory-production-s3-public.s3.amazonaws.com/media/cards/large/PEN273.webp
JckmT8QFTgHWrGCBPNWKh,Looking for a Scrap,1,Generic,,Deck,Generic Action - Attack,1,4,2,true,R|P,R,ANQ|FAB|OUT,ANQ028,https://legendstory-production-s3-public.s3.amazonaws.com/media/cards/large/ANQ028.webp
ntNzmrhJNcwpc9pbjbFmL,Looking for a Scrap,2,Generic,,Deck,Generic Action - Attack,1,3,2,true,R,R,OUT,OUT196,https://legendstory-production-s3-public.s3.amazonaws.com/media/cards/large/OUT196.webp
bpQN7JWMfcWndWkjWkJwb,Looking for a Scrap,3,Generic,,Deck,Generic Action - Attack,1,2,2,true,R,R,OUT,OUT197,https://legendstory-production-s3-public.s3.amazonaws.com/media/cards/large/OUT197.webp
NdGdjWwfTnfdWGFL6tRwz,Looming Doom,3,Runeblade,,Deck,Runeblade Action - Aura,3,,3,true,M,M,DYN,DYN175,https://legendstory-production-s3-public.s3.amazonaws.com/media/cards/large/DYN175.webp
Lz787nr8ndnM9BrnPtjDC,Loot the Arsenal,3,Pirate|Necromancer,,Deck,Pirate Necromancer Action,0,,3,true,R|P,R,AGB|GEM|SGB,AGB027,https://legendstory-production-s3-public.s3.amazonaws.com/media/cards/large/AGB027.webp
bthMFnn9GbPQBnBT8cNj8,Loot the Hold,3,Pirate|Necromancer,,Deck,Pirate Necromancer Action,0,,3,true,R|P,R,AGB|GEM|SGB,AGB028,https://legendstory-production-s3-public.s3.amazonaws.com/media/cards/large/AGB028.webp
hTMnFLppC7Pjdk6hq8nWb,Lord of Wind,3,Ninja,,Deck,Ninja Action - Attack,0,2,3,true,M,M,1HP|WTR,1HP101,https://legendstory-production-s3-public.s3.amazonaws.com/media/cards/large/1HP101.webp
WprpWWNjq6F8BwRrTPFmM,Lord Sutcliffe,,Runeblade,,Deck,Runeblade Mentor,,,3,false,M|P,M,CHN|FAB,CHN002,https://legendstory-production-s3-public.s3.amazonaws.com/media/cards/large/CHN002.webp
bctJhnLdnWB9tqBJ6nNTN,Lost in Thought,1,Illusionist,,Deck,Illusionist Action,1,,2,true,M,M,DTD,DTD219,https://legendstory-production-s3-public.s3.amazonaws.com/media/cards/large/DTD219.webp
KddkfBmzB78rpH6j6CfBC,Lost in Transit,2,Pirate,,Deck,Pirate Block,,,3,true,R,R,SEA,SEA151,https://legendstory-production-s3-public.s3.amazonaws.com/media/cards/large/SEA151.webp
mnFrMd8TfpRFw7zrQ7b8B,Low Blow,1,,Reviled,Deck,Reviled Action - Attack,1,3,3,true,C|P,C,GEM|SUP,GEM093,https://legendstory-production-s3-public.s3.amazonaws.com/media/cards/large/GEM093.webp
9PCRhmGdjtCwJcn8hgn6t,Loyalty Beyond the Grave,1,,Draconic,Deck,"Draconic, Defense Reaction",0,,3,true,M,M,HNT,HNT150,https://legendstory-production-s3-public.s3.amazonaws.com/media/cards/large/HNT150.webp
pKtKBmHB8P6Nwr8TP7p6D,Lubricate,3,Mechanologist,,Deck,Mechanologist Instant,0,,,true,R|P,R,GEM|SEA,GEM044,https://legendstory-production-s3-public.s3.amazonaws.com/media/cards/large/GEM044.webp
L8wq9HzdqTwM8tLWCRGcR,Lumina Ascension,2,Warrior,Light,Deck,Light Warrior Action,0,,3,true,M,M,ASB|MON,ASB026,https://legendstory-production-s3-public.s3.amazonaws.com/media/cards/large/ASB026.webp
mrnPzLtk7hmh6qnznHRzK,Lumina Lance,2,,Light,Deck,Light Attack Reaction,0,,3,true,M,M,DTD,DTD080,https://legendstory-production-s3-public.s3.amazonaws.com/media/cards/large/DTD080.webp
TQ7Twhtm6zfkTTHTKdpJK,Luminaris,,Illusionist,Light,Weapon,Light Illusionist Weapon - Scepter (2H),,,,true,M|P,M,APR|CON|FAB|MON,APR002,https://legendstory-production-s3-public.s3.amazonaws.com/media/cards/large/APR002.webp
zcHmW9zd8TRqMMGc8PHmh,"Luminaris, Angel's Glow",,Illusionist,Light,Weapon,Light Illusionist Weapon - Scepter (2H),,,,true,M,M,HVY,HVY254,https://legendstory-production-s3-public.s3.amazonaws.com/media/cards/large/HVY254.webp
z8GG8N7Lkg6BQR7FnWcwp,"Luminaris, Celestial Fury",,Illusionist,Light,Weapon,Light Illusionist Weapon - Scepter (2H),,,,true,R|P,R,DTD|FAB|LGS,DTD003,https://legendstory-production-s3-public.s3.amazonaws.com/media/cards/large/DTD003.webp
HBpzWTwf7hkB8JC8FgNRG,Lunar Mirage,1,Illusionist,,Deck,Illusionist Action - Attack,0,3,3,true,M,M,PEN,PEN127,https://legendstory-production-s3-public.s3.amazonaws.com/media/cards/large/PEN127.webp
7nR6NLzNWChgrQQCgFbPT,Lunartide Plunderer,1,,Shadow,Deck,Shadow Action - Attack,3,7,2,true,C,C,MON,MON206,https://legendstory-production-s3-public.s3.amazonaws.com/media/cards/large/MON206.webp
GkJfHHnhbDNWnfwGNTznm,Lunartide Plunderer,2,,Shadow,Deck,Shadow Action - Attack,3,6,2,true,C,C,CHN|LEV|MON,CHN023,https://legendstory-production-s3-public.s3.amazonaws.com/media/cards/large/CHN023.webp
wFPpjqhRHHNdNkDbRffBF,Lunartide Plunderer,3,,Shadow,Deck,Shadow Action - Attack,3,5,2,true,C,C,MON,MON208,https://legendstory-production-s3-public.s3.amazonaws.com/media/cards/large/MON208.webp
KTHGJMmtDhhmTdbm9zcQC,Lunging Press,3,Generic,,Deck,Generic Attack Reaction,0,,2,true,C|R|P,C,BEN|BET|CRU|HVY|IRA|KAT|KSU,BEN026,https://legendstory-production-s3-public.s3.amazonaws.com/media/cards/large/BEN026.webp
QrHJnzKzpMwgfJMcKQ8Dp,Lyath Goldmane,,Guardian,Reviled,Hero,Reviled Guardian Hero - Young,,,,false,B|P|V,B,HER|SLY|SUP,HER152,https://legendstory-production-s3-public.s3.amazonaws.com/media/cards/large/HER152-RF.webp
MgKprw8PQjNKC7JDmppHh,"Lyath Goldmane, Vile Savant",,Guardian,Reviled,Hero,Reviled Guardian Hero,,,,true,B|P|V,B,HER|SUP|WIN,HER149,https://legendstory-production-s3-public.s3.amazonaws.com/media/cards/large/HER149-RF.webp
M67DjmFprnQ9rpr6wjbtG,Machinations of Dominion,3,Runeblade,,Deck,Runeblade Action,0,,3,true,M,M,ROS,ROS118,https://legendstory-production-s3-public.s3.amazonaws.com/media/cards/large/ROS118.webp
DRLzM9pggPjG76K6pFPt7,Macho Grande,1,Guardian,,Deck,Guardian Action - Attack,7,10,3,true,C|R|P,C,EVR|LGS|MPG,EVR027,https://legendstory-production-s3-public.s3.amazonaws.com/media/cards/large/EVR027.webp
rhW9zNJCfhP8RG7fHCLLH,Macho Grande,2,Guardian,,Deck,Guardian Action - Attack,7,9,3,true,C|R|P,C,EVR|LGS|MPG,EVR028,https://legendstory-production-s3-public.s3.amazonaws.com/media/cards/large/EVR028.webp
BQQmhzNRTm7rMzD87cFqR,Macho Grande,3,Guardian,,Deck,Guardian Action - Attack,7,8,3,true,C|R|P,C,APS|BDD|EVR|LGS|MPG|SBR,APS018,https://legendstory-production-s3-public.s3.amazonaws.com/media/cards/large/APS018.webp
FpCPnCGzzFrgrPpjpFP66,Madcap Charger,1,Brute,,Deck,Brute Action - Attack,1,5,3,true,C,C,DYN,DYN016,https://legendstory-production-s3-public.s3.amazonaws.com/media/cards/large/DYN016.webp
G7CgnmK9Wt8RNgrDFRBRW,Madcap Charger,2,Brute,,Deck,Brute Action - Attack,1,4,3,true,C,C,DYN,DYN017,https://legendstory-production-s3-public.s3.amazonaws.com/media/cards/large/DYN017.webp
THfGwNNRhtRrDpdtzFhwh,Madcap Charger,3,Brute,,Deck,Brute Action - Attack,1,3,3,true,C,C,DYN,DYN018,https://legendstory-production-s3-public.s3.amazonaws.com/media/cards/large/DYN018.webp
BPLmjtD9kP7DT9mJwbkR9,Madcap Muscle,1,Brute,,Deck,Brute Action - Attack,3,6,3,true,C,C,DYN,DYN019,https://legendstory-production-s3-public.s3.amazonaws.com/media/cards/large/DYN019.webp
JwfGnKbwmrTdnztBM89Wb,Madcap Muscle,2,Brute,,Deck,Brute Action - Attack,3,5,3,true,C,C,DYN,DYN020,https://legendstory-production-s3-public.s3.amazonaws.com/media/cards/large/DYN020.webp
JDBd7rjPKpDDWWHQFRLND,Madcap Muscle,3,Brute,,Deck,Brute Action - Attack,3,4,3,true,C,C,DYN,DYN021,https://legendstory-production-s3-public.s3.amazonaws.com/media/cards/large/DYN021.webp
NgGrjfPkc9BMGcrDBKNCT,Mage Hunter Arrow,1,Ranger,,Deck,Ranger Action - Arrow Attack,1,5,3,true,M,M,SUP,SUP257,https://legendstory-production-s3-public.s3.amazonaws.com/media/cards/large/SUP257.webp
T6b7mmKBRHjBq9TQwfRB7,Mage Master Boots,,Generic,,Equipment,Generic Equipment - Legs,,,0,true,C|P,C,1HP|APR|ARC|FAB|SGB,1HP357,https://legendstory-production-s3-public.s3.amazonaws.com/media/cards/large/1HP357.webp
JH8mLKJQjfKTt9Nb7Whf6,Magmatic Carapace,,Guardian,,Equipment,Guardian Equipment - Chest,,,2,true,R,R,PEN|SBR,PEN017,https://legendstory-production-s3-public.s3.amazonaws.com/media/cards/large/PEN017.webp
W8qgQqqTzWMFFcCCzTLGg,Magrar,,Merchant,,Equipment,Merchant Equipment - Off-Hand,,,,false,P,P,JDG,JDG038,https://legendstory-production-s3-public.s3.amazonaws.com/media/cards/large/JDG038-CF.webp
CwJMHg9zGWTRtRFhbWNbf,Malefic Incantation,1,Runeblade,,Deck,Runeblade Action - Aura,0,,2,true,R|P,R,AVS|FLR|GEM|ROS|SVI,AVS015,https://legendstory-production-s3-public.s3.amazonaws.com/media/cards/large/AVS015.webp
kbTJ7t7MLfLRNprLbJQRQ,Malefic Incantation,2,Runeblade,,Deck,Runeblade Action - Aura,0,,2,true,R,R,AVS|ROS|SVI,AVS022,https://legendstory-production-s3-public.s3.amazonaws.com/media/cards/large/AVS022.webp
9GqP669FDfnpMzmL7t7JW,Malefic Incantation,3,Runeblade,,Deck,Runeblade Action - Aura,0,,2,true,R,R,ROS,ROS132,https://legendstory-production-s3-public.s3.amazonaws.com/media/cards/large/ROS132.webp
dhMB8PhdHndJLzwgtF9t7,Malign,1,Assassin,,Deck,Assassin Action - Attack,0,3,3,true,C,C,ARA|OUT,ARA010,https://legendstory-production-s3-public.s3.amazonaws.com/media/cards/large/ARA010.webp
MTrq7nz6z7Gh7wPpKRwRb,Malign,2,Assassin,,Deck,Assassin Action - Attack,0,2,3,true,C,C,OUT,OUT031,https://legendstory-production-s3-public.s3.amazonaws.com/media/cards/large/OUT031.webp
MLtndtdrWkKgdDFD98HCp,Malign,3,Assassin,,Deck,Assassin Action - Attack,0,1,3,true,C,C,OUT,OUT032,https://legendstory-production-s3-public.s3.amazonaws.com/media/cards/large/OUT032.webp
hnDrHbrPbqpmKb6LDdGD9,Man Overboard,1,Pirate|Necromancer,,Deck,Pirate Necromancer Action - Attack,0,3,3,true,C|P,C,GEM|PEN,GEM126,https://legendstory-production-s3-public.s3.amazonaws.com/media/cards/large/GEM126.webp
khhhLhCrTWF7FJzn6KMkp,Man Overboard,2,Pirate|Necromancer,,Deck,Pirate Necromancer Action - Attack,0,2,3,true,C,C,PEN,PEN160,https://legendstory-production-s3-public.s3.amazonaws.com/media/cards/large/PEN160.webp
wPjK8RMLkQcp7BDrTLfpc,Man Overboard,3,Pirate|Necromancer,,Deck,Pirate Necromancer Action - Attack,0,1,3,true,C,C,PEN,PEN161,https://legendstory-production-s3-public.s3.amazonaws.com/media/cards/large/PEN161.webp
PRzqJ97HHdM6f8bLKhGzQ,Mandible Claw,,Brute,,Weapon,Brute Weapon - Claw (1H),,3,,true,T|C|R,T,1HP|AKO|CRU|HVY|RHI|SKA,1HP004,https://legendstory-production-s3-public.s3.amazonaws.com/media/cards/large/1HP004.webp
q7GfHcHBpWqCbtghcpnTj,Mangle,1,Guardian,,Deck,Guardian Action - Attack,4,8,3,true,M,M,1HP|AJV|CRU,1HP051,https://legendstory-production-s3-public.s3.amazonaws.com/media/cards/large/1HP051.webp
tGKpbmMLD7nkRRmzmRckm,Manifest Muscle,3,,Mystic,Deck,Mystic Action - Attack,3,5,3,true,C,C,PEN|SEN,PEN270,https://legendstory-production-s3-public.s3.amazonaws.com/media/cards/large/PEN270.webp
f8QrwNNrtgKcB8MwLRQh8,Manifestation of Miragai,3,Illusionist,Mystic,Deck,Mystic Illusionist Instant - Aura,3,,,true,M,M,MST,MST031,https://legendstory-production-s3-public.s3.amazonaws.com/media/cards/large/MST031.webp
RbgFbTMtHzGhq8dmDLwpG,March of Loyalty,1,,Draconic,Deck,Draconic Action - Attack,0,4,3,true,R|P,R,GEM|HNT,GEM016,https://legendstory-production-s3-public.s3.amazonaws.com/media/cards/large/GEM016.webp
FRDf9rPtwMg7MjfK6wWNP,Mark of Lightning,,,Lightning,Equipment,Lightning Equipment - Arms,,,0,true,C,C,ELE|LXI,ELE174,https://legendstory-production-s3-public.s3.amazonaws.com/media/cards/large/ELE174.webp
bQMPhRRzw8c6RgGK6crJn,Mark of the Beast,2,Brute,Shadow,Deck,Shadow Brute Action - Attack,2,6,3,true,M,M,MON,MON124,https://legendstory-production-s3-public.s3.amazonaws.com/media/cards/large/MON124.webp
hCc9J9k6MLJPh7rgzRhwg,Mark of the Black Widow,1,Assassin,,Deck,Assassin Action - Attack,0,3,3,true,C|P,C,AAC|GEM|HNT|SAR|WOD,AAC012,https://legendstory-production-s3-public.s3.amazonaws.com/media/cards/large/AAC012.webp
8PNj9qcfb8mnpfGwQBncz,Mark of the Black Widow,2,Assassin,,Deck,Assassin Action - Attack,0,2,3,true,C,C,HNT,HNT033,https://legendstory-production-s3-public.s3.amazonaws.com/media/cards/large/HNT033.webp
LwCDpdzLhqfQCJNBFCMcj,Mark of the Black Widow,3,Assassin,,Deck,Assassin Action - Attack,0,1,3,true,C,C,AAC|HNT|SAR|WOD,AAC025,https://legendstory-production-s3-public.s3.amazonaws.com/media/cards/large/AAC025.webp
9JwCpdKkGbHhD6JfmK687,Mark of the Funnel Web,1,Assassin,,Deck,Assassin Action - Attack,0,3,3,true,C|P,C,AAC|GEM|HNT|SAR|WOD,AAC013,https://legendstory-production-s3-public.s3.amazonaws.com/media/cards/large/AAC013.webp
nDLtfLWzrmGBGbB8mFdDw,Mark of the Funnel Web,2,Assassin,,Deck,Assassin Action - Attack,0,2,3,true,C,C,HNT,HNT036,https://legendstory-production-s3-public.s3.amazonaws.com/media/cards/large/HNT036.webp
PPzjfmqjC76wFt8RHT8K8,Mark of the Funnel Web,3,Assassin,,Deck,Assassin Action - Attack,0,1,3,true,C,C,AAC|HNT|WOD,AAC026,https://legendstory-production-s3-public.s3.amazonaws.com/media/cards/large/AAC026.webp
M9DL6cPLrKkmDhGpQL7Mg,Mark of the Huntsman,,Assassin,,Weapon,Assassin Weapon - Dagger (1H),,1,,true,T|C|P,T,GEM|HNT|LGS|SAR|WOD,GEM006,https://legendstory-production-s3-public.s3.amazonaws.com/media/cards/large/GEM006-CF.webp
qDPLzntJrMhgwd86gTN97,Mark the Prey,1,Assassin,,Deck,Assassin Action - Attack,0,3,3,true,C|P,C,GEM|HNT|SAR,GEM023,https://legendstory-production-s3-public.s3.amazonaws.com/media/cards/large/GEM023.webp
cJwfJgPHC8M7fQgrMhKHC,Mark the Prey,2,Assassin,,Deck,Assassin Action - Attack,0,2,3,true,C,C,HNT,HNT039,https://legendstory-production-s3-public.s3.amazonaws.com/media/cards/large/HNT039.webp
7qKwRbLbdMzcBLLJK9d6R,Mark the Prey,3,Assassin,,Deck,Assassin Action - Attack,0,1,3,true,C,C,HNT,HNT040,https://legendstory-production-s3-public.s3.amazonaws.com/media/cards/large/HNT040.webp
DcFccRh7KttKMbFkHnPqh,Mark with Magma,1,Ninja,Draconic,Deck,Draconic Ninja Action - Attack,1,4,3,true,C,C,CIN|HNT,CIN016,https://legendstory-production-s3-public.s3.amazonaws.com/media/cards/large/CIN016.webp
d7MHfCqtjhKzp6cLRJQCQ,Marked,,,,Deck,,,,,true,B|T|P,B,AAC|CIN|FAB|FNG|HNT|WOD,AAC031,https://legendstory-production-s3-public.s3.amazonaws.com/media/cards/large/AAC031.webp
N7PFFQLkdzRMDhzDWJWwW,Marlynn,,Pirate|Ranger,,Hero,Pirate Ranger Hero - Young,,,,false,B|P|V,B,HER|SEA,HER141,https://legendstory-production-s3-public.s3.amazonaws.com/media/cards/large/HER141-RF.webp
rTNChdmHbjN7HPNJJLzCt,"Marlynn, Treasure Hunter",,Pirate|Ranger,,Hero,Pirate Ranger Hero,,,,true,B|P|V,B,HER|SEA|WIN,HER139,https://legendstory-production-s3-public.s3.amazonaws.com/media/cards/large/HER139-RF.webp
mTf6RCrQ8NpGBBdbC6dQj,Mask of Deceit,,Assassin,,Equipment,Assassin Equipment - Head,,,2,true,P|L,P,FAB|HNT,FAB291,https://legendstory-production-s3-public.s3.amazonaws.com/media/cards/large/FAB291-GF.webp
WLbcgwmGhWDWgdcbdjgWt,Mask of Malicious Manifestations,,Assassin|Ranger,,Equipment,Assassin / Ranger Equipment - Head,,,1,true,C,C,ARA|OUT|RIP,ARA003,https://legendstory-production-s3-public.s3.amazonaws.com/media/cards/large/ARA003.webp
7qrdPcNmtPt9HN6TQHNJR,Mask of Many Faces,,Ninja,,Equipment,Ninja Equipment - Head,,,1,true,C,C,KAT|OUT,KAT003,https://legendstory-production-s3-public.s3.amazonaws.com/media/cards/large/KAT003.webp
GrB8WmQjkqnGJhDBwKQtn,Mask of Momentum,,Ninja,,Equipment,Ninja Equipment - Head,,,2,true,P|L,P,1HP|FAB|WTR,1HP095,https://legendstory-production-s3-public.s3.amazonaws.com/media/cards/large/1HP095.webp
RnjfWPNBLBd9nGR8RdhnT,Mask of Perdition,,Assassin,,Equipment,Assassin Equipment - Head,,,1,true,M,M,ARK|DYN,ARK003,https://legendstory-production-s3-public.s3.amazonaws.com/media/cards/large/ARK003.webp
qdzjnDqPpGjnHHqPgzmQC,Mask of Recurring Nightmares,,Assassin,Mystic,Equipment,Mystic Assassin Equipment - Head,,,2,true,P|L,P,FAB|MST,FAB225,https://legendstory-production-s3-public.s3.amazonaws.com/media/cards/large/FAB225-GF.webp
bbr8GPmnDkdphMkdpWkcM,Mask of Shifting Perspectives,,Assassin|Ninja,,Equipment,Assassin / Ninja Equipment - Head,,,1,true,C,C,BEN|OUT|UZU,BEN003,https://legendstory-production-s3-public.s3.amazonaws.com/media/cards/large/BEN003.webp
GBDFTmjdTmgRCdHngGWNR,Mask of the Pouncing Lynx,,Ninja,,Equipment,Ninja Equipment - Head,,,2,true,M|P,M,EVR|FAB,EVR037,https://legendstory-production-s3-public.s3.amazonaws.com/media/cards/large/EVR037.webp
g87mMPgfPPFTprgJCCkrQ,Mask of the Swarming Claw,,Ninja,,Equipment,Ninja Equipment - Head,,,0,true,R,R,PEN|SFA,PEN030,https://legendstory-production-s3-public.s3.amazonaws.com/media/cards/large/PEN030.webp
pdCLkLqDkmFhBtp7MFMfP,Mask of Three Tails,,Ninja,,Equipment,Ninja Equipment - Head,,,0,true,R|P,R,LGS|TCC,LGS258,https://legendstory-production-s3-public.s3.amazonaws.com/media/cards/large/LGS258-CF.webp
W9G8Kpb9cNTqNqpm8nJdz,Mask of Wizened Whiskers,,Ninja,,Equipment,Ninja Equipment - Head,,,1,true,C|P,C,LGS|MST|ZEN,LGS268,https://legendstory-production-s3-public.s3.amazonaws.com/media/cards/large/LGS268-RF.webp
dGqFDHg9FqzfbDcNcLPtP,Massacre,1,Brute,,Deck,Brute Action - Attack,3,6,3,true,M,M,1HP|ARR|CRU,1HP012,https://legendstory-production-s3-public.s3.amazonaws.com/media/cards/large/1HP012.webp
MLR9kCDtWdr7c67FQtNw7,Master Cog,2,Mechanologist,,Deck,Mechanologist Resource - Gem,,,,true,F,F,EVO,EVO000,https://legendstory-production-s3-public.s3.amazonaws.com/media/cards/large/EVO000-RF.webp
F7Btpwc6Cgn79D67Hkbpd,Maul,2,Ninja,,Deck,Ninja Attack Reaction,0,,3,true,M,M,MST,MST162,https://legendstory-production-s3-public.s3.amazonaws.com/media/cards/large/MST162.webp
Dg8tJh9RNQKhFWfqd8qDT,Mauling Qi,1,Ninja,,Deck,Ninja Action - Attack,1,5,3,true,M,M,TCC,TCC088,https://legendstory-production-s3-public.s3.amazonaws.com/media/cards/large/TCC088.webp
9CDHQQCrpWcFb7WnQPnJN,Mauvrion Skies,1,Runeblade,,Deck,Runeblade Action,0,,2,true,R|P,R,1HP|CRU|SVI|TNP,1HP276,https://legendstory-production-s3-public.s3.amazonaws.com/media/cards/large/1HP276.webp
qgBwpjpHqRJFddcwwbCK8,Mauvrion Skies,2,Runeblade,,Deck,Runeblade Action,0,,2,true,R|P,R,1HP|CRU|TNP,1HP277,https://legendstory-production-s3-public.s3.amazonaws.com/media/cards/large/1HP277.webp
tpCTjhFnCPJKBbPbRnFLM,Mauvrion Skies,3,Runeblade,,Deck,Runeblade Action,0,,2,true,R|P,R,1HP|AVS|CRU|SVI|TNP,1HP278,https://legendstory-production-s3-public.s3.amazonaws.com/media/cards/large/1HP278.webp
mkDw7d9PKRDtJT7bCCRjh,Maximum Velocity,1,Mechanologist,,Deck,Mechanologist Action - Attack,2,10,3,true,S|M,S,AIO|ARC|EVO,AIO010,https://legendstory-production-s3-public.s3.amazonaws.com/media/cards/large/AIO010.webp
tqBKqzRbFHWtBLQ7hhDgW,Maxx 'The Hype' Nitro,,Mechanologist,,Hero,Mechanologist Hero,,,,true,M|P,M,AMX|EVO|GEM|HER|WIN,AMX001,https://legendstory-production-s3-public.s3.amazonaws.com/media/cards/large/AMX001.webp
z7bLz9hhPDcwmTdQGf6TK,Maxx Nitro,,Mechanologist,,Hero,Mechanologist Hero - Young,,,,false,T|P,T,EVO|HER,EVO005,https://legendstory-production-s3-public.s3.amazonaws.com/media/cards/large/EVO005.webp
JgFBnrrK6K8qTw8nk9jK9,mBrio Base Cortex,,Mechanologist,,Equipment,Mechanologist Equipment - Base Chest,,,0,true,R,R,PEN,PEN059,https://legendstory-production-s3-public.s3.amazonaws.com/media/cards/large/PEN059.webp
RDcn7fQgNLdCnRwjJ8pPK,mBrio Base Digits,,Mechanologist,,Equipment,Mechanologist Equipment - Base Arms,,,1,true,R,R,PEN,PEN060,https://legendstory-production-s3-public.s3.amazonaws.com/media/cards/large/PEN060.webp
MLfgFRDKbTbWj8fBgMrjJ,mBrio Base Vizier,,Mechanologist,,Equipment,Mechanologist Equipment - Base Head,,,0,true,R,R,PEN,PEN058,https://legendstory-production-s3-public.s3.amazonaws.com/media/cards/large/PEN058.webp
dBjPM7HpftQtBRzdTwhQj,mBrio Base Walkers,,Mechanologist,,Equipment,Mechanologist Equipment - Base Legs,,,0,true,R,R,PEN,PEN061,https://legendstory-production-s3-public.s3.amazonaws.com/media/cards/large/PEN061.webp
rpF86BNmBttKMGpckqJnq,Meat and Greet,1,Runeblade,,Deck,Runeblade Action - Attack,1,4,3,true,C,C,1HP|AUA|CRU|ROS,1HP285,https://legendstory-production-s3-public.s3.amazonaws.com/media/cards/large/1HP285.webp
7cFGrC8JzLcFjRzJ8fnWH,Meat and Greet,2,Runeblade,,Deck,Runeblade Action - Attack,1,3,3,true,C,C,1HP|CRU|ROS,1HP286,https://legendstory-production-s3-public.s3.amazonaws.com/media/cards/large/1HP286.webp
kMHrRGnggnJtkzk7PhbH8,Meat and Greet,3,Runeblade,,Deck,Runeblade Action - Attack,1,2,3,true,C,C,1HP|CRU|ROS,1HP287,https://legendstory-production-s3-public.s3.amazonaws.com/media/cards/large/1HP287.webp
KFh8LdDmdJdmn9RJc8hhJ,Mechanical Strength,1,Mechanologist,,Deck,Mechanologist Action - Attack,3,5,3,true,R|P,R,EVO|LGS|TCC,EVO067,https://legendstory-production-s3-public.s3.amazonaws.com/media/cards/large/EVO067.webp
pHCcrc7zRQnTFLfqcpgjd,Mechanical Strength,2,Mechanologist,,Deck,Mechanologist Action - Attack,3,4,3,true,R|P,R,EVO|LGS,EVO068,https://legendstory-production-s3-public.s3.amazonaws.com/media/cards/large/EVO068.webp
7FfRqNrB8z7L6HjzTpbJd,Mechanical Strength,3,Mechanologist,,Deck,Mechanologist Action - Attack,3,3,3,true,R|P,R,EVO|LGS|TCC,EVO069,https://legendstory-production-s3-public.s3.amazonaws.com/media/cards/large/EVO069.webp
BWQhCMHmkKGCnHfNQ8jKH,Medkit,3,Mechanologist,,Deck,Mechanologist Action - Item,0,,,true,R,R,EVO,EVO076,https://legendstory-production-s3-public.s3.amazonaws.com/media/cards/large/EVO076.webp
GmnHWfMKzgJgpWKhQBmrM,Meet Madness,1,Assassin,Chaos,Deck,Chaos Assassin Action - Attack,0,3,3,true,M,M,AAC,AAC014,https://legendstory-production-s3-public.s3.amazonaws.com/media/cards/large/AAC014.webp
DG7DRnLw6kjDcMGH6hCmg,Meganetic Lockwave,3,Mechanologist,,Deck,Mechanologist Action,XXX,,3,true,M,M,EVO,EVO143,https://legendstory-production-s3-public.s3.amazonaws.com/media/cards/large/EVO143.webp
mBBqLnhkqmdBbQKnq7DMF,Meganetic Protocol,3,Mechanologist,,Deck,Mechanologist Action - Attack,3,5,3,true,M|P,M,EVO|FAB,EVO059,https://legendstory-production-s3-public.s3.amazonaws.com/media/cards/large/EVO059.webp
8hKgjhRrpGHqPGg76pzBN,Meganetic Shockwave,3,Mechanologist,,Deck,Mechanologist Action - Attack,2,4,3,true,M,M,CRU,CRU103,https://legendstory-production-s3-public.s3.amazonaws.com/media/cards/large/CRU103.webp
npDPz98H6BnJGDzHBmdGk,"Melody, Sing-along",,Bard,,Hero,Bard Hero - Young,,,,false,M|P,M,HER|TCC,HER103,https://legendstory-production-s3-public.s3.amazonaws.com/media/cards/large/HER103-CF.webp
CfdKKTqndtGPNzdh6gJ8w,Melting Point,1,Ranger,,Deck,Ranger Action,1,,3,true,M,M,OUT,OUT105,https://legendstory-production-s3-public.s3.amazonaws.com/media/cards/large/OUT105.webp
GHbp8dhJWHFLQdgCqHmjr,Memorial Ground,1,Generic,,Deck,Generic Instant,0,,,true,C|P,C,JDG|MON,JDG029,https://legendstory-production-s3-public.s3.amazonaws.com/media/cards/large/JDG029-CF.webp
N6qKrNNGTDhDB9mWtqWpq,Memorial Ground,2,Generic,,Deck,Generic Instant,0,,,true,C,C,AAZ|MON|SAZ,AAZ026,https://legendstory-production-s3-public.s3.amazonaws.com/media/cards/large/AAZ026.webp
bfGrrnP6HphFqNwtGCppJ,Memorial Ground,3,Generic,,Deck,Generic Instant,0,,,true,C,C,MON,MON305,https://legendstory-production-s3-public.s3.amazonaws.com/media/cards/large/MON305.webp
TkhKrkDWhcwTJbHng7TrP,Mental Block,3,Wizard,,Deck,Wizard Block,,,2,true,M,M,ROS,ROS169,https://legendstory-production-s3-public.s3.amazonaws.com/media/cards/large/ROS169.webp
q7wHrf9PJpkmfdBQWQBzz,Merciful Retribution,2,Illusionist,Light,Deck,Light Illusionist Instant - Aura,4,,,true,R|P,R,APR|FAB|MON|PSM,APR018,https://legendstory-production-s3-public.s3.amazonaws.com/media/cards/large/APR018.webp
nGkpNDKckjzwbzBqM7N8f,Merciless Battleaxe,,Warrior,,Weapon,Warrior Weapon - Axe (2H),,3,,true,M|V,M,DYN,DYN068,https://legendstory-production-s3-public.s3.amazonaws.com/media/cards/large/DYN068.webp
7ctThgNHLCTRztRgQKhk7,Mercurial Skies,1,Runeblade,Lightning,Deck,Lightning Runeblade Action,0,,2,true,R,R,OMN,OMN059,https://legendstory-production-s3-public.s3.amazonaws.com/media/cards/large/OMN059.webp
mRgkGjNqnHPpwcwzwLwHJ,Mercurial Skies,2,Runeblade,Lightning,Deck,Lightning Runeblade Action,0,,2,true,R,R,OMN,OMN060,https://legendstory-production-s3-public.s3.amazonaws.com/media/cards/large/OMN060.webp
RmCnthNDKJ977KcRNmMbg,Mercurial Skies,3,Runeblade,Lightning,Deck,Lightning Runeblade Action,0,,2,true,R,R,OMN,OMN061,https://legendstory-production-s3-public.s3.amazonaws.com/media/cards/large/OMN061.webp
GgRFLW8zdKbNJtgfFTFkp,Meridian Pathway,,Illusionist,Mystic,Equipment,Mystic Illusionist Equipment - Legs,,,,true,P|L,P,FAB|MST,FAB226,https://legendstory-production-s3-public.s3.amazonaws.com/media/cards/large/FAB226-GF.webp
RDTDDzfpjwLc9QrLWhqtB,Metacarpus Node,,Wizard,,Equipment,Wizard Equipment - Arms,,,0,true,M|P,M,1HP|CRU|FAB,1HP307,https://legendstory-production-s3-public.s3.amazonaws.com/media/cards/large/1HP307.webp
kLWrkbbDknfq8fR8TgHnL,Meteoric Impact,1,Wizard,Lightning,Deck,Lightning Wizard Action,1,,3,true,C,C,OMN,OMN118,https://legendstory-production-s3-public.s3.amazonaws.com/media/cards/large/OMN118.webp
pWjWpGdCjTKHFDh9FJCrQ,Meteoric Impact,2,Wizard,Lightning,Deck,Lightning Wizard Action,1,,3,true,C,C,OMN,OMN119,https://legendstory-production-s3-public.s3.amazonaws.com/media/cards/large/OMN119.webp
MwqB6GDDJFWdmCBtnHPc9,Meteoric Impact,3,Wizard,Lightning,Deck,Lightning Wizard Action,1,,3,true,C,C,OMN,OMN120,https://legendstory-production-s3-public.s3.amazonaws.com/media/cards/large/OMN120.webp
cmbfFHBr6hjhrdmNNQGg6,Meteoric Rise,1,,Lightning,Deck,Lightning Action - Attack,1,5,2,true,R|P,R,FAB|OMN,FAB472,https://legendstory-production-s3-public.s3.amazonaws.com/media/cards/large/FAB472-RF.webp
FPCtrDJKLwTRHh7C6ckd6,MetEx,1,Mechanologist,,Deck,Mechanologist Action - Attack,1,4,3,true,C,C,EVO,EVO201,https://legendstory-production-s3-public.s3.amazonaws.com/media/cards/large/EVO201.webp
qtnfPdFjH8RTzn6DhHzfC,MetEx,2,Mechanologist,,Deck,Mechanologist Action - Attack,1,3,3,true,C,C,EVO,EVO202,https://legendstory-production-s3-public.s3.amazonaws.com/media/cards/large/EVO202.webp
krRzDjQr7CKM9wWkGgLpg,MetEx,3,Mechanologist,,Deck,Mechanologist Action - Attack,1,2,3,true,C,C,EVO,EVO203,https://legendstory-production-s3-public.s3.amazonaws.com/media/cards/large/EVO203.webp
9FTLChcm8Jkpnhmhh8CPK,"Metis, Archangel of Tenacity",,,Light,Deck,Light - Angel Ally,,4,,true,M|V,M,DTD,DTD010,https://legendstory-production-s3-public.s3.amazonaws.com/media/cards/large/DTD010_BACK.webp
MBGNCzRpfLJ6bqMpMzppm,MHz Script,2,Mechanologist,,Deck,Mechanologist Action - Item,0,,,true,C,C,EVO,EVO097,https://legendstory-production-s3-public.s3.amazonaws.com/media/cards/large/EVO097.webp
r8fjLMCFnQhFrRjwpMTgK,Micro-processor,3,Mechanologist,,Deck,Mechanologist Action - Item,2,,,true,M,M,EVR,EVR070,https://legendstory-production-s3-public.s3.amazonaws.com/media/cards/large/EVR070.webp
mFpKJrtphdgPmTDK7T7PJ,Midas Touch,2,Generic,,Deck,Generic Action,1,,3,true,M,M,ANQ|SEA,ANQ021,https://legendstory-production-s3-public.s3.amazonaws.com/media/cards/large/ANQ021.webp
6gqTwGnmHjkCLDqKPWt8c,Might,,Generic,,Token,Generic Token - Aura,,,,true,B|T|P,B,AKO|ARR|BET|FAB|HVY|KYO|LGS|RHI|SKA|SLY|SUP|TCC|TER|VIC,AKO028,https://legendstory-production-s3-public.s3.amazonaws.com/media/cards/large/AKO028.webp
RGHRQgGJdBhBPgM9Pfgw7,Mighty Windup,1,Brute|Guardian,,Deck,Brute / Guardian Action - Attack,3,7,2,true,C,C,HVY|RHI,HVY143,https://legendstory-production-s3-public.s3.amazonaws.com/media/cards/large/HVY143.webp
wWrJrBcLPWcwc7RTrc6Bk,Mighty Windup,2,Brute|Guardian,,Deck,Brute / Guardian Action - Attack,3,6,2,true,C,C,HVY|RHI|VIC,HVY144,https://legendstory-production-s3-public.s3.amazonaws.com/media/cards/large/HVY144.webp
RjjGjcfnzzmwGGw6DcLWj,Mighty Windup,3,Brute|Guardian,,Deck,Brute / Guardian Action - Attack,3,5,2,true,C,C,AKO|HVY|KYO|VIC,AKO020,https://legendstory-production-s3-public.s3.amazonaws.com/media/cards/large/AKO020.webp
kjJTFcHjQdjkfFNr8kRQw,Mightybone Knuckles,,,Reviled,Equipment,Reviled Equipment - Arms,,,1,true,C,C,SUP,SUP080,https://legendstory-production-s3-public.s3.amazonaws.com/media/cards/large/SUP080.webp
RRfwzgrbMbFGNqppnD8rB,Miller's Grindstone,,Guardian,,Weapon,Guardian Weapon - Hammer (1H),,4,,true,R|P,R,HVY|LGS|VIC,HVY050,https://legendstory-production-s3-public.s3.amazonaws.com/media/cards/large/HVY050.webp
QNqdkrjrQND77MrKwwMtm,Mind Meets Might,1,Illusionist,,Deck,Illusionist Action - Attack,3,7,3,true,M,M,PEN,PEN128,https://legendstory-production-s3-public.s3.amazonaws.com/media/cards/large/PEN128.webp
LBLTcF8zccK7mKLcDqgPb,Mind Warp,2,Wizard,,Deck,Wizard Action,0,,3,true,M,M,DYN,DYN194,https://legendstory-production-s3-public.s3.amazonaws.com/media/cards/large/DYN194.webp
MqwKQzHWH9pbKCCrBnzbN,Mind's Desire,1,Assassin,,Deck,Assassin Action - Attack,0,3,3,true,C,C,MST|NUU,MST124,https://legendstory-production-s3-public.s3.amazonaws.com/media/cards/large/MST124.webp
qQRkbt6WDKDMNbMRrqPC9,Mind's Desire,2,Assassin,,Deck,Assassin Action - Attack,0,2,3,true,C,C,MST,MST125,https://legendstory-production-s3-public.s3.amazonaws.com/media/cards/large/MST125.webp
7n96D77LqTKKkhnMrNTwr,Mind's Desire,3,Assassin,,Deck,Assassin Action - Attack,0,1,3,true,C,C,MST|NUU,MST126,https://legendstory-production-s3-public.s3.amazonaws.com/media/cards/large/MST126.webp
PnhGtMCHdMDGwzLj9JGwQ,Mindstate of Tiger,3,Ninja,,Deck,Ninja Action - Aura,0,,3,true,M,M,DYN,DYN048,https://legendstory-production-s3-public.s3.amazonaws.com/media/cards/large/DYN048.webp
RkrCbfz9npggPKrTHFN8z,Minerva Themis,,Warrior,,Deck,Warrior Mentor,,,3,false,M|P,M,BOL|FAB,BOL002,https://legendstory-production-s3-public.s3.amazonaws.com/media/cards/large/BOL002.webp
JcKjfFNMNnBQDB8NWhm9C,Mini Forcefield,1,Mechanologist,,Deck,Mechanologist Action - Item,1,,,true,C,C,EVO,EVO093,https://legendstory-production-s3-public.s3.amazonaws.com/media/cards/large/EVO093.webp
MGkPWTqMmP89btPrFNjdh,Mini Forcefield,2,Mechanologist,,Deck,Mechanologist Action - Item,1,,,true,C,C,EVO,EVO094,https://legendstory-production-s3-public.s3.amazonaws.com/media/cards/large/EVO094.webp
NWHc8gmFBQMrHFqb67NLh,Mini Forcefield,3,Mechanologist,,Deck,Mechanologist Action - Item,1,,,true,C,C,EVO,EVO095,https://legendstory-production-s3-public.s3.amazonaws.com/media/cards/large/EVO095.webp
jhhhz6KGqJtTdjBhLTF7B,Mini Meataxe,,Brute,,Weapon,Brute Weapon - Axe (1H),,3,,true,R|P,R,HVY|KYO|LGS,HVY007,https://legendstory-production-s3-public.s3.amazonaws.com/media/cards/large/HVY007.webp
hFFjjMfRw6J8KhBC7Tdzj,Minnowism,1,Generic,,Deck,Generic Action,0,,2,true,C,C,MON,MON296,https://legendstory-production-s3-public.s3.amazonaws.com/media/cards/large/MON296.webp
CbJgbPBCGkgwbwkLRPd8m,Minnowism,2,Generic,,Deck,Generic Action,0,,2,true,C,C,MON,MON297,https://legendstory-production-s3-public.s3.amazonaws.com/media/cards/large/MON297.webp
BNMTzb6WbFTGp7PFnHD6d,Minnowism,3,Generic,,Deck,Generic Action,0,,2,true,C,C,MON,MON298,https://legendstory-production-s3-public.s3.amazonaws.com/media/cards/large/MON298.webp
Nhdt8dQ86kQhLgFd8cd8z,Miragai,,Illusionist,Draconic,Deck,Draconic Illusionist - Dragon Ally,,2,,true,R|V,R,UPR,UPR012,https://legendstory-production-s3-public.s3.amazonaws.com/media/cards/large/UPR012_BACK.webp
pHgFMqh8jQ6QNGKmNr67Q,Miraging Metamorph,1,Illusionist,,Deck,Illusionist Action - Attack,1,7,3,true,M,M,AZS|EVR,AZS010,https://legendstory-production-s3-public.s3.amazonaws.com/media/cards/large/AZS010.webp
dhmDDqtfNCPcBnzfTKzrp,Mischievous Meeps,1,Generic,,Deck,Generic Action - Attack,1,2,2,true,M|P,M,DTD|JDG,DTD227,https://legendstory-production-s3-public.s3.amazonaws.com/media/cards/large/DTD227.webp
bCqKMLLRmjkM7K9TPKrNb,Misfire Dampener,,Mechanologist,,Equipment,Mechanologist Equipment - Arms,,,1,true,M,M,HNT,HNT250,https://legendstory-production-s3-public.s3.amazonaws.com/media/cards/large/HNT250.webp
wJkMnrWFtbnjLLtkCr6zC,Mist Hunter,1,Assassin,,Deck,Assassin Action - Attack,0,4,3,true,R,R,PEN,PEN143,https://legendstory-production-s3-public.s3.amazonaws.com/media/cards/large/PEN143.webp
MNRCq9PnNd7FdK6MThH7K,Mistborn Protector,3,,Mystic,Deck,Mystic Defense Reaction,0,,2,true,C,C,PEN,PEN271,https://legendstory-production-s3-public.s3.amazonaws.com/media/cards/large/PEN271.webp
gJH8NpPRNdFtTbDQTDzHL,Mistcloak Gully,,,Mystic,Deck,Mystic Instant - Landmark,1,,,true,F,F,MST,MST000,https://legendstory-production-s3-public.s3.amazonaws.com/media/cards/large/MST000-RF.webp
m7nLdbTgfJKmdQrmCDTcq,Mocking Blow,1,,Reviled,Deck,Reviled Action - Attack,0,1,3,true,R|P,R,FAB|SLY|SUP,FAB381,https://legendstory-production-s3-public.s3.amazonaws.com/media/cards/large/FAB381-RF.webp
f68hNDr6wCPfJ9c9b7Lqf,Mocking Blow,2,,Reviled,Deck,Reviled Action - Attack,0,1,3,true,R|P,R,FAB|SLY|SUP,FAB382,https://legendstory-production-s3-public.s3.amazonaws.com/media/cards/large/FAB382-RF.webp
kTNFffN8hnrk7cr8zNkQP,Mocking Blow,3,,Reviled,Deck,Reviled Action - Attack,0,1,3,true,R|P,R,FAB|SLY|SUP,FAB383,https://legendstory-production-s3-public.s3.amazonaws.com/media/cards/large/FAB383-RF.webp
6kFn87DgtCPtJ9J9M6zGL,Moment Maker,,Guardian,Revered,Weapon,Revered Guardian Weapon - Hammer Axe (2H),,4,,true,M|P,M,APS|GEM,APS003,https://legendstory-production-s3-public.s3.amazonaws.com/media/cards/large/APS003-RF.webp
JnLNPdCz8Fkp6KJ7TMLdj,Money or Your Life?,1,Generic,,Deck,Generic Action - Attack,3,6,2,true,R,R,SEA,SEA203,https://legendstory-production-s3-public.s3.amazonaws.com/media/cards/large/SEA203.webp
tDFjkc6tL8qqHC9n9nCrh,Money or Your Life?,2,Generic,,Deck,Generic Action - Attack,3,5,2,true,R,R,SEA,SEA204,https://legendstory-production-s3-public.s3.amazonaws.com/media/cards/large/SEA204.webp
FG8PKbFmKK7Tgck8BjrdW,Money or Your Life?,3,Generic,,Deck,Generic Action - Attack,3,4,2,true,R,R,SEA,SEA205,https://legendstory-production-s3-public.s3.amazonaws.com/media/cards/large/SEA205.webp
7mgnPjCmmLc9K9WwLdhJ6,Money Where Ya Mouth Is,1,Generic,,Deck,Generic Action,1,,2,true,C,C,AOL|BET|HVY|MPW,AOL016,https://legendstory-production-s3-public.s3.amazonaws.com/media/cards/large/AOL016.webp
B7Db99Nw9PFrJLmRzPT7t,Money Where Ya Mouth Is,2,Generic,,Deck,Generic Action,1,,2,true,C,C,BET|HVY,BET018,https://legendstory-production-s3-public.s3.amazonaws.com/media/cards/large/BET018.webp
9BM9L9zrh8BgBWkPDdJgf,Money Where Ya Mouth Is,3,Generic,,Deck,Generic Action,1,,2,true,C,C,BET|HVY,BET025,https://legendstory-production-s3-public.s3.amazonaws.com/media/cards/large/BET025.webp
qrzhp6bWn7rbTFt9fHw7k,Monkey Powder,1,Ranger,,Deck,Ranger Action,3,,2,true,R,R,SEA,SEA102,https://legendstory-production-s3-public.s3.amazonaws.com/media/cards/large/SEA102-RF.webp
wq7t69bcdmMbLRdgRMLpk,Monolith of Galcia,3,Guardian,Ice,Deck,Ice Guardian Action,3,,2,true,R,R,PEN,PEN225,https://legendstory-production-s3-public.s3.amazonaws.com/media/cards/large/PEN225.webp
t68gtGcPf8H9wTGBCfj8L,Monstrous Veil,,Brute,,Equipment,Brute Equipment - Head,,,1,true,R|P,R,HVY|LGS|RHI,HVY010,https://legendstory-production-s3-public.s3.amazonaws.com/media/cards/large/HVY010.webp
pDpQ79NgQN6MQtz9zQrCW,Moon Chakra,1,Illusionist,Mystic,Deck,Mystic Illusionist Instant,0,,,true,R|P,R,LGS|MST,LGS263,https://legendstory-production-s3-public.s3.amazonaws.com/media/cards/large/LGS263-CF.webp
hpqCzzRJJHRhkWLcL8QDh,Moon Chakra,2,Illusionist,Mystic,Deck,Mystic Illusionist Instant,0,,,true,R,R,MST,MST035,https://legendstory-production-s3-public.s3.amazonaws.com/media/cards/large/MST035.webp
CNcQBLQccWPfJdd8Dm86g,Moon Chakra,3,Illusionist,Mystic,Deck,Mystic Illusionist Instant,0,,,true,R,R,ENG|MST,ENG023,https://legendstory-production-s3-public.s3.amazonaws.com/media/cards/large/ENG023.webp
mhLrKM6RbWGGHNrTGjtMw,Moon Wish,1,Generic,,Deck,Generic Action - Attack,2,5,2,true,C,C,ARC,ARC185,https://legendstory-production-s3-public.s3.amazonaws.com/media/cards/large/ARC185.webp
B6bKcfDKzkQrTgCnbQKW7,Moon Wish,2,Generic,,Deck,Generic Action - Attack,2,4,2,true,C,C,ARC,ARC186,https://legendstory-production-s3-public.s3.amazonaws.com/media/cards/large/ARC186.webp
KdMNrGqDGQ9JPMbWjrr8M,Moon Wish,3,Generic,,Deck,Generic Action - Attack,2,3,2,true,C,C,ARC,ARC187,https://legendstory-production-s3-public.s3.amazonaws.com/media/cards/large/ARC187.webp
khj76ndGTj7gDDQNwzjqw,Moonshot,2,Mechanologist,,Deck,Mechanologist Action - Attack,XX,3,3,true,M,M,EVO,EVO140,https://legendstory-production-s3-public.s3.amazonaws.com/media/cards/large/EVO140.webp
HNFBzNgGjf6JnH9h6PKFJ,Moray le Fay,2,Pirate|Necromancer,,Deck,Pirate Necromancer Action - Ally,0,0,,true,M|P|V,M,GEM|SEA,GEM047,https://legendstory-production-s3-public.s3.amazonaws.com/media/cards/large/GEM047-RF.webp
8djTKwBRrz8W69BGtCbk9,Mordred Tide,1,Runeblade,,Deck,Runeblade Action,0,,3,true,M,M,1HP|ARC|AVS,1HP268,https://legendstory-production-s3-public.s3.amazonaws.com/media/cards/large/1HP268.webp
8pHBB7MrH9TG7MnnJgMRT,Morlock Hill,3,Warrior,,Deck,Warrior Instant,0,,,true,M,M,DTD,DTD209,https://legendstory-production-s3-public.s3.amazonaws.com/media/cards/large/DTD209.webp
zm8RTpG8Jw7T8PznjNrdn,Mounting Anger,1,Ninja,Draconic,Deck,Draconic Ninja Action - Attack,1,4,2,true,R,R,SFA|UPR,SFA020,https://legendstory-production-s3-public.s3.amazonaws.com/media/cards/large/SFA020.webp
rtrcD9FRqqtQNnh9dwwd7,Mounting Anger,2,Ninja,Draconic,Deck,Draconic Ninja Action - Attack,1,3,2,true,R,R,UPR,UPR055,https://legendstory-production-s3-public.s3.amazonaws.com/media/cards/large/UPR055.webp
kCHmfqF7QQHKTczPTgM8z,Mounting Anger,3,Ninja,Draconic,Deck,Draconic Ninja Action - Attack,1,2,2,true,R,R,UPR,UPR056,https://legendstory-production-s3-public.s3.amazonaws.com/media/cards/large/UPR056.webp
N7WdmmWqLrgc7hhzmpjbD,Mournful Casket,,Necromancer,,Equipment,Necromancer Equipment - Chest,,,1,true,R,R,PEN|SGB,PEN153,https://legendstory-production-s3-public.s3.amazonaws.com/media/cards/large/PEN153.webp
zjzpNfJzKkkQPptTjCthC,Mugenshi: RELEASE,2,Ninja,,Deck,Ninja Action - Attack,1,4,3,true,S|M,S,1HP|WTR,1HP102,https://legendstory-production-s3-public.s3.amazonaws.com/media/cards/large/1HP102.webp
NzNGr8RbNhdmHBqNcTqLg,Mulch,1,Guardian,Elemental,Deck,Elemental Guardian Action - Attack,4,8,3,true,C,C,ELE,ELE019,https://legendstory-production-s3-public.s3.amazonaws.com/media/cards/large/ELE019.webp
TR6gqd7DKzPwdLdF9FCbP,Mulch,2,Guardian,Elemental,Deck,Elemental Guardian Action - Attack,4,7,3,true,C,C,ELE,ELE020,https://legendstory-production-s3-public.s3.amazonaws.com/media/cards/large/ELE020.webp
hMBwBfHp8F7rBbMTwH9Kz,Mulch,3,Guardian,Elemental,Deck,Elemental Guardian Action - Attack,4,6,3,true,C,C,ELE|OLD,ELE021,https://legendstory-production-s3-public.s3.amazonaws.com/media/cards/large/ELE021.webp
jDPCKWMC9wbhQHtDj8fzM,Murderous Rabble,3,Pirate,,Deck,Pirate Action - Attack,0,0,3,true,R,R,AGB|SEA|SGB,AGB023,https://legendstory-production-s3-public.s3.amazonaws.com/media/cards/large/AGB023.webp
pwFkWbwFjKnnhTNQzgLJK,Murkmire Grapnel,1,Ranger,,Deck,Ranger Action - Arrow Attack,0,4,3,true,C,C,AZL|OUT|RIP|SAZ,AZL010,https://legendstory-production-s3-public.s3.amazonaws.com/media/cards/large/AZL010.webp
RNnkTtQK8QpLJKDTqK97M,Murkmire Grapnel,2,Ranger,,Deck,Ranger Action - Arrow Attack,0,3,3,true,C,C,OUT|RIP,OUT122,https://legendstory-production-s3-public.s3.amazonaws.com/media/cards/large/OUT122.webp
MFMLnHfwqKpqhKhcHTGHt,Murkmire Grapnel,3,Ranger,,Deck,Ranger Action - Arrow Attack,0,2,3,true,C,C,OUT,OUT123,https://legendstory-production-s3-public.s3.amazonaws.com/media/cards/large/OUT123.webp
RmpWGrQMtkjKRfd8QqrGJ,Murky Water,1,Ranger,,Deck,Ranger Action - Arrow Attack,2,6,3,true,M,M,MST,MST233,https://legendstory-production-s3-public.s3.amazonaws.com/media/cards/large/MST233.webp
Nq9dPQ8KmtgWjCczcJQfz,Muscle Mutt,2,Generic,,Deck,Generic Action - Attack,3,6,2,true,C,C,RVD,RVD018,https://legendstory-production-s3-public.s3.amazonaws.com/media/cards/large/RVD018.webp
Fw7hr8tGFkDbJkJB8Gjhk,Mutated Mass,3,,Shadow,Deck,Shadow Action - Attack,1,*,*,true,M,M,MON,MON191,https://legendstory-production-s3-public.s3.amazonaws.com/media/cards/large/MON191.webp
6TFrJmTqf9DjPmgPrmd8m,Mutiny on the Battalion Barque,3,Pirate,,Deck,Pirate Action,0,,2,true,C,C,SEA,SEA176,https://legendstory-production-s3-public.s3.amazonaws.com/media/cards/large/SEA176.webp
JnzNgM8krkHCW67dfWJLP,Mutiny on the Nimbus Sovereign,3,Pirate,,Deck,Pirate Action,0,,2,true,C,C,SEA,SEA177,https://legendstory-production-s3-public.s3.amazonaws.com/media/cards/large/SEA177.webp
JwdBp6DFwFkG9npJ78jbK,Mutiny on the Swiftwater,3,Pirate,,Deck,Pirate Action,0,,2,true,C,C,SEA,SEA178,https://legendstory-production-s3-public.s3.amazonaws.com/media/cards/large/SEA178.webp
jTqtrLChdJz6wnctGhpKc,Mutually Assured Destruction,1,Assassin,,Deck,Assassin Action - Attack,2,6,3,true,M,M,MPA,MPA022,https://legendstory-production-s3-public.s3.amazonaws.com/media/cards/large/MPA022.webp
zJ9h7zCdQcttTrmgLR6q9,Myrkhellir Helm,,Generic,,Equipment,Generic Equipment - Head,,,1,true,R,R,PEN,PEN315,https://legendstory-production-s3-public.s3.amazonaws.com/media/cards/large/PEN315.webp
GpmN8jcWjbH7fMHd7hWjJ,"Nasreth, the Soul Harrower",,,Shadow,Token,Shadow Token - Demon Ally,,6,,true,C|V,C,DTD,DTD193,https://legendstory-production-s3-public.s3.amazonaws.com/media/cards/large/DTD193.webp
fgPwzMt7tqqtN77zFbjzP,Nasty Surprise,3,Generic,,Deck,Generic Action - Attack,0,2,3,true,M,M,HVY,HVY207,https://legendstory-production-s3-public.s3.amazonaws.com/media/cards/large/HVY207.webp
DHDCCL77FKTkQPTqKnG9B,Nature's Path Pilgrimage,1,Warrior,,Deck,Warrior Action,1,,3,true,C,C,1HP|MPW|TEA|WTR,1HP177,https://legendstory-production-s3-public.s3.amazonaws.com/media/cards/large/1HP177.webp
RKbRPkHTBMrQBjf789nwC,Nature's Path Pilgrimage,2,Warrior,,Deck,Warrior Action,1,,3,true,C,C,1HP|WTR,1HP178,https://legendstory-production-s3-public.s3.amazonaws.com/media/cards/large/1HP178.webp
khPW7Md6ncCCq9z7JGCqh,Nature's Path Pilgrimage,3,Warrior,,Deck,Warrior Action,1,,3,true,C,C,1HP|TEA|WTR,1HP179,https://legendstory-production-s3-public.s3.amazonaws.com/media/cards/large/1HP179.webp
RWwk8hgBdnRdWfjkrfJHt,Nebula Blade,,Runeblade,,Weapon,Runeblade Weapon - Sword (2H),,1,,true,T|C|P,T,1HP|ARC|AVS|CRU|LGS,1HP260,https://legendstory-production-s3-public.s3.amazonaws.com/media/cards/large/1HP260.webp
wpjRKCTP7LDRPJ9JQRTWQ,Nebula Duality,1,Wizard,Lightning,Deck,Lightning Wizard Action,0,,3,true,C|P,C,FAB|OMN,FAB465,https://legendstory-production-s3-public.s3.amazonaws.com/media/cards/large/FAB465-MV.webp
NJzwDLBDqqptTpFQTpkNm,Nebula Duality,2,Wizard,Lightning,Deck,Lightning Wizard Action,0,,3,true,C,C,OMN,OMN122,https://legendstory-production-s3-public.s3.amazonaws.com/media/cards/large/OMN122.webp
NrmFkQH9q78BrzKJ8L9DJ,Nebula Duality,3,Wizard,Lightning,Deck,Lightning Wizard Action,0,,3,true,C,C,OMN,OMN123,https://legendstory-production-s3-public.s3.amazonaws.com/media/cards/large/OMN123.webp
knQ7hzFBj6fFLH9LTd8MD,Nebulus Cycle,2,Illusionist,Lightning,Deck,Lightning Illusionist Instant - Aura,1,,,true,C,C,OMN,OMN035,https://legendstory-production-s3-public.s3.amazonaws.com/media/cards/large/OMN035.webp
b886KqRJLbpj78kHWMQJ9,Nekria,,Illusionist,Draconic,Deck,Draconic Illusionist - Dragon Ally,,4,,true,R|V,R,UPR,UPR013,https://legendstory-production-s3-public.s3.amazonaws.com/media/cards/large/UPR013_BACK.webp
pWGjB9PckfFJgNBppfbfT,Nerve Scalpel,,Assassin,,Weapon,Assassin Weapon - Dagger (1H),,1,,true,M,M,OUT,OUT005,https://legendstory-production-s3-public.s3.amazonaws.com/media/cards/large/OUT005.webp
9QGbrGqFpTRQrq7WTGmGN,Nerves of Steel,3,Guardian,,Deck,Guardian Action - Aura,3,,3,true,M,M,EVR,EVR023,https://legendstory-production-s3-public.s3.amazonaws.com/media/cards/large/EVR023.webp
fhmnPQWbBz77qwmWDL6hT,Nettling Shot,1,Ranger,,Deck,Ranger Action - Arrow Attack,0,4,3,true,C,C,SEA,SEA108,https://legendstory-production-s3-public.s3.amazonaws.com/media/cards/large/SEA108.webp
knzHtdhJNF9wrJgzWmwMW,Never Give Up,2,,Revered,Deck,Revered Block,,,3,true,S,S,APS|SUP,APS015,https://legendstory-production-s3-public.s3.amazonaws.com/media/cards/large/APS015.webp
JtmjqNPR7JcNHJGFNtWNR,Never Yield,3,Guardian,,Deck,Guardian Action - Aura,3,,3,true,M,M,DYN,DYN029,https://legendstory-production-s3-public.s3.amazonaws.com/media/cards/large/DYN029.webp
BqJ76BGQWgFpPddRMQrQc,New Horizon,,Ranger,,Equipment,Ranger Equipment - Head,,,2,true,P|L,P,ELE|FAB|SUP,ELE213,https://legendstory-production-s3-public.s3.amazonaws.com/media/cards/large/ELE213-CF.webp
qt8PTt8T8bzqm9jFJ8c8F,Night's Embrace,3,Assassin,,Deck,Assassin Attack Reaction,,,3,true,R,R,AAC|SAR,AAC028,https://legendstory-production-s3-public.s3.amazonaws.com/media/cards/large/AAC028.webp
tfgqfmpf8PtwhJqcBKDwB,Nimble Strike,1,Generic,,Deck,Generic Action - Attack,1,4,2,true,C,C,MST|WTR,MST209,https://legendstory-production-s3-public.s3.amazonaws.com/media/cards/large/MST209.webp
6M6NPTgtR8MTpJJrDMtRW,Nimble Strike,2,Generic,,Deck,Generic Action - Attack,1,3,2,true,C,C,MST|WTR,MST210,https://legendstory-production-s3-public.s3.amazonaws.com/media/cards/large/MST210.webp
dKnLDB7TncwgzFwBf8jfz,Nimble Strike,3,Generic,,Deck,Generic Action - Attack,1,2,2,true,C,C,MST|WTR,MST211,https://legendstory-production-s3-public.s3.amazonaws.com/media/cards/large/MST211.webp
8gDnjCfGbwdzrRztkMJJG,Nimblism,1,Generic,,Deck,Generic Action,0,,2,true,C|P,C,1HP|GEM|MST|SAZ|SBA|SEA|WTR,1HP417,https://legendstory-production-s3-public.s3.amazonaws.com/media/cards/large/1HP417.webp
M6j9KrDRqMMHwGqw9QLKz,Nimblism,2,Generic,,Deck,Generic Action,0,,2,true,C,C,1HP|MST|SBA|SEA|WTR,1HP418,https://legendstory-production-s3-public.s3.amazonaws.com/media/cards/large/1HP418.webp
cQD9DmppBQNGqb9CdqCRc,Nimblism,3,Generic,,Deck,Generic Action,0,,2,true,C,C,1HP|MST|SEA|WTR,1HP419,https://legendstory-production-s3-public.s3.amazonaws.com/media/cards/large/1HP419.webp
TwN6BKbDJDrJBf7DPGcP8,Nimby,1,Generic,,Deck,Generic Action - Attack,0,3,2,true,C|P,C,GEM|SEA,GEM062,https://legendstory-production-s3-public.s3.amazonaws.com/media/cards/large/GEM062.webp
7HzdfH8DD7cMhzKpCfDRG,Nimby,2,Generic,,Deck,Generic Action - Attack,0,2,2,true,C,C,SEA,SEA221,https://legendstory-production-s3-public.s3.amazonaws.com/media/cards/large/SEA221.webp
6wDLWfBNH8rPfhKPNtT8L,Nimby,3,Generic,,Deck,Generic Action - Attack,0,1,2,true,C,C,SEA,SEA222,https://legendstory-production-s3-public.s3.amazonaws.com/media/cards/large/SEA222.webp
rz79tn8mdQLDqNnhFdngk,Ninth Blade of the Blood Oath,2,Runeblade,,Deck,Runeblade Action - Attack,9,9,3,true,S|M,S,ARC|AVS,ARC082,https://legendstory-production-s3-public.s3.amazonaws.com/media/cards/large/ARC082.webp
Wk8pbbnHPWfp6ndkJb6QD,Nip at the Heels,3,Generic,,Deck,Generic Attack Reaction,0,,3,true,C|P,C,FAB|HNT|MPW|SDO|SFA,FAB326,https://legendstory-production-s3-public.s3.amazonaws.com/media/cards/large/FAB326-RF.webp
wCLt8CtdLmrbMPcqLCzqc,Nitro Mechanoid,,Mechanologist,,Weapon,Mechanologist Weapon Equipment - Item,,5,5,true,M|P|V,M,DYN|GEM,DYN092,https://legendstory-production-s3-public.s3.amazonaws.com/media/cards/large/DYN092-RF_BACK.webp
Mk6tMhn9RtfkbRpcLL8Ht,Nix the Nimble,1,Assassin,,Deck,Assassin Action - Attack,1,5,3,true,C,C,ARK|DYN,ARK010,https://legendstory-production-s3-public.s3.amazonaws.com/media/cards/large/ARK010.webp
tGhCqd6bBfRGGdrmrFnLk,Nix the Nimble,2,Assassin,,Deck,Assassin Action - Attack,1,4,3,true,C,C,DYN,DYN140,https://legendstory-production-s3-public.s3.amazonaws.com/media/cards/large/DYN140.webp
G78pTWjgm7fW77FWfLpkM,Nix the Nimble,3,Assassin,,Deck,Assassin Action - Attack,1,3,3,true,C,C,ARK|DYN,ARK020,https://legendstory-production-s3-public.s3.amazonaws.com/media/cards/large/ARK020.webp
nQpD6DkRrkPWthN78mh8P,No Fear,1,Brute,,Deck,Brute Instant,0,,,true,M,M,HVY,HVY016,https://legendstory-production-s3-public.s3.amazonaws.com/media/cards/large/HVY016.webp
FtL6dWRqtnwQzBnQGPRhT,No Hero Stands Alone,2,,Revered,Deck,Revered Action - Attack,3,6,0,true,M,M,SUP,SUP020,https://legendstory-production-s3-public.s3.amazonaws.com/media/cards/large/SUP020.webp
kJDpLCpqNQ6wCC8g9nFHB,No Tall Tales,2,Guardian,,Deck,Guardian Action - Attack,0,3,3,true,M,M,SUP,SUP170,https://legendstory-production-s3-public.s3.amazonaws.com/media/cards/large/SUP170.webp
zDLrkgc8QGm77T8qPGwqd,Nock the Deathwhistle,3,Ranger,,Deck,Ranger Action,0,,3,true,S|M,S,1HP|AAZ|ARC,1HP231,https://legendstory-production-s3-public.s3.amazonaws.com/media/cards/large/1HP231.webp
GkMGqFmbbrpwRCGHJknjt,Nom de Plume,,Bard,,Equipment,Bard Equipment - Head,,,0,true,R|P,R,LGS|TCC,LGS213,https://legendstory-production-s3-public.s3.amazonaws.com/media/cards/large/LGS213-RF.webp
CGhtqrGGT7TL9C89GjF8R,Northern Winds,3,,Ice,Deck,Ice Action,0,,2,true,M,M,DTD,DTD197,https://legendstory-production-s3-public.s3.amazonaws.com/media/cards/large/DTD197.webp
F7mqQWTKzmNmMfgmQbHFw,Not So Fast,2,Pirate,,Deck,Pirate Instant,0,,,true,R,R,SEA,SEA149,https://legendstory-production-s3-public.s3.amazonaws.com/media/cards/large/SEA149.webp
wmGCKjjh6QbD6WTqNFqn9,Not So Mighty,3,,Revered,Deck,Revered Block,,,2,true,C,C,SUP,SUP062,https://legendstory-production-s3-public.s3.amazonaws.com/media/cards/large/SUP062.webp
hNbHKGgQDmpBmQWDDTnkR,Not So Tuff,3,,Reviled,Deck,Reviled Block,,,2,true,C,C,SUP,SUP124,https://legendstory-production-s3-public.s3.amazonaws.com/media/cards/large/SUP124.webp
7Tpfm7Ccf8rKcztfFngM9,Nourishing Emptiness,1,Generic,,Deck,Generic Action - Attack,2,6,3,true,M|P,M,JDG|MON,JDG027,https://legendstory-production-s3-public.s3.amazonaws.com/media/cards/large/JDG027-CF.webp
MqKhDHHHkLfFrdh7mBzcR,Nourishing Glow,3,Illusionist,Lightning,Deck,Lightning Illusionist Instant - Aura,0,,,true,C,C,OMN,OMN038,https://legendstory-production-s3-public.s3.amazonaws.com/media/cards/large/OMN038.webp
8zKwdDwBMQ79DjgrwJTTn,Nucleus Aetherbolt,1,Wizard,,Deck,Wizard Action,0,,2,true,R,R,OMN,OMN135,https://legendstory-production-s3-public.s3.amazonaws.com/media/cards/large/OMN135.webp
JTrNBd8TcnPmB6KdDmjRN,Null // Shock,2,Wizard,Lightning,Deck,Wizard Instant // Lightning Instant,1,,,true,M|P,M,LGS|ROS,LGS336,https://legendstory-production-s3-public.s3.amazonaws.com/media/cards/large/LGS336-CF.webp
gtRTcjNQwPdRpHrndrhMq,Null Time Zone,3,Mechanologist,,Deck,Mechanologist Action - Item,0,,,true,M,M,HNT,HNT251,https://legendstory-production-s3-public.s3.amazonaws.com/media/cards/large/HNT251.webp
n8rcTcmmLzzwTWHCwgtRP,Nullrune Boots,,Generic,,Equipment,Generic Equipment - Legs,,,0,true,C|P,C,1HP|ARC|FAB|LGS|SBL|SBR|SVI,1HP349,https://legendstory-production-s3-public.s3.amazonaws.com/media/cards/large/1HP349.webp
9bWHjnFmfDBDtkmKtCCrw,Nullrune Gloves,,Generic,,Equipment,Generic Equipment - Arms,,,0,true,C|P,C,1HP|ARC|FAB|LGS|SBR|SDA|SDO|SGB|SIY|SKA|SVI,1HP348,https://legendstory-production-s3-public.s3.amazonaws.com/media/cards/large/1HP348.webp
9DNnTrggQrJWn8CMFJJhf,Nullrune Hood,,Generic,,Equipment,Generic Equipment - Head,,,0,true,C|P,C,1HP|ARC|FAB|LGS|SDA|SDO|SEN|SIY|SKA|SLY,1HP346,https://legendstory-production-s3-public.s3.amazonaws.com/media/cards/large/1HP346.webp
TKd8jdfqgWnjdNRBmkKfB,Nullrune Robe,,Generic,,Equipment,Generic Equipment - Chest,,,0,true,C|P,C,1HP|ARC|FAB|LGS|SAR|SBL|SBR|SDO|SEN|SGB|SKA|SLY,1HP347,https://legendstory-production-s3-public.s3.amazonaws.com/media/cards/large/1HP347.webp
tDjBgLK9QzgrFzLHzwBnC,Numbskull,1,Brute,,Deck,Brute Action - Attack,2,6,3,true,M,M,DTD,DTD201,https://legendstory-production-s3-public.s3.amazonaws.com/media/cards/large/DTD201.webp
wHhtChfRBPBbjKqcmrMJf,Numbskull Charm,2,Brute,Revered,Deck,Revered Brute Instant,0,,,true,S|P,S,FAB|LGS|SUP,FAB370,https://legendstory-production-s3-public.s3.amazonaws.com/media/cards/large/FAB370-MV.webp
prMJkPd8w9KQHQ9BjgMmG,Nuu,,Assassin,Mystic,Hero,Mystic Assassin Hero - Young,,,,false,T|R|V,T,MST|NUU,MST002,https://legendstory-production-s3-public.s3.amazonaws.com/media/cards/large/MST002.webp
MghLPDjq8CfBJ8RzNc7Ft,"Nuu, Alluring Desire",,Assassin,Mystic,Hero,Mystic Assassin Hero,,,,true,M|P|V,M,HER|MST|WIN,HER113,https://legendstory-production-s3-public.s3.amazonaws.com/media/cards/large/HER113-RF.webp
JfJ7hNnCDL9GDCwfrWBBc,Oaken Old,1,Guardian,Elemental,Deck,Elemental Guardian Action - Attack,3,7,3,true,M,M,ELE,ELE005,https://legendstory-production-s3-public.s3.amazonaws.com/media/cards/large/ELE005.webp
wfNk87CBNfmjfPwrW8t8M,Oasis Respite,1,Generic,,Deck,Generic Instant,1,,,true,C|P,C,ANQ|APR|DRO|FAB|SDO|SEN|SLY|UPR,ANQ035,https://legendstory-production-s3-public.s3.amazonaws.com/media/cards/large/ANQ035.webp
MLLHrD676q8LL6ngKMb6c,Oasis Respite,2,Generic,,Deck,Generic Instant,1,,,true,C,C,UPR,UPR222,https://legendstory-production-s3-public.s3.amazonaws.com/media/cards/large/UPR222.webp
BDCgz7kkmPCdbGFMhnMr8,Oasis Respite,3,Generic,,Deck,Generic Instant,1,,,true,C,C,UPR,UPR223,https://legendstory-production-s3-public.s3.amazonaws.com/media/cards/large/UPR223.webp
NdCm9WBnzPthfNNLrNggG,Oath of Loyalty,1,,Draconic,Deck,Draconic Action - Attack,0,4,3,true,M,M,HNT,HNT149,https://legendstory-production-s3-public.s3.amazonaws.com/media/cards/large/HNT149.webp
dzjNwbBR9WMqhDD8mkBnp,Oath of Oak,1,,Earth,Deck,Earth Action,0,,2,true,C,C,PEN,PEN219,https://legendstory-production-s3-public.s3.amazonaws.com/media/cards/large/PEN219.webp
RzWRHzmjbJP9czPThbzQ6,Oath of Oak,2,,Earth,Deck,Earth Action,0,,2,true,C,C,PEN,PEN220,https://legendstory-production-s3-public.s3.amazonaws.com/media/cards/large/PEN220.webp
kRQ88r9HmhDhfwFr8R6Tz,Oath of Oak,3,,Earth,Deck,Earth Action,0,,2,true,C,C,PEN,PEN221,https://legendstory-production-s3-public.s3.amazonaws.com/media/cards/large/PEN221.webp
mKPnFPDQQW6DJjfktTKm7,Oath of Steel,1,Warrior,,Deck,Warrior Action,0,,3,true,M,M,EVR,EVR056,https://legendstory-production-s3-public.s3.amazonaws.com/media/cards/large/EVR056.webp
rnFwQdqLFTRCDWbtT6Jqm,Oath of the Arknight,1,Runeblade,,Deck,Runeblade Action,2,,3,true,C|R,C,1HP|ARC|FLR|ROS,1HP279,https://legendstory-production-s3-public.s3.amazonaws.com/media/cards/large/1HP279.webp
nfmPR87fzQhMLrPCdFTzD,Oath of the Arknight,2,Runeblade,,Deck,Runeblade Action,2,,3,true,C|R,C,1HP|ARC|ROS,1HP280,https://legendstory-production-s3-public.s3.amazonaws.com/media/cards/large/1HP280.webp
GWfQC8Lqd9Jz8dnkNdrwt,Oath of the Arknight,3,Runeblade,,Deck,Runeblade Action,2,,3,true,C|R,C,1HP|ARC|ROS,1HP281,https://legendstory-production-s3-public.s3.amazonaws.com/media/cards/large/1HP281.webp
F6nMWMTR7mjDm9LMjhgpd,Oblivion,3,Runeblade,Shadow,Deck,Shadow Runeblade Instant,0,,,true,M,M,DTD,DTD142,https://legendstory-production-s3-public.s3.amazonaws.com/media/cards/large/DTD142.webp
qMBpL7WdHmD7rgtMwQpfR,Obsidian Fire Vein,,Warrior,Draconic,Weapon,Draconic Warrior Weapon - Dagger (1H),,1,,true,T|C|P,T,FNG|GEM|HNT|LGS,FNG002,https://legendstory-production-s3-public.s3.amazonaws.com/media/cards/large/FNG002.webp
PcKQPM7Qw6JQGpqbkDNWD,Odds on Favorite,3,Warrior,,Deck,Warrior Action,0,,3,true,M,M,AOL,AOL026,https://legendstory-production-s3-public.s3.amazonaws.com/media/cards/large/AOL026.webp
DWcKpdjNKBcK67WpPb9Qf,Ode to Wrath,2,Illusionist,Light,Deck,Light Illusionist Instant - Aura,4,,,true,R|P,R,APR|FAB|MON|PSM,APR019,https://legendstory-production-s3-public.s3.amazonaws.com/media/cards/large/APR019.webp
6wNwBJcdhW7G7ghRp9mpG,Off Beat,3,Warrior,,Deck,Warrior Action,0,,3,true,R,R,MPW,MPW066,https://legendstory-production-s3-public.s3.amazonaws.com/media/cards/large/MPW066.webp
HrhpmTCdRFLw9HnqcqCrT,Off Cuts,3,Necromancer,,Deck,Necromancer Action,3,,3,false,P,P,LSS,LSS022,https://legendstory-production-s3-public.s3.amazonaws.com/media/cards/large/LSS022-CF.webp
qLttRBczGdzDtWNtFTGMn,Offensive Behavior,3,Brute,Reviled,Deck,Reviled Brute Action - Attack,0,2,3,true,R|P,R,LGS|SUP,LGS420,https://legendstory-production-s3-public.s3.amazonaws.com/media/cards/large/LGS420-CF.webp
ph6zmRnbqhCtD7T7FwpdB,Okana Scar Wraps,,Ninja,,Equipment,Ninja Equipment - Arms,,,2,true,M|P,M,ASR|JDG,ASR005,https://legendstory-production-s3-public.s3.amazonaws.com/media/cards/large/ASR005-RF.webp
9WTLj9NnpqnWnpJNjpW6F,Old Favorite,2,,Revered,Deck,Revered Action - Attack,3,6,3,true,S,S,SUP,SUP023,https://legendstory-production-s3-public.s3.amazonaws.com/media/cards/large/SUP023.webp
KTh89nLtmJWQcQQJPwgDW,Old Knocker,,Generic,,Equipment,Generic Equipment - Chest,,,1,true,C,C,SEA,SEA182,https://legendstory-production-s3-public.s3.amazonaws.com/media/cards/large/SEA182.webp
CDWJGrPLQbrqwkj7mzQ8B,Old Leather and Vim,1,Brute,Revered,Deck,Revered Brute Action - Attack,2,6,3,true,R|P,R,LGS|SUP,LGS418,https://legendstory-production-s3-public.s3.amazonaws.com/media/cards/large/LGS418-CF.webp
dPBgWTKbQqMpfNBr7zrrL,Olde Leather Boots,,Generic,,Equipment,Generic Equipment - Legs,,,0,true,C,C,MPW,MPW143,https://legendstory-production-s3-public.s3.amazonaws.com/media/cards/large/MPW143.webp
nGrcRt9KdKDnhRbd7WjdP,Olde Leather Gloves,,Generic,,Equipment,Generic Equipment - Arms,,,0,true,C,C,MPW,MPW142,https://legendstory-production-s3-public.s3.amazonaws.com/media/cards/large/MPW142.webp
b7fJPPc8CtNfr7TFqzqfH,Olde Leather Helm,,Generic,,Equipment,Generic Equipment - Head,,,0,true,C,C,MPW,MPW140,https://legendstory-production-s3-public.s3.amazonaws.com/media/cards/large/MPW140.webp
JzK7qqpTrGcddqB9HBnkM,Olde Leather Plate,,Generic,,Equipment,Generic Equipment - Chest,,,0,true,C,C,MPW,MPW141,https://legendstory-production-s3-public.s3.amazonaws.com/media/cards/large/MPW141.webp
hw6qHfWdqQGfRPfKJMgR7,Oldhim,,Guardian,Elemental,Hero,Elemental Guardian Hero - Young,,,,false,T|R|P|V,T,ELE|HER|OLD|PEN,ELE002,https://legendstory-production-s3-public.s3.amazonaws.com/media/cards/large/ELE002.webp
bh96L8jp69mNpjcGRCDbj,"Oldhim, Grandfather of Eternity",,Guardian,Elemental,Hero,Elemental Guardian Hero,,,,true,T|P,T,ELE|HER|WIN,ELE001,https://legendstory-production-s3-public.s3.amazonaws.com/media/cards/large/ELE001.webp
W89dCjCrz8cQKd78zHFBR,Ollin Ice Cap,,Guardian,Ice,Equipment,Ice Guardian Equipment - Head,,,1,true,M,M,AJV,AJV004,https://legendstory-production-s3-public.s3.amazonaws.com/media/cards/large/AJV004-RF.webp
t7H7JCQcTb9TTjjCbNwDH,Olympia,,Warrior,,Hero,Warrior Hero - Young,,,,false,B|T|R|V,B,HVY|MPW|OLA,HVY093,https://legendstory-production-s3-public.s3.amazonaws.com/media/cards/large/HVY093.webp
9JqrM7dbgfG87L6tPghrM,"Olympia, Prized Fighter",,Warrior,,Hero,Warrior Hero,,,,true,M|P|V,M,AOL|HER|HVY|WIN,AOL001,https://legendstory-production-s3-public.s3.amazonaws.com/media/cards/large/AOL001.webp
chGgK8FWnBB7dMj8nTRLR,Olé,3,Warrior,,Deck,Warrior Attack Reaction,1,,3,true,R,R,AHA|MPW,AHA021,https://legendstory-production-s3-public.s3.amazonaws.com/media/cards/large/AHA021.webp
mjprN8T6mMh9pcWCmgPrN,Omens of Arcana,,,,Deck,Omens of the Third Age Macro,,,,true,B|P,B,FAB|OMN,FAB467,https://legendstory-production-s3-public.s3.amazonaws.com/media/cards/large/FAB467-MV.webp
LFBD7NtGwCjpmBCBkkpG8,Ominous Aggression,1,Generic,,Deck,Generic Instant,2,,,true,R,R,OMN,OMN216,https://legendstory-production-s3-public.s3.amazonaws.com/media/cards/large/OMN216.webp
MNTwwGcGgbWBPrnDdKtBb,Ominous Excavation,3,Generic,,Deck,Generic Instant,0,,,true,R,R,OMN,OMN217,https://legendstory-production-s3-public.s3.amazonaws.com/media/cards/large/OMN217.webp
dbpfNKKDCMKCPHDkL6BJf,Ominous Respite,2,Generic,,Deck,Generic Instant,1,,,true,R,R,OMN,OMN218,https://legendstory-production-s3-public.s3.amazonaws.com/media/cards/large/OMN218.webp
rC98Cch9DNGTfpggrNBh6,On a Knife Edge,2,Generic,,Deck,Generic Action,0,,2,true,C,C,DVR,DVR019,https://legendstory-production-s3-public.s3.amazonaws.com/media/cards/large/DVR019.webp
LqpTFf7TmpdtPgf8WtdfQ,On the Horizon,1,Generic,,Deck,Generic Block,,,4,true,C|P,C,GEM|SEA|SEN|SIY,GEM067,https://legendstory-production-s3-public.s3.amazonaws.com/media/cards/large/GEM067.webp
bFMkfr79WHCrP6HK6krM6,On the Horizon,2,Generic,,Deck,Generic Block,,,3,true,C,C,SEA,SEA242,https://legendstory-production-s3-public.s3.amazonaws.com/media/cards/large/SEA242.webp
gqfJ6k7rFMpbcHMqjDJKR,On the Horizon,3,Generic,,Deck,Generic Block,,,2,true,C,C,SEA,SEA243,https://legendstory-production-s3-public.s3.amazonaws.com/media/cards/large/SEA243.webp
pFLwpNDCLLMNtd7rRqNMf,One-Two Punch,1,Ninja,,Deck,Ninja Action - Attack,0,3,3,true,C,C,OUT,OUT080,https://legendstory-production-s3-public.s3.amazonaws.com/media/cards/large/OUT080.webp
nCKMcTCR7mjKgkhQk7TWc,One-Two Punch,2,Ninja,,Deck,Ninja Action - Attack,0,2,3,true,C,C,BEN|KAT|OUT,BEN016,https://legendstory-production-s3-public.s3.amazonaws.com/media/cards/large/BEN016.webp
TrQFGjDB6ktDwC6JMcqFT,One-Two Punch,3,Ninja,,Deck,Ninja Action - Attack,0,1,3,true,C,C,BEN|KAT|OUT,BEN022,https://legendstory-production-s3-public.s3.amazonaws.com/media/cards/large/BEN022.webp
hpQCHKmzQGrjhJFJR8pBP,Onyx Amulet,3,Generic,,Deck,Generic Action - Item,0,,,true,M|V,M,SEA,SEA191,https://legendstory-production-s3-public.s3.amazonaws.com/media/cards/large/SEA191.webp
rdG6zR6dgDWwzw9KKtq78,Opal Amulet,3,Generic,,Deck,Generic Action - Item,0,,,true,M|V,M,SEA,SEA192,https://legendstory-production-s3-public.s3.amazonaws.com/media/cards/large/SEA192.webp
TkCWdhw8pfcpfckC9MLNm,Open the Center,1,Ninja,,Deck,Ninja Action - Attack,2,5,3,true,C,C,KAT|KSU|WTR,KAT012,https://legendstory-production-s3-public.s3.amazonaws.com/media/cards/large/KAT012.webp
BfQnT8rqMhTBmDWCFgdhW,Open the Center,2,Ninja,,Deck,Ninja Action - Attack,2,4,3,true,C,C,WTR,WTR096,https://legendstory-production-s3-public.s3.amazonaws.com/media/cards/large/WTR096.webp
CChttCnwGwHMcBKm6LhNR,Open the Center,3,Ninja,,Deck,Ninja Action - Attack,2,3,3,true,C,C,WTR,WTR097,https://legendstory-production-s3-public.s3.amazonaws.com/media/cards/large/WTR097.webp
FwtKQ8HK8JLbHFWbFQDPg,Open the Flood Gates,1,Wizard,,Deck,Wizard Action,2,,3,true,C,C,ROS,ROS195,https://legendstory-production-s3-public.s3.amazonaws.com/media/cards/large/ROS195.webp
NHdBTDcjh8hGJBKPpcgQ9,Open the Flood Gates,2,Wizard,,Deck,Wizard Action,2,,3,true,C,C,ROS,ROS196,https://legendstory-production-s3-public.s3.amazonaws.com/media/cards/large/ROS196.webp
jBbnKk8wHjT9GG7fMzkdJ,Open the Flood Gates,3,Wizard,,Deck,Wizard Action,2,,3,true,C,C,ROS|SBZ,ROS197,https://legendstory-production-s3-public.s3.amazonaws.com/media/cards/large/ROS197.webp
6Wcpcb7DQ8GMGMTwjdQTR,Optekal Monocle,3,Mechanologist,,Deck,Mechanologist Action - Item,0,,,true,C,C,1HP|ARC,1HP219,https://legendstory-production-s3-public.s3.amazonaws.com/media/cards/large/1HP219.webp
rLgr6PwGt9TtRFMwTFQf7,Orb-Weaver Spinneret,1,Assassin,,Deck,Assassin Action,0,,3,true,R|P,R,FAB|HNT|SAR|WOD,FAB323,https://legendstory-production-s3-public.s3.amazonaws.com/media/cards/large/FAB323-RF.webp
T8Djg7CtcKNrhdbfBCb8t,Orb-Weaver Spinneret,2,Assassin,,Deck,Assassin Action,0,,3,true,R,R,HNT,HNT027,https://legendstory-production-s3-public.s3.amazonaws.com/media/cards/large/HNT027.webp
HDJFD6zmgqHN9jfNNMDCD,Orb-Weaver Spinneret,3,Assassin,,Deck,Assassin Action,0,,3,true,R,R,HNT,HNT028,https://legendstory-production-s3-public.s3.amazonaws.com/media/cards/large/HNT028.webp
wrBpz9J66tTJtRK67FWdp,Orbitoclast,,Assassin,,Weapon,Assassin Weapon - Dagger (1H),,1,,true,M,M,OUT,OUT007,https://legendstory-production-s3-public.s3.amazonaws.com/media/cards/large/OUT007.webp
bwtjtjCqP6wTHtkR9HtGh,Orihon of Mystic Tenets,3,,Mystic,Deck,Mystic Instant,4,,,true,M,M,MST,MST080,https://legendstory-production-s3-public.s3.amazonaws.com/media/cards/large/MST080.webp
JwhRzNPr9KNpMHzP8kWNG,Ornate Tessen,,Generic,,Equipment,Generic Equipment - Off-Hand,,,,true,R,R,DYN,DYN235,https://legendstory-production-s3-public.s3.amazonaws.com/media/cards/large/DYN235.webp
jC7KWzhP9jMrPDNCHJWtk,Oscilio,,Wizard,Elemental,Hero,Elemental Wizard Hero - Young,,,,false,T|R|V,T,OSC|ROS,OSC001,https://legendstory-production-s3-public.s3.amazonaws.com/media/cards/large/OSC001-RF.webp
Bd8JQMtjbmwQ7W6GLt7KL,"Oscilio, Constella Intelligence",,Wizard,Elemental,Hero,Elemental Wizard Hero,,,,true,M|P|V,M,HER|ROS|WIN,HER122,https://legendstory-production-s3-public.s3.amazonaws.com/media/cards/large/HER122-RF.webp
nqbttmdCrgTbFBjJBzLtz,"Oscilio, Forked Continuum",,Wizard,Lightning,Hero,Lightning Wizard Hero,,,,true,B|V,B,OMN,OMN094,https://legendstory-production-s3-public.s3.amazonaws.com/media/cards/large/OMN094.webp
bdD7LdLhpgdfLwzCq6jBc,"Oscilio, Scion of the Third Age",,Wizard,Lightning,Hero,Lightning Wizard Hero - Young,,,,false,B|V,B,OMN,OMN095,https://legendstory-production-s3-public.s3.amazonaws.com/media/cards/large/OMN095.webp
gNPcP7pPgPCh6PCPBh9R8,Out for Blood,1,Warrior,,Deck,Warrior Attack Reaction,1,,3,true,C,C,1HP|CRU|SDO,1HP165,https://legendstory-production-s3-public.s3.amazonaws.com/media/cards/large/1HP165.webp
hdBzQDmLW99WzrRmgqBcg,Out for Blood,2,Warrior,,Deck,Warrior Attack Reaction,1,,3,true,C,C,1HP|CRU|DVR,1HP166,https://legendstory-production-s3-public.s3.amazonaws.com/media/cards/large/1HP166.webp
hmh7T87jmwTmpfdbdjBFR,Out for Blood,3,Warrior,,Deck,Warrior Attack Reaction,1,,3,true,C,C,1HP|CRU,1HP167,https://legendstory-production-s3-public.s3.amazonaws.com/media/cards/large/1HP167.webp
qgzjH8rNPpg6Jb6PgzggC,Out Muscle,1,Generic,,Deck,Generic Action - Attack,3,6,2,true,R,R,MON,MON248,https://legendstory-production-s3-public.s3.amazonaws.com/media/cards/large/MON248.webp
dRFbtRTF8qzzBwbqHkWtF,Out Muscle,2,Generic,,Deck,Generic Action - Attack,3,5,2,true,R,R,MON,MON249,https://legendstory-production-s3-public.s3.amazonaws.com/media/cards/large/MON249.webp
Tt9bDKwjdn6dLqhGNc9Rc,Out Muscle,3,Generic,,Deck,Generic Action - Attack,3,4,2,true,R,R,MON,MON250,https://legendstory-production-s3-public.s3.amazonaws.com/media/cards/large/MON250.webp
QCNfk6P8BPNNwfP7WCczg,Out Pace,1,Mechanologist,,Deck,Mechanologist Action - Attack,1,4,3,true,C,C,EVO|SDA,EVO204,https://legendstory-production-s3-public.s3.amazonaws.com/media/cards/large/EVO204.webp
NcjFG8znGbnFbjcRckFP9,Out Pace,2,Mechanologist,,Deck,Mechanologist Action - Attack,1,3,3,true,C,C,EVO,EVO205,https://legendstory-production-s3-public.s3.amazonaws.com/media/cards/large/EVO205.webp
dHJNBgd9MgWfgbnz7WFPm,Out Pace,3,Mechanologist,,Deck,Mechanologist Action - Attack,1,2,3,true,C,C,EVO,EVO206,https://legendstory-production-s3-public.s3.amazonaws.com/media/cards/large/EVO206.webp
jhHRPW9NgMWC66TRC9G8d,Outed,1,Generic,,Deck,Generic Action - Attack,0,3,,true,C,C,HNT,HNT235,https://legendstory-production-s3-public.s3.amazonaws.com/media/cards/large/HNT235.webp
cbKTjfkmpJCCQcRpKbPCJ,Outland Skirmish,1,Warrior,,Deck,Warrior Action,0,,3,true,C,C,EVR,EVR066,https://legendstory-production-s3-public.s3.amazonaws.com/media/cards/large/EVR066.webp
h7cHBbCqJnRKPFFLHmbHL,Outland Skirmish,2,Warrior,,Deck,Warrior Action,0,,3,true,C,C,EVR,EVR067,https://legendstory-production-s3-public.s3.amazonaws.com/media/cards/large/EVR067.webp
6NqHrDGMBKrbmcCKQG6Hd,Outland Skirmish,3,Warrior,,Deck,Warrior Action,0,,3,true,C,C,EVR,EVR068,https://legendstory-production-s3-public.s3.amazonaws.com/media/cards/large/EVR068.webp
f98CNTJTLWWTgPzmRpmGK,Outside Interference,3,Brute,Reviled,Deck,Reviled Brute Action - Attack,3,6,0,true,M,M,SUP,SUP066,https://legendstory-production-s3-public.s3.amazonaws.com/media/cards/large/SUP066.webp
dR8hjTth9bHpdLfTBPLNM,Ouvia,,Illusionist,Draconic,Deck,Draconic Illusionist - Dragon Ally,,1,,true,R|V,R,UPR,UPR014,https://legendstory-production-s3-public.s3.amazonaws.com/media/cards/large/UPR014_BACK.webp
WWPf7JkLnRcmfhdfw8M9g,Over Flex,1,Ranger,,Deck,Ranger Action,1,,2,true,C,C,ELE|LXI,ELE219,https://legendstory-production-s3-public.s3.amazonaws.com/media/cards/large/ELE219.webp
bNQWmkDDnKgPfpTGmWBQ8,Over Flex,2,Ranger,,Deck,Ranger Action,1,,2,true,C,C,ELE,ELE220,https://legendstory-production-s3-public.s3.amazonaws.com/media/cards/large/ELE220.webp
btndHckBR7ffBqCwHRJfD,Over Flex,3,Ranger,,Deck,Ranger Action,1,,2,true,C,C,ELE,ELE221,https://legendstory-production-s3-public.s3.amazonaws.com/media/cards/large/ELE221.webp
RrjhFCHBwjJHg7PQc6Prk,Over Loop,1,Mechanologist,,Deck,Mechanologist Action - Attack,2,5,3,true,C|P,C,1HP|ARC|EVO|LGS|TCC,1HP205,https://legendstory-production-s3-public.s3.amazonaws.com/media/cards/large/1HP205.webp
d8qtfb87mk97GKMDPgDKb,Over Loop,2,Mechanologist,,Deck,Mechanologist Action - Attack,2,4,3,true,C|P,C,1HP|ARC|EVO|LGS,1HP206,https://legendstory-production-s3-public.s3.amazonaws.com/media/cards/large/1HP206.webp
CMTbqWQL99gDnd8L7tthp,Over Loop,3,Mechanologist,,Deck,Mechanologist Action - Attack,2,3,3,true,C|P,C,1HP|ARC|EVO|LGS,1HP207,https://legendstory-production-s3-public.s3.amazonaws.com/media/cards/large/1HP207.webp
BRQTgW6LNkTcB7MQFWTNL,Over the Top,1,Guardian,,Deck,Guardian Action - Attack,3,6,3,true,R,R,BET|HVY,BET010,https://legendstory-production-s3-public.s3.amazonaws.com/media/cards/large/BET010.webp
6LHg9KT9MK8GzCJ8HGPpN,Over the Top,2,Guardian,,Deck,Guardian Action - Attack,3,5,3,true,R,R,HVY,HVY066,https://legendstory-production-s3-public.s3.amazonaws.com/media/cards/large/HVY066.webp
WJJfW7bHMPbfLPbK8Q9Wm,Over the Top,3,Guardian,,Deck,Guardian Action - Attack,3,4,3,true,R,R,BET|HVY,BET021,https://legendstory-production-s3-public.s3.amazonaws.com/media/cards/large/BET021.webp
Lb7cgqWB6RpKLMH7hJQdN,Overbear,1,Generic,,Deck,Generic Action,0,,2,true,C,C,MPW,MPW151,https://legendstory-production-s3-public.s3.amazonaws.com/media/cards/large/MPW151.webp
mzzkQRbJp8KjGcw6M8z6j,Overbearing Presence,,Brute,,Equipment,Brute Equipment - Chest,,,1,true,C,C,SUP,SUP126,https://legendstory-production-s3-public.s3.amazonaws.com/media/cards/large/SUP126.webp
wpLckQt7zw66h87TbjcWt,Overblast,1,Mechanologist,,Deck,Mechanologist Action - Attack,2,5,3,true,C,C,CRU|SDA,CRU112,https://legendstory-production-s3-public.s3.amazonaws.com/media/cards/large/CRU112.webp
MHkLpfgkgh7hNwbrTJrDF,Overblast,2,Mechanologist,,Deck,Mechanologist Action - Attack,2,4,3,true,C,C,CRU,CRU113,https://legendstory-production-s3-public.s3.amazonaws.com/media/cards/large/CRU113.webp
JHRhwNCKG97trbQLfhg9j,Overblast,3,Mechanologist,,Deck,Mechanologist Action - Attack,2,3,3,true,C,C,CRU,CRU114,https://legendstory-production-s3-public.s3.amazonaws.com/media/cards/large/CRU114.webp
WLw6Ft6qgMDH7fwMpNdWR,Overcharge,1,,Lightning,Deck,Lightning Action - Attack,1,1,3,true,C,C,PEN,PEN243,https://legendstory-production-s3-public.s3.amazonaws.com/media/cards/large/PEN243.webp
QFHnNNCbhDptJfPMbcmHK,Overcharge,2,,Lightning,Deck,Lightning Action - Attack,1,1,3,true,C,C,PEN,PEN244,https://legendstory-production-s3-public.s3.amazonaws.com/media/cards/large/PEN244.webp
hbKPmFcFKbFq6DW9bbtBK,Overcharge,3,,Lightning,Deck,Lightning Action - Attack,1,1,3,true,C,C,PEN,PEN245,https://legendstory-production-s3-public.s3.amazonaws.com/media/cards/large/PEN245.webp
BrCKk9JLw8r69fGgNt8BH,Overcome Adversity,,Generic,,Equipment,Generic Equipment - Legs,,,2,true,C,C,HVY,HVY201,https://legendstory-production-s3-public.s3.amazonaws.com/media/cards/large/HVY201.webp
9zW8NL8CktpnMwmD7dWrh,Overcrowded,3,Generic,,Deck,Generic Action - Attack,0,1,2,true,M|P,M,LGS|SUP,LGS426,https://legendstory-production-s3-public.s3.amazonaws.com/media/cards/large/LGS426-CF.webp
CMbWnJbGKW8JdmD7TB8JF,Overflow the Aetherwell,1,Wizard,,Deck,Wizard Action,0,,3,true,C,C,ROS,ROS198,https://legendstory-production-s3-public.s3.amazonaws.com/media/cards/large/ROS198.webp
d9FtdtrTdngR8nLPQqwmN,Overflow the Aetherwell,2,Wizard,,Deck,Wizard Action,0,,3,true,C,C,ROS,ROS199,https://legendstory-production-s3-public.s3.amazonaws.com/media/cards/large/ROS199.webp
ghzGbkHbQ8cgDFHj9gGKP,Overflow the Aetherwell,3,Wizard,,Deck,Wizard Action,0,,3,true,C,C,ROS,ROS200,https://legendstory-production-s3-public.s3.amazonaws.com/media/cards/large/ROS200.webp
jjzTRHWhnQT7M7FwKjjpq,Overload,1,Generic,,Deck,Generic Action - Attack,0,3,2,true,C,C,MON,MON275,https://legendstory-production-s3-public.s3.amazonaws.com/media/cards/large/MON275.webp
mfdFLWhQGLtTmGzqhrHtp,Overload,2,Generic,,Deck,Generic Action - Attack,0,2,2,true,C,C,MON,MON276,https://legendstory-production-s3-public.s3.amazonaws.com/media/cards/large/MON276.webp
cgRPcm7Hfj6jMHFKmbMtj,Overload,3,Generic,,Deck,Generic Action - Attack,0,1,2,true,C,C,MON,MON277,https://legendstory-production-s3-public.s3.amazonaws.com/media/cards/large/MON277.webp
zqwKN9QMKKMpNCJF6RwWN,Overload Script,1,Mechanologist,,Deck,Mechanologist Action - Item,0,,,true,C,C,EVO,EVO096,https://legendstory-production-s3-public.s3.amazonaws.com/media/cards/large/EVO096.webp
BDbLKmLQzJTjHjgJrtLWT,Overpower,1,Warrior,,Deck,Warrior Attack Reaction,3,,3,true,R,R,1HP|SDO|TEA|WTR,1HP153,https://legendstory-production-s3-public.s3.amazonaws.com/media/cards/large/1HP153.webp
688rBwm6gmkFjGPrchjCq,Overpower,2,Warrior,,Deck,Warrior Attack Reaction,3,,3,true,R,R,1HP|WTR,1HP154,https://legendstory-production-s3-public.s3.amazonaws.com/media/cards/large/1HP154.webp
68PDzWMgFLKpqQNpQGQFB,Overpower,3,Warrior,,Deck,Warrior Attack Reaction,3,,3,true,R,R,1HP|SDO|WTR,1HP155,https://legendstory-production-s3-public.s3.amazonaws.com/media/cards/large/1HP155.webp
M9TP7nmfQ7FhJQbJfnkRW,Overswing,1,Guardian,,Deck,Guardian Action,2,,3,true,C,C,MPG,MPG091,https://legendstory-production-s3-public.s3.amazonaws.com/media/cards/large/MPG091.webp
7kkkWWQkpm7fWfqwmzBn6,Overswing,2,Guardian,,Deck,Guardian Action,2,,3,true,C,C,MPG,MPG092,https://legendstory-production-s3-public.s3.amazonaws.com/media/cards/large/MPG092.webp
NMzW9mGgTcFdFQFntwG7P,Overswing,3,Guardian,,Deck,Guardian Action,2,,3,true,C,C,MPG,MPG093,https://legendstory-production-s3-public.s3.amazonaws.com/media/cards/large/MPG093.webp
LhDDmCt6MkphNPfdFWrj7,Overturn the Results,3,,Reviled,Deck,Reviled Action - Attack,3,5,3,true,R|P,R,GEM|SUP,GEM094,https://legendstory-production-s3-public.s3.amazonaws.com/media/cards/large/GEM094.webp
wdGWQ6BQfP67F9Tb7CFGT,Overwhelming Swing,2,Warrior,,Deck,Warrior Attack Reaction,0,,3,true,M,M,MPW,MPW024,https://legendstory-production-s3-public.s3.amazonaws.com/media/cards/large/MPW024.webp
fDMt9jWjpCQKJPQbfcpWg,"Oysten, Heart of Gold",2,Pirate|Necromancer,,Deck,Pirate Necromancer Action - Ally,0,3,,true,R|V,R,AGB|SEA|SGB,AGB017,https://legendstory-production-s3-public.s3.amazonaws.com/media/cards/large/AGB017.webp
MzqJQdLGgrHNQnLjMG99B,Pack Call,1,Brute,,Deck,Brute Action - Attack,3,7,3,true,R,R,HVY,HVY020,https://legendstory-production-s3-public.s3.amazonaws.com/media/cards/large/HVY020.webp
JkqmHRmjDr8cm6wcdCkPj,Pack Call,2,Brute,,Deck,Brute Action - Attack,3,6,3,true,R,R,HVY|KYO|RHI|RVD,HVY021,https://legendstory-production-s3-public.s3.amazonaws.com/media/cards/large/HVY021.webp
WBf76MHCnCnh87Wt86w9T,Pack Call,3,Brute,,Deck,Brute Action - Attack,3,5,3,true,R,R,HVY|KYO,HVY022,https://legendstory-production-s3-public.s3.amazonaws.com/media/cards/large/HVY022.webp
ckjckdp6twK8nfwqGch7J,Pack Hunt,1,Brute,,Deck,Brute Action - Attack,2,6,3,true,C,C,1HP|HVY|RHI|RNR|RVD|WTR,1HP025,https://legendstory-production-s3-public.s3.amazonaws.com/media/cards/large/1HP025.webp
rRHncwrCNq9TmTcndW8bq,Pack Hunt,2,Brute,,Deck,Brute Action - Attack,2,5,3,true,C,C,1HP|HVY|WTR,1HP026,https://legendstory-production-s3-public.s3.amazonaws.com/media/cards/large/1HP026.webp
BntHbFDb7HmGmNq8wmLCq,Pack Hunt,3,Brute,,Deck,Brute Action - Attack,2,4,3,true,C,C,1HP|HVY|RHI|WTR,1HP027,https://legendstory-production-s3-public.s3.amazonaws.com/media/cards/large/1HP027.webp
PJQgmWWftPgbC9Nz7zzKD,Paddle Faster,1,Pirate|Necromancer,,Deck,Pirate Necromancer Action - Attack,0,4,3,true,R|P,R,AGB|FAB|SEA,AGB010,https://legendstory-production-s3-public.s3.amazonaws.com/media/cards/large/AGB010.webp
N6LPcMrTJHqQGMctQKWTQ,Pain in the Backside,1,Assassin|Ninja,,Deck,Assassin / Ninja Action - Attack,0,3,2,true,M,M,HNT,HNT174,https://legendstory-production-s3-public.s3.amazonaws.com/media/cards/large/HNT174.webp
hNMR9pM9djfm8m9FHdmRb,Painful Passage,1,Runeblade,Shadow,Deck,Shadow Runeblade Action,0,,3,true,M,M,SUP,SUP269,https://legendstory-production-s3-public.s3.amazonaws.com/media/cards/large/SUP269.webp
rk8tgdRQmPwNrDfdTTFgF,Painful Premonition,1,Wizard,,Deck,Wizard Action,0,,3,true,C,C,PEN,PEN114,https://legendstory-production-s3-public.s3.amazonaws.com/media/cards/large/PEN114.webp
CqfqDWQc8mbmcdmbrnPqz,Painful Premonition,2,Wizard,,Deck,Wizard Action,0,,3,true,C,C,PEN,PEN115,https://legendstory-production-s3-public.s3.amazonaws.com/media/cards/large/PEN115.webp
W9kDJQqdh6k8CGr9gctd6,Painful Premonition,3,Wizard,,Deck,Wizard Action,0,,3,true,C,C,PEN,PEN116,https://legendstory-production-s3-public.s3.amazonaws.com/media/cards/large/PEN116.webp
c9TrL6MwcrMKtmTbCHL76,Palantir Aeronought,1,Mechanologist,,Deck,Mechanologist Action - Attack,2,6,3,true,M,M,SEA,SEA012,https://legendstory-production-s3-public.s3.amazonaws.com/media/cards/large/SEA012.webp
QqMdqbNP8f7jj7DkmNMj9,Panel Beater,1,Mechanologist,,Deck,Mechanologist Action - Attack,2,5,3,true,C,C,EVO,EVO213,https://legendstory-production-s3-public.s3.amazonaws.com/media/cards/large/EVO213.webp
dMqghRmmRF9DfFnqrBPbP,Panel Beater,2,Mechanologist,,Deck,Mechanologist Action - Attack,2,4,3,true,C,C,EVO,EVO214,https://legendstory-production-s3-public.s3.amazonaws.com/media/cards/large/EVO214.webp
LbTNzkLcknj97tLPRqJwH,Panel Beater,3,Mechanologist,,Deck,Mechanologist Action - Attack,2,3,3,true,C,C,EVO,EVO215,https://legendstory-production-s3-public.s3.amazonaws.com/media/cards/large/EVO215.webp
Gq8RtNNrR7hz6QB9gj7CG,Parable of Humility,2,Illusionist,Light,Deck,Light Illusionist Instant - Aura,4,,,true,R|P,R,APR|FAB|MON,APR020,https://legendstory-production-s3-public.s3.amazonaws.com/media/cards/large/APR020.webp
CWDdwtBckLgb6gR6KqnD9,Paragon Plate,,Warrior,,Equipment,Warrior Equipment - Chest,,,2,true,L,L,AHA|MPW,AHA004,https://legendstory-production-s3-public.s3.amazonaws.com/media/cards/large/AHA004-RF.webp
9HncGgPTznnKwPwHCJMgb,Parched Terrain,1,,Draconic,Deck,Draconic Instant - Aura,1,,,true,M,M,SUP,SUP260,https://legendstory-production-s3-public.s3.amazonaws.com/media/cards/large/SUP260.webp
8RgDcJhnpLP9j6DqNqPfp,Parry Blade,,Warrior,,Weapon,Warror Weapon Equipment - Sword (1H),,2,0,true,R|P,R,HVY|LGS|OLA,HVY096,https://legendstory-production-s3-public.s3.amazonaws.com/media/cards/large/HVY096.webp
m9tj8WGNNjQPt8wjMqFFf,Pass Over,3,,Mystic,Deck,Mystic Instant,0,,,true,C|P|V,C,LGS|MST|NUU|SEN,LGS284,https://legendstory-production-s3-public.s3.amazonaws.com/media/cards/large/LGS284-RF.webp
NBnFFCH9njbMMhBLc6jzw,Passing Mirage,3,Illusionist,,Deck,Illusionist Action - Aura,0,,2,true,R|P,R,APR|EVR|LGS,APR025,https://legendstory-production-s3-public.s3.amazonaws.com/media/cards/large/APR025.webp
nJMKbnPpBCWztRhwhngTw,Patch the Hole,,Ranger,,Equipment,Ranger Equipment - Head,,,0,true,C,C,SEA,SEA096,https://legendstory-production-s3-public.s3.amazonaws.com/media/cards/large/SEA096.webp
LBFrKWRLJkKBgLc9nKmBb,Path of Same Ends,1,Runeblade,Lightning,Deck,Lightning Runeblade Action - Attack,0,3,2,true,C|P,C,GEM|OMN|SBA,GEM155,https://legendstory-production-s3-public.s3.amazonaws.com/media/cards/large/GEM155.webp
GQkkQFm9FHbRhCkTJm7Gj,Path of Same Ends,2,Runeblade,Lightning,Deck,Lightning Runeblade Action - Attack,0,2,2,true,C,C,OMN,OMN066,https://legendstory-production-s3-public.s3.amazonaws.com/media/cards/large/OMN066.webp
LQt7KLBFHmdk7BKwdtD6M,Path of Same Ends,3,Runeblade,Lightning,Deck,Lightning Runeblade Action - Attack,0,1,2,true,C,C,OMN,OMN067,https://legendstory-production-s3-public.s3.amazonaws.com/media/cards/large/OMN067.webp
MLFcr8MRb7J7mDBzh6Lhk,Path of Vengeance,,,Draconic,Equipment,Draconic Equipment - Legs,,,1,true,C,C,HNT,HNT147,https://legendstory-production-s3-public.s3.amazonaws.com/media/cards/large/HNT147.webp
7fN6NNBdf9KQF9gWWpdzL,Path Well Traveled,3,,Mystic,Deck,Mystic Instant,0,,,true,C|P|V,C,LGS|MST|NUU,LGS285,https://legendstory-production-s3-public.s3.amazonaws.com/media/cards/large/LGS285-RF.webp
WMDBhmGwnGHT7MKf7dLdk,Pathing Helix,1,Ranger,,Deck,Ranger Action - Arrow Attack,0,4,3,true,C,C,CRU,CRU129,https://legendstory-production-s3-public.s3.amazonaws.com/media/cards/large/CRU129.webp
KBND9JzTdFwBdtMgMq7Tj,Pathing Helix,2,Ranger,,Deck,Ranger Action - Arrow Attack,0,3,3,true,C,C,CRU,CRU130,https://legendstory-production-s3-public.s3.amazonaws.com/media/cards/large/CRU130.webp
b7DpNcDrnBrhFD78gQPdD,Pathing Helix,3,Ranger,,Deck,Ranger Action - Arrow Attack,0,2,3,true,C,C,CRU,CRU131,https://legendstory-production-s3-public.s3.amazonaws.com/media/cards/large/CRU131.webp
JJcft9d6mrcTCbwbkQTcB,Pay Day,3,Assassin,,Deck,Assassin Action,0,,3,true,M,M,DYN,DYN123,https://legendstory-production-s3-public.s3.amazonaws.com/media/cards/large/DYN123.webp
97PpjPGqWTWDfNdPCGKLM,Pay Up,1,Generic,,Deck,Generic Action - Attack,3,6,3,true,M,M,HVY,HVY208,https://legendstory-production-s3-public.s3.amazonaws.com/media/cards/large/HVY208.webp
fnnhHCfMmz6R8BjbWwRTt,Payload,1,Mechanologist,,Deck,Mechanologist Action - Attack,2,6,3,true,C,C,EVR,EVR076,https://legendstory-production-s3-public.s3.amazonaws.com/media/cards/large/EVR076.webp
KBdJqh9KgdGzkRTbGDn7W,Payload,2,Mechanologist,,Deck,Mechanologist Action - Attack,2,5,3,true,C,C,EVR,EVR077,https://legendstory-production-s3-public.s3.amazonaws.com/media/cards/large/EVR077.webp
W9B6LwPdtKknpqJ8bKfMr,Payload,3,Mechanologist,,Deck,Mechanologist Action - Attack,2,4,3,true,C,C,EVR,EVR078,https://legendstory-production-s3-public.s3.amazonaws.com/media/cards/large/EVR078.webp
NGjkmJLnHHqG7GGcGFk69,Peace of Mind,1,Generic,,Deck,Generic Instant,2,,,true,C|P,C,FAB|OUT|UZU,FAB131,https://legendstory-production-s3-public.s3.amazonaws.com/media/cards/large/FAB131-RF.webp
WJF9DkbGLF6zWdGFFRFnh,Peace of Mind,2,Generic,,Deck,Generic Instant,2,,,true,C,C,OUT,OUT232,https://legendstory-production-s3-public.s3.amazonaws.com/media/cards/large/OUT232.webp
LhPbGbqqgcdFhMMJTkHhw,Peace of Mind,3,Generic,,Deck,Generic Instant,2,,,true,C,C,OUT,OUT233,https://legendstory-production-s3-public.s3.amazonaws.com/media/cards/large/OUT233.webp
RhgzwQqqQ9g9mt8LkBzQm,Peaceful Sanctuary,1,Generic,,Deck,Generic Action - Aura,0,,3,true,M,M,MPW,MPW144,https://legendstory-production-s3-public.s3.amazonaws.com/media/cards/large/MPW144.webp
rKb97mmPGtmm9R9dMDW8d,Pearl Amulet,3,Generic,,Deck,Generic Action - Item,0,,,true,M|V,M,SEA,SEA193,https://legendstory-production-s3-public.s3.amazonaws.com/media/cards/large/SEA193.webp
LNtDknLJmNDk6wDhQdQb8,Pec Perfect,1,Guardian,,Deck,Guardian Action - Attack,5,9,3,true,M,M,MPG,MPG017,https://legendstory-production-s3-public.s3.amazonaws.com/media/cards/large/MPG017.webp
rkKktHBPDLQDfpddktPwn,Pedal to the Metal,1,Mechanologist,,Deck,Mechanologist Action - Attack,2,5,3,true,R,R,1HP|ARC,1HP196,https://legendstory-production-s3-public.s3.amazonaws.com/media/cards/large/1HP196.webp
hqdkcKzDpMTrNrNjKPk7n,Pedal to the Metal,2,Mechanologist,,Deck,Mechanologist Action - Attack,2,4,3,true,R,R,1HP|ARC,1HP197,https://legendstory-production-s3-public.s3.amazonaws.com/media/cards/large/1HP197.webp
zqpjjkQcPrDPQJGhDKkbC,Pedal to the Metal,3,Mechanologist,,Deck,Mechanologist Action - Attack,2,3,3,true,R,R,1HP|ARC,1HP198,https://legendstory-production-s3-public.s3.amazonaws.com/media/cards/large/1HP198.webp
wcP88wJc6CFbLQpQFJcCn,Peg Leg,,Pirate,,Equipment,Pirate Equipment - Legs,,,1,true,C|P,C,LGS|SEA,LGS395,https://legendstory-production-s3-public.s3.amazonaws.com/media/cards/large/LGS395-CF.webp
QGHNhTQCTGmdJ9FRDbTNC,Pendulum Trap,2,Ranger,,Deck,Ranger Defense Reaction - Trap,0,,3,true,R|P,R,LGS|OUT|RIP,LGS139,https://legendstory-production-s3-public.s3.amazonaws.com/media/cards/large/LGS139-RF.webp
qGKR8rcj7wrHQdF6kBwmk,Penetration Script,2,Mechanologist,,Deck,Mechanologist Action - Item,1,,,true,R,R,EVO,EVO079,https://legendstory-production-s3-public.s3.amazonaws.com/media/cards/large/EVO079.webp
8CLhBWj6dbMgg9gfPCQjH,Perch Grapplers,,Ranger,,Equipment,Ranger Equipment - Legs,,,2,true,M,M,1HP|CRU,1HP227,https://legendstory-production-s3-public.s3.amazonaws.com/media/cards/large/1HP227.webp
Mn7GCfnN9PJTP9dTGtkdn,Perennial Aetherbloom,1,Wizard,,Deck,Wizard Action,0,,3,true,C,C,ROS|VER,ROS201,https://legendstory-production-s3-public.s3.amazonaws.com/media/cards/large/ROS201.webp
NCTn7FNh8QCgcJnFzHcGK,Perennial Aetherbloom,2,Wizard,,Deck,Wizard Action,0,,3,true,C,C,ROS,ROS202,https://legendstory-production-s3-public.s3.amazonaws.com/media/cards/large/ROS202.webp
cTC7fqqfnrTWzdKpzcKnG,Perennial Aetherbloom,3,Wizard,,Deck,Wizard Action,0,,3,true,C,C,ROS,ROS203,https://legendstory-production-s3-public.s3.amazonaws.com/media/cards/large/ROS203.webp
kcWTWNfgMCjmWT9BNKwmJ,Perforate,2,Assassin|Warrior,,Deck,Assassin / Warrior Attack Reaction,1,,3,true,M,M,HNT,HNT197,https://legendstory-production-s3-public.s3.amazonaws.com/media/cards/large/HNT197.webp
NJcrQWnf8KF9jd7FGDg8p,Performance Bonus,1,Generic,,Deck,Generic Action - Attack,0,3,2,true,C|P,C,FAB|HVY|KSI,FAB202,https://legendstory-production-s3-public.s3.amazonaws.com/media/cards/large/FAB202-RF.webp
ChbzMDmWzwMD9FRF87cq8,Performance Bonus,2,Generic,,Deck,Generic Action - Attack,0,2,2,true,C,C,HVY|VIC,HVY226,https://legendstory-production-s3-public.s3.amazonaws.com/media/cards/large/HVY226.webp
RnL78Jfhr8nfnqbgFFQwk,Performance Bonus,3,Generic,,Deck,Generic Action - Attack,0,1,2,true,C,C,HVY|VIC,HVY227,https://legendstory-production-s3-public.s3.amazonaws.com/media/cards/large/HVY227.webp
nrwKjjNcwNLF9KwWNLmHP,Perk Up,1,Mechanologist,,Deck,Mechanologist Action,1,,2,true,C,C,SEA,SEA040,https://legendstory-production-s3-public.s3.amazonaws.com/media/cards/large/SEA040.webp
pnfqGpznd7LM8JQHQJfPB,Persuasive Prognosis,3,Assassin,,Deck,Assassin Action - Attack,0,1,3,true,M,M,MST,MST104,https://legendstory-production-s3-public.s3.amazonaws.com/media/cards/large/MST104.webp
tPqfbKjpBmrNfBnFgDFMH,Phantasmaclasm,1,Illusionist,,Deck,Illusionist Action - Attack,3,9,3,true,M,M,MON,MON091,https://legendstory-production-s3-public.s3.amazonaws.com/media/cards/large/MON091.webp
HDKn8nJQDRBKdgdTcjqh9,Phantasmal Footsteps,,Illusionist,,Equipment,Illusionist Equipment - Legs,,,0,true,P|L,P,CON|FAB|MON,CON002,https://legendstory-production-s3-public.s3.amazonaws.com/media/cards/large/CON002-RF.webp
6KwJ86P99FbcRKnbnRpnj,Phantasmal Haze,1,Illusionist,,Deck,Illusionist Action - Attack,3,8,3,true,C,C,EVR,EVR147,https://legendstory-production-s3-public.s3.amazonaws.com/media/cards/large/EVR147.webp
cQkdbRCNDrm6LmPNWPTHz,Phantasmal Haze,2,Illusionist,,Deck,Illusionist Action - Attack,3,7,3,true,C,C,EVR,EVR148,https://legendstory-production-s3-public.s3.amazonaws.com/media/cards/large/EVR148.webp
JqK88CP9ND6FCGjTGRMgj,Phantasmal Haze,3,Illusionist,,Deck,Illusionist Action - Attack,3,6,3,true,C,C,EVR|SEN,EVR149,https://legendstory-production-s3-public.s3.amazonaws.com/media/cards/large/EVR149.webp
MMzFRrNNFDjrbKDjtpNzL,Phantasmal Symbiosis,2,Illusionist,,Deck,Illusionist Action - Attack,1,6,3,true,M,M,DYN,DYN215,https://legendstory-production-s3-public.s3.amazonaws.com/media/cards/large/DYN215.webp
jw6p7dcmQGwMF86LfJrbF,Phantasmify,1,Illusionist,,Deck,Illusionist Action,1,,2,true,R|P,R,LGS|MON|PSM,LGS054,https://legendstory-production-s3-public.s3.amazonaws.com/media/cards/large/LGS054-RF.webp
dPbDhHRWLfGK8tDtRNmHg,Phantasmify,2,Illusionist,,Deck,Illusionist Action,1,,2,true,R|P,R,LGS|MON,LGS055,https://legendstory-production-s3-public.s3.amazonaws.com/media/cards/large/LGS055-RF.webp
cFhn8KcQF7jhzkgPfCQRn,Phantasmify,3,Illusionist,,Deck,Illusionist Action,1,,2,true,R|P,R,LGS|MON,LGS056,https://legendstory-production-s3-public.s3.amazonaws.com/media/cards/large/LGS056-RF.webp
NBLbpCJJdNCtpKQndQ6nL,Phantom Tidemaw,3,Illusionist,,Deck,Illusionist Instant - Aura,0,,,true,M,M,EVO,EVO244,https://legendstory-production-s3-public.s3.amazonaws.com/media/cards/large/EVO244.webp
TMj8cMnKjDbTPMnfTL8tL,Phoenix Bannerman: Arms,1,,Draconic,Deck,Draconic Action,0,,3,true,C|P,C,FAB|PEN,FAB432,https://legendstory-production-s3-public.s3.amazonaws.com/media/cards/large/FAB432-CF.webp
7H7Q8F8wdjf6gJq6MGcz6,Phoenix Bannerman: Chest,1,,Draconic,Deck,Draconic Action,0,,3,true,C|P,C,FAB|PEN,FAB431,https://legendstory-production-s3-public.s3.amazonaws.com/media/cards/large/FAB431-CF.webp
tFPLw7nPCjf7rqbGhCBTr,Phoenix Bannerman: Head,1,,Draconic,Deck,Draconic Action,0,,3,true,C|P,C,FAB|PEN,FAB430,https://legendstory-production-s3-public.s3.amazonaws.com/media/cards/large/FAB430-CF.webp
pzRnkq7DmN7n6DhwpH7jL,Phoenix Bannerman: Legs,1,,Draconic,Deck,Draconic Action,0,,3,true,C|P,C,FAB|PEN,FAB433,https://legendstory-production-s3-public.s3.amazonaws.com/media/cards/large/FAB433-CF.webp
kCbPmp8tjpdK8BFq9z9wQ,Phoenix Flame,1,,Draconic,Deck,Draconic Action - Attack,0,0,,true,T|C|P|V,T,FAI|LGS|PEN|SFA|UPR,FAI008,https://legendstory-production-s3-public.s3.amazonaws.com/media/cards/large/FAI008.webp
8RGTWgzLGh69FcNbLCfJc,Phoenix Form,1,Ninja,Draconic,Deck,Draconic Ninja Action - Attack,0,3,3,true,M,M,UPR,UPR048,https://legendstory-production-s3-public.s3.amazonaws.com/media/cards/large/UPR048.webp
tLLcFGDJBDDbRJpcrj6Hp,Photon Rush,1,Runeblade,Elemental,Deck,Elemental Runeblade Action - Attack,0,3,3,true,C,C,AST|AUR,AST012,https://legendstory-production-s3-public.s3.amazonaws.com/media/cards/large/AST012.webp
hmwDMcWw9jwmjmpk8rBjR,Photon Rush,3,Runeblade,Elemental,Deck,Elemental Runeblade Action - Attack,0,1,3,true,C,C,AUR,AUR024,https://legendstory-production-s3-public.s3.amazonaws.com/media/cards/large/AUR024.webp
89wCCJfjJTCb8gqHftG8g,Photon Splicing,1,Wizard,,Deck,Wizard Action,1,,3,true,C,C,OSC|ROS,OSC018,https://legendstory-production-s3-public.s3.amazonaws.com/media/cards/large/OSC018.webp
jkHLWfcKGCHnmgFtjrJkr,Photon Splicing,2,Wizard,,Deck,Wizard Action,1,,3,true,C,C,ROS,ROS205,https://legendstory-production-s3-public.s3.amazonaws.com/media/cards/large/ROS205.webp
MBRmLcRzPPtFTJndD8FnQ,Photon Splicing,3,Wizard,,Deck,Wizard Action,1,,3,true,C,C,ROS|SBZ|SIY,ROS206,https://legendstory-production-s3-public.s3.amazonaws.com/media/cards/large/ROS206.webp
bLmknjcbt6Bjn6RTmTBMF,"Pick a Card, Any Card",1,Generic,,Deck,Generic Action,0,,2,true,R,R,EVR,EVR167,https://legendstory-production-s3-public.s3.amazonaws.com/media/cards/large/EVR167.webp
NqrpkQtGmHDTpHHdjWHHb,"Pick a Card, Any Card",2,Generic,,Deck,Generic Action,0,,2,true,R,R,EVR,EVR168,https://legendstory-production-s3-public.s3.amazonaws.com/media/cards/large/EVR168.webp
7JCwqHtn96Wt7DnWcTb6B,"Pick a Card, Any Card",3,Generic,,Deck,Generic Action,0,,2,true,R,R,EVR,EVR169,https://legendstory-production-s3-public.s3.amazonaws.com/media/cards/large/EVR169.webp
GNG6HwgpGmmGwf6nCftpt,Pick to Pieces,1,Assassin,,Deck,Assassin Action - Attack,0,3,3,true,C,C,AAC|MST,AAC015,https://legendstory-production-s3-public.s3.amazonaws.com/media/cards/large/AAC015.webp
TpbW7qkkHqMWdfT9FRn67,Pick to Pieces,2,Assassin,,Deck,Assassin Action - Attack,0,2,3,true,C,C,MST,MST128,https://legendstory-production-s3-public.s3.amazonaws.com/media/cards/large/MST128.webp
GTNPMFWmcDcDdcJP7WhNd,Pick to Pieces,3,Assassin,,Deck,Assassin Action - Attack,0,1,3,true,C,C,MST,MST129,https://legendstory-production-s3-public.s3.amazonaws.com/media/cards/large/MST129.webp
p9zgQpWmbgkWdmMFFTJHh,Pick Up the Point,1,Assassin|Ninja,,Deck,Assassin / Ninja Action - Attack,0,3,2,true,C|P,C,GEM|HNT|SAR,GEM028,https://legendstory-production-s3-public.s3.amazonaws.com/media/cards/large/GEM028.webp
z9CGRWDmLHHRjKfjfmbWL,Pick Up the Point,2,Assassin|Ninja,,Deck,Assassin / Ninja Action - Attack,0,2,2,true,C,C,HNT,HNT183,https://legendstory-production-s3-public.s3.amazonaws.com/media/cards/large/HNT183.webp
tT8mDTnn7nddCF7WNRLHt,Pick Up the Point,3,Assassin|Ninja,,Deck,Assassin / Ninja Action - Attack,0,1,2,true,C,C,HNT,HNT184,https://legendstory-production-s3-public.s3.amazonaws.com/media/cards/large/HNT184.webp
B9jHdDTw8qwQW7DnqdQPn,Pick Yourself Up Off the Floor,,,,Deck,Event,,,,false,C,C,SMP,SMP029,https://legendstory-production-s3-public.s3.amazonaws.com/media/cards/large/SMP029.webp
KCBQJK7dFkKt66K98gkPk,Pierce Reality,3,Illusionist,,Deck,Illusionist Action - Aura,0,,2,true,R|P,R,APR|AZS|EVR|LGS,APR026,https://legendstory-production-s3-public.s3.amazonaws.com/media/cards/large/APR026.webp
GFFhw8QtwPpDJWNqJdwCb,Piercing Shadow Vise,1,Runeblade,Shadow,Deck,Shadow Runeblade Action - Attack,2,4,3,true,C,C,CHN|MON,CHN010,https://legendstory-production-s3-public.s3.amazonaws.com/media/cards/large/CHN010.webp
LKfRzrpqKmjK8zD7CCTMH,Piercing Shadow Vise,2,Runeblade,Shadow,Deck,Shadow Runeblade Action - Attack,2,3,3,true,C,C,MON,MON172,https://legendstory-production-s3-public.s3.amazonaws.com/media/cards/large/MON172.webp
nFJpHkbfmgjNBpC8CmKzK,Piercing Shadow Vise,3,Runeblade,Shadow,Deck,Shadow Runeblade Action - Attack,2,2,3,true,C,C,CHN|MON,CHN018,https://legendstory-production-s3-public.s3.amazonaws.com/media/cards/large/CHN018.webp
WnNfc9fJMFnH9DGwFRC9F,Pile Driver,,Guardian,,Weapon,Guardian Weapon - Log (2H),,6,,true,M|P,M,GEM|OMN,GEM146,https://legendstory-production-s3-public.s3.amazonaws.com/media/cards/large/GEM146-CF.webp
pQjcMbpRPhTG8DkHftnK9,Pilfer the Tomb,3,Generic,,Deck,Generic Instant,0,,,true,R,R,PEN,PEN329,https://legendstory-production-s3-public.s3.amazonaws.com/media/cards/large/PEN329.webp
pptHzNLNnz6wnCMFqBgG6,Pilfer the Wreck,1,Pirate,,Deck,Pirate Action - Attack,3,7,2,true,R,R,SEA,SEA138,https://legendstory-production-s3-public.s3.amazonaws.com/media/cards/large/SEA138.webp
frFC8JrBBcmKCbDTjLbKc,Pilfer the Wreck,2,Pirate,,Deck,Pirate Action - Attack,3,6,2,true,R,R,SEA,SEA139,https://legendstory-production-s3-public.s3.amazonaws.com/media/cards/large/SEA139.webp
qMGgBkKkjCT6cFgJjqnwQ,Pilfer the Wreck,3,Pirate,,Deck,Pirate Action - Attack,3,5,2,true,R,R,SEA,SEA140,https://legendstory-production-s3-public.s3.amazonaws.com/media/cards/large/SEA140.webp
P9cr8mkGcJcfgQQQpNjTG,Pillar of Unity,,Warrior,,Equipment,Warrior Equipment - Legs,,,1,true,R,R,PEN,PEN047,https://legendstory-production-s3-public.s3.amazonaws.com/media/cards/large/PEN047.webp
gQdQfNwNMgDLJfkcNWmhH,Pinion Sentry,3,Mechanologist,,Deck,Mechanologist Block,,,3,true,R|P,R,GEM|SEA,GEM045,https://legendstory-production-s3-public.s3.amazonaws.com/media/cards/large/GEM045.webp
fq6Pbr7BmJdqbLFqdfdTW,Pink Visor,,Merchant,,Equipment,Merchant Equipment - Head,,,,false,P,P,LSS,LSS007,https://legendstory-production-s3-public.s3.amazonaws.com/media/cards/large/LSS007-CF.webp
bRM9LLRrhJ8LLqBrGKCgb,Pint of Strong and Stout,3,Guardian,,Deck,Guardian Action,0,,2,true,C|P,C,BET|HVY|LGS,BET026,https://legendstory-production-s3-public.s3.amazonaws.com/media/cards/large/BET026.webp
NDJfTHzHkWNMz77HPFkgD,Pitfall Trap,2,Ranger,,Deck,Ranger Defense Reaction - Trap,0,,3,true,R|P,R,CRU|LGS|LXI,CRU127,https://legendstory-production-s3-public.s3.amazonaws.com/media/cards/large/CRU127.webp
GKWhbqnhnR6ztt9gCzmLw,Plague Hive,2,Assassin|Ranger,,Deck,Assassin / Ranger Resource - Gem,,,,true,F,F,OUT,OUT000,https://legendstory-production-s3-public.s3.amazonaws.com/media/cards/large/OUT000-RF.webp
bPKFtQtwzWcRjWkFwztdf,Plan for the Worst,3,Ranger,,Deck,Ranger Action,0,,3,true,M,M,ROS,ROS247,https://legendstory-production-s3-public.s3.amazonaws.com/media/cards/large/ROS247.webp
KPMtkfh8Dd6Dt9LJjGQLw,Plasma Barrel Shot,,Mechanologist,,Weapon,Mechanologist Weapon - Gun (2H),,X,,true,R,R,1HP|CRU|SDA,1HP183,https://legendstory-production-s3-public.s3.amazonaws.com/media/cards/large/1HP183.webp
fCmcQjBCJ9BRGBQDWk9Dw,Plasma Mainline,1,Mechanologist,,Deck,Mechanologist Action - Item,2,,,true,M,M,DYN,DYN093,https://legendstory-production-s3-public.s3.amazonaws.com/media/cards/large/DYN093.webp
rmdHP7ttKz7NqLwwwGGKg,Plasma Purifier,1,Mechanologist,,Deck,Mechanologist Action - Item,2,,,true,M,M,1HP|CRU,1HP190,https://legendstory-production-s3-public.s3.amazonaws.com/media/cards/large/1HP190.webp
qRKjzf8nTgdBt8BMMgRPJ,Plate of Tough Love,,Guardian,Revered,Equipment,Revered Guardian Equipment - Chest,,,1,true,C,C,SUP,SUP011,https://legendstory-production-s3-public.s3.amazonaws.com/media/cards/large/SUP011.webp
RKfqhH8h8jnhfC9fcDPmc,Plating of Unity,,Warrior,,Equipment,Warrior Equipment - Chest,,,1,true,R,R,PEN,PEN045,https://legendstory-production-s3-public.s3.amazonaws.com/media/cards/large/PEN045.webp
QmBfhgrGL6JDrhkn6ccg8,Platinum Amulet,3,Generic,,Deck,Generic Action - Item,0,,,true,M|V,M,SEA,SEA194,https://legendstory-production-s3-public.s3.amazonaws.com/media/cards/large/SEA194.webp
LQDwqpNddrmqQQb8J9dht,Pledge Fealty,1,,Draconic,Deck,Draconic Instant,0,,,true,C|P,C,FNG|HNT|LGS,FNG020,https://legendstory-production-s3-public.s3.amazonaws.com/media/cards/large/FNG020.webp
DcwnhL66BkhqjFcfzwwfQ,Pleiades,,Guardian,Revered,Hero,Revered Guardian Hero - Young,,,,false,B|R|V,B,APS|SUP,APS002,https://legendstory-production-s3-public.s3.amazonaws.com/media/cards/large/APS002.webp
JhgRJb6nfctWkndbzrgnj,"Pleiades, Superstar",,Guardian,Revered,Hero,Revered Guardian Hero,,,,true,B|M|P|V,B,APS|HER|SUP|WIN,APS001,https://legendstory-production-s3-public.s3.amazonaws.com/media/cards/large/APS001.webp
T8TC8nQ6HCgPGGLKRhpwh,Plow Through,1,Warrior,,Deck,Warrior Action,1,,3,true,R,R,MON,MON113,https://legendstory-production-s3-public.s3.amazonaws.com/media/cards/large/MON113.webp
WBhc98JmWNphkCtcBJbDn,Plow Through,2,Warrior,,Deck,Warrior Action,1,,3,true,R,R,MON,MON114,https://legendstory-production-s3-public.s3.amazonaws.com/media/cards/large/MON114.webp
nkdkGCftLDqNPHKLJ8kDN,Plow Through,3,Warrior,,Deck,Warrior Action,1,,3,true,R,R,MON,MON115,https://legendstory-production-s3-public.s3.amazonaws.com/media/cards/large/MON115.webp
n9NTHWCRGQq9gMFwfcg6C,Plow Under,2,,Earth,Deck,Earth Action - Attack,2,2,3,true,M,M,ROS|SUP,ROS032,https://legendstory-production-s3-public.s3.amazonaws.com/media/cards/large/ROS032.webp
CRDtq9LpbDjKKbCkfcC7H,Plume of Evergrowth,,,Earth,Equipment,Earth Equipment - Head,,,0,true,C|P,C,BRI|ELE|FAB,BRI005,https://legendstory-production-s3-public.s3.amazonaws.com/media/cards/large/BRI005.webp
fwF67FGHHq7rCKdPRz77f,Plunder Run,1,Generic,,Deck,Generic Action,0,,2,true,R,R,1HP|ARC,1HP378,https://legendstory-production-s3-public.s3.amazonaws.com/media/cards/large/1HP378.webp
7MGt8wLQqdFk9F8LBQnD9,Plunder Run,2,Generic,,Deck,Generic Action,0,,2,true,R,R,1HP|ARC,1HP379,https://legendstory-production-s3-public.s3.amazonaws.com/media/cards/large/1HP379.webp
rpFFbrjQdDFGHgtwmjqKP,Plunder Run,3,Generic,,Deck,Generic Action,0,,2,true,R,R,1HP|ARC,1HP380,https://legendstory-production-s3-public.s3.amazonaws.com/media/cards/large/1HP380.webp
6QdjhDLqHJ9DB8GHD6fmf,Plunder the Poor,1,Assassin,,Deck,Assassin Action - Attack,0,4,3,true,R,R,ARK|DYN,ARK011,https://legendstory-production-s3-public.s3.amazonaws.com/media/cards/large/ARK011.webp
NjJNnbrqJgdh7MW9wkMWP,Plunder the Poor,2,Assassin,,Deck,Assassin Action - Attack,0,3,3,true,R,R,DYN,DYN125,https://legendstory-production-s3-public.s3.amazonaws.com/media/cards/large/DYN125.webp
LTtJknPgn6fpRWcgHkMJJ,Plunder the Poor,3,Assassin,,Deck,Assassin Action - Attack,0,2,3,true,R,R,ARK|DYN,ARK021,https://legendstory-production-s3-public.s3.amazonaws.com/media/cards/large/ARK021.webp
JbKPW9kCnmkqTqpBMCMWW,Plunge,1,Assassin|Ninja,,Deck,Assassin / Ninja Action - Attack,1,3,2,true,C,C,OUT,OUT151,https://legendstory-production-s3-public.s3.amazonaws.com/media/cards/large/OUT151.webp
g6BdLTWJMrQrbR77nnDrf,Plunge,2,Assassin|Ninja,,Deck,Assassin / Ninja Action - Attack,1,2,2,true,C,C,BEN|OUT,BEN019,https://legendstory-production-s3-public.s3.amazonaws.com/media/cards/large/BEN019.webp
bzrT9j7m9tGmr8BbKKk9J,Plunge,3,Assassin|Ninja,,Deck,Assassin / Ninja Action - Attack,1,1,2,true,C,C,OUT,OUT153,https://legendstory-production-s3-public.s3.amazonaws.com/media/cards/large/OUT153.webp
Tn8F8pBjHjqW7rfPLw9Wg,Plunge the Prospect,1,Assassin,,Deck,Assassin Action - Attack,0,3,3,true,C|P,C,GEM|HNT,GEM024,https://legendstory-production-s3-public.s3.amazonaws.com/media/cards/large/GEM024.webp
r7GmThKTHQtDW6RcFbdPR,Plunge the Prospect,2,Assassin,,Deck,Assassin Action - Attack,0,2,3,true,C,C,HNT,HNT042,https://legendstory-production-s3-public.s3.amazonaws.com/media/cards/large/HNT042.webp
nM9GmbLjcNCPLTjfBH7fk,Plunge the Prospect,3,Assassin,,Deck,Assassin Action - Attack,0,1,3,true,C,C,HNT,HNT043,https://legendstory-production-s3-public.s3.amazonaws.com/media/cards/large/HNT043.webp
jJdBmPDP6DkFFwwDG6wNg,Plutonic Starplate,,,Lightning,Equipment,Lightning Equipment - Chest,,,0,true,L,L,OMN,OMN141,https://legendstory-production-s3-public.s3.amazonaws.com/media/cards/large/OMN141-RF.webp
dbKgpPzLgwFdjfrhRmbgK,Point of Engagement,1,Warrior,,Deck,Warrior Action,0,,3,true,C,C,HNT,HNT137,https://legendstory-production-s3-public.s3.amazonaws.com/media/cards/large/HNT137.webp
cqpqWdPdBWCLfHzrR9rHt,Point of Engagement,2,Warrior,,Deck,Warrior Action,0,,3,true,C,C,HNT,HNT138,https://legendstory-production-s3-public.s3.amazonaws.com/media/cards/large/HNT138.webp
ThCWFGk7TfpwDbfPmKCT6,Point of Engagement,3,Warrior,,Deck,Warrior Action,0,,3,true,C,C,FNG|HNT,FNG025,https://legendstory-production-s3-public.s3.amazonaws.com/media/cards/large/FNG025.webp
dGQHwjhbMcCh7QbQQDRJJ,Point of Escalation,2,Warrior,,Deck,Warrior Attack Reaction,1,,3,true,M,M,MPW,MPW025,https://legendstory-production-s3-public.s3.amazonaws.com/media/cards/large/MPW025.webp
tqJNQ68KhJHWdJN8mFrdq,Point the Tip,1,Ranger,,Deck,Ranger Action,0,,2,true,C,C,AAZ|DYN,AAZ020,https://legendstory-production-s3-public.s3.amazonaws.com/media/cards/large/AAZ020.webp
RGprh7bBDNJBFGQDRtqzB,Point the Tip,2,Ranger,,Deck,Ranger Action,0,,2,true,C,C,DYN,DYN169,https://legendstory-production-s3-public.s3.amazonaws.com/media/cards/large/DYN169.webp
m8D6pkbQNGJqRRJTkGkCT,Point the Tip,3,Ranger,,Deck,Ranger Action,0,,2,true,C,C,DYN,DYN170,https://legendstory-production-s3-public.s3.amazonaws.com/media/cards/large/DYN170.webp
LpcMH9ftTRHRc9gw9j6hw,Poison the Tips,2,Ranger,,Deck,Ranger Action,0,,2,true,M,M,CRU,CRU124,https://legendstory-production-s3-public.s3.amazonaws.com/media/cards/large/CRU124.webp
BqMDcNR8b6m7L7QPtHgTB,Poison the Well,3,Generic,,Deck,Generic Instant,0,,,true,M|P,M,DTD|JDG,DTD231,https://legendstory-production-s3-public.s3.amazonaws.com/media/cards/large/DTD231.webp
GQCmNFkh9NCHrf7FNDrg9,Poisoned Blade,1,Assassin|Ninja,,Deck,Assassin / Ninja Action - Attack,1,3,2,true,C,C,CIN|HNT,CIN017,https://legendstory-production-s3-public.s3.amazonaws.com/media/cards/large/CIN017.webp
HK8KdHmNDkgcFgTPcdKbD,Poisoned Blade,2,Assassin|Ninja,,Deck,Assassin / Ninja Action - Attack,1,2,2,true,C,C,HNT,HNT186,https://legendstory-production-s3-public.s3.amazonaws.com/media/cards/large/HNT186.webp
8cbhPbn7mwTQnwcpD78RH,Poisoned Blade,3,Assassin|Ninja,,Deck,Assassin / Ninja Action - Attack,1,1,2,true,C,C,HNT,HNT187,https://legendstory-production-s3-public.s3.amazonaws.com/media/cards/large/HNT187.webp
ptW6MqBGczWDtTKnmrLFH,Polar Blast,1,,Ice,Deck,Ice Action,1,,2,true,C|P,C,ELE|LGS,ELE166,https://legendstory-production-s3-public.s3.amazonaws.com/media/cards/large/ELE166.webp
kqkwTjFqGH99hzDwWJN98,Polar Blast,2,,Ice,Deck,Ice Action,1,,2,true,C|P,C,ELE|LGS|OLD,ELE167,https://legendstory-production-s3-public.s3.amazonaws.com/media/cards/large/ELE167.webp
pfR8W7qrNLmgF6G6wtTff,Polar Blast,3,,Ice,Deck,Ice Action,1,,2,true,C|P,C,AJV|ELE|LGS,AJV021,https://legendstory-production-s3-public.s3.amazonaws.com/media/cards/large/AJV021.webp
pdJnb8zmwpRcmqbcH7JTH,Polar Cap,1,Wizard,Elemental,Deck,Elemental Wizard Action,2,,3,true,C,C,SIY|UPR,SIY015,https://legendstory-production-s3-public.s3.amazonaws.com/media/cards/large/SIY015.webp
rfqChPM7KDBRhh789TtDm,Polar Cap,2,Wizard,Elemental,Deck,Elemental Wizard Action,2,,3,true,C,C,UPR,UPR123,https://legendstory-production-s3-public.s3.amazonaws.com/media/cards/large/UPR123.webp
L9QHgTrJMCPMd6DfgDCNr,Polar Cap,3,Wizard,Elemental,Deck,Elemental Wizard Action,2,,3,true,C,C,UPR,UPR124,https://legendstory-production-s3-public.s3.amazonaws.com/media/cards/large/UPR124.webp
jfHbfHfWB7KPd8NTmqDd9,Polarity Reversal Script,1,Mechanologist,,Deck,Mechanologist Action - Item,1,,,true,R,R,EVO,EVO078,https://legendstory-production-s3-public.s3.amazonaws.com/media/cards/large/EVO078.webp
q7gj97HJJJD7Kkbk8PkBp,Polarus Pulse Ray,1,Illusionist,Lightning,Deck,Lightning Illusionist Action - Attack,2,7,3,true,R,R,AZS|OMN,AZS011,https://legendstory-production-s3-public.s3.amazonaws.com/media/cards/large/AZS011.webp
cjgpLNMgcd7HBcnJnDJ6j,Polarus Pulse Ray,2,Illusionist,Lightning,Deck,Lightning Illusionist Action - Attack,2,6,3,true,R,R,OMN,OMN010,https://legendstory-production-s3-public.s3.amazonaws.com/media/cards/large/OMN010.webp
Mh9bPkdPw6Hf7NCQhTqgp,Polarus Pulse Ray,3,Illusionist,Lightning,Deck,Lightning Illusionist Action - Attack,2,5,3,true,R,R,OMN,OMN011,https://legendstory-production-s3-public.s3.amazonaws.com/media/cards/large/OMN011.webp
gggJzRrtDDmNMKht6Whk7,Polished Blade,1,Warrior,,Deck,Warrior Attack Reaction,0,,3,true,M,M,AHA,AHA009,https://legendstory-production-s3-public.s3.amazonaws.com/media/cards/large/AHA009.webp
WMTq8GLHDK9ztDckQNDDw,Polly Cranka,,,,Deck,Puffin Companion - Off-Hand Ally,,,,true,L|V,L,SEA,SEA003,https://legendstory-production-s3-public.s3.amazonaws.com/media/cards/large/SEA003-RF.webp
HpWqFJW8ftTDdzCLK9RkD,Ponder,,Generic,,Token,Generic Token - Aura,,,,true,B|T|C|P,B,AZS|DYN|FAB|LGS|OMN|OSC|OUT|ROS|SBZ|UZU,AZS031,https://legendstory-production-s3-public.s3.amazonaws.com/media/cards/large/AZS031.webp
QMpq7DpJhfwJKkBfr6JKF,Pop the Bubble,1,Wizard,,Deck,Wizard Action,0,,3,true,R,R,ROS,ROS176,https://legendstory-production-s3-public.s3.amazonaws.com/media/cards/large/ROS176.webp
dTfFbRdN9zLPKfgWd8mmp,Pop the Bubble,2,Wizard,,Deck,Wizard Action,0,,3,true,R,R,ROS,ROS177,https://legendstory-production-s3-public.s3.amazonaws.com/media/cards/large/ROS177.webp
Fwd6jCqPfPh696Kz7gLfW,Pop the Bubble,3,Wizard,,Deck,Wizard Action,0,,3,true,R,R,ROS|VER,ROS178,https://legendstory-production-s3-public.s3.amazonaws.com/media/cards/large/ROS178.webp
KLrGzkPn8QfB6cqNqcN8m,Popped Collar Polo,,Generic,,Equipment,Generic Equipment - Chest,,,0,false,P,P,JDG|LSS,JDG060,https://legendstory-production-s3-public.s3.amazonaws.com/media/cards/large/JDG060-CF.webp
PRkRJkPDTwbd7RLCKPkNt,Portside Exchange,3,Pirate,,Deck,Pirate Action,0,,3,true,R,R,AGB|SEA|SGB,AGB029,https://legendstory-production-s3-public.s3.amazonaws.com/media/cards/large/AGB029.webp
qLwNCBR9FCfnnPtPjkWNp,Potion of Déjà Vu,3,Generic,,Deck,Generic Action - Item,0,,,true,R,R,EVR,EVR185,https://legendstory-production-s3-public.s3.amazonaws.com/media/cards/large/EVR185.webp
LRdKLkdKnTJ8CCczKmwzw,Potion of Ironhide,3,Generic,,Deck,Generic Action - Item,0,,,true,R,R,EVR,EVR186,https://legendstory-production-s3-public.s3.amazonaws.com/media/cards/large/EVR186.webp
K6NjFFzbnPdFpFCDRLMrK,Potion of Luck,3,Generic,,Deck,Generic Action - Item,0,,,true,R,R,EVR,EVR187,https://legendstory-production-s3-public.s3.amazonaws.com/media/cards/large/EVR187.webp
HkNT7zKrjgzBDp6Mq76Nm,Potion of Seeing,3,Generic,,Deck,Generic Action - Item,0,,,true,R,R,EVR,EVR184,https://legendstory-production-s3-public.s3.amazonaws.com/media/cards/large/EVR184.webp
fNMMHHpLGMCjHh8KQG8nW,Potion of Strength,3,Generic,,Deck,Generic Action - Item,0,,,true,R|P,R,1HP|BVO|FAB|TCC|WTR,1HP382,https://legendstory-production-s3-public.s3.amazonaws.com/media/cards/large/1HP382.webp
cGJkkqNfjfkwKDkcqwMBk,Pounamu Amulet,3,Generic,,Deck,Generic Action - Item,0,,,true,M|V,M,SEA,SEA195,https://legendstory-production-s3-public.s3.amazonaws.com/media/cards/large/SEA195.webp
HjFKhRGTDGJDk8NGmdFjB,Pouncing Paws,,Ninja,,Equipment,Ninja Equipment - Legs,,,1,true,R|P,R,FAB|SFA|TCC,FAB367,https://legendstory-production-s3-public.s3.amazonaws.com/media/cards/large/FAB367-GF.webp
jDjbmKWW9RHJwwncKDDfK,Pouncing Qi,1,Ninja,,Deck,Ninja Action - Attack,0,3,3,true,C,C,DYN|MST|TCC|ZEN,DYN056,https://legendstory-production-s3-public.s3.amazonaws.com/media/cards/large/DYN056.webp
KGCccRcdK768czQhpzLPq,Pouncing Qi,2,Ninja,,Deck,Ninja Action - Attack,0,2,3,true,C,C,DYN|MST,DYN057,https://legendstory-production-s3-public.s3.amazonaws.com/media/cards/large/DYN057.webp
qmQ6tmqFznzMnf9dcDRcF,Pouncing Qi,3,Ninja,,Deck,Ninja Action - Attack,0,1,3,true,C,C,DYN|MST|ZEN,DYN058,https://legendstory-production-s3-public.s3.amazonaws.com/media/cards/large/DYN058.webp
kHtKHFpcQzRfhtQ8WGBzF,Pound for Pound,1,Generic,,Deck,Generic Action - Attack,3,6,2,true,C,C,MON,MON278,https://legendstory-production-s3-public.s3.amazonaws.com/media/cards/large/MON278.webp
WGdTdNctcb6FPKwfCfpHB,Pound for Pound,2,Generic,,Deck,Generic Action - Attack,3,5,2,true,C,C,MON,MON279,https://legendstory-production-s3-public.s3.amazonaws.com/media/cards/large/MON279.webp
HGLJL8mtz7JNN9djNW68Q,Pound for Pound,3,Generic,,Deck,Generic Action - Attack,3,4,2,true,C,C,MON,MON280,https://legendstory-production-s3-public.s3.amazonaws.com/media/cards/large/MON280.webp
hRnmhw6LKLJCh9MqM8RPq,Pound of Flesh,3,Brute,Shadow,Deck,Shadow Brute Action,0,,3,true,R,R,PEN,PEN189,https://legendstory-production-s3-public.s3.amazonaws.com/media/cards/large/PEN189.webp
jkPdKzd9rfgc7W87rjr6r,Pound Town,1,Brute,,Deck,Brute Action - Attack,3,7,3,true,C,C,ARR|HVY|RHI,ARR011,https://legendstory-production-s3-public.s3.amazonaws.com/media/cards/large/ARR011.webp
hBNjTCpMptr8QmFbPHjN8,Pound Town,2,Brute,,Deck,Brute Action - Attack,3,6,3,true,C,C,ARR|HVY,ARR020,https://legendstory-production-s3-public.s3.amazonaws.com/media/cards/large/ARR020.webp
rKcfc9TTdwWgLrqtWJ67N,Pound Town,3,Brute,,Deck,Brute Action - Attack,3,5,3,true,C,C,AKO|HVY|RHI,AKO021,https://legendstory-production-s3-public.s3.amazonaws.com/media/cards/large/AKO021.webp
QBBDQjBmrCk9CR7BG8wmH,Pounding Gale,1,Ninja,,Deck,Ninja Action - Attack,1,5,3,true,S,S,WTR,WTR085,https://legendstory-production-s3-public.s3.amazonaws.com/media/cards/large/WTR085.webp
MhtpFzdKHmtPPrnLwWhnq,Pour the Mold,1,Mechanologist,,Deck,Mechanologist Action,0,,3,true,R,R,ARC,ARC014,https://legendstory-production-s3-public.s3.amazonaws.com/media/cards/large/ARC014.webp
r8TWKrQFMwGwD976H6LN6,Pour the Mold,2,Mechanologist,,Deck,Mechanologist Action,0,,3,true,R,R,ARC,ARC015,https://legendstory-production-s3-public.s3.amazonaws.com/media/cards/large/ARC015.webp
Nd8DdbchbdmFPFgNLRPDD,Pour the Mold,3,Mechanologist,,Deck,Mechanologist Action,0,,3,true,R,R,ARC,ARC016,https://legendstory-production-s3-public.s3.amazonaws.com/media/cards/large/ARC016.webp
dkT9ghbNpFJ9qCfrPQq88,Powder Keg,3,Mechanologist,,Deck,Mechanologist Action - Item,0,,,true,M,M,DYN,DYN094,https://legendstory-production-s3-public.s3.amazonaws.com/media/cards/large/DYN094.webp
cKBWfJd9ttcpKtGrbCJTG,Power of Make Believe,1,Illusionist,,Deck,Illusionist Action - Attack,3,7,3,true,C,C,PEN,PEN130,https://legendstory-production-s3-public.s3.amazonaws.com/media/cards/large/PEN130.webp
zrz9QBLtdGfJWhDqtQrCB,Power of Make Believe,2,Illusionist,,Deck,Illusionist Action - Attack,3,6,3,true,C,C,PEN,PEN131,https://legendstory-production-s3-public.s3.amazonaws.com/media/cards/large/PEN131.webp
NCCwNW9fwRKHbGqnDTjK6,Power of Make Believe,3,Illusionist,,Deck,Illusionist Action - Attack,3,5,3,true,C,C,PEN,PEN132,https://legendstory-production-s3-public.s3.amazonaws.com/media/cards/large/PEN132.webp
tWPTFLgzJcgw7nkn8rT7F,Power Play,1,Guardian,,Deck,Guardian Action - Attack,3,3,3,true,C,C,SUP,SUP186,https://legendstory-production-s3-public.s3.amazonaws.com/media/cards/large/SUP186.webp
r7J9m7TcMRndwCLRTKBjN,Power Play,2,Guardian,,Deck,Guardian Action - Attack,3,2,3,true,C,C,SUP,SUP187,https://legendstory-production-s3-public.s3.amazonaws.com/media/cards/large/SUP187.webp
g99FP9tt8L7dtmfqwDnH8,Power Play,3,Guardian,,Deck,Guardian Action - Attack,3,1,3,true,C|P,C,GEM|SLY|SUP,GEM103,https://legendstory-production-s3-public.s3.amazonaws.com/media/cards/large/GEM103.webp
qFzrQChhnbgNcnQ7d9tKW,Power Stance,3,Warrior,,Deck,Warrior Action - Aura,0,,3,true,R|P,R,FAB|HNT,FAB314,https://legendstory-production-s3-public.s3.amazonaws.com/media/cards/large/FAB314-RF.webp
RznwHPTkhd7rfzzJc9dp8,Prayer of Bellona,2,Warrior,Light,Deck,Light Warrior Action,1,,3,true,M,M,DTD,DTD053,https://legendstory-production-s3-public.s3.amazonaws.com/media/cards/large/DTD053.webp
PzGjPPLt9cWDqTWCQnzTC,Preach Modesty,1,Ninja,,Deck,Ninja Action - Aura,0,,2,true,M,M,SEA,SEA252,https://legendstory-production-s3-public.s3.amazonaws.com/media/cards/large/SEA252.webp
bGHDTHMbhKnnkgWBpNzFJ,Precision Press,1,Warrior,,Deck,Warrior Action,1,,3,true,R,R,DYN,DYN076,https://legendstory-production-s3-public.s3.amazonaws.com/media/cards/large/DYN076.webp
rKzqQTTkzfqRBzdPmdpcg,Precision Press,2,Warrior,,Deck,Warrior Action,1,,3,true,R,R,DYN,DYN077,https://legendstory-production-s3-public.s3.amazonaws.com/media/cards/large/DYN077.webp
RWDphL6CBKRwDcqCHKfTG,Precision Press,3,Warrior,,Deck,Warrior Action,1,,3,true,R,R,DYN,DYN078,https://legendstory-production-s3-public.s3.amazonaws.com/media/cards/large/DYN078.webp
8zzHWnJ8WdM8HtWn7FFCF,Predatory Assault,1,Brute,,Deck,Brute Action - Attack,2,6,3,true,C,C,CRU,CRU013,https://legendstory-production-s3-public.s3.amazonaws.com/media/cards/large/CRU013.webp
dzkNcddzgqbwg8k6KmD8c,Predatory Assault,2,Brute,,Deck,Brute Action - Attack,2,5,3,true,C,C,CRU,CRU014,https://legendstory-production-s3-public.s3.amazonaws.com/media/cards/large/CRU014.webp
WRkGPfTHMdgBnGtNpBhnp,Predatory Assault,3,Brute,,Deck,Brute Action - Attack,2,4,3,true,C,C,CRU,CRU015,https://legendstory-production-s3-public.s3.amazonaws.com/media/cards/large/CRU015.webp
JRcHqqHkwdJML7wfMRhM7,Predatory Plating,,Brute,,Equipment,Brute Equipment - Chest,,,2,true,R,R,PEN|SKA,PEN003,https://legendstory-production-s3-public.s3.amazonaws.com/media/cards/large/PEN003.webp
r9GQj9McpQbr8Jf9jhkch,Predatory Streak,1,Ninja,,Deck,Ninja Action,0,,2,true,C|P,C,DYN|LGS,DYN062,https://legendstory-production-s3-public.s3.amazonaws.com/media/cards/large/DYN062.webp
fgtKgMrhTRwMmQqMfg9FH,Predatory Streak,2,Ninja,,Deck,Ninja Action,0,,2,true,C|P,C,DYN|LGS|TCC,DYN063,https://legendstory-production-s3-public.s3.amazonaws.com/media/cards/large/DYN063.webp
fdfdpDhwBKNpbGPntGkKd,Predatory Streak,3,Ninja,,Deck,Ninja Action,0,,2,true,C|P,C,DYN|LGS|TCC,DYN064,https://legendstory-production-s3-public.s3.amazonaws.com/media/cards/large/DYN064.webp
fMgQnGBfTgfGdLFMDjDWJ,Premeditate,1,Generic,,Deck,Generic Action,0,,2,true,M,M,ANQ|OUT,ANQ022,https://legendstory-production-s3-public.s3.amazonaws.com/media/cards/large/ANQ022.webp
jpWjmrzckFnCzG8tFMppt,Preserve Tradition,3,,Mystic,Deck,Mystic Instant,0,,,true,C|P|V,C,ENG|LGS|MST|SEN|ZEN,ENG027,https://legendstory-production-s3-public.s3.amazonaws.com/media/cards/large/ENG027.webp
Tjgtqc8jPgrGrz6JbNfbW,Prey on Insecurity,1,Assassin,,Deck,Assassin Action - Attack,0,3,3,true,M,M,MPA,MPA024,https://legendstory-production-s3-public.s3.amazonaws.com/media/cards/large/MPA024.webp
9Rc87J7TGt8DWffqnKjCf,Prey Spotters,,Assassin,,Equipment,Assassin Equipment - Head,,,1,true,R,R,AAC|SAR,AAC004,https://legendstory-production-s3-public.s3.amazonaws.com/media/cards/large/AAC004-RF.webp
qR8DkwWmrqGqzd9BbCDbH,Prime the Crowd,1,Generic,,Deck,Generic Action,2,,2,true,C,C,SLY|SUP,SLY013,https://legendstory-production-s3-public.s3.amazonaws.com/media/cards/large/SLY013.webp
DnWNQrGqLW69pqRdTDhmT,Prime the Crowd,2,Generic,,Deck,Generic Action,2,,2,true,C,C,SUP,SUP237,https://legendstory-production-s3-public.s3.amazonaws.com/media/cards/large/SUP237.webp
8N7gGzcDDNK7d8jFGPrR6,Prime the Crowd,3,Generic,,Deck,Generic Action,2,,2,true,C,C,SUP,SUP238,https://legendstory-production-s3-public.s3.amazonaws.com/media/cards/large/SUP238.webp
DTNR6KNnBDCBqkczc9PnT,Primed to Fight,1,Guardian,,Deck,Guardian Action - Attack,5,9,3,true,M,M,HVY,HVY058,https://legendstory-production-s3-public.s3.amazonaws.com/media/cards/large/HVY058.webp
HFHk96nMLCb7djccbnWpR,Primeval Bellow,1,Brute,,Deck,Brute Action,0,,3,true,C,C,1HP|WTR,1HP040,https://legendstory-production-s3-public.s3.amazonaws.com/media/cards/large/1HP040.webp
wG8dQmKcfwwGMwdRzjpwn,Primeval Bellow,2,Brute,,Deck,Brute Action,0,,3,true,C,C,1HP|WTR,1HP041,https://legendstory-production-s3-public.s3.amazonaws.com/media/cards/large/1HP041.webp
qw9LBP66tDQBHwRcgTTjg,Primeval Bellow,3,Brute,,Deck,Brute Action,0,,3,true,C,C,1HP|RNR|WTR,1HP042,https://legendstory-production-s3-public.s3.amazonaws.com/media/cards/large/1HP042.webp
NGkHQHjzkFqfmGLKmRCpj,Prism,,Illusionist,Light,Hero,Light Illusionist Hero - Young,,,,false,T|R|P|V,T,HER|MON|PEN|PSM,HER034,https://legendstory-production-s3-public.s3.amazonaws.com/media/cards/large/HER034-CF.webp
dhbhdcr8CB6ngRrf9GTgm,"Prism, Advent of Thrones",,Illusionist,Light,Hero,Light Illusionist Hero - Young,,,,false,M|P,M,DTD|HER,DTD002,https://legendstory-production-s3-public.s3.amazonaws.com/media/cards/large/DTD002.webp
jrQcdHwPDPTt8PWTdNLqk,"Prism, Awakener of Sol",,Illusionist,Light,Hero,Light Illusionist Hero,,,,true,M|P,M,DTD|GEM|HER|WIN,DTD001,https://legendstory-production-s3-public.s3.amazonaws.com/media/cards/large/DTD001.webp
F7rQpTDjHFWPgQhcGg7RT,"Prism, Sculptor of Arc Light",,Illusionist,Light,Hero,Light Illusionist Hero,,,,true,T|M|P,T,APR|HER|MON|WIN,APR001,https://legendstory-production-s3-public.s3.amazonaws.com/media/cards/large/APR001.webp
WtGmJPqkJc7nWGRBCFwww,Prismatic Lens,2,Mechanologist,,Deck,Mechanologist Action - Item,1,,,true,M,M,EVO,EVO071,https://legendstory-production-s3-public.s3.amazonaws.com/media/cards/large/EVO071.webp
9f8NPBQcRJWdqLqBhQfpB,Prismatic Leyline,2,Generic,,Deck,Generic Action,0,,3,true,M,M,MST,MST193,https://legendstory-production-s3-public.s3.amazonaws.com/media/cards/large/MST193.webp
KHwWtFzhjTgbrJJrkGjFc,Prismatic Shield,1,Illusionist,,Deck,Illusionist Instant,3,,,true,R,R,MON|PSM,MON092,https://legendstory-production-s3-public.s3.amazonaws.com/media/cards/large/MON092.webp
GwNppkqrrrfrMgRWhT9rr,Prismatic Shield,2,Illusionist,,Deck,Illusionist Instant,3,,,true,R,R,MON,MON093,https://legendstory-production-s3-public.s3.amazonaws.com/media/cards/large/MON093.webp
bFjnrzdmFLkwdBbWHnGfR,Prismatic Shield,3,Illusionist,,Deck,Illusionist Instant,3,,,true,R,R,MON,MON094,https://legendstory-production-s3-public.s3.amazonaws.com/media/cards/large/MON094.webp
mRCfW6wBLjzRzjnNrKqQn,Prized Galea,,Warrior,,Equipment,Warrior Equipment - Head,,,2,true,R|P,R,AOL|FAB|HVY|LGS|OLA,AOL003,https://legendstory-production-s3-public.s3.amazonaws.com/media/cards/large/AOL003.webp
LcDcpG8KLwjzKkdqwpnHn,Prizeworn Gauntlet,,Warrior,,Equipment,Warrior Equipment - Arms,,,2,true,M,M,AOL,AOL005,https://legendstory-production-s3-public.s3.amazonaws.com/media/cards/large/AOL005-RF.webp
hGWwgMph6rFkMJJKq8Bqq,Prizeworn Pathfinders,,Guardian|Warrior,,Equipment,Guardian / Warrior Equipment - Legs,,,1,true,R,R,AOL,AOL006,https://legendstory-production-s3-public.s3.amazonaws.com/media/cards/large/AOL006-RF.webp
KcrNLmMjgffQ6hqBbnBrL,Prizeworn Plating,,Warrior,,Equipment,Warrior Equipment - Chest,,,2,true,M,M,AOL,AOL004,https://legendstory-production-s3-public.s3.amazonaws.com/media/cards/large/AOL004-RF.webp
G7WBwbd7TnnMMp8R9tkMw,Proclaim Vengeance,1,,Draconic,Deck,Draconic Instant,0,,,true,C|P,C,GEM|HNT,GEM018,https://legendstory-production-s3-public.s3.amazonaws.com/media/cards/large/GEM018.webp
wQcpct8M6ddWK6BkKMMgC,Proclamation of Abundance,,Adjudicator,,Equipment,Adjudicator Equipment - Off-Hand,,,,false,P,P,JDG,JDG009,https://legendstory-production-s3-public.s3.amazonaws.com/media/cards/large/JDG009-CF.webp
LwtRft6CKgLFgbDKrwTJn,Proclamation of Combat,,Adjudicator,,Equipment,Adjudicator Equipment - Off-Hand,,,,false,P,P,JDG,JDG025,https://legendstory-production-s3-public.s3.amazonaws.com/media/cards/large/JDG025-CF.webp
7tzgdpf9qnJbqRp6PTNj7,Proclamation of Production,,Adjudicator,,Equipment,Adjudicator Equipment - Off-Hand,,,,false,P,P,JDG,JDG019,https://legendstory-production-s3-public.s3.amazonaws.com/media/cards/large/JDG019-CF.webp
nPNcp7BDrghp6dLPfHnNp,Proclamation of Requisition,,Adjudicator,,Equipment,Adjudicator Equipment - Off-Hand,,,,false,P,P,JDG,JDG003,https://legendstory-production-s3-public.s3.amazonaws.com/media/cards/large/JDG003-CF.webp
BLCMLHnwnbRKbdhPJ9DQp,Professor Teklovossen,,Mechanologist,,Hero,Mechanologist Hero - Young,,,,false,M|P,M,HER|TCC,HER104,https://legendstory-production-s3-public.s3.amazonaws.com/media/cards/large/HER104-CF.webp
8WTJfBChbRBpfPLzbJkB9,Prognosticate,1,Wizard,,Deck,Wizard Action,0,,3,true,C,C,DYN,DYN203,https://legendstory-production-s3-public.s3.amazonaws.com/media/cards/large/DYN203.webp
ctHW6nkg8WJKJcmqRtTpH,Prognosticate,2,Wizard,,Deck,Wizard Action,0,,3,true,C,C,DYN,DYN204,https://legendstory-production-s3-public.s3.amazonaws.com/media/cards/large/DYN204.webp
6nPhzmrgb6bf6Km6gDBFG,Prognosticate,3,Wizard,,Deck,Wizard Action,0,,3,true,C,C,DYN,DYN205,https://legendstory-production-s3-public.s3.amazonaws.com/media/cards/large/DYN205.webp
WDDHGnJfg7HGgWcnRGrN7,Promise of Plenty,1,Generic,,Deck,Generic Action - Attack,0,3,2,true,R,R,CRU,CRU183,https://legendstory-production-s3-public.s3.amazonaws.com/media/cards/large/CRU183.webp
GTLKqwK6pfzjdmCgRgd9W,Promise of Plenty,2,Generic,,Deck,Generic Action - Attack,0,2,2,true,R,R,CRU,CRU184,https://legendstory-production-s3-public.s3.amazonaws.com/media/cards/large/CRU184.webp
g9LhkTgkgNBCtwmcPCgdP,Promise of Plenty,3,Generic,,Deck,Generic Action - Attack,0,1,2,true,R,R,CRU,CRU185,https://legendstory-production-s3-public.s3.amazonaws.com/media/cards/large/CRU185.webp
jFpwffNmqGB8nTHt7mzp9,Promising Terrain,3,Guardian,,Deck,Guardian Action - Aura,0,,3,true,R|P,R,LGS|MPG,LGS390,https://legendstory-production-s3-public.s3.amazonaws.com/media/cards/large/LGS390-RF.webp
bRKLFbq7gKkdTQnqBmWgC,Prophetic Quickstep,2,Runeblade,Lightning,Deck,Lightning Runeblade Action - Attack,1,3,3,true,R,R,OMN,OMN055,https://legendstory-production-s3-public.s3.amazonaws.com/media/cards/large/OMN055.webp
kWMK7khntdgCmPBhqmkJ9,Proto Base Arms,,Mechanologist,,Equipment,Mechanologist Equipment - Base Arms,,,,true,T|C|P,T,EVO|LGS|TCC,EVO024,https://legendstory-production-s3-public.s3.amazonaws.com/media/cards/large/EVO024.webp
cNNm9qpcDKNGdmMgr9htd,Proto Base Chest,,Mechanologist,,Equipment,Mechanologist Equipment - Base Chest,,,,true,T|C|P,T,EVO|LGS|TCC,EVO023,https://legendstory-production-s3-public.s3.amazonaws.com/media/cards/large/EVO023.webp
MfJzLNc8CpcPLnpqfQGtN,Proto Base Head,,Mechanologist,,Equipment,Mechanologist Equipment - Base Head,,,,true,T|C|P,T,EVO|LGS|TCC,EVO022,https://legendstory-production-s3-public.s3.amazonaws.com/media/cards/large/EVO022.webp
nggPgQmcj9hBWttfDrKtn,Proto Base Legs,,Mechanologist,,Equipment,Mechanologist Equipment - Base Legs,,,,true,T|C|P,T,EVO|LGS|TCC,EVO025,https://legendstory-production-s3-public.s3.amazonaws.com/media/cards/large/EVO025.webp
8W97NwL96dwBpfqDCWKrz,Provoke,3,Warrior,,Deck,Warrior Attack Reaction,1,,3,true,M,M,HNT,HNT117,https://legendstory-production-s3-public.s3.amazonaws.com/media/cards/large/HNT117.webp
D9BrCpJrGhbWC8BwDbkjW,Prowess of Agility,3,Ninja,,Deck,Ninja Action - Aura,0,,3,true,M,M,HNT,HNT073,https://legendstory-production-s3-public.s3.amazonaws.com/media/cards/large/HNT073.webp
zcrKbBF8hrk9bfG7cWWfF,Prowl,1,Assassin,,Deck,Assassin Action - Attack,0,3,3,true,C,C,AAC|ARA|OUT,AAC016,https://legendstory-production-s3-public.s3.amazonaws.com/media/cards/large/AAC016.webp
LCwpKJ8PMK8HqGKPH7RM6,Prowl,2,Assassin,,Deck,Assassin Action - Attack,0,2,3,true,C,C,ARA|OUT,ARA021,https://legendstory-production-s3-public.s3.amazonaws.com/media/cards/large/ARA021.webp
wTwdrMPDDFkHJhhhMCJ9b,Prowl,3,Assassin,,Deck,Assassin Action - Attack,0,1,3,true,C,C,ARA|OUT|UZU,ARA023,https://legendstory-production-s3-public.s3.amazonaws.com/media/cards/large/ARA023.webp
6FGKKGj7QbWJ6tJfh9Qmn,Pry,1,Wizard,,Deck,Wizard Action,0,,3,true,C,C,EVR,EVR128,https://legendstory-production-s3-public.s3.amazonaws.com/media/cards/large/EVR128.webp
wrf8qfHNtcKLG9WrKDWL9,Pry,2,Wizard,,Deck,Wizard Action,0,,3,true,C,C,EVR,EVR129,https://legendstory-production-s3-public.s3.amazonaws.com/media/cards/large/EVR129.webp
cBbDbtL7FMKjqwNQpkWQ6,Pry,3,Wizard,,Deck,Wizard Action,0,,3,true,C,C,EVR,EVR130,https://legendstory-production-s3-public.s3.amazonaws.com/media/cards/large/EVR130.webp
tBg8fnqMkfmjJgNFPmKKf,Public Bounty,1,Generic,,Deck,Generic Action,1,,2,true,C,C,HNT,HNT241,https://legendstory-production-s3-public.s3.amazonaws.com/media/cards/large/HNT241.webp
jPmQzcTkTDjMfbGHpdnr9,Public Bounty,2,Generic,,Deck,Generic Action,1,,2,true,C,C,HNT,HNT242,https://legendstory-production-s3-public.s3.amazonaws.com/media/cards/large/HNT242.webp
jfMpJKPFjR6kCpQnFJQdJ,Public Bounty,3,Generic,,Deck,Generic Action,1,,2,true,C,C,HNT,HNT243,https://legendstory-production-s3-public.s3.amazonaws.com/media/cards/large/HNT243.webp
fJTDNGKmzzzmwzrpCdgbT,Puffer Jacket,,Mechanologist,,Equipment,Mechanologist Equipment - Chest,,,2,true,M,M,AMX,AMX004,https://legendstory-production-s3-public.s3.amazonaws.com/media/cards/large/AMX004-RF.webp
m8MzjMMWBw88jJj9gt9Qj,Puffin,,Pirate|Mechanologist,,Hero,Pirate Mechanologist Hero - Young,,,,false,B|P|V,B,HER|SEA,HER140,https://legendstory-production-s3-public.s3.amazonaws.com/media/cards/large/HER140-RF.webp
DghbPmFhwLkT9whJJjL9f,"Puffin, Hightail",,Pirate|Mechanologist,,Hero,Pirate Mechanologist Hero,,,,true,B|P|V,B,HER|SEA|WIN,HER137,https://legendstory-production-s3-public.s3.amazonaws.com/media/cards/large/HER137-RF.webp
Hpdjj6RbkDfKMmNqQmwTR,Pulping,1,Brute,,Deck,Brute Action - Attack,2,6,,true,R|P,R,AKO|LGS|MON|SKA,AKO010,https://legendstory-production-s3-public.s3.amazonaws.com/media/cards/large/AKO010.webp
KpDFLFJMK7zK8PC7gr6nJ,Pulping,2,Brute,,Deck,Brute Action - Attack,2,5,,true,R|P,R,LGS|MON,LGS052,https://legendstory-production-s3-public.s3.amazonaws.com/media/cards/large/LGS052-RF.webp
qmgKfChbmD6w66dbDz7K6,Pulping,3,Brute,,Deck,Brute Action - Attack,2,4,,true,R|P,R,LGS|MON,LGS053,https://legendstory-production-s3-public.s3.amazonaws.com/media/cards/large/LGS053-RF.webp
LChfNqqwjw9Njbdntwcz7,Pulse of Candlehold,2,,Earth|Lightning,Deck,Earth Lightning Action,0,,3,true,M,M,ELE,ELE113,https://legendstory-production-s3-public.s3.amazonaws.com/media/cards/large/ELE113.webp
rDLHG8PWgWpbJ87hRd6fD,Pulse of Isenloft,3,,Ice|Earth,Deck,Ice Earth Defense Reaction,2,,6,true,M,M,ELE,ELE114,https://legendstory-production-s3-public.s3.amazonaws.com/media/cards/large/ELE114.webp
k6WKFM77fCwDqKTTBBDmK,Pulse of Volthaven,1,,Lightning|Ice,Deck,Lightning Ice Instant,0,,,true,M,M,ELE,ELE112,https://legendstory-production-s3-public.s3.amazonaws.com/media/cards/large/ELE112.webp
RhmtDg8Qcz8wtFLFQLh98,Pulsewave Harpoon,1,Mechanologist,,Deck,Mechanologist Action - Attack,1,4,3,true,M,M,DYN,DYN090,https://legendstory-production-s3-public.s3.amazonaws.com/media/cards/large/DYN090.webp
Nqr9cJGNPNKtQqKKrC7Fc,Pulsewave Protocol,2,Mechanologist,,Deck,Mechanologist Action - Attack,3,6,3,true,M|P,M,EVO|FAB,EVO058,https://legendstory-production-s3-public.s3.amazonaws.com/media/cards/large/EVO058.webp
MndFg9bzntzzrFkHNgzfz,Pulsing Aether // Life,1,Wizard,Earth,Deck,Wizard Action // Earth Instant,1,,3,true,R|P,R,LGS|ROS|VER,LGS340,https://legendstory-production-s3-public.s3.amazonaws.com/media/cards/large/LGS340-CF.webp
nm7BLnWdtjqGqfJ868NbW,Pulsing Cardia,1,Illusionist,Lightning,Deck,Lightning Illusionist Action - Attack,0,5,3,true,C|P,C,GEM|OMN,GEM151,https://legendstory-production-s3-public.s3.amazonaws.com/media/cards/large/GEM151.webp
FJNBWQGCMNzBKLc6qPC9q,Pulsing Cardia,2,Illusionist,Lightning,Deck,Lightning Illusionist Action - Attack,0,4,3,true,C,C,OMN,OMN022,https://legendstory-production-s3-public.s3.amazonaws.com/media/cards/large/OMN022.webp
nmc9fgdkRkcdJN6QwMTnT,Pulsing Cardia,3,Illusionist,Lightning,Deck,Lightning Illusionist Action - Attack,0,3,3,true,C,C,OMN,OMN023,https://legendstory-production-s3-public.s3.amazonaws.com/media/cards/large/OMN023.webp
FkNKF7G8Tn79TtGrgKNpn,Pulverize,1,Guardian,,Deck,Guardian Action - Attack,10,14,3,true,M,M,EVR,EVR021,https://legendstory-production-s3-public.s3.amazonaws.com/media/cards/large/EVR021.webp
zzNQtc8QL8RcCwRcB6JP7,Pummel,1,Generic,,Deck,Generic Attack Reaction,2,,2,true,C|P,C,1HP|ANQ|FAB|JDG|SBR|WTR,1HP399,https://legendstory-production-s3-public.s3.amazonaws.com/media/cards/large/1HP399.webp
pG9mTDdBkd7gPmGkPhpGd,Pummel,2,Generic,,Deck,Generic Attack Reaction,2,,2,true,C,C,1HP|WTR,1HP400,https://legendstory-production-s3-public.s3.amazonaws.com/media/cards/large/1HP400.webp
ktRRh7cTpqgTzFRg8HJK6,Pummel,3,Generic,,Deck,Generic Attack Reaction,2,,2,true,C,C,1HP|BVO|WTR,1HP401,https://legendstory-production-s3-public.s3.amazonaws.com/media/cards/large/1HP401.webp
nfWLDhWBqKhGMtQMKFjdm,Punch Above Your Weight,1,Generic,,Deck,Generic Action - Attack,0,2,2,true,R|P,R,FAB|SUP,FAB374,https://legendstory-production-s3-public.s3.amazonaws.com/media/cards/large/FAB374-CF.webp
9g6wWCRkpgW7brDgFb7Bg,Punch Above Your Weight,2,Generic,,Deck,Generic Action - Attack,0,2,2,true,R,R,SUP,SUP225,https://legendstory-production-s3-public.s3.amazonaws.com/media/cards/large/SUP225.webp
NQQdqRGPQtMnf6LGdBJn6,Punch Above Your Weight,3,Generic,,Deck,Generic Action - Attack,0,2,2,true,R,R,SUP,SUP226,https://legendstory-production-s3-public.s3.amazonaws.com/media/cards/large/SUP226.webp
BJrdzPnKR6zFhPhpWkLqr,Punching Gloves,,Generic,,Equipment,Generic Equipment - Arms,,,0,true,C|P,C,LGS|SUP,LGS416,https://legendstory-production-s3-public.s3.amazonaws.com/media/cards/large/LGS416-CF.webp
jtk8JgcJHLBK9kqdNf7FG,Puncture,1,Warrior,,Deck,Warrior Attack Reaction,1,,3,true,C,C,DYN|SDO,DYN079,https://legendstory-production-s3-public.s3.amazonaws.com/media/cards/large/DYN079.webp
Q9wCKDmjFwjdjdL6rkcLJ,Puncture,2,Warrior,,Deck,Warrior Attack Reaction,1,,3,true,C,C,DYN,DYN080,https://legendstory-production-s3-public.s3.amazonaws.com/media/cards/large/DYN080.webp
CLw8wRQNbjMTbFLR6bQQf,Puncture,3,Warrior,,Deck,Warrior Attack Reaction,1,,3,true,C,C,DYN|SDO,DYN081,https://legendstory-production-s3-public.s3.amazonaws.com/media/cards/large/DYN081.webp
W6dTQMgChGpqBdDnrp6g8,Pursue to the Edge of Oblivion,1,Generic,,Deck,Generic Action - Attack,0,4,3,true,R,R,HNT,HNT224,https://legendstory-production-s3-public.s3.amazonaws.com/media/cards/large/HNT224.webp
w7prWHb7LbrPMChNMdHzq,Pursue to the Pits of Despair,1,Generic,,Deck,Generic Action - Attack,1,5,3,true,R,R,HNT,HNT225,https://legendstory-production-s3-public.s3.amazonaws.com/media/cards/large/HNT225.webp
PFbQN9BfpLzzgrmGMrBzb,Pursuit of Knowledge,3,Generic,,Deck,Generic Action - Attack,2,4,2,true,S|P,S,ARC|LGS,ARC161,https://legendstory-production-s3-public.s3.amazonaws.com/media/cards/large/ARC161.webp
gNckqNrr8FBqDgGh877wQ,Push Forward,1,Warrior,,Deck,Warrior Action,1,,3,true,C,C,BOL|CRU|MPW,BOL030,https://legendstory-production-s3-public.s3.amazonaws.com/media/cards/large/BOL030.webp
pQfGDbkf79Rm8tnt6hLgR,Push Forward,2,Warrior,,Deck,Warrior Action,1,,3,true,C,C,CRU,CRU095,https://legendstory-production-s3-public.s3.amazonaws.com/media/cards/large/CRU095.webp
zwNPbN7wMRmNPhzmBhGLD,Push Forward,3,Warrior,,Deck,Warrior Action,1,,3,true,C,C,CRU,CRU096,https://legendstory-production-s3-public.s3.amazonaws.com/media/cards/large/CRU096.webp
JgbBkhwf8bRTnJCB6HLrD,Push the Point,1,Generic,,Deck,Generic Action - Attack,1,4,2,true,C,C,ARC,ARC188,https://legendstory-production-s3-public.s3.amazonaws.com/media/cards/large/ARC188.webp
fqF87f9FWqhtqnNDkKcBB,Push the Point,2,Generic,,Deck,Generic Action - Attack,1,3,2,true,C,C,ARC,ARC189,https://legendstory-production-s3-public.s3.amazonaws.com/media/cards/large/ARC189.webp
MCf7PDzNkfQQrkwJmL9mp,Push the Point,3,Generic,,Deck,Generic Action - Attack,1,2,2,true,C,C,ARC,ARC190,https://legendstory-production-s3-public.s3.amazonaws.com/media/cards/large/ARC190.webp
FB87tWPkwcRzmzjLcDfMD,Put 'Em In Their Place,1,Guardian,,Deck,Guardian Action - Attack,6,10,3,true,M,M,MPG,MPG018,https://legendstory-production-s3-public.s3.amazonaws.com/media/cards/large/MPG018.webp
MwtKH7HkBhbtFWTBCbDCm,Put in Context,3,Generic,,Deck,Generic Defense Reaction,0,,3,true,C|P,C,CIN|FAB|HNT|MPW|SDO|SEN,CIN027,https://legendstory-production-s3-public.s3.amazonaws.com/media/cards/large/CIN027.webp
rHG9qHMLWbk6t68GkJ7Mw,Put on Ice,1,,Ice,Deck,Ice Action,1,,2,true,C,C,PEN,PEN234,https://legendstory-production-s3-public.s3.amazonaws.com/media/cards/large/PEN234.webp
WfhcLNHhCBC9kj7wfdqfM,Put on Ice,2,,Ice,Deck,Ice Action,1,,2,true,C,C,PEN,PEN235,https://legendstory-production-s3-public.s3.amazonaws.com/media/cards/large/PEN235.webp
GBLfqjhh9PnPJFJPThWWn,Put on Ice,3,,Ice,Deck,Ice Action,1,,2,true,C,C,PEN,PEN236,https://legendstory-production-s3-public.s3.amazonaws.com/media/cards/large/PEN236.webp
7QhWMkPGMbFjHqn7rk9Gq,Putrid Stirrings,1,Runeblade,Shadow,Deck,Shadow Runeblade Action,3,,3,true,C,C,DTD,DTD161,https://legendstory-production-s3-public.s3.amazonaws.com/media/cards/large/DTD161.webp
Kcp6zfhjQtdpz8PpKfPPh,Putrid Stirrings,2,Runeblade,Shadow,Deck,Shadow Runeblade Action,3,,3,true,C,C,DTD,DTD162,https://legendstory-production-s3-public.s3.amazonaws.com/media/cards/large/DTD162.webp
mnhNFLR7HKQHf8KNpnFB6,Putrid Stirrings,3,Runeblade,Shadow,Deck,Shadow Runeblade Action,3,,3,true,C,C,DTD,DTD163,https://legendstory-production-s3-public.s3.amazonaws.com/media/cards/large/DTD163.webp
FTHfgBjNWbkDzDhCRpjCp,Pyroglyphic Protection,1,Wizard,,Deck,Wizard Action - Aura,2,,2,true,C,C,EVR,EVR131,https://legendstory-production-s3-public.s3.amazonaws.com/media/cards/large/EVR131.webp
dQ9DC6fLBNbBQdrcrKtQW,Pyroglyphic Protection,2,Wizard,,Deck,Wizard Action - Aura,2,,2,true,C,C,EVR,EVR132,https://legendstory-production-s3-public.s3.amazonaws.com/media/cards/large/EVR132.webp
PRh9NpRhN76FHztmTm7nt,Pyroglyphic Protection,3,Wizard,,Deck,Wizard Action - Aura,2,,2,true,C,C,EVR|SIY,EVR133,https://legendstory-production-s3-public.s3.amazonaws.com/media/cards/large/EVR133.webp
twGn8N6Pm6ctFgKnjCpL7,Qi Unleashed,1,Ninja,,Deck,Ninja Action - Attack,2,3,3,true,C|R,C,DYN|MST|TCC|ZEN,DYN059,https://legendstory-production-s3-public.s3.amazonaws.com/media/cards/large/DYN059.webp
hrPnGKq9czRctFqJqWknC,Qi Unleashed,2,Ninja,,Deck,Ninja Action - Attack,2,2,3,true,C|R,C,DYN|MST,DYN060,https://legendstory-production-s3-public.s3.amazonaws.com/media/cards/large/DYN060.webp
mBhNRNw6CMrF8trKHgtCC,Qi Unleashed,3,Ninja,,Deck,Ninja Action - Attack,2,1,3,true,C|R,C,DYN|MST,DYN061,https://legendstory-production-s3-public.s3.amazonaws.com/media/cards/large/DYN061.webp
c8tGz8c7GKmBJRLTcQHfJ,Quantum Processor,2,Mechanologist,,Deck,Mechanologist Action - Item,1,,,true,M,M,EVO,EVO072,https://legendstory-production-s3-public.s3.amazonaws.com/media/cards/large/EVO072.webp
KbcGqTJFnNLmLWMpfzPbT,Quartermaster's Boots,,Generic,,Equipment,Generic Equipment - Legs,,,1,true,C,C,SEA,SEA185,https://legendstory-production-s3-public.s3.amazonaws.com/media/cards/large/SEA185.webp
k8d9d7n7fJRwkRDWG7Kcn,Quelling Robe,,Generic,,Equipment,Generic Equipment - Chest,,,0,true,C,C,UPR|UZU,UPR184,https://legendstory-production-s3-public.s3.amazonaws.com/media/cards/large/UPR184.webp
QdCcTgDwqq66NHp6qDdTz,Quelling Sleeves,,Generic,,Equipment,Generic Equipment - Arms,,,0,true,C,C,UPR,UPR185,https://legendstory-production-s3-public.s3.amazonaws.com/media/cards/large/UPR185.webp
DMht6KBFhqWNdGBJNL7NB,Quelling Slippers,,Generic,,Equipment,Generic Equipment - Legs,,,0,true,C,C,FAI|KAT|UPR,FAI006,https://legendstory-production-s3-public.s3.amazonaws.com/media/cards/large/FAI006.webp
BzRFcMpm9fmqgDPNdCRQ9,Quick Clicks,,Generic,,Equipment,Generic Equipment - Legs,,,0,true,C,C,SAZ|SBA|SEA,SAZ009,https://legendstory-production-s3-public.s3.amazonaws.com/media/cards/large/SAZ009.webp
fbKwcPnqhWKbTWd6M9Wbc,Quick Succession,1,Runeblade,Lightning,Deck,Lightning Runeblade Action,0,,2,true,C,C,OMN,OMN083,https://legendstory-production-s3-public.s3.amazonaws.com/media/cards/large/OMN083.webp
WLRcb8jRrktGNqbttwfWF,Quick Succession,2,Runeblade,Lightning,Deck,Lightning Runeblade Action,0,,2,true,C,C,OMN,OMN084,https://legendstory-production-s3-public.s3.amazonaws.com/media/cards/large/OMN084.webp
HHLWJzrFMfcnpmN8J6MrC,Quick Succession,3,Runeblade,Lightning,Deck,Lightning Runeblade Action,0,,2,true,C,C,OMN,OMN085,https://legendstory-production-s3-public.s3.amazonaws.com/media/cards/large/OMN085.webp
kg7JPwP7pDg9wGqqQ76HT,Quickdodge Flexors,,Generic,,Equipment,Generic Equipment - Legs,,,0,true,P|L,P,ANQ|FAB|HNT|PEN,ANQ008,https://legendstory-production-s3-public.s3.amazonaws.com/media/cards/large/ANQ008-RF.webp
cDpMQnr8LwPFGMdgffNb8,Quicken,,Generic,,Token,Generic Token - Aura,,,,true,T|C|P,T,1HP|ASB|CRU|DTD|DVR|EVO|EVR|FAB|RNR|TCC|TEA|WTR|XXX,1HP427,https://legendstory-production-s3-public.s3.amazonaws.com/media/cards/large/1HP427.webp
wB8rTc8NzdB9FkwWqwWwH,Quickening Sand,3,Ranger,,Deck,Ranger Action - Trap,0,,3,true,C,C,PEN,PEN088,https://legendstory-production-s3-public.s3.amazonaws.com/media/cards/large/PEN088.webp
DbWLH6QCRngwP6RHftkdK,Quickfire,1,Mechanologist,,Deck,Mechanologist Action,2,,2,true,C,C,EVO,EVO225,https://legendstory-production-s3-public.s3.amazonaws.com/media/cards/large/EVO225.webp
qbdmChqm6wjCBfCFf6FMg,Quickfire,2,Mechanologist,,Deck,Mechanologist Action,2,,2,true,C,C,EVO,EVO226,https://legendstory-production-s3-public.s3.amazonaws.com/media/cards/large/EVO226.webp
BGtcnnDGHpFQJt8HpJLkh,Quickfire,3,Mechanologist,,Deck,Mechanologist Action,2,,2,true,C,C,EVO,EVO227,https://legendstory-production-s3-public.s3.amazonaws.com/media/cards/large/EVO227.webp
MLc97c6bqmKcPCtNg9M9q,Quicksilver Dagger,,Warrior,,Weapon,Warrior Weapon - Dagger (1H),,1,,true,R|P,R,DYN|LGS,DYN069,https://legendstory-production-s3-public.s3.amazonaws.com/media/cards/large/DYN069.webp
rQTWW67kpJJP8GN9dN9PG,Quicksilver Dance,3,Warrior,,Deck,Warrior Attack Reaction,1,,3,true,R,R,MPW,MPW047,https://legendstory-production-s3-public.s3.amazonaws.com/media/cards/large/MPW047.webp
DmpnhzMR7WhCgkFWncRkk,Quickstep,,Bard,,Equipment,Bard Equipment - Legs,,,0,true,R|P,R,LGS|TCC,LGS216,https://legendstory-production-s3-public.s3.amazonaws.com/media/cards/large/LGS216-RF.webp
FcJ9DMBN6LLbBJGhJ9Kkt,Quiver of Abyssal Depths,,Ranger,,Equipment,Ranger Equipment - Quiver,,,,true,P|L,P,FAB|OUT,FAB126,https://legendstory-production-s3-public.s3.amazonaws.com/media/cards/large/FAB126-GF.webp
Pc9dDNQmwKnmDbgf6jrLH,Quiver of Rustling Leaves,,Ranger,,Equipment,Ranger Equipment - Quiver,,,,true,M,M,OUT,OUT096,https://legendstory-production-s3-public.s3.amazonaws.com/media/cards/large/OUT096.webp
GcD9dDfgTK8tmn7H8ccTk,Radiant Flow,,,Light,Equipment,Light Equipment - Legs,,,,true,C,C,DTD,DTD078,https://legendstory-production-s3-public.s3.amazonaws.com/media/cards/large/DTD078.webp
rtJ8hLmrbcrkzLjGjjfJk,Radiant Forcefield,2,,Light,Deck,Light Instant - Aura,0,,,true,M,M,DTD,DTD081,https://legendstory-production-s3-public.s3.amazonaws.com/media/cards/large/DTD081.webp
gmKLgjmBKHDRjnCf7Q7kh,Radiant Raiment,,,Light,Equipment,Light Equipment - Chest,,,,true,C,C,DTD,DTD076,https://legendstory-production-s3-public.s3.amazonaws.com/media/cards/large/DTD076.webp
c6fzD8D8LdtQ8cwnqgTgq,Radiant Touch,,,Light,Equipment,Light Equipment - Arms,,,,true,C,C,DTD|SBL,DTD077,https://legendstory-production-s3-public.s3.amazonaws.com/media/cards/large/DTD077.webp
mMbkbwz6rkpPTLcjthNJT,Radiant View,,,Light,Equipment,Light Equipment - Head,,,,true,C,C,DTD,DTD075,https://legendstory-production-s3-public.s3.amazonaws.com/media/cards/large/DTD075.webp
bfbfWCWnHw6zP7bfrPGdC,Ragamuffin's Hat,,Generic,,Equipment,Generic Equipment - Head,,,0,true,C|P,C,ELE|FAB,ELE233,https://legendstory-production-s3-public.s3.amazonaws.com/media/cards/large/ELE233.webp
z6fz9gMGF7DDJWfj7D6Wp,Rage Baiters,,Assassin,,Equipment,Assassin Equipment - Arms,,,1,true,M,M,AAC,AAC006,https://legendstory-production-s3-public.s3.amazonaws.com/media/cards/large/AAC006-RF.webp
nfhcD8HGDHLDNCGhfLnKK,Rage Specter,3,Illusionist,,Deck,Illusionist Action - Aura,2,,3,true,M,M,MST,MST132,https://legendstory-production-s3-public.s3.amazonaws.com/media/cards/large/MST132.webp
6C9QJwPPMFCtRjjTmFq7z,Raging Onslaught,1,Generic,,Deck,Generic Action - Attack,3,7,3,true,C,C,WTR,WTR188,https://legendstory-production-s3-public.s3.amazonaws.com/media/cards/large/WTR188.webp
dMJht8gmwFJG8cKdpzCnw,Raging Onslaught,2,Generic,,Deck,Generic Action - Attack,3,6,3,true,C,C,RNR|RVD|WTR,RNR020,https://legendstory-production-s3-public.s3.amazonaws.com/media/cards/large/RNR020.webp
DdH9qjhnPGKnpr9fTfNjb,Raging Onslaught,3,Generic,,Deck,Generic Action - Attack,3,5,3,true,C,C,BVO|WTR,BVO024,https://legendstory-production-s3-public.s3.amazonaws.com/media/cards/large/BVO024.webp
K7KgTFCHdGNnqTkJfPtTG,Rain Razors,2,Ranger,,Deck,Ranger Instant,0,,,true,M,M,EVR,EVR090,https://legendstory-production-s3-public.s3.amazonaws.com/media/cards/large/EVR090.webp
jkdq8cLQJQjrgGcLmPzM6,Rainbow Goo Trap,1,Ranger,,Deck,Ranger Defense Reaction - Trap,0,,3,true,R|P,R,GEM|PEN,GEM122,https://legendstory-production-s3-public.s3.amazonaws.com/media/cards/large/GEM122.webp
JW7fjRH9gMGGLdgQRjNGk,Raise an Army,2,Warrior,,Deck,Warrior Action,0,,3,true,M|P,M,FAB|HVY,FAB192,https://legendstory-production-s3-public.s3.amazonaws.com/media/cards/large/FAB192-RF.webp
MrHJtqLPBJqcQnJ9fNk9z,Raise Blades,1,Warrior,,Deck,Warrior Action,0,,3,true,M,M,MPW,MPW032,https://legendstory-production-s3-public.s3.amazonaws.com/media/cards/large/MPW032.webp
tPwwHTwt6hkdjgfzDtMfB,Rake Back,3,Warrior,,Deck,Warrior Action,2,,3,true,M,M,AOL|MPW,AOL027,https://legendstory-production-s3-public.s3.amazonaws.com/media/cards/large/AOL027.webp
Rp7FC6BPnwwPtMWdhWnJD,Rake Over the Coals,1,,Draconic,Deck,Draconic Instant,0,,,true,R|P,R,GEM|HNT,GEM019,https://legendstory-production-s3-public.s3.amazonaws.com/media/cards/large/GEM019.webp
W6R6JDdMT8g77qmHJCDhG,Rake the Embers,1,Illusionist,Draconic,Deck,Draconic Illusionist Action,1,,2,true,C,C,DRO|UPR,DRO011,https://legendstory-production-s3-public.s3.amazonaws.com/media/cards/large/DRO011.webp
ctP6TMfCKqwK6QpjG7wLH,Rake the Embers,2,Illusionist,Draconic,Deck,Draconic Illusionist Action,1,,2,true,C,C,UPR,UPR034,https://legendstory-production-s3-public.s3.amazonaws.com/media/cards/large/UPR034.webp
pP7GCzgTjQPMNLBFfRbBw,Rake the Embers,3,Illusionist,Draconic,Deck,Draconic Illusionist Action,1,,2,true,C,C,UPR,UPR035,https://legendstory-production-s3-public.s3.amazonaws.com/media/cards/large/UPR035.webp
TB9k9LLhgLQm7jD9tnNzk,Rally the Coast Guard,1,Generic,,Deck,Generic Action - Attack,3,7,2,true,C,C,SEA,SEA223,https://legendstory-production-s3-public.s3.amazonaws.com/media/cards/large/SEA223.webp
d6WrKcWGr7BHGtWHWT6dt,Rally the Coast Guard,2,Generic,,Deck,Generic Action - Attack,3,6,2,true,C,C,SEA,SEA224,https://legendstory-production-s3-public.s3.amazonaws.com/media/cards/large/SEA224.webp
wL7qNGJ7hn86bLDB7kGDG,Rally the Coast Guard,3,Generic,,Deck,Generic Action - Attack,3,5,2,true,C,C,SEA|SKA,SEA225,https://legendstory-production-s3-public.s3.amazonaws.com/media/cards/large/SEA225.webp
68J8LFDffgJ8j6RJ6FhmD,Rally the Rearguard,1,Generic,,Deck,Generic Action - Attack,2,6,2,true,C,C,AKO|HVY|KYO|LEV|MON|VIC,AKO011,https://legendstory-production-s3-public.s3.amazonaws.com/media/cards/large/AKO011.webp
hKdWPHqc8bLM9Nkbwmncc,Rally the Rearguard,2,Generic,,Deck,Generic Action - Attack,2,5,2,true,C,C,HVY|KYO|MON|VIC,HVY229,https://legendstory-production-s3-public.s3.amazonaws.com/media/cards/large/HVY229.webp
LQjBwTpQK6MR6LNkpnNPK,Rally the Rearguard,3,Generic,,Deck,Generic Action - Attack,2,4,2,true,C,C,HVY|LEV|MON|RVD,HVY230,https://legendstory-production-s3-public.s3.amazonaws.com/media/cards/large/HVY230.webp
hRRgnn9nCqGDpqQNHhwJm,Rally the Underdog,,,,Deck,Event,,,,false,C,C,SMP,SMP030,https://legendstory-production-s3-public.s3.amazonaws.com/media/cards/large/SMP030.webp
RpM6tCjLdHHdfWcFbJrK6,Ram Raider,1,Brute,Shadow,Deck,Shadow Brute Action - Attack,2,6,3,true,R,R,DTD,DTD112,https://legendstory-production-s3-public.s3.amazonaws.com/media/cards/large/DTD112.webp
TF9hTCGJzwkjKNrgjgB6c,Ram Raider,2,Brute,Shadow,Deck,Shadow Brute Action - Attack,2,5,3,true,R,R,DTD,DTD113,https://legendstory-production-s3-public.s3.amazonaws.com/media/cards/large/DTD113.webp
JNbQCWttkJgrknfkpKF8p,Ram Raider,3,Brute,Shadow,Deck,Shadow Brute Action - Attack,2,4,3,true,R,R,DTD,DTD114,https://legendstory-production-s3-public.s3.amazonaws.com/media/cards/large/DTD114.webp
8CTr7nqzhbgDkPtb8WpCN,Rampant Growth // Life,2,Wizard,Earth,Deck,Wizard Instant // Earth Instant,0,,,true,M|P,M,LGS|ROS,LGS341,https://legendstory-production-s3-public.s3.amazonaws.com/media/cards/large/LGS341-CF.webp
dfzBMM9Tm8Q8jRWdQKp97,Rampart of the Ram's Head,,Guardian,,Equipment,Guardian Equipment - Off-Hand,,,0,true,P|L,P,ELE|FAB|GEM,ELE203,https://legendstory-production-s3-public.s3.amazonaws.com/media/cards/large/ELE203-CF.webp
gcgCpfj86Wq8pMRnjtWpm,Random Events Unfold,,,,Deck,Event,,,,false,M,M,SMP,SMP012,https://legendstory-production-s3-public.s3.amazonaws.com/media/cards/large/SMP012.webp
6mcbQprDMBHRMTfwnDfL9,Ransack and Raze,3,Generic,,Deck,Generic Action,X,,3,true,R,R,PEN,PEN327,https://legendstory-production-s3-public.s3.amazonaws.com/media/cards/large/PEN327.webp
DbKkp8BjFgtCBGjQCbwjH,Rapid Fire,2,Ranger,,Deck,Ranger Action,0,,2,true,S,S,ARC,ARC047,https://legendstory-production-s3-public.s3.amazonaws.com/media/cards/large/ARC047.webp
RCbbcgDkg87qdrBzwpRrD,Rapid Reflex,1,Ninja,,Deck,Ninja Attack Reaction,1,,3,true,R,R,UPR,UPR162,https://legendstory-production-s3-public.s3.amazonaws.com/media/cards/large/UPR162.webp
qJcckjdDhr8gK9nTnpTFC,Rapid Reflex,2,Ninja,,Deck,Ninja Attack Reaction,1,,3,true,R,R,UPR,UPR163,https://legendstory-production-s3-public.s3.amazonaws.com/media/cards/large/UPR163.webp
CKPhFMj8GJGRNdKrRnpzG,Rapid Reflex,3,Ninja,,Deck,Ninja Attack Reaction,1,,3,true,R,R,UPR,UPR164,https://legendstory-production-s3-public.s3.amazonaws.com/media/cards/large/UPR164.webp
Hnc99LmRWtdBFGgrdMNnr,Rapturous Applause,1,,Revered,Deck,Revered Action - Attack,3,7,3,true,C,C,SUP,SUP043,https://legendstory-production-s3-public.s3.amazonaws.com/media/cards/large/SUP043.webp
zH7KjrFjPkpQdjFLzN7Kd,Rapturous Applause,2,,Revered,Deck,Revered Action - Attack,3,6,3,true,C|P,C,GEM|SUP,GEM089,https://legendstory-production-s3-public.s3.amazonaws.com/media/cards/large/GEM089.webp
t7WKR6b9wFcWTd9rRBGHp,Rapturous Applause,3,,Revered,Deck,Revered Action - Attack,3,5,3,true,C,C,SUP,SUP045,https://legendstory-production-s3-public.s3.amazonaws.com/media/cards/large/SUP045.webp
KcrHDMhMgQNfzHwKnPDgt,Ratchet Up,1,Mechanologist,,Deck,Mechanologist Action - Attack,1,5,2,true,R,R,EVO,EVO105,https://legendstory-production-s3-public.s3.amazonaws.com/media/cards/large/EVO105.webp
FwdNLdm6dDRk6bjk9qwBQ,Ratchet Up,2,Mechanologist,,Deck,Mechanologist Action - Attack,1,4,2,true,R,R,EVO,EVO106,https://legendstory-production-s3-public.s3.amazonaws.com/media/cards/large/EVO106.webp
nwqRtHp9hhnB9RQgQLkpd,Ratchet Up,3,Mechanologist,,Deck,Mechanologist Action - Attack,1,3,2,true,R,R,EVO,EVO107,https://legendstory-production-s3-public.s3.amazonaws.com/media/cards/large/EVO107.webp
fQW6hh8zJtbjJrQMzjkpD,Rattle Bones,1,Runeblade,,Deck,Runeblade Action,2,,3,true,M,M,CRU,CRU143,https://legendstory-production-s3-public.s3.amazonaws.com/media/cards/large/CRU143.webp
Kfqdk6PhqBd9tKM8T8hmN,Ravenous Meataxe,,Brute,,Weapon,Brute Weapon - Axe (2H),,3,,true,T|C|P,T,LEV|LGS|MON,LEV003,https://legendstory-production-s3-public.s3.amazonaws.com/media/cards/large/LEV003.webp
RpjM6dFbhwh7WPQkNLbbF,Ravenous Rabble,1,Generic,,Deck,Generic Action - Attack,0,5,2,true,C|P,C,1HP|AAZ|ANQ|ARC|AZL|DRO|FAB|OUT|RIP|SAZ|SBA|SEA,1HP393,https://legendstory-production-s3-public.s3.amazonaws.com/media/cards/large/1HP393.webp
Nqzb8D8Kkdw8pjk9R9Wb7,Ravenous Rabble,2,Generic,,Deck,Generic Action - Attack,0,4,2,true,C,C,1HP|ARC|OUT,1HP394,https://legendstory-production-s3-public.s3.amazonaws.com/media/cards/large/1HP394.webp
gBWrqJjBJrKJHBCdmBtcC,Ravenous Rabble,3,Generic,,Deck,Generic Action - Attack,0,3,2,true,C,C,1HP|ARC|OUT,1HP395,https://legendstory-production-s3-public.s3.amazonaws.com/media/cards/large/1HP395.webp
mgcdBrjHkNTmKKjwnJKF9,Raw Meat,,Brute,,Equipment,Brute Equipment - Chest,,,0,true,C,C,HVY|KYO|RHI,HVY011,https://legendstory-production-s3-public.s3.amazonaws.com/media/cards/large/HVY011.webp
kcCW9ztqdpRtmqtM7h8kB,Rawhide Rumble,1,Brute,,Deck,Brute Action - Attack,2,6,3,true,R,R,ARR|HVY|RHI,ARR012,https://legendstory-production-s3-public.s3.amazonaws.com/media/cards/large/ARR012.webp
BT8PkTWJLPMRmprqRJJjb,Rawhide Rumble,2,Brute,,Deck,Brute Action - Attack,2,5,3,true,R,R,HVY,HVY024,https://legendstory-production-s3-public.s3.amazonaws.com/media/cards/large/HVY024.webp
kQKHchJfQHNR7zbbBPQCR,Rawhide Rumble,3,Brute,,Deck,Brute Action - Attack,2,4,3,true,R,R,HVY,HVY025,https://legendstory-production-s3-public.s3.amazonaws.com/media/cards/large/HVY025.webp
MkwQMWr6GQMDNHdDFgtk9,Ray of Hope,2,,Light,Deck,Light Instant,1,,,true,C|P,C,LGS|MON,LGS044,https://legendstory-production-s3-public.s3.amazonaws.com/media/cards/large/LGS044-CF.webp
zBjL8PJJGGwQPqHrk7RnP,"Raydn, Duskbane",,Warrior,Light,Weapon,Light Warrior Weapon - Sword (2H),,0,,true,R|M|P,R,ASB|CON|FAB|MON|SBL,ASB002,https://legendstory-production-s3-public.s3.amazonaws.com/media/cards/large/ASB002.webp
MTkdbnhrJNznC69Jg7NLj,Razor Reflex,1,Generic,,Deck,Generic Attack Reaction,1,,2,true,C|R|P,C,1HP|ARK|ASR|FAB|GEM|HNT|TEA|WTR,1HP402,https://legendstory-production-s3-public.s3.amazonaws.com/media/cards/large/1HP402.webp
bcGWPgwCmKhHWHBQgQgh9,Razor Reflex,2,Generic,,Deck,Generic Attack Reaction,1,,2,true,C,C,1HP|WTR,1HP403,https://legendstory-production-s3-public.s3.amazonaws.com/media/cards/large/1HP403.webp
N6gfwdhMGJKfG6mzt7RTL,Razor Reflex,3,Generic,,Deck,Generic Attack Reaction,1,,2,true,C,C,1HP|ARK|WTR,1HP404,https://legendstory-production-s3-public.s3.amazonaws.com/media/cards/large/1HP404.webp
BwkHTqtPwKgffkwWJwpCC,Razor Ring,3,Ninja,,Deck,Ninja Instant - Shuriken Item,0,1,2,true,M,M,OMN,OMN233,https://legendstory-production-s3-public.s3.amazonaws.com/media/cards/large/OMN233.webp
rpWjb6pnqgzTH7Cgcf98w,Razor's Edge,1,Assassin,,Deck,Assassin Attack Reaction,0,,3,true,C,C,AAC|ARA|HNT|OUT|WOD,AAC019,https://legendstory-production-s3-public.s3.amazonaws.com/media/cards/large/AAC019.webp
mTdJmRRRjjqGBGbPHLcRq,Razor's Edge,2,Assassin,,Deck,Assassin Attack Reaction,0,,3,true,C,C,OUT,OUT043,https://legendstory-production-s3-public.s3.amazonaws.com/media/cards/large/OUT043.webp
DzdfLNnTQbw7t99Bz8KqB,Razor's Edge,3,Assassin,,Deck,Assassin Attack Reaction,0,,3,true,C,C,ARA|OUT|UZU,ARA026,https://legendstory-production-s3-public.s3.amazonaws.com/media/cards/large/ARA026.webp
zTMPPB7wDcRLDLpQjRBdR,Razzle Dazzle,1,Mechanologist,,Deck,Mechanologist Action - Attack,1,4,3,true,C,C,EVO,EVO165,https://legendstory-production-s3-public.s3.amazonaws.com/media/cards/large/EVO165.webp
rfDKkpDcHbmmMK9w6nmnt,Razzle Dazzle,2,Mechanologist,,Deck,Mechanologist Action - Attack,1,3,3,true,C,C,EVO,EVO166,https://legendstory-production-s3-public.s3.amazonaws.com/media/cards/large/EVO166.webp
LHFcqHMhT7L6wb8RFQd9k,Razzle Dazzle,3,Mechanologist,,Deck,Mechanologist Action - Attack,1,2,3,true,C,C,EVO,EVO167,https://legendstory-production-s3-public.s3.amazonaws.com/media/cards/large/EVO167.webp
cmCpRmRbNLkdGzbfrJ6Gj,Re-Charge!,1,Mechanologist,,Deck,Mechanologist Action,1,,2,true,C,C,EVO|SDA,EVO228,https://legendstory-production-s3-public.s3.amazonaws.com/media/cards/large/EVO228.webp
nWGwFLz6GwBmkCL7mkCqr,Re-Charge!,2,Mechanologist,,Deck,Mechanologist Action,1,,2,true,C,C,EVO,EVO229,https://legendstory-production-s3-public.s3.amazonaws.com/media/cards/large/EVO229.webp
CmJqfQdnpC6Htbq7LTrWN,Re-Charge!,3,Mechanologist,,Deck,Mechanologist Action,1,,2,true,C,C,EVO,EVO230,https://legendstory-production-s3-public.s3.amazonaws.com/media/cards/large/EVO230.webp
HWDPBPpKBd7kdJdHpbw9t,Reach Beyond the Grave,,Necromancer,,Equipment,Necromancer Equipment - Arms,,,1,true,R,R,PEN,PEN154,https://legendstory-production-s3-public.s3.amazonaws.com/media/cards/large/PEN154.webp
z9CNDD6c68JqKb8QQ8Wjb,Read the Glide Path,1,Ranger,,Deck,Ranger Action,0,,2,true,C,C,AAZ|EVR|SAZ,AAZ021,https://legendstory-production-s3-public.s3.amazonaws.com/media/cards/large/AAZ021.webp
MzRFtCdNMBczjRpGjwwqJ,Read the Glide Path,2,Ranger,,Deck,Ranger Action,0,,2,true,C,C,AAZ|EVR,AAZ025,https://legendstory-production-s3-public.s3.amazonaws.com/media/cards/large/AAZ025.webp
dN67MttzDLBTqmCWdDQ9M,Read the Glide Path,3,Ranger,,Deck,Ranger Action,0,,2,true,C,C,EVR,EVR102,https://legendstory-production-s3-public.s3.amazonaws.com/media/cards/large/EVR102.webp
zThcPg6qzTqM7KB9CWfPR,Read the Ripples,1,Wizard,,Deck,Wizard Action - Aura,0,,2,true,C,C,UPR,UPR176,https://legendstory-production-s3-public.s3.amazonaws.com/media/cards/large/UPR176.webp
kHhNjTJT9tjGbTC8pjMqH,Read the Ripples,2,Wizard,,Deck,Wizard Action - Aura,0,,2,true,C,C,UPR,UPR177,https://legendstory-production-s3-public.s3.amazonaws.com/media/cards/large/UPR177.webp
nMRtfcbTWpppMnBJ6R8qr,Read the Ripples,3,Wizard,,Deck,Wizard Action - Aura,0,,2,true,C|P,C,FAB|UPR,FAB092,https://legendstory-production-s3-public.s3.amazonaws.com/media/cards/large/FAB092-RF.webp
gt9cjT8zwMBHj77R76H77,Read the Runes,1,Runeblade,,Deck,Runeblade Action,0,,2,true,C|P,C,1HP|ARC|AVS|SVI|TNP,1HP294,https://legendstory-production-s3-public.s3.amazonaws.com/media/cards/large/1HP294.webp
McR66NfcGM8bnwMGbPL8H,Read the Runes,2,Runeblade,,Deck,Runeblade Action,0,,2,true,C|P,C,1HP|ARC|TNP,1HP295,https://legendstory-production-s3-public.s3.amazonaws.com/media/cards/large/1HP295.webp
6QfkfBbmfr77GMbDTTbLw,Read the Runes,3,Runeblade,,Deck,Runeblade Action,0,,2,true,C|P,C,1HP|ARC|TNP,1HP296,https://legendstory-production-s3-public.s3.amazonaws.com/media/cards/large/1HP296.webp
ppcpmnFc99GT8bbwbCBth,Ready to Roll,3,Brute,,Deck,Brute Action,0,,3,true,M,M,EVR,EVR003,https://legendstory-production-s3-public.s3.amazonaws.com/media/cards/large/EVR003.webp
T8JJgk7GLGpcDQWWN9RH7,Reality Refractor,,Illusionist,,Weapon,Illusionist Weapon - Orb (2H),,,,true,R,R,DTD,DTD216,https://legendstory-production-s3-public.s3.amazonaws.com/media/cards/large/DTD216.webp
bMLgLcCJHFbLj6bwqqNRN,Reaper's Call,1,Assassin,,Deck,Assassin Action - Attack,0,3,3,true,C,C,HNT|WOD,HNT044,https://legendstory-production-s3-public.s3.amazonaws.com/media/cards/large/HNT044.webp
9nTj8GF9trQwMPgCzGq8w,Reaper's Call,2,Assassin,,Deck,Assassin Action - Attack,0,2,3,true,C,C,HNT|WOD,HNT045,https://legendstory-production-s3-public.s3.amazonaws.com/media/cards/large/HNT045.webp
fdPTtmjCBrQLfrMFNQb6P,Reaper's Call,3,Assassin,,Deck,Assassin Action - Attack,0,1,3,true,C,C,AAC|HNT|SAR|WOD,AAC027,https://legendstory-production-s3-public.s3.amazonaws.com/media/cards/large/AAC027.webp
HrWqnWfcFNdKB7TLnBLtC,Reaping Blade,,Runeblade,,Weapon,Runeblade Weapon - Sword (2H),,3,,true,R|P,R,1HP|CON|CRU|FAB|SVI,1HP261,https://legendstory-production-s3-public.s3.amazonaws.com/media/cards/large/1HP261.webp
TBw6LqgGqtfjFjgTc8df8,Rebellious Rush,1,Ninja,Draconic,Deck,Draconic Ninja Action - Attack,2,5,2,true,C,C,FAI|UPR,FAI017,https://legendstory-production-s3-public.s3.amazonaws.com/media/cards/large/FAI017.webp
rPWHqNjBzFDtRjRhLqqDG,Rebellious Rush,2,Ninja,Draconic,Deck,Draconic Ninja Action - Attack,2,4,2,true,C,C,UPR,UPR073,https://legendstory-production-s3-public.s3.amazonaws.com/media/cards/large/UPR073.webp
zHJtcC6C7FgrmmqHgtJkf,Rebellious Rush,3,Ninja,Draconic,Deck,Draconic Ninja Action - Attack,2,3,2,true,C,C,UPR,UPR074,https://legendstory-production-s3-public.s3.amazonaws.com/media/cards/large/UPR074.webp
6rMqWGtD7TMCrTRwdN6hH,Recede to Mistform,3,,Mystic,Deck,Mystic Instant,X,,,true,R,R,PEN,PEN268,https://legendstory-production-s3-public.s3.amazonaws.com/media/cards/large/PEN268.webp
QDQgkJbfM7Dm8nrm8CDND,Reckless Arithmetic,3,Brute,,Deck,Brute Action - Attack,1,1,3,true,M,M,PEN,PEN006,https://legendstory-production-s3-public.s3.amazonaws.com/media/cards/large/PEN006.webp
mRjQC9fPztGKb7NJ68gkc,Reckless Charge,3,Brute,,Deck,Brute Action,0,,3,true,M,M,HVY,HVY015,https://legendstory-production-s3-public.s3.amazonaws.com/media/cards/large/HVY015.webp
bK9BLkb6M9JHT798FHgLP,Reckless Stampede,1,Brute,,Deck,Brute Action - Attack,2,7,0,true,M,M,SUP,SUP127,https://legendstory-production-s3-public.s3.amazonaws.com/media/cards/large/SUP127.webp
mmtHRdGFhPtwR8LF8tq6p,Reckless Swing,3,Brute,,Deck,Brute Defense Reaction,0,,4,true,S|M,S,1HP|WTR,1HP013,https://legendstory-production-s3-public.s3.amazonaws.com/media/cards/large/1HP013.webp
bPqdbNw8HjNhTcGFGnQrB,Recoil,1,Ninja,,Deck,Ninja Action - Attack,0,3,3,true,R,R,OUT,OUT059,https://legendstory-production-s3-public.s3.amazonaws.com/media/cards/large/OUT059.webp
g8kNtFJgzPzDjzrhChg7D,Recoil,2,Ninja,,Deck,Ninja Action - Attack,0,2,3,true,R,R,OUT,OUT060,https://legendstory-production-s3-public.s3.amazonaws.com/media/cards/large/OUT060.webp
qrNWkLCjtjGd6pztdtcQb,Recoil,3,Ninja,,Deck,Ninja Action - Attack,0,1,3,true,R,R,BEN|OUT,BEN023,https://legendstory-production-s3-public.s3.amazonaws.com/media/cards/large/BEN023.webp
kcj8HPFjdMwbgFTNw7GmJ,Red Alert Boots,,Assassin|Warrior,,Equipment,Assassin / Warrior Equipment - Legs,,,1,true,C,C,FNG|HNT,FNG006,https://legendstory-production-s3-public.s3.amazonaws.com/media/cards/large/FNG006.webp
j9NnkHbJbdLdDLg9QtPht,Red Alert Gloves,,Assassin|Warrior,,Equipment,Assassin / Warrior Equipment - Arms,,,1,true,C,C,HNT,HNT194,https://legendstory-production-s3-public.s3.amazonaws.com/media/cards/large/HNT194.webp
cTk6wFnMDN7z6WHfDPmrQ,Red Alert Vest,,Assassin|Warrior,,Equipment,Assassin / Warrior Equipment - Chest,,,1,true,C,C,HNT|WOD,HNT193,https://legendstory-production-s3-public.s3.amazonaws.com/media/cards/large/HNT193.webp
Lf6kGcR7qqdFHCHLnGkng,Red Alert Visor,,Assassin|Warrior,,Equipment,Assassin / Warrior Equipment - Head,,,1,true,C,C,HNT,HNT192,https://legendstory-production-s3-public.s3.amazonaws.com/media/cards/large/HNT192.webp
tnznnMJqJfzTqCn8QBgBz,Red Fin Harpoon,3,Pirate|Ranger,,Deck,Pirate Ranger Action - Arrow Attack,2,4,3,true,R|P,R,GEM|SEA,GEM055,https://legendstory-production-s3-public.s3.amazonaws.com/media/cards/large/GEM055.webp
GRJN6ctjz9wPmFn9K7WHn,Red Hot,1,,Draconic,Deck,Draconic Action - Attack,2,4,3,true,R|P,R,DRO|LGS|UPR,DRO009,https://legendstory-production-s3-public.s3.amazonaws.com/media/cards/large/DRO009.webp
FLHmj9MjCgFPBzgFGKRFW,Red in the Ledger,1,Ranger,,Deck,Ranger Action - Arrow Attack,1,5,3,true,M,M,1HP|AAZ|ARC,1HP229,https://legendstory-production-s3-public.s3.amazonaws.com/media/cards/large/1HP229.webp
6fGDjThJfHN7ttFCHGGnC,Red Liner,,Ranger,,Weapon,Ranger Weapon - Bow (2H),,,,true,R,R,1HP|CRU,1HP224,https://legendstory-production-s3-public.s3.amazonaws.com/media/cards/large/1HP224.webp
NLQzm9gf8hckWCdCrC8bp,Red Lure Harpoon,3,Pirate|Ranger,,Deck,Pirate Ranger Action - Arrow Attack,2,4,3,true,M,M,OMN,OMN241,https://legendstory-production-s3-public.s3.amazonaws.com/media/cards/large/OMN241.webp
7PtLHnBmRQffFP9ghNpJG,Redback Shroud,,Assassin,,Equipment,Assassin Equipment - Chest,,,1,true,P|L,P,FAB|OUT,FAB123,https://legendstory-production-s3-public.s3.amazonaws.com/media/cards/large/FAB123-GF.webp
HWLzjqBjW6KJQ8gJNbRwJ,Redspine Manta,,Ranger,,Weapon,Ranger Weapon - Bow (2H),,,,true,B|P,B,GEM|LGS|SEA,GEM039,https://legendstory-production-s3-public.s3.amazonaws.com/media/cards/large/GEM039-CF.webp
mwWD7hrDkKWWkDdchGbc9,Reduce to Runechant,1,Runeblade,,Deck,Runeblade Defense Reaction,1,,4,true,R|P,R,1HP|ARC|LGS|SVI,1HP273,https://legendstory-production-s3-public.s3.amazonaws.com/media/cards/large/1HP273.webp
CGPcNWJRc8pnPfCbQHtwJ,Reduce to Runechant,2,Runeblade,,Deck,Runeblade Defense Reaction,1,,3,true,R|P,R,1HP|ARC|LGS,1HP274,https://legendstory-production-s3-public.s3.amazonaws.com/media/cards/large/1HP274.webp
DNRzWPmnLQdMTb7MGftNw,Reduce to Runechant,3,Runeblade,,Deck,Runeblade Defense Reaction,1,,2,true,R|P,R,1HP|ARC|LGS,1HP275,https://legendstory-production-s3-public.s3.amazonaws.com/media/cards/large/1HP275.webp
8BgkFbrc7PmgQhT8bK6BC,Redwood Hammer,,Guardian,Earth,Weapon,Earth Guardian Weapon - Hammer (1H),,3,,true,R|P,R,LGS|TER,LGS364,https://legendstory-production-s3-public.s3.amazonaws.com/media/cards/large/LGS364-CF.webp
kcGqqmnbcLKkFDNCnqbNh,Reek of Corruption,1,Runeblade,,Deck,Runeblade Action - Attack,2,4,3,true,C,C,EVR,EVR113,https://legendstory-production-s3-public.s3.amazonaws.com/media/cards/large/EVR113.webp
MGLnDGFfchbLBBBzHRGFD,Reek of Corruption,2,Runeblade,,Deck,Runeblade Action - Attack,2,3,3,true,C,C,EVR,EVR114,https://legendstory-production-s3-public.s3.amazonaws.com/media/cards/large/EVR114.webp
QrC9WRqBkFRtzwGCLp9BG,Reek of Corruption,3,Runeblade,,Deck,Runeblade Action - Attack,2,2,3,true,C,C,EVR,EVR115,https://legendstory-production-s3-public.s3.amazonaws.com/media/cards/large/EVR115.webp
QPHcwktfpnPBPfqHCDfKw,Reel In,3,Ranger,,Deck,Ranger Instant,X,,,true,M,M,HVY,HVY250,https://legendstory-production-s3-public.s3.amazonaws.com/media/cards/large/HVY250.webp
dtg9jMjQFFbmncCBNHjW9,Refraction Bolters,,Warrior,,Equipment,Warrior Equipment - Legs,,,1,true,C|P,C,1HP|FAB|MPW|SDO|TEA|WTR,1HP145,https://legendstory-production-s3-public.s3.amazonaws.com/media/cards/large/1HP145.webp
qWzngwMHHKwBJT6BKkF9r,Regain Composure,3,Generic,,Deck,Generic Action,0,,2,true,R,R,SEA,SEA210,https://legendstory-production-s3-public.s3.amazonaws.com/media/cards/large/SEA210.webp
NBHQRhkBP8d99d8Nm96zb,Regicide,3,Assassin,,Deck,Assassin Action - Attack,0,3,3,true,M|P,M,DYN|FAB,DYN121,https://legendstory-production-s3-public.s3.amazonaws.com/media/cards/large/DYN121.webp
k8CgTdPKWcmLb78HKgHjk,Regrowth // Shock,3,Runeblade,Earth|Lightning,Deck,Earth Runeblade Action // Lightning Instant,0,,3,true,M|P,M,LGS|ROS,LGS356,https://legendstory-production-s3-public.s3.amazonaws.com/media/cards/large/LGS356-CF.webp
J9LLjWpb6hwCtGPgdrg9h,Regurgitating Slog,1,Generic,,Deck,Generic Action - Attack,2,6,2,true,C,C,WTR,WTR197,https://legendstory-production-s3-public.s3.amazonaws.com/media/cards/large/WTR197.webp
W7kjMQq9pJGQrBDPhhbgT,Regurgitating Slog,2,Generic,,Deck,Generic Action - Attack,2,5,2,true,C,C,WTR,WTR198,https://legendstory-production-s3-public.s3.amazonaws.com/media/cards/large/WTR198.webp
br9CQqckKLHbJmqnrLnfR,Regurgitating Slog,3,Generic,,Deck,Generic Action - Attack,2,4,2,true,C,C,WTR,WTR199,https://legendstory-production-s3-public.s3.amazonaws.com/media/cards/large/WTR199.webp
96KF7bgGdkjfMm9zRfLKj,Reincarnate,1,Brute,,Deck,Brute Action - Attack,3,7,3,true,R,R,DYN,DYN010,https://legendstory-production-s3-public.s3.amazonaws.com/media/cards/large/DYN010.webp
Qww77MgHTjLnBWCJ7NTDp,Reincarnate,2,Brute,,Deck,Brute Action - Attack,3,6,3,true,R,R,DYN,DYN011,https://legendstory-production-s3-public.s3.amazonaws.com/media/cards/large/DYN011.webp
DPDqwkWf9krhLLDWpmDwD,Reincarnate,3,Brute,,Deck,Brute Action - Attack,3,5,3,true,R,R,AKO|DYN|SKA,AKO022,https://legendstory-production-s3-public.s3.amazonaws.com/media/cards/large/AKO022.webp
GjBwbt7gjn8pNKHWMTmGm,Reinforce Steel,1,Guardian,,Deck,Guardian Action,2,,3,true,C,C,DYN,DYN039,https://legendstory-production-s3-public.s3.amazonaws.com/media/cards/large/DYN039.webp
Fdn6HgNgF9gtLhHGckWKp,Reinforce Steel,2,Guardian,,Deck,Guardian Action,2,,3,true,C,C,DYN,DYN040,https://legendstory-production-s3-public.s3.amazonaws.com/media/cards/large/DYN040.webp
gG7HktC9HdknC8z8pMGjw,Reinforce Steel,3,Guardian,,Deck,Guardian Action,2,,3,true,C,C,DYN,DYN041,https://legendstory-production-s3-public.s3.amazonaws.com/media/cards/large/DYN041.webp
LG8rDGDD9gFGCJnQrjwPf,Reinforce the Line,1,Generic,,Deck,Generic Instant,0,,,true,R|P,R,CRU|GEM|HVY,CRU189,https://legendstory-production-s3-public.s3.amazonaws.com/media/cards/large/CRU189.webp
9phFJ8cHN7MGqDp8Kppw7,Reinforce the Line,2,Generic,,Deck,Generic Instant,0,,,true,R,R,CRU|HVY,CRU190,https://legendstory-production-s3-public.s3.amazonaws.com/media/cards/large/CRU190.webp
GKhGdJJjhHfK7N6jFkQBC,Reinforce the Line,3,Generic,,Deck,Generic Instant,0,,,true,R,R,BDD|CRU|HVY,BDD017,https://legendstory-production-s3-public.s3.amazonaws.com/media/cards/large/BDD017.webp
K6DhzmKQ7HwHDGrnMkMTR,Rejuvenate,1,,Elemental,Deck,Elemental Action,1,,2,true,C,C,ELE,ELE106,https://legendstory-production-s3-public.s3.amazonaws.com/media/cards/large/ELE106.webp
NBcM69zNPL7kFjptNzmWc,Rejuvenate,2,,Elemental,Deck,Elemental Action,1,,2,true,C,C,ELE,ELE107,https://legendstory-production-s3-public.s3.amazonaws.com/media/cards/large/ELE107.webp
QnhtjH6jDLQcJThkQgJ7K,Rejuvenate,3,,Elemental,Deck,Elemental Action,1,,2,true,C,C,ELE,ELE108,https://legendstory-production-s3-public.s3.amazonaws.com/media/cards/large/ELE108.webp
JzpDJJgqRBD7g7qjfFBkW,Release the Tension,1,Ranger,,Deck,Ranger Action,0,,2,true,R|P,R,EVR|LGS|SAZ,EVR091,https://legendstory-production-s3-public.s3.amazonaws.com/media/cards/large/EVR091.webp
PF6BCk9FDPwPzgr6PhKw7,Release the Tension,2,Ranger,,Deck,Ranger Action,0,,2,true,R|P,R,EVR|LGS,EVR092,https://legendstory-production-s3-public.s3.amazonaws.com/media/cards/large/EVR092.webp
gHHKtLnq67JtqNPwgNpr8,Release the Tension,3,Ranger,,Deck,Ranger Action,0,,2,true,R|P,R,EVR|LGS,EVR093,https://legendstory-production-s3-public.s3.amazonaws.com/media/cards/large/EVR093.webp
DDBjrbFWMHqkc7Pkqr6f6,Relentless Pursuit,3,Generic,,Deck,Generic Action,0,,3,true,R|P,R,HNT|LGS,HNT229,https://legendstory-production-s3-public.s3.amazonaws.com/media/cards/large/HNT229.webp
67DbLTnmTNCFMC9b7ztDp,Remember the Mists,3,Assassin,,Deck,Assassin Action - Attack,2,4,3,true,M,M,MPA,MPA026,https://legendstory-production-s3-public.s3.amazonaws.com/media/cards/large/MPA026.webp
fJpTHprkwHkCQhK9nzFDR,Remembrance,2,Generic,,Deck,Generic Instant,0,,,true,S|M,S,ANQ|WTR,ANQ026,https://legendstory-production-s3-public.s3.amazonaws.com/media/cards/large/ANQ026.webp
M9wDtMRwDFB9chfhJRNWJ,Remorseless,1,Ranger,,Deck,Ranger Action - Arrow Attack,1,5,3,true,M,M,1HP|CRU,1HP230,https://legendstory-production-s3-public.s3.amazonaws.com/media/cards/large/1HP230.webp
wPRqFt9jMPmdRLQmhb8jt,Rend Flesh,3,Warrior,,Deck,Warrior Action,0,,3,true,R,R,PEN,PEN050,https://legendstory-production-s3-public.s3.amazonaws.com/media/cards/large/PEN050.webp
6dCLFb9TTGPNKHFqH7mzw,Renounce Grandeur,1,Guardian,,Deck,Guardian Action - Attack,3,7,3,true,R|P,R,FAB|MPG,FAB330,https://legendstory-production-s3-public.s3.amazonaws.com/media/cards/large/FAB330-RF.webp
LCjKgbbdRKBLnqPnhdncC,Renounce Violence,3,,Revered,Deck,Revered Instant,0,,,true,S,S,SUP,SUP025,https://legendstory-production-s3-public.s3.amazonaws.com/media/cards/large/SUP025.webp
dkWqMzLQfPdRHktgJrMK8,Requiem for the Damned,1,Runeblade,Shadow,Deck,Shadow Runeblade Action,0,,3,true,M,M,DTD,DTD141,https://legendstory-production-s3-public.s3.amazonaws.com/media/cards/large/DTD141.webp
CBc98j9J9PmqRKNdTchgW,Resounding Courage,1,Warrior,Light,Deck,Light Warrior Attack Reaction,1,,3,true,C,C,ASB|DTD,ASB015,https://legendstory-production-s3-public.s3.amazonaws.com/media/cards/large/ASB015.webp
dGQMGKjkBHPGpLCQjgm7P,Resounding Courage,2,Warrior,Light,Deck,Light Warrior Attack Reaction,1,,3,true,C,C,DTD,DTD070,https://legendstory-production-s3-public.s3.amazonaws.com/media/cards/large/DTD070.webp
gW8BgNnBNK8JNCH7DC8cd,Resounding Courage,3,Warrior,Light,Deck,Light Warrior Attack Reaction,1,,3,true,C,C,DTD,DTD071,https://legendstory-production-s3-public.s3.amazonaws.com/media/cards/large/DTD071.webp
MjTmkPmq9FdTwjDFBGJKf,Rest Before Battle,2,Warrior,,Deck,Warrior Action - Aura,0,,3,true,R,R,MPW,MPW067,https://legendstory-production-s3-public.s3.amazonaws.com/media/cards/large/MPW067.webp
DrDF9kFdf8r9M7chBwcK6,Restless Bones,1,Pirate|Necromancer,,Deck,Pirate Necromancer Action - Attack,2,6,3,true,C,C,AGB|SEA,AGB011,https://legendstory-production-s3-public.s3.amazonaws.com/media/cards/large/AGB011.webp
7kCDQpqnLkNbQmzzkcJcz,Restless Bones,2,Pirate|Necromancer,,Deck,Pirate Necromancer Action - Attack,2,5,3,true,C,C,SEA,SEA072,https://legendstory-production-s3-public.s3.amazonaws.com/media/cards/large/SEA072.webp
G6qbqK8tRPRF7dMhBRf7C,Restless Bones,3,Pirate|Necromancer,,Deck,Pirate Necromancer Action - Attack,2,4,3,true,C|P,C,AGB|GEM|SEA,AGB024,https://legendstory-production-s3-public.s3.amazonaws.com/media/cards/large/AGB024.webp
cFpmN9tpMR8cLKDzkNtzz,Restless Coalescence,2,Illusionist,,Deck,Illusionist Instant - Aura,0,,,true,M,M,MST,MST133,https://legendstory-production-s3-public.s3.amazonaws.com/media/cards/large/MST133.webp
JMzGFRDF8qTWJCLPRfQgH,Restvine Elixir,1,Generic,,Deck,Generic Action,1,,3,true,R|P,R,FAB|PEN,FAB435,https://legendstory-production-s3-public.s3.amazonaws.com/media/cards/large/FAB435-CF.webp
RTbHRmf96T8Pz7MD7KLc7,Retrace the Past,3,Ninja,,Deck,Ninja Action - Attack,0,2,3,true,M,M,HNT,HNT249,https://legendstory-production-s3-public.s3.amazonaws.com/media/cards/large/HNT249.webp
CDPwNh676DmWHj7dJzD6N,Return Fire,1,Ranger,,Deck,Ranger Block,,,4,true,M,M,SEA,SEA099,https://legendstory-production-s3-public.s3.amazonaws.com/media/cards/large/SEA099.webp
HckWC8fcRWrtzDGbzkNBJ,Rev Up,1,Mechanologist,,Deck,Mechanologist Action - Attack,3,6,3,true,C,C,EVO|SDA,EVO183,https://legendstory-production-s3-public.s3.amazonaws.com/media/cards/large/EVO183.webp
mzgjKKhK8DFNCTtfTNrGk,Rev Up,2,Mechanologist,,Deck,Mechanologist Action - Attack,3,5,3,true,C,C,EVO,EVO184,https://legendstory-production-s3-public.s3.amazonaws.com/media/cards/large/EVO184.webp
f7f6TfTFjkgtcbQJ9rhDC,Rev Up,3,Mechanologist,,Deck,Mechanologist Action - Attack,3,4,3,true,C,C,EVO,EVO185,https://legendstory-production-s3-public.s3.amazonaws.com/media/cards/large/EVO185.webp
z9Jm6MkWcjqRHwQWkgRDj,Revel in Runeblood,1,Runeblade,,Deck,Runeblade Action,0,,2,true,M,M,AVS|EVR,AVS018,https://legendstory-production-s3-public.s3.amazonaws.com/media/cards/large/AVS018.webp
8qnmTn7hKdCQzbhF7bNHD,Reverberate,1,Wizard,,Deck,Wizard Action,1,,3,true,C,C,1HP|ARC,1HP326,https://legendstory-production-s3-public.s3.amazonaws.com/media/cards/large/1HP326.webp
nDWTKLbTdknK7Rfbp8mPM,Reverberate,2,Wizard,,Deck,Wizard Action,1,,3,true,C,C,1HP|ARC,1HP327,https://legendstory-production-s3-public.s3.amazonaws.com/media/cards/large/1HP327.webp
JBKPrLhtDj77ttccNgnqD,Reverberate,3,Wizard,,Deck,Wizard Action,1,,3,true,C,C,1HP|ARC,1HP328,https://legendstory-production-s3-public.s3.amazonaws.com/media/cards/large/1HP328.webp
FfHjRwfgzHqngmjCpdCHf,Reverent Rerebrace,,Warrior,,Equipment,Warrior Equipment - Arms,,,2,true,M,M,AHA,AHA005,https://legendstory-production-s3-public.s3.amazonaws.com/media/cards/large/AHA005-RF.webp
GCrJthLPkqzBMpRFmnFFK,Revolting Gesture,1,,Reviled,Deck,Reviled Action,1,,2,true,C,C,SUP,SUP119,https://legendstory-production-s3-public.s3.amazonaws.com/media/cards/large/SUP119.webp
jBcWwLwbkkMjtgW7pTW8J,Rewind,3,Wizard,,Deck,Wizard Instant,1,,,true,M,M,UPR,UPR169,https://legendstory-production-s3-public.s3.amazonaws.com/media/cards/large/UPR169.webp
KnwNm8LC9DNpT8wMzDnFn,"Reya, the Unyielding",,Guardian,,Hero,Guardian Hero - Pit-Fighter,,,,false,M,M,SMP,SMP005,https://legendstory-production-s3-public.s3.amazonaws.com/media/cards/large/SMP005.webp
wNRqrHCn6rrKLhrDkqPwp,Rhinar,,Brute,,Hero,Brute Hero - Young,,,,false,T|C|R|M|P|V,T,1HP|HER|HVY|PEN|RHI|RNR|RVD|WTR|XXX,1HP002,https://legendstory-production-s3-public.s3.amazonaws.com/media/cards/large/1HP002.webp
wr9wBtTWwRrPrdhCRHCdN,"Rhinar, Reckless Rampage",,Brute,,Hero,Brute Hero,,,,true,T|C|M|P,T,1HP|ARR|CRU|HER|HVY|RNR|WIN|WTR,1HP001,https://legendstory-production-s3-public.s3.amazonaws.com/media/cards/large/1HP001.webp
TwgRkcgHd9bW9Fb8JjwdF,Riches of Trōpal-Dhani,2,Generic,,Deck,Generic Resource - Gem,,,,true,F,F,ANQ|SEA,ANQ003,https://legendstory-production-s3-public.s3.amazonaws.com/media/cards/large/ANQ003.webp
dp6nprbWWLQwqMdcwW6Wz,Richter Scale,,Guardian,,Equipment,Guardian Equipment - Chest,,,1,true,C,C,MPG,MPG006,https://legendstory-production-s3-public.s3.amazonaws.com/media/cards/large/MPG006.webp
QTCtQrNNqdCGRr8CFmqcp,Riddle with Regret,1,,Chaos,Deck,Chaos Action - Aura,0,,2,true,M,M,SEA,SEA256,https://legendstory-production-s3-public.s3.amazonaws.com/media/cards/large/SEA256.webp
fR8fP8Q7BrTwbtKdzhdft,Ride the Tailwind,1,Ninja,,Deck,Ninja Action - Attack,0,3,2,true,C,C,EVR,EVR044,https://legendstory-production-s3-public.s3.amazonaws.com/media/cards/large/EVR044.webp
HDfh7R89gWDg8wLLkGz6q,Ride the Tailwind,2,Ninja,,Deck,Ninja Action - Attack,0,2,2,true,C,C,EVR,EVR045,https://legendstory-production-s3-public.s3.amazonaws.com/media/cards/large/EVR045.webp
qPrPznRzbC6tGqw69CpT6,Ride the Tailwind,3,Ninja,,Deck,Ninja Action - Attack,0,1,2,true,C,C,EVR,EVR046,https://legendstory-production-s3-public.s3.amazonaws.com/media/cards/large/EVR046.webp
nRKmkHTJRpnDWndNgfTwk,Ridge Rider Shot,1,Ranger,,Deck,Ranger Action - Arrow Attack,0,4,3,true,C,C,1HP|ARC|SAZ,1HP243,https://legendstory-production-s3-public.s3.amazonaws.com/media/cards/large/1HP243.webp
WRqmkMpqpJPWNmrdPzdpT,Ridge Rider Shot,2,Ranger,,Deck,Ranger Action - Arrow Attack,0,3,3,true,C,C,1HP|ARC,1HP244,https://legendstory-production-s3-public.s3.amazonaws.com/media/cards/large/1HP244.webp
mDmCFWkbbbfR7dD87Fnc8,Ridge Rider Shot,3,Ranger,,Deck,Ranger Action - Arrow Attack,0,2,3,true,C,C,1HP|ARC,1HP245,https://legendstory-production-s3-public.s3.amazonaws.com/media/cards/large/1HP245.webp
CHDCcjjDjPKfpnR6HmWRR,Rift Bind,1,Runeblade,Shadow,Deck,Shadow Runeblade Action - Attack,1,3,3,true,C,C,CHN|MON,CHN011,https://legendstory-production-s3-public.s3.amazonaws.com/media/cards/large/CHN011.webp
KTbwfNgmD8J97RzwqhQMD,Rift Bind,2,Runeblade,Shadow,Deck,Shadow Runeblade Action - Attack,1,2,3,true,C,C,MON,MON175,https://legendstory-production-s3-public.s3.amazonaws.com/media/cards/large/MON175.webp
PTR7kfMCdM6TmztT8d7GM,Rift Bind,3,Runeblade,Shadow,Deck,Shadow Runeblade Action - Attack,1,1,3,true,C,C,CHN|MON,CHN019,https://legendstory-production-s3-public.s3.amazonaws.com/media/cards/large/CHN019.webp
kgNHt6z9pwBJLNLKqNc7c,Rift Breaker,1,,Lightning,Deck,Lightning Action - Attack,2,6,2,true,R,R,OMN,OMN155,https://legendstory-production-s3-public.s3.amazonaws.com/media/cards/large/OMN155.webp
NTTNLDR97DQMKrFCDz8FT,Rift Breaker,2,,Lightning,Deck,Lightning Action - Attack,2,5,2,true,R,R,OMN,OMN156,https://legendstory-production-s3-public.s3.amazonaws.com/media/cards/large/OMN156.webp
p9ccrThgrP8Jt6JNkcTGM,Rift Breaker,3,,Lightning,Deck,Lightning Action - Attack,2,4,2,true,R,R,OMN,OMN157,https://legendstory-production-s3-public.s3.amazonaws.com/media/cards/large/OMN157.webp
Tp7nmGfdwmJP7gzgftM9T,Rift Skitter,1,Runeblade,Shadow,Deck,Shadow Runeblade Action - Attack,3,4,3,true,C,C,DTD,DTD152,https://legendstory-production-s3-public.s3.amazonaws.com/media/cards/large/DTD152.webp
fCDfkDQBmt7KR6QL7gmcH,Rift Skitter,2,Runeblade,Shadow,Deck,Shadow Runeblade Action - Attack,3,3,3,true,C,C,DTD,DTD153,https://legendstory-production-s3-public.s3.amazonaws.com/media/cards/large/DTD153.webp
LpKnp8tDfwH9cR7qLGjzc,Rift Skitter,3,Runeblade,Shadow,Deck,Shadow Runeblade Action - Attack,3,2,3,true,C,C,DTD,DTD154,https://legendstory-production-s3-public.s3.amazonaws.com/media/cards/large/DTD154.webp
hwbWNb8gDkQ7nrWwG6kWp,Rifted Torment,1,Runeblade,Shadow,Deck,Shadow Runeblade Action - Attack,2,4,3,true,C,C,CHN|MON,CHN012,https://legendstory-production-s3-public.s3.amazonaws.com/media/cards/large/CHN012.webp
7LKCmfjBPcH9jhkrKRttq,Rifted Torment,2,Runeblade,Shadow,Deck,Shadow Runeblade Action - Attack,2,3,3,true,C,C,MON,MON178,https://legendstory-production-s3-public.s3.amazonaws.com/media/cards/large/MON178.webp
BCHMTFpN9Nb7JrWh6T6nk,Rifted Torment,3,Runeblade,Shadow,Deck,Shadow Runeblade Action - Attack,2,2,3,true,C,C,CHN|MON,CHN020,https://legendstory-production-s3-public.s3.amazonaws.com/media/cards/large/CHN020.webp
fbKhDHT7dDzFfh7cpBjkJ,Rifting,1,Generic,,Deck,Generic Action - Attack,2,6,2,true,C,C,ARC,ARC194,https://legendstory-production-s3-public.s3.amazonaws.com/media/cards/large/ARC194.webp
ngDCfBTHCC9RGG6mQFcQp,Rifting,2,Generic,,Deck,Generic Action - Attack,2,5,2,true,C,C,ARC,ARC195,https://legendstory-production-s3-public.s3.amazonaws.com/media/cards/large/ARC195.webp
jNHCpjQbFbfjnj8KD9rjg,Rifting,3,Generic,,Deck,Generic Action - Attack,2,4,2,true,C,C,ARC,ARC196,https://legendstory-production-s3-public.s3.amazonaws.com/media/cards/large/ARC196.webp
jrGCfgFzjRwjWMNCCPzmc,Riggermortis,2,Pirate|Necromancer,,Deck,Pirate Necromancer Action - Ally,1,6,,true,C|P|V,C,AGB|LGS|SEA|SGB,AGB018,https://legendstory-production-s3-public.s3.amazonaws.com/media/cards/large/AGB018.webp
GqCNMQPtbqzPLdDPpgMMf,Right Behind You,1,Generic,,Deck,Generic Action - Attack,3,7,2,true,C,C,SUP,SUP233,https://legendstory-production-s3-public.s3.amazonaws.com/media/cards/large/SUP233.webp
BcfndcHwnNwgDkzbrCPJF,Right Behind You,2,Generic,,Deck,Generic Action - Attack,3,6,2,true,C,C,SUP,SUP234,https://legendstory-production-s3-public.s3.amazonaws.com/media/cards/large/SUP234.webp
CKzzwp7mqrF6C68bPDcHm,Right Behind You,3,Generic,,Deck,Generic Action - Attack,3,5,2,true,C,C,SUP,SUP235,https://legendstory-production-s3-public.s3.amazonaws.com/media/cards/large/SUP235.webp
WjTbCjjCgPncF9w7WH9Q8,Righteous Cleansing,2,Guardian,,Deck,Guardian Action - Attack,7,10,3,true,M,M,1HP|CRU,1HP052,https://legendstory-production-s3-public.s3.amazonaws.com/media/cards/large/1HP052.webp
FDktk7t9NkNdLDQQhCPBR,Riled Up,1,Brute,,Deck,Brute Action - Attack,3,7,3,true,C,C,1HP|CRU,1HP028,https://legendstory-production-s3-public.s3.amazonaws.com/media/cards/large/1HP028.webp
B9HmMb6jB9M8kWFLH86fT,Riled Up,2,Brute,,Deck,Brute Action - Attack,3,6,3,true,C,C,1HP|CRU,1HP029,https://legendstory-production-s3-public.s3.amazonaws.com/media/cards/large/1HP029.webp
gnjKkBhQtpnDgQ6Q6KD9G,Riled Up,3,Brute,,Deck,Brute Action - Attack,3,5,3,true,C,C,1HP|AKO|CRU,1HP030,https://legendstory-production-s3-public.s3.amazonaws.com/media/cards/large/1HP030.webp
qCzFmGMk9nBPJPWMwdL97,Ring of Roses,2,Wizard,Earth,Deck,Earth Wizard Action - Aura,0,,3,true,M,M,HNT,HNT256,https://legendstory-production-s3-public.s3.amazonaws.com/media/cards/large/HNT256.webp
NNFqk8C7PnFchKpGJMfph,Rip Off the Top,2,Brute,,Deck,Brute Action,1,,2,true,R,R,PEN,PEN008,https://legendstory-production-s3-public.s3.amazonaws.com/media/cards/large/PEN008.webp
9dRcPdjTTpWLNzbfhJwqB,Rip Through Reality,1,Runeblade,Shadow,Deck,Shadow Runeblade Action - Attack,2,4,3,true,C,C,CHN|MON,CHN013,https://legendstory-production-s3-public.s3.amazonaws.com/media/cards/large/CHN013.webp
mnLRJkkw9HjGbDRGwTmgh,Rip Through Reality,2,Runeblade,Shadow,Deck,Shadow Runeblade Action - Attack,2,3,3,true,C,C,MON,MON181,https://legendstory-production-s3-public.s3.amazonaws.com/media/cards/large/MON181.webp
pkLRpwfMwHKhkdBGJmFW6,Rip Through Reality,3,Runeblade,Shadow,Deck,Shadow Runeblade Action - Attack,2,2,3,true,C,C,MON,MON182,https://legendstory-production-s3-public.s3.amazonaws.com/media/cards/large/MON182.webp
g89MkbrrTtJkGwFwDKpfB,Rip Up Their Virtues,3,,Reviled,Deck,Reviled Instant,0,,,true,S,S,SUP,SUP088,https://legendstory-production-s3-public.s3.amazonaws.com/media/cards/large/SUP088.webp
QqfKkBhgJfFFnDLmwcHfL,Ripple Away,3,Generic,,Deck,Generic Action - Attack,2,4,3,true,M,M,ANQ|HVY,ANQ014,https://legendstory-production-s3-public.s3.amazonaws.com/media/cards/large/ANQ014.webp
rW8N7tr9TF98TM8fwMfJd,Rippling Wave,,,Mystic,Equipment,Mystic Equipment - Arms,,,3,true,M|P,M,FAB|PEN,FAB411,https://legendstory-production-s3-public.s3.amazonaws.com/media/cards/large/FAB411-GF.webp
DhffBQC7PHwzdJpjTjNBm,Riptide,,Ranger,,Hero,Ranger Hero - Young,,,,false,T|C|P|V,T,HER|OUT|PEN|RIP,HER080,https://legendstory-production-s3-public.s3.amazonaws.com/media/cards/large/HER080-CF.webp
RNfgGmc8wHgBrmC6gkqBd,"Riptide, Lurker of the Deep",,Ranger,,Hero,Ranger Hero,,,,true,T|P,T,GEM|HER|OUT|WIN,GEM033,https://legendstory-production-s3-public.s3.amazonaws.com/media/cards/large/GEM033-CF.webp
qPpWLgMftfnqDktRHcCWB,Rise Above,1,Generic,,Deck,Generic Defense Reaction,2,,4,true,R,R,MON,MON257,https://legendstory-production-s3-public.s3.amazonaws.com/media/cards/large/MON257.webp
M7DR7HgnDFJ8p96tCqDTn,Rise Above,2,Generic,,Deck,Generic Defense Reaction,2,,3,true,R,R,MON,MON258,https://legendstory-production-s3-public.s3.amazonaws.com/media/cards/large/MON258.webp
CnFqQqpDD6QB89wpppRfw,Rise Above,3,Generic,,Deck,Generic Defense Reaction,2,,2,true,R,R,MON,MON259,https://legendstory-production-s3-public.s3.amazonaws.com/media/cards/large/MON259.webp
MgfGgqG7wRNbwNGNmjKJr,Rise from the Ashes,1,Ninja,Draconic,Deck,Draconic Ninja Action,0,,2,true,R,R,FAI|SFA|UPR,FAI009,https://legendstory-production-s3-public.s3.amazonaws.com/media/cards/large/FAI009.webp
bnBcm8CFRhPzFPbNmwbRG,Rise from the Ashes,2,Ninja,Draconic,Deck,Draconic Ninja Action,0,,2,true,R,R,UPR,UPR058,https://legendstory-production-s3-public.s3.amazonaws.com/media/cards/large/UPR058.webp
JNchKhPQf6PpwzgqNQQM9,Rise from the Ashes,3,Ninja,Draconic,Deck,Draconic Ninja Action,0,,2,true,R,R,UPR,UPR059,https://legendstory-production-s3-public.s3.amazonaws.com/media/cards/large/UPR059.webp
7G8RpL8NqHQQH86gGbnwk,Rise Up,1,,Draconic,Deck,Draconic Action - Attack,1,3,3,true,R|P,R,FAI|LGS|UPR,FAI007,https://legendstory-production-s3-public.s3.amazonaws.com/media/cards/large/FAI007.webp
99mLLCjqp78PFD7mcGktB,Rising Energy,1,Guardian|Warrior,,Deck,Guardian / Warrior Action - Attack,2,6,2,true,C,C,HVY|KSI|OLA,HVY183,https://legendstory-production-s3-public.s3.amazonaws.com/media/cards/large/HVY183.webp
8q67M7Fw6zfwfRktjNP7J,Rising Energy,2,Guardian|Warrior,,Deck,Guardian / Warrior Action - Attack,2,5,2,true,C,C,HVY,HVY184,https://legendstory-production-s3-public.s3.amazonaws.com/media/cards/large/HVY184.webp
L6NBmDrd7jCjf76kgNB8C,Rising Energy,3,Guardian|Warrior,,Deck,Guardian / Warrior Action - Attack,2,4,2,true,C,C,HVY,HVY185,https://legendstory-production-s3-public.s3.amazonaws.com/media/cards/large/HVY185.webp
C7zhnMLhctLTpqN7CnrjT,Rising Knee Thrust,1,Ninja,,Deck,Ninja Action - Attack,0,3,3,true,C,C,1HP|KSU|WTR,1HP119,https://legendstory-production-s3-public.s3.amazonaws.com/media/cards/large/1HP119.webp
q7ctPDWzHDk667rcJW9TL,Rising Knee Thrust,2,Ninja,,Deck,Ninja Action - Attack,0,2,3,true,C,C,1HP|KSU|WTR,1HP120,https://legendstory-production-s3-public.s3.amazonaws.com/media/cards/large/1HP120.webp
jdLb9qCbwmwjj9N6rNrnn,Rising Knee Thrust,3,Ninja,,Deck,Ninja Action - Attack,0,1,3,true,C,C,1HP|WTR,1HP121,https://legendstory-production-s3-public.s3.amazonaws.com/media/cards/large/1HP121.webp
HNT9PzL7tQJdKdKP8fNRz,Rising Power,1,Brute|Guardian,,Deck,Brute / Guardian Action - Attack,2,6,2,true,C,C,HVY|KYO,HVY146,https://legendstory-production-s3-public.s3.amazonaws.com/media/cards/large/HVY146.webp
7Cftm8TM9jQpwggJdLkTW,Rising Power,2,Brute|Guardian,,Deck,Brute / Guardian Action - Attack,2,5,2,true,C,C,HVY|KYO,HVY147,https://legendstory-production-s3-public.s3.amazonaws.com/media/cards/large/HVY147.webp
pQzndWKCf7PkBDGrrbGGp,Rising Power,3,Brute|Guardian,,Deck,Brute / Guardian Action - Attack,2,4,2,true,C,C,HVY,HVY148,https://legendstory-production-s3-public.s3.amazonaws.com/media/cards/large/HVY148.webp
hPWBFwq8Nmf96PM87BF6t,Rising Resentment,1,Ninja,Draconic,Deck,Draconic Ninja Action - Attack,0,3,2,true,C,C,SFA|UPR,SFA022,https://legendstory-production-s3-public.s3.amazonaws.com/media/cards/large/SFA022.webp
WCgtGGznkpKghPh6LwwzG,Rising Resentment,2,Ninja,Draconic,Deck,Draconic Ninja Action - Attack,0,2,2,true,C,C,UPR,UPR076,https://legendstory-production-s3-public.s3.amazonaws.com/media/cards/large/UPR076.webp
6FrQwLkL6fft9mWQcDM6R,Rising Resentment,3,Ninja,Draconic,Deck,Draconic Ninja Action - Attack,0,1,2,true,C,C,UPR,UPR077,https://legendstory-production-s3-public.s3.amazonaws.com/media/cards/large/UPR077.webp
Dr8NPdFcFHJzh7rGjbpFw,Rising Solartide,1,,Light,Deck,Light Action - Attack,1,5,3,true,C,C,BOL|MON,BOL025,https://legendstory-production-s3-public.s3.amazonaws.com/media/cards/large/BOL025.webp
GtRc9H8qfcRhrkpqCmhrt,Rising Solartide,2,,Light,Deck,Light Action - Attack,1,4,3,true,C,C,BOL|MON|PSM,BOL026,https://legendstory-production-s3-public.s3.amazonaws.com/media/cards/large/BOL026.webp
kqMJRRjLHfnPFBL6nDHPc,Rising Solartide,3,,Light,Deck,Light Action - Attack,1,3,3,true,C,C,MON,MON080,https://legendstory-production-s3-public.s3.amazonaws.com/media/cards/large/MON080.webp
cDdGBtFJkhzCrmgC6bmfb,Rising Speed,1,Brute|Warrior,,Deck,Brute / Warrior Action - Attack,2,5,2,true,C,C,HVY|KSI|OLA,HVY166,https://legendstory-production-s3-public.s3.amazonaws.com/media/cards/large/HVY166.webp
7QpRQBkcWN7fWjnwdhgQ6,Rising Speed,2,Brute|Warrior,,Deck,Brute / Warrior Action - Attack,2,4,2,true,C,C,HVY,HVY167,https://legendstory-production-s3-public.s3.amazonaws.com/media/cards/large/HVY167.webp
BhQ9Pr8pQbhkCmCHG8hhT,Rising Speed,3,Brute|Warrior,,Deck,Brute / Warrior Action - Attack,2,3,2,true,C,C,HVY,HVY168,https://legendstory-production-s3-public.s3.amazonaws.com/media/cards/large/HVY168.webp
PtqHmkzqPMf9KBfk88QrR,"Rising Sun, Setting Moon",3,,Mystic,Deck,Mystic Instant,0,,,true,C|P|V,C,ENG|LGS|MST|SEN|ZEN,ENG028,https://legendstory-production-s3-public.s3.amazonaws.com/media/cards/large/ENG028.webp
m8qP9TTpMfdKndW7wN7M7,Rising Tide,3,,Mystic,Deck,Mystic Action - Attack,1,3,2,true,C,C,MST|NUU,MST088,https://legendstory-production-s3-public.s3.amazonaws.com/media/cards/large/MST088.webp
TpGpMftp8NQqNQWmLqTRr,Rites of Earthlore,1,Guardian,,Deck,Guardian Action - Aura,0,,3,true,C,C,PEN,PEN026,https://legendstory-production-s3-public.s3.amazonaws.com/media/cards/large/PEN026.webp
BjKkfgpdLQGfLjTWmBPwk,Rites of Earthlore,2,Guardian,,Deck,Guardian Action - Aura,0,,3,true,C,C,PEN,PEN027,https://legendstory-production-s3-public.s3.amazonaws.com/media/cards/large/PEN027.webp
BjLPLzfr8BdLtTpPQNf6c,Rites of Earthlore,3,Guardian,,Deck,Guardian Action - Aura,0,,3,true,C,C,PEN,PEN028,https://legendstory-production-s3-public.s3.amazonaws.com/media/cards/large/PEN028.webp
bq8bmCkrPKHgb7fMRPkjM,Rites of Lightning,1,Runeblade,Elemental,Deck,Elemental Runeblade Action - Attack,1,4,3,true,R,R,BRI|ELE,BRI027,https://legendstory-production-s3-public.s3.amazonaws.com/media/cards/large/BRI027.webp
pLLbKwrPTTKBgzbQB6mhT,Rites of Lightning,2,Runeblade,Elemental,Deck,Elemental Runeblade Action - Attack,1,3,3,true,R,R,ELE,ELE071,https://legendstory-production-s3-public.s3.amazonaws.com/media/cards/large/ELE071.webp
BQDWRBw9TQDmGFNBHFMfR,Rites of Lightning,3,Runeblade,Elemental,Deck,Elemental Runeblade Action - Attack,1,2,3,true,R,R,ELE,ELE072,https://legendstory-production-s3-public.s3.amazonaws.com/media/cards/large/ELE072.webp
qTbnWfWzCJMrcf8BqjNqg,Rites of Replenishment,1,Runeblade,Elemental,Deck,Elemental Runeblade Action - Attack,2,6,3,true,C,C,BRI|ELE,BRI010,https://legendstory-production-s3-public.s3.amazonaws.com/media/cards/large/BRI010.webp
zjNjqfQnkMnJ7Tmgctt96,Rites of Replenishment,2,Runeblade,Elemental,Deck,Elemental Runeblade Action - Attack,2,5,3,true,C,C,ELE,ELE080,https://legendstory-production-s3-public.s3.amazonaws.com/media/cards/large/ELE080.webp
LgtdCQPP7R69PtcwbrHPC,Rites of Replenishment,3,Runeblade,Elemental,Deck,Elemental Runeblade Action - Attack,2,4,3,true,C,C,BRI|ELE,BRI014,https://legendstory-production-s3-public.s3.amazonaws.com/media/cards/large/BRI014.webp
Kh8MDbwK76BTHkdjzDFTK,Roar of the Tiger,2,Ninja,,Deck,Ninja Action,0,,3,true,M,M,DYN,DYN049,https://legendstory-production-s3-public.s3.amazonaws.com/media/cards/large/DYN049.webp
fDngpw7GRrGQTN9L8wtTf,Roaring Beam,2,Warrior,Light,Deck,Light Warrior Attack Reaction,0,,3,true,R|P,R,GEM|PEN|SBL,GEM129,https://legendstory-production-s3-public.s3.amazonaws.com/media/cards/large/GEM129.webp
fDLQ8hHmzqnngwPhBdkNJ,Rob the Rich,1,Assassin,,Deck,Assassin Action - Attack,1,5,3,true,R,R,DYN,DYN127,https://legendstory-production-s3-public.s3.amazonaws.com/media/cards/large/DYN127.webp
rC9hRJc8GLMpncbLwkn8q,Rob the Rich,2,Assassin,,Deck,Assassin Action - Attack,1,4,3,true,R,R,DYN,DYN128,https://legendstory-production-s3-public.s3.amazonaws.com/media/cards/large/DYN128.webp
LKppkHRwJHjnccLKhNHGG,Rob the Rich,3,Assassin,,Deck,Assassin Action - Attack,1,3,3,true,R,R,DYN,DYN129,https://legendstory-production-s3-public.s3.amazonaws.com/media/cards/large/DYN129.webp
RT8TnMD9BHtJg8Fr6DLRF,Robe of Astral Sanctuary,,Generic,,Equipment,Generic Equipment - Chest,,,0,true,C|P,C,LGS|OMN,LGS453,https://legendstory-production-s3-public.s3.amazonaws.com/media/cards/large/LGS453-CF.webp
W99DkNW9tQLbq6w6prDQB,Robe of Autumn's Fall,,Ninja,,Equipment,Ninja Equipment - Chest,,,0,true,R,R,ASR,ASR004,https://legendstory-production-s3-public.s3.amazonaws.com/media/cards/large/ASR004-RF.webp
CKdtt7jhNp8DK9QzCqGkz,Robe of Rapture,,Wizard,,Equipment,Wizard Equipment - Chest,,,0,true,C,C,1HP|ARC,1HP306,https://legendstory-production-s3-public.s3.amazonaws.com/media/cards/large/1HP306.webp
tPk9crbnHLtHTFPgJRWHC,Robe of Resourcefulness,,Wizard,,Equipment,Wizard Equipment - Chest,,,0,true,R,R,PEN,PEN108,https://legendstory-production-s3-public.s3.amazonaws.com/media/cards/large/PEN108.webp
tJgBqNwrFDtHPqpzftbMj,Rockslide Trap,3,Ranger,,Deck,Ranger Defense Reaction - Trap,0,,2,true,R|P,R,CRU|LGS,CRU128,https://legendstory-production-s3-public.s3.amazonaws.com/media/cards/large/CRU128.webp
wrwkrjbdCPTBpTKjrQNdJ,Rockyard Rodeo,3,Generic,,Deck,Generic Action - Attack,3,*,2,true,M|P,M,LGS|PEN,LGS448,https://legendstory-production-s3-public.s3.amazonaws.com/media/cards/large/LGS448-CF.webp
g7hQcmhpwWdKzkj7NtgLp,Roiling Fissure,3,Guardian,,Deck,Guardian Action,X1,,3,true,M,M,HNT,HNT248,https://legendstory-production-s3-public.s3.amazonaws.com/media/cards/large/HNT248.webp
KrjrwRtnjcK7hNhcBdH9h,Rok,,Brute,,Weapon,Brute Weapon - Rock (2H),,7,,true,M|P|V,M,DYN|GEM,DYN005,https://legendstory-production-s3-public.s3.amazonaws.com/media/cards/large/DYN005.webp
77h7d88mFMjcrqwPHfQKG,Rolling Thunder,1,Brute,,Deck,Brute Action,1,,3,true,M,M,EVR,EVR004,https://legendstory-production-s3-public.s3.amazonaws.com/media/cards/large/EVR004.webp
QT8JfjzmzqRR9MWgtgPLR,Romping Club,,Brute,,Weapon,Brute Weapon - Club (2H),,4,,true,T|C|R|P,T,1HP|ARR|CRU|FAB|LGS|RNR|WTR|XXX,1HP006,https://legendstory-production-s3-public.s3.amazonaws.com/media/cards/large/1HP006.webp
JWGCCknwHPjTKzpwpnBcJ,Ronin Renegade,1,Ninja,Draconic,Deck,Draconic Ninja Action - Attack,0,3,2,true,C,C,CIN|FAI|HNT|SFA|UPR,CIN018,https://legendstory-production-s3-public.s3.amazonaws.com/media/cards/large/CIN018.webp
9qQwd6zHHQtKkbHbhPqgk,Ronin Renegade,2,Ninja,Draconic,Deck,Draconic Ninja Action - Attack,0,2,2,true,C,C,UPR,UPR079,https://legendstory-production-s3-public.s3.amazonaws.com/media/cards/large/UPR079.webp
qMMm8Ldtfhn8Lt8LdHwNB,Ronin Renegade,3,Ninja,Draconic,Deck,Draconic Ninja Action - Attack,0,1,2,true,C,C,FAI|UPR,FAI023,https://legendstory-production-s3-public.s3.amazonaws.com/media/cards/large/FAI023.webp
jnM9JWHGJqdtjPmLCbGMm,Root-Bound Trunks,,Guardian,Earth,Equipment,Earth Guardian Equipment - Legs,,,1,true,M,M,AJV,AJV007,https://legendstory-production-s3-public.s3.amazonaws.com/media/cards/large/AJV007-RF.webp
DPFPrrNbJmtDHjBLtk6zz,Rootbound Carapace,1,,Earth,Deck,Earth Defense Reaction,0,,3,true,R|P,R,FLR|LGS|ROS|VER,FLR011,https://legendstory-production-s3-public.s3.amazonaws.com/media/cards/large/FLR011.webp
rHt7wrBkFcGCKBNq8BckW,Rootbound Carapace,2,,Earth,Deck,Earth Defense Reaction,0,,2,true,R|P,R,LGS|ROS,LGS353,https://legendstory-production-s3-public.s3.amazonaws.com/media/cards/large/LGS353-RF.webp
kj7bRzhn8wTj7CMJTtdDn,Rootbound Carapace,3,,Earth,Deck,Earth Defense Reaction,0,,1,true,R|P,R,LGS|ROS,LGS354,https://legendstory-production-s3-public.s3.amazonaws.com/media/cards/large/LGS354-RF.webp
cbHrfwmLrMjWdhdBtzbff,Rosetta Thorn,,Runeblade,,Weapon,Runeblade Weapon - Sword (2H),,2,,true,T|C|P|V,T,BRI|ELE|FAB|LGS|ROS,BRI004,https://legendstory-production-s3-public.s3.amazonaws.com/media/cards/large/BRI004.webp
n9MjKgmBg8mjqF9hThqcG,Rotary Ram,1,Mechanologist,,Deck,Mechanologist Action,0,,3,true,C,C,EVR,EVR082,https://legendstory-production-s3-public.s3.amazonaws.com/media/cards/large/EVR082.webp
HqttnTjTP6NRFhLcmPN89,Rotary Ram,2,Mechanologist,,Deck,Mechanologist Action,0,,3,true,C,C,EVR,EVR083,https://legendstory-production-s3-public.s3.amazonaws.com/media/cards/large/EVR083.webp
pKWdTpTngjM9dBzTbhjPK,Rotary Ram,3,Mechanologist,,Deck,Mechanologist Action,0,,3,true,C,C,EVR,EVR084,https://legendstory-production-s3-public.s3.amazonaws.com/media/cards/large/EVR084.webp
6nGBJrh8MDLD7JJBD6NPK,Rotten Old Buckler,,Guardian,,Equipment,Guardian Equipment - Off-Hand,,,1,true,C,C,ELE|MPG|OLD|TER,ELE204,https://legendstory-production-s3-public.s3.amazonaws.com/media/cards/large/ELE204.webp
kMcJmLgJPhnbtBkWkPH77,Rotten Remains,3,Generic,,Deck,Generic Action - Attack,0,1,3,true,M,M,HNT,HNT221,https://legendstory-production-s3-public.s3.amazonaws.com/media/cards/large/HNT221.webp
HmQ8dbfPL8BLMkJDGGGm8,Rotwood Reaper,,Runeblade,Earth,Weapon,Earth Runeblade Weapon - Sword (2H),,2,,true,T|C|P,T,FLR|LGS|ROS,FLR002,https://legendstory-production-s3-public.s3.amazonaws.com/media/cards/large/FLR002.webp
fHdJPFcMkDBRMTqThPG7w,Rough Up,1,Brute,,Deck,Brute Action - Attack,2,6,3,true,C,C,SKA|SUP,SKA016,https://legendstory-production-s3-public.s3.amazonaws.com/media/cards/large/SKA016.webp
DhnFPrT6QqFMWbKMkWGPq,Rough Up,2,Brute,,Deck,Brute Action - Attack,2,5,3,true,C,C,SUP,SUP159,https://legendstory-production-s3-public.s3.amazonaws.com/media/cards/large/SUP159.webp
bj8NnLLcbrHGcWhfT8JJH,Rough Up,3,Brute,,Deck,Brute Action - Attack,2,4,3,true,C,C,SUP,SUP160,https://legendstory-production-s3-public.s3.amazonaws.com/media/cards/large/SUP160.webp
wL86pzwQw6qq8P6RpGTd6,Rouse the Ancients,3,Generic,,Deck,Generic Action - Attack,3,0,2,true,M|P,M,JDG|MON,JDG021,https://legendstory-production-s3-public.s3.amazonaws.com/media/cards/large/JDG021-CF.webp
LqHg97rKtkDd9BznfDHHB,Rousing Aether,1,Wizard,,Deck,Wizard Action,2,,3,true,C,C,CRU,CRU171,https://legendstory-production-s3-public.s3.amazonaws.com/media/cards/large/CRU171.webp
FcLnCMGp9RCkzjm8mRR9r,Rousing Aether,2,Wizard,,Deck,Wizard Action,2,,3,true,C,C,CRU,CRU172,https://legendstory-production-s3-public.s3.amazonaws.com/media/cards/large/CRU172.webp
MrThq7hF8q8BFMhfjtqWh,Rousing Aether,3,Wizard,,Deck,Wizard Action,2,,3,true,C,C,CRU,CRU173,https://legendstory-production-s3-public.s3.amazonaws.com/media/cards/large/CRU173.webp
gKGT9RtDz7RGgtLWKkhgJ,Rout,1,Warrior,,Deck,Warrior Attack Reaction,2,,3,true,S|M,S,1HP|WTR,1HP148,https://legendstory-production-s3-public.s3.amazonaws.com/media/cards/large/1HP148.webp
G6zJNLBqTJDLhPgDqpT6w,Rowdy Locals,3,Generic,,Deck,Generic Action - Attack,0,2,3,true,M,M,MST,MST191,https://legendstory-production-s3-public.s3.amazonaws.com/media/cards/large/MST191.webp
ndkdtQQH6CGf9zhdGqgcW,Rubble Raiser,1,Guardian,,Deck,Guardian Action - Attack,4,8,3,true,C,C,MPG,MPG082,https://legendstory-production-s3-public.s3.amazonaws.com/media/cards/large/MPG082.webp
MLfWBpdJqQ8GwRdLqwJGG,Rubble Raiser,2,Guardian,,Deck,Guardian Action - Attack,4,7,3,true,C,C,MPG,MPG083,https://legendstory-production-s3-public.s3.amazonaws.com/media/cards/large/MPG083.webp
TrtRgRPz7HHwmMTP9dJJd,Rubble Raiser,3,Guardian,,Deck,Guardian Action - Attack,4,6,3,true,C,C,MPG,MPG084,https://legendstory-production-s3-public.s3.amazonaws.com/media/cards/large/MPG084.webp
chPNcp7C8zz7FFPhLkMrh,Ruby Amulet,3,Generic,,Deck,Generic Action - Item,0,,,true,M|V,M,SEA,SEA196,https://legendstory-production-s3-public.s3.amazonaws.com/media/cards/large/SEA196.webp
JGTWPHkq97qTw6qtMgNHN,Rugged Roller,,Brute,,Weapon,Brute Weapon - Club (2H),,6,,true,R,R,DTD,DTD199,https://legendstory-production-s3-public.s3.amazonaws.com/media/cards/large/DTD199.webp
hww9qcDJ9r99NFhL6ctBd,Rumble Grunting,1,Brute,,Deck,Brute Action,0,,3,true,C,C,DYN,DYN022,https://legendstory-production-s3-public.s3.amazonaws.com/media/cards/large/DYN022.webp
9ctkKznmBQTFqD9DDfbRr,Rumble Grunting,2,Brute,,Deck,Brute Action,0,,3,true,C,C,DYN,DYN023,https://legendstory-production-s3-public.s3.amazonaws.com/media/cards/large/DYN023.webp
BhPz6pPfhwj69gGJTqCPp,Rumble Grunting,3,Brute,,Deck,Brute Action,0,,3,true,C,C,DYN,DYN024,https://legendstory-production-s3-public.s3.amazonaws.com/media/cards/large/DYN024.webp
wbJtMrPCzqL6NRGrT6fJK,Run into Trouble,1,Brute|Warrior,,Deck,Brute / Warrior Block,,,3,true,R|P,R,HVY|KYO|LGS,HVY161,https://legendstory-production-s3-public.s3.amazonaws.com/media/cards/large/HVY161.webp
WLNGdRBzRcLqzhdrMbDG8,Run Roughshod,3,Brute,,Deck,Brute Action - Attack,1,5,3,true,R|P,R,AKO|GEM|SKA,AKO024,https://legendstory-production-s3-public.s3.amazonaws.com/media/cards/large/AKO024.webp
Q9wHzF6BQjrjMwmKWBbpn,Run Through,1,Warrior,,Deck,Warrior Attack Reaction,1,,3,true,R,R,DDD|MPW,DDD008,https://legendstory-production-s3-public.s3.amazonaws.com/media/cards/large/DDD008.webp
DBDwbqjgnpnNfFrJ8Dmhr,Run Through,2,Warrior,,Deck,Warrior Attack Reaction,1,,3,true,R|P,R,DVR|LGS|MPW|SDO,DVR013,https://legendstory-production-s3-public.s3.amazonaws.com/media/cards/large/DVR013.webp
RRBhCdRN8Fj7zw6hQdLPJ,Run Through,3,Warrior,,Deck,Warrior Attack Reaction,1,,3,true,R,R,MPW,MPW050,https://legendstory-production-s3-public.s3.amazonaws.com/media/cards/large/MPW050.webp
QFg6Qh7ckkNzfhkDrJdrh,Runaways,,Generic,,Equipment,Generic Equipment - Legs,,,0,true,C,C,AUA|ELE|ROS,AUA006,https://legendstory-production-s3-public.s3.amazonaws.com/media/cards/large/AUA006.webp
TWm6BC9zbHp69FkFNmbnR,Rune Flash,1,Runeblade,,Deck,Runeblade Action - Attack,3,4,3,true,C,C,1HP|ARC|AVS|SVI,1HP288,https://legendstory-production-s3-public.s3.amazonaws.com/media/cards/large/1HP288.webp
FCJjCLKrKbQ7nhwhHwbHB,Rune Flash,2,Runeblade,,Deck,Runeblade Action - Attack,3,3,3,true,C,C,1HP|ARC,1HP289,https://legendstory-production-s3-public.s3.amazonaws.com/media/cards/large/1HP289.webp
TGPPfm8pTmjLGHjB889bD,Rune Flash,3,Runeblade,,Deck,Runeblade Action - Attack,3,2,3,true,C,C,1HP|ARC|AVS,1HP290,https://legendstory-production-s3-public.s3.amazonaws.com/media/cards/large/1HP290.webp
HnWJDF9KtC8DgPRLtC9z9,Rune Snare,1,Ranger,,Deck,Ranger Action - Trap,0,,2,true,M,M,PEN,PEN084,https://legendstory-production-s3-public.s3.amazonaws.com/media/cards/large/PEN084.webp
7rQWjNgrPmCm9wJRNHdbG,Runebleed Robe,,Runeblade,,Equipment,Runeblade Equipment - Chest,,,0,true,R,R,PEN|SVI,PEN094,https://legendstory-production-s3-public.s3.amazonaws.com/media/cards/large/PEN094.webp
NNF6jp7QzRTLGJwdK7Cdz,Runeblood Barrier,2,Runeblade,,Deck,Runeblade Action - Aura,3,,2,true,M,M,1HP|CRU,1HP269,https://legendstory-production-s3-public.s3.amazonaws.com/media/cards/large/1HP269.webp
HP8HBbKwHCRChp7n7MgDB,Runeblood Incantation,1,Runeblade,,Deck,Runeblade Action - Aura,1,,2,true,R,R,EVR,EVR107,https://legendstory-production-s3-public.s3.amazonaws.com/media/cards/large/EVR107.webp
8DjkqfBWGccNqnzjLNhqG,Runeblood Incantation,2,Runeblade,,Deck,Runeblade Action - Aura,1,,2,true,R,R,EVR,EVR108,https://legendstory-production-s3-public.s3.amazonaws.com/media/cards/large/EVR108.webp
Kg9LDB97dGzHHMdTCd8R6,Runeblood Incantation,3,Runeblade,,Deck,Runeblade Action - Aura,1,,2,true,R,R,EVR,EVR109,https://legendstory-production-s3-public.s3.amazonaws.com/media/cards/large/EVR109.webp
zfrHQjbPkpBmdQGrWcTMB,Runechant,,Runeblade,,Token,Runeblade Token - Aura,,,,true,B|T|C|P,B,1HP|ARC|AUA|AVS|CRU|DTD|DYN|EVR|FAB|FLR|ROS|SBA|SVI,1HP300,https://legendstory-production-s3-public.s3.amazonaws.com/media/cards/large/1HP300.webp
HDtcFpfJGnLpQW7LfmM7k,Runechant of Envy,2,Runeblade,,Deck,Runeblade Instant - Aura,0,,,true,P|V,P,GEM|IAR,GEM178,https://legendstory-production-s3-public.s3.amazonaws.com/media/cards/large/GEM178-RF.webp
9wdzWnFf7J6nmL86nFhtN,Runechant of Gluttony,2,Runeblade,,Deck,Runeblade Instant - Aura,0,,,true,P|V,P,GEM|IAR,GEM179,https://legendstory-production-s3-public.s3.amazonaws.com/media/cards/large/GEM179-RF.webp
MT8LQJTF6w8gPqMzNTrkr,Runechant of Greed,2,Runeblade,,Deck,Runeblade Instant - Aura,0,,,true,P|V,P,GEM|IAR,GEM177,https://legendstory-production-s3-public.s3.amazonaws.com/media/cards/large/GEM177-RF.webp
FpMpBwHGNgTGDjgfpWBKB,Runechant of Lust,2,Runeblade,,Deck,Runeblade Instant - Aura,0,,,true,P|V,P,GEM|IAR,GEM180,https://legendstory-production-s3-public.s3.amazonaws.com/media/cards/large/GEM180-RF.webp
HqGFdH8tMH6fR8bNMkTjq,Runechant of Pride,2,Runeblade,,Deck,Runeblade Instant - Aura,0,,,true,P|V,P,GEM|IAR,GEM181,https://legendstory-production-s3-public.s3.amazonaws.com/media/cards/large/GEM181-RF.webp
BMgj68hT9jQHQ6nFqhTDT,Runechant of Sloth,2,Runeblade,,Deck,Runeblade Instant - Aura,0,,,true,P|V,P,GEM|IAR,GEM182,https://legendstory-production-s3-public.s3.amazonaws.com/media/cards/large/GEM182-RF.webp
qwpdn8CJWGgkHLqdhDtgh,Runechant of Wrath,2,Runeblade,,Deck,Runeblade Instant - Aura,0,,,true,P|V,P,GEM|IAR,GEM183,https://legendstory-production-s3-public.s3.amazonaws.com/media/cards/large/GEM183-RF.webp
zzWc8BBmC9T6bfQwDMBPH,Runehold Release,,Runeblade,,Equipment,Runeblade Equipment - Arms,,,0,true,C|P,C,AUA|FLR|LGS|ROS,AUA005,https://legendstory-production-s3-public.s3.amazonaws.com/media/cards/large/AUA005.webp
66LHrpFckMQ8WNWhPjbD6,Runerager Swarm,1,Runeblade,,Deck,Runeblade Action - Attack,0,3,3,true,C|P,C,AUA|AVS|FLR|LGS|ROS|SVI,AUA015,https://legendstory-production-s3-public.s3.amazonaws.com/media/cards/large/AUA015.webp
8zcbgBnjjdmM6G9hCqC9f,Runerager Swarm,2,Runeblade,,Deck,Runeblade Action - Attack,0,2,3,true,C,C,AVS|ROS,AVS021,https://legendstory-production-s3-public.s3.amazonaws.com/media/cards/large/AVS021.webp
NHbgwmKj6z9GrPHGPdCDh,Runerager Swarm,3,Runeblade,,Deck,Runeblade Action - Attack,0,1,3,true,C,C,AVS|ROS,AVS025,https://legendstory-production-s3-public.s3.amazonaws.com/media/cards/large/AVS025.webp
FrwgNQ6rgmfkn8DnNwTDH,Runic Fellingsong,1,Runeblade,,Deck,Runeblade Action - Attack,3,7,3,true,C,C,PEN|SVI,PEN100,https://legendstory-production-s3-public.s3.amazonaws.com/media/cards/large/PEN100.webp
KCkCjwwFqqmmmzMDRJbdw,Runic Fellingsong,2,Runeblade,,Deck,Runeblade Action - Attack,3,6,3,true,C,C,PEN,PEN101,https://legendstory-production-s3-public.s3.amazonaws.com/media/cards/large/PEN101.webp
djwkWbcLBTTbgtNJMHbzP,Runic Fellingsong,3,Runeblade,,Deck,Runeblade Action - Attack,3,5,3,true,C,C,PEN,PEN102,https://legendstory-production-s3-public.s3.amazonaws.com/media/cards/large/PEN102.webp
QLtPbbtqrQ9hNtWH6jG6t,Runic Reaping,1,Runeblade,,Deck,Runeblade Action,1,,2,true,C,C,DYN,DYN185,https://legendstory-production-s3-public.s3.amazonaws.com/media/cards/large/DYN185.webp
7NPrtC9qGbkQPLDf7tbBB,Runic Reaping,2,Runeblade,,Deck,Runeblade Action,1,,2,true,C,C,DYN,DYN186,https://legendstory-production-s3-public.s3.amazonaws.com/media/cards/large/DYN186.webp
JKhQ7hPQnhbqnwpfcBzQh,Runic Reaping,3,Runeblade,,Deck,Runeblade Action,1,,2,true,C,C,DYN,DYN187,https://legendstory-production-s3-public.s3.amazonaws.com/media/cards/large/DYN187.webp
MbWDqNtrDdJWLWNCNDQpB,Runic Reckoning,1,Runeblade,,Deck,Runeblade Action,1,,3,true,M,M,DTD,DTD213,https://legendstory-production-s3-public.s3.amazonaws.com/media/cards/large/DTD213.webp
gBdLwdzLq6zrMGbHKpKfw,Runic Reclamation,1,Runeblade,,Deck,Runeblade Action - Attack,3,7,3,true,M,M,EVR,EVR104,https://legendstory-production-s3-public.s3.amazonaws.com/media/cards/large/EVR104.webp
hPQ9NCmMKDdgMkzpkpGb6,Runner Runner,1,Brute|Warrior,,Deck,Brute / Warrior Action - Attack,2,6,3,true,M|P,M,FAB|HVY,FAB193,https://legendstory-production-s3-public.s3.amazonaws.com/media/cards/large/FAB193-RF.webp
jbmgCjPjGMC9g6688q8RM,Rush of Power,1,Runeblade,Lightning,Deck,Lightning Runeblade Action - Attack,0,3,3,true,C,C,OMN|SBA,OMN068,https://legendstory-production-s3-public.s3.amazonaws.com/media/cards/large/OMN068.webp
qtJwHkr8WgjHJcC9gNPGj,Rush of Power,2,Runeblade,Lightning,Deck,Lightning Runeblade Action - Attack,0,2,3,true,C,C,OMN,OMN069,https://legendstory-production-s3-public.s3.amazonaws.com/media/cards/large/OMN069.webp
mr9jJffnHHHcrG9p8fdMP,Rush of Power,3,Runeblade,Lightning,Deck,Lightning Runeblade Action - Attack,0,1,3,true,C,C,OMN,OMN070,https://legendstory-production-s3-public.s3.amazonaws.com/media/cards/large/OMN070.webp
wmN6kmKhktkmfhWtqLmHm,Rushing River,1,Ninja,,Deck,Ninja Action - Attack,0,3,3,true,R,R,1HP|CRU,1HP110,https://legendstory-production-s3-public.s3.amazonaws.com/media/cards/large/1HP110.webp
cdcnJRkcCzJkDmb7NwnPQ,Rushing River,2,Ninja,,Deck,Ninja Action - Attack,0,2,3,true,R,R,1HP|CRU,1HP111,https://legendstory-production-s3-public.s3.amazonaws.com/media/cards/large/1HP111.webp
tMDDnhBrcpCL8c9MW7BgC,Rushing River,3,Ninja,,Deck,Ninja Action - Attack,0,1,3,true,R,R,1HP|CRU,1HP112,https://legendstory-production-s3-public.s3.amazonaws.com/media/cards/large/1HP112.webp
LKtdCkW87n6dJCtKqqkMw,Rust Belt,,Mechanologist,,Equipment,Mechanologist Equipment - Chest,,,1,true,C,C,SEA,SEA009,https://legendstory-production-s3-public.s3.amazonaws.com/media/cards/large/SEA009.webp
CCwMfr7DptzKNpLPDwtDc,Rusted Relic,3,Generic,,Deck,Generic Action - Item,0,,,true,S|M,S,ANQ|ARC,ANQ023,https://legendstory-production-s3-public.s3.amazonaws.com/media/cards/large/ANQ023.webp
CMbMkj6F86Kj9kPKNBwPN,Rusty Harpoon,3,Pirate|Ranger,,Deck,Pirate Ranger Action - Arrow Attack,0,1,3,true,C|P,C,GEM|SEA,GEM057,https://legendstory-production-s3-public.s3.amazonaws.com/media/cards/large/GEM057.webp
hRMhmf8qkn6pR7TWQLqgb,"Ruu'di, Gem Keeper",,Merchant,,Hero,Hero - Merchant,,,,true,P,P,LSS,LSS001,https://legendstory-production-s3-public.s3.amazonaws.com/media/cards/large/LSS001.webp
bdCCWJQKkgjTNrH8PbnwQ,Sack the Shifty,1,Assassin,,Deck,Assassin Action - Attack,0,4,3,true,C,C,ARK|DYN,ARK012,https://legendstory-production-s3-public.s3.amazonaws.com/media/cards/large/ARK012.webp
TTdC6bPmz9GFQzqWFJnDC,Sack the Shifty,2,Assassin,,Deck,Assassin Action - Attack,0,3,3,true,C,C,DYN,DYN143,https://legendstory-production-s3-public.s3.amazonaws.com/media/cards/large/DYN143.webp
GCBnJqcCCpBHQwzBgdNbh,Sack the Shifty,3,Assassin,,Deck,Assassin Action - Attack,0,2,3,true,C,C,DYN,DYN144,https://legendstory-production-s3-public.s3.amazonaws.com/media/cards/large/DYN144.webp
cdb8cTqP9MRgwqr7Q6rHQ,Sacred Art: Immortal Lunar Shrine,3,Illusionist,Mystic,Deck,Mystic Illusionist Instant,3,,,true,M|P|V,M,FAB|MST,FAB234,https://legendstory-production-s3-public.s3.amazonaws.com/media/cards/large/FAB234-RF.webp
GJzhGm6bb6gW8nMBgQRbz,Sacred Art: Jade Tiger Domain,3,Ninja,Mystic,Deck,Mystic Ninja Instant,3,,,true,M|P|V,M,FAB|MST,FAB233,https://legendstory-production-s3-public.s3.amazonaws.com/media/cards/large/FAB233-RF.webp
c8CdW9QBrMJPh6nwJGJ6Q,Sacred Art: Undercurrent Desires,3,Assassin,Mystic,Deck,Mystic Assassin Instant,3,,,true,M|P|V,M,FAB|MST,FAB232,https://legendstory-production-s3-public.s3.amazonaws.com/media/cards/large/FAB232-RF.webp
jFTctWqJnnwKqbbdphWjQ,Sadistic Scowl,1,,Reviled,Deck,Reviled Action,3,,2,true,R,R,SLY|SUP,SLY014,https://legendstory-production-s3-public.s3.amazonaws.com/media/cards/large/SLY014.webp
zKtm8BQzLMCwJRgqcGLNm,Salt the Wound,2,Ninja,,Deck,Ninja Action - Attack,0,2,3,true,C|P,C,1HP|BEN|CRU|IRA|SFA|TCC,1HP135,https://legendstory-production-s3-public.s3.amazonaws.com/media/cards/large/1HP135.webp
c9hrdrfn8dNhkBcfQmqWn,Saltwater Swell,1,Pirate,,Deck,Pirate Action - Attack,1,3,3,true,R,R,SEA|SGB,SEA141,https://legendstory-production-s3-public.s3.amazonaws.com/media/cards/large/SEA141.webp
rBz7GBhR7FPkbzKwRWmdp,Saltwater Swell,2,Pirate,,Deck,Pirate Action - Attack,1,2,3,true,R,R,SEA,SEA142,https://legendstory-production-s3-public.s3.amazonaws.com/media/cards/large/SEA142.webp
DN8dWKrTLQzr6H9BJ8kcn,Saltwater Swell,3,Pirate,,Deck,Pirate Action - Attack,1,1,3,true,R,R,SEA|SGB,SEA143,https://legendstory-production-s3-public.s3.amazonaws.com/media/cards/large/SEA143.webp
9pnrkbM9DbqCqqkbDCC8N,Salvage Shot,1,Ranger,,Deck,Ranger Action - Arrow Attack,1,5,3,true,C,C,1HP|ARC|AZL|RIP|SEA,1HP246,https://legendstory-production-s3-public.s3.amazonaws.com/media/cards/large/1HP246.webp
d8mzLHtQRkT8GWFcgR78H,Salvage Shot,2,Ranger,,Deck,Ranger Action - Arrow Attack,1,4,3,true,C,C,1HP|ARC|SEA,1HP247,https://legendstory-production-s3-public.s3.amazonaws.com/media/cards/large/1HP247.webp
bjffjnzNfQhdcGKKCWKCd,Salvage Shot,3,Ranger,,Deck,Ranger Action - Arrow Attack,1,3,3,true,C,C,1HP|ARC|SEA,1HP248,https://legendstory-production-s3-public.s3.amazonaws.com/media/cards/large/1HP248.webp
bMJBmMJt99tBDWrznqMBR,Sanctuary of Aria,,,,Deck,Rosetta Macro,,,,true,T|P,T,AUA|FLR|LGS|OSC|ROS|VER,AUA029,https://legendstory-production-s3-public.s3.amazonaws.com/media/cards/large/AUA029.webp
DHhDFNgTHdTJ7NpWWm8jm,Sand Cover,1,Illusionist,Draconic,Deck,Draconic Illusionist Instant,0,,,true,C|P,C,FAB|UPR,FAB090,https://legendstory-production-s3-public.s3.amazonaws.com/media/cards/large/FAB090-RF.webp
bjKB8W9jG6nDH9Gt6rJMb,Sand Cover,2,Illusionist,Draconic,Deck,Draconic Illusionist Instant,0,,,true,C,C,UPR,UPR040,https://legendstory-production-s3-public.s3.amazonaws.com/media/cards/large/UPR040.webp
GQJqWJwPz8BBnQRjb8ntF,Sand Cover,3,Illusionist,Draconic,Deck,Draconic Illusionist Instant,0,,,true,C,C,UPR,UPR041,https://legendstory-production-s3-public.s3.amazonaws.com/media/cards/large/UPR041.webp
BpjDRjGcMhFQkKQLnLLkQ,Sand Sketched Plan,3,Brute,,Deck,Brute Action,0,,3,true,S|M,S,1HP|WTR,1HP015,https://legendstory-production-s3-public.s3.amazonaws.com/media/cards/large/1HP015.webp
7kf9MgCRrqFckmcHLjtKb,Sandscour Greatbow,,Ranger,,Weapon,Ranger Weapon - Bow (2H),,,,true,M|V,M,DYN,DYN151,https://legendstory-production-s3-public.s3.amazonaws.com/media/cards/large/DYN151.webp
HmPP97LtzDb7fPrHPFdLk,Sap,1,Wizard,,Deck,Wizard Action,0,,3,true,C|P,C,DYN|FAB,DYN206,https://legendstory-production-s3-public.s3.amazonaws.com/media/cards/large/DYN206.webp
nkzf6zG8JPJgGkt7N66RP,Sap,2,Wizard,,Deck,Wizard Action,0,,3,true,C|P,C,DYN|FAB,DYN207,https://legendstory-production-s3-public.s3.amazonaws.com/media/cards/large/DYN207.webp
pGWLw8bBqKqTQHnrhg6b6,Sap,3,Wizard,,Deck,Wizard Action,0,,3,true,C|P,C,DYN|FAB,DYN208,https://legendstory-production-s3-public.s3.amazonaws.com/media/cards/large/DYN208.webp
8n9Fkr9DLNbMhKJRJTkLL,Sapphire Amulet,3,Generic,,Deck,Generic Action - Item,0,,,true,M|V,M,SEA,SEA197,https://legendstory-production-s3-public.s3.amazonaws.com/media/cards/large/SEA197.webp
WQnrwMqz7KtLWb9nfzNDf,Sapwood Elixir,1,Generic,,Deck,Generic Action,1,,3,true,R|P,R,FAB|PEN,FAB436,https://legendstory-production-s3-public.s3.amazonaws.com/media/cards/large/FAB436-CF.webp
9BqdPQckmdgcfzwtjw7BP,Sash of Sandikai,,,Draconic,Equipment,Draconic Equipment - Chest,,,0,true,C,C,FAI|UPR,FAI004,https://legendstory-production-s3-public.s3.amazonaws.com/media/cards/large/FAI004.webp
7mdh968cg9r9JB7dfzcFW,Savage Beatdown,1,Brute,,Deck,Brute Action - Attack,3,6,3,true,M,M,AKO|DYN,AKO012,https://legendstory-production-s3-public.s3.amazonaws.com/media/cards/large/AKO012.webp
cM6R7TqbFHp76wfPTjrzM,Savage Claw,,Brute,,Weapon,Brute Weapon - Claw (1H),,3,,true,M|P,M,GEM|PEN,GEM107,https://legendstory-production-s3-public.s3.amazonaws.com/media/cards/large/GEM107-CF.webp
mFdkTGPQDnWjLB9Tgmdmm,Savage Feast,1,Brute,,Deck,Brute Action - Attack,1,6,3,true,R,R,1HP|RNR|SKA|WTR,1HP019,https://legendstory-production-s3-public.s3.amazonaws.com/media/cards/large/1HP019.webp
8t8CJMmCJTFtfF98wRTLr,Savage Feast,2,Brute,,Deck,Brute Action - Attack,1,5,3,true,R,R,1HP|WTR,1HP020,https://legendstory-production-s3-public.s3.amazonaws.com/media/cards/large/1HP020.webp
FkLTfnTqkjBKt9Ch9m8C8,Savage Feast,3,Brute,,Deck,Brute Action - Attack,1,4,3,true,R,R,1HP|WTR,1HP021,https://legendstory-production-s3-public.s3.amazonaws.com/media/cards/large/1HP021.webp
WPkcWHhWGzFKcNWQFM7hf,Savage Sash,,Brute,,Equipment,Brute Equipment - Chest,,,2,true,M|P,M,AKO|GEM|JDG,AKO004,https://legendstory-production-s3-public.s3.amazonaws.com/media/cards/large/AKO004-RF.webp
N8DMCFHgLPLrn9wQhhTjC,Savage Swing,1,Brute,,Deck,Brute Action - Attack,1,7,3,true,C,C,1HP|RNR|WTR,1HP031,https://legendstory-production-s3-public.s3.amazonaws.com/media/cards/large/1HP031.webp
cKRWnQCGq8f8dGKT7G8pF,Savage Swing,2,Brute,,Deck,Brute Action - Attack,1,6,3,true,C,C,1HP|RNR|WTR,1HP032,https://legendstory-production-s3-public.s3.amazonaws.com/media/cards/large/1HP032.webp
7zdfJDbhwjMnMNqkDJ9Qb,Savage Swing,3,Brute,,Deck,Brute Action - Attack,1,5,3,true,C,C,1HP|WTR,1HP033,https://legendstory-production-s3-public.s3.amazonaws.com/media/cards/large/1HP033.webp
H6nGNM7gbPMNpKgnCcgkJ,Save the Thought,1,Wizard,,Deck,Wizard Instant,2,,,true,R,R,ROS,ROS179,https://legendstory-production-s3-public.s3.amazonaws.com/media/cards/large/ROS179.webp
7P7nqWCFNDmbR7QJqhfJf,Save the Thought,2,Wizard,,Deck,Wizard Instant,2,,,true,R,R,ROS,ROS180,https://legendstory-production-s3-public.s3.amazonaws.com/media/cards/large/ROS180.webp
knDjRzfw6mfHn6fG9WnhJ,Save the Thought,3,Wizard,,Deck,Wizard Instant,2,,,true,R,R,ROS,ROS181,https://legendstory-production-s3-public.s3.amazonaws.com/media/cards/large/ROS181.webp
WKb8wmGL6MRRzwLnzqLBj,Saving Grace,2,Warrior,Light,Deck,Light Warrior Defense Reaction,0,,3,true,M,M,ASB,ASB025,https://legendstory-production-s3-public.s3.amazonaws.com/media/cards/large/ASB025.webp
nmc8wLKtTmPhJFb7FH8BG,Savor Bloodshed,1,Assassin|Warrior,,Deck,Assassin / Warrior Action,0,,3,true,M,M,HNT,HNT198,https://legendstory-production-s3-public.s3.amazonaws.com/media/cards/large/HNT198.webp
Q8R69DNJCThNGkddBPW6k,"Sawbones, Dock Hand",2,Pirate|Necromancer,,Deck,Pirate Necromancer Action - Ally,2,6,,true,M|V,M,AGB|SEA,AGB019,https://legendstory-production-s3-public.s3.amazonaws.com/media/cards/large/AGB019.webp
nkCCKCB8ftPdMCHHWHWtk,Scabskin Leathers,,Brute,,Equipment,Brute Equipment - Legs,,,2,true,P|L,P,1HP|FAB|LSS|WTR,1HP007,https://legendstory-production-s3-public.s3.amazonaws.com/media/cards/large/1HP007.webp
C8wdh6HkkQBqknGwzmnDw,Scalding Iron,1,Warrior,Draconic,Deck,Draconic Warrior Attack Reaction,0,,2,true,C,C,HNT,HNT110,https://legendstory-production-s3-public.s3.amazonaws.com/media/cards/large/HNT110.webp
jRwfcNHdwMF8wPwzGFdFd,Scalding Rain,1,Wizard,,Deck,Wizard Action,1,,3,true,C,C,1HP|ARC,1HP329,https://legendstory-production-s3-public.s3.amazonaws.com/media/cards/large/1HP329.webp
B6mRfRqMMNH7QC8CmFFmf,Scalding Rain,2,Wizard,,Deck,Wizard Action,1,,3,true,C,C,1HP|ARC,1HP330,https://legendstory-production-s3-public.s3.amazonaws.com/media/cards/large/1HP330.webp
cMf8rkwkBpMPzWz8NMBKj,Scalding Rain,3,Wizard,,Deck,Wizard Action,1,,3,true,C,C,1HP|ARC,1HP331,https://legendstory-production-s3-public.s3.amazonaws.com/media/cards/large/1HP331.webp
rFTttdrTGWGwd8dbpfN6M,Scale Peeler,,Assassin,,Weapon,Assassin Weapon - Dagger (1H),,1,,true,M,M,OUT,OUT009,https://legendstory-production-s3-public.s3.amazonaws.com/media/cards/large/OUT009.webp
DbpqBt8Gp8HWg6QMFBBgh,Scar for a Scar,1,Generic,,Deck,Generic Action - Attack,0,4,2,true,C|P,C,1HP|AGB|ANQ|ASR|FAB|IRA|KAT|KSU|SBA|SDO|SEA|SFA|UPR|WTR,1HP396,https://legendstory-production-s3-public.s3.amazonaws.com/media/cards/large/1HP396.webp
LwdKpBTcMk6rLjDwG8r6G,Scar for a Scar,2,Generic,,Deck,Generic Action - Attack,0,3,2,true,C,C,1HP|UPR|WTR,1HP397,https://legendstory-production-s3-public.s3.amazonaws.com/media/cards/large/1HP397.webp
fBjC6dqfrGN9TG7Whh9TR,Scar for a Scar,3,Generic,,Deck,Generic Action - Attack,0,2,2,true,C,C,1HP|UPR|WTR,1HP398,https://legendstory-production-s3-public.s3.amazonaws.com/media/cards/large/1HP398.webp
t6JCJM8LbB8DcqTwHj7Mk,Scar Tissue,1,Assassin|Warrior,,Deck,Assassin / Warrior Attack Reaction,0,,2,true,C|R|P,C,FNG|GEM|HNT|SAR|WOD,FNG015,https://legendstory-production-s3-public.s3.amazonaws.com/media/cards/large/FNG015.webp
GHfNcPpwFnQttfmWMDq86,Scar Tissue,2,Assassin|Warrior,,Deck,Assassin / Warrior Attack Reaction,0,,2,true,C,C,HNT,HNT209,https://legendstory-production-s3-public.s3.amazonaws.com/media/cards/large/HNT209.webp
KjLnGJk9WwJKDbRtpBRKG,Scar Tissue,3,Assassin|Warrior,,Deck,Assassin / Warrior Attack Reaction,0,,2,true,C,C,HNT,HNT210,https://legendstory-production-s3-public.s3.amazonaws.com/media/cards/large/HNT210.webp
HQpCLnmftkcKMJrjjczGK,Scarf for a Scarf,1,Generic,,Deck,Generic Action - Attack,0,4,2,false,P,P,LSS,LSS019,https://legendstory-production-s3-public.s3.amazonaws.com/media/cards/large/LSS019-RF.webp
DDNkGQ7L9kNzzFthTtTKH,Scattering Conflux,1,Illusionist,Lightning,Deck,Lightning Illusionist Action - Attack,2,7,3,true,R,R,AZS|OMN,AZS012,https://legendstory-production-s3-public.s3.amazonaws.com/media/cards/large/AZS012.webp
jktJDQ97DD6rnkQjhNdD8,Scepter of Pain,,Runeblade,,Weapon,Runeblade Weapon - Scepter (1H),,,,true,R,R,DTD,DTD210,https://legendstory-production-s3-public.s3.amazonaws.com/media/cards/large/DTD210.webp
G7MWPzRtWqBpdW7K8MQDd,Schism of Chaos,3,,Chaos,Deck,Chaos Resource - Gem,,,,true,F,F,HNT,HNT000,https://legendstory-production-s3-public.s3.amazonaws.com/media/cards/large/HNT000-RF.webp
9PJ9CMqcgnDMFTR7WW8wq,"Scooba, Salty Sea Dog",2,Pirate|Necromancer,,Deck,Pirate Necromancer Action - Ally,0,4,,true,R|P|V,R,LGS|SEA,LGS407,https://legendstory-production-s3-public.s3.amazonaws.com/media/cards/large/LGS407-RF.webp
cGDjfwq76gpNQpWDMtLt9,"Scorpio, Comet Tail",,Runeblade,Lightning,Weapon,Lightning Runeblade Weapon - Sword (2H),,1,,true,B|C|P,B,GEM|OMN|SBA,GEM143,https://legendstory-production-s3-public.s3.amazonaws.com/media/cards/large/GEM143-CF.webp
9hDNGJWktKbqR8bFFzmMf,Scour,3,Wizard,,Deck,Wizard Action,X,,3,true,M,M,EVR,EVR124,https://legendstory-production-s3-public.s3.amazonaws.com/media/cards/large/EVR124.webp
rhGfKbpkJHqwTK6rJDcwK,Scour the Battlescape,1,Generic,,Deck,Generic Action - Attack,0,3,2,true,C,C,WTR,WTR194,https://legendstory-production-s3-public.s3.amazonaws.com/media/cards/large/WTR194.webp
KNC7HLkhjBqq6jMLBJ6fG,Scour the Battlescape,2,Generic,,Deck,Generic Action - Attack,0,2,2,true,C,C,WTR,WTR195,https://legendstory-production-s3-public.s3.amazonaws.com/media/cards/large/WTR195.webp
CBWFq7pbJbWfwGPNFRwpN,Scour the Battlescape,3,Generic,,Deck,Generic Action - Attack,0,1,2,true,C,C,KSU|RNR|TEA|WTR,KSU026,https://legendstory-production-s3-public.s3.amazonaws.com/media/cards/large/KSU026.webp
kH9PnLPwkjrBjBPWR7FBq,Scout the Periphery,1,Generic,,Deck,Generic Action,0,,2,true,C,C,AAZ|AZL|OUT|RIP|SAZ,AAZ022,https://legendstory-production-s3-public.s3.amazonaws.com/media/cards/large/AAZ022.webp
7WFnnN9jPJ8cpCzrKkwcG,Scout the Periphery,2,Generic,,Deck,Generic Action,0,,2,true,C,C,OUT|RIP,OUT226,https://legendstory-production-s3-public.s3.amazonaws.com/media/cards/large/OUT226.webp
rfzK67PqGLCLKL6w8GhLp,Scout the Periphery,3,Generic,,Deck,Generic Action,0,,2,true,C,C,AZL|OUT,AZL026,https://legendstory-production-s3-public.s3.amazonaws.com/media/cards/large/AZL026.webp
mTbrkkQFPRjRGNJMPtF7Q,Scouting Shot,1,Ranger,,Deck,Ranger Action - Arrow Attack,0,4,3,true,C,C,SEA,SEA109,https://legendstory-production-s3-public.s3.amazonaws.com/media/cards/large/SEA109.webp
czpGHfkkmgF6kFCQjfcC8,Scowling Flesh Bag,,Brute,,Equipment,Brute Equipment - Head,,,2,true,P|L,P,DTD|FAB,DTD200,https://legendstory-production-s3-public.s3.amazonaws.com/media/cards/large/DTD200-RF.webp
PBhph96BBWgk6khphzBJM,Scramble Pulse,1,Mechanologist,,Deck,Mechanologist Action - Attack,2,5,3,true,R,R,DYN,DYN095,https://legendstory-production-s3-public.s3.amazonaws.com/media/cards/large/DYN095.webp
Bqj7zQj6nRg69nWJpqhdG,Scramble Pulse,2,Mechanologist,,Deck,Mechanologist Action - Attack,2,4,3,true,R,R,DYN,DYN096,https://legendstory-production-s3-public.s3.amazonaws.com/media/cards/large/DYN096.webp
z6fwbc9tNttQCzDHGtCFP,Scramble Pulse,3,Mechanologist,,Deck,Mechanologist Action - Attack,2,3,3,true,R,R,DYN,DYN097,https://legendstory-production-s3-public.s3.amazonaws.com/media/cards/large/DYN097.webp
bRdLNzkL7pJQrQJMDgNqk,Scrap Compactor,1,Mechanologist,,Deck,Mechanologist Action - Attack,0,3,3,true,C,C,EVO,EVO129,https://legendstory-production-s3-public.s3.amazonaws.com/media/cards/large/EVO129.webp
zrDknmgJBBdDgbnf7HqzG,Scrap Compactor,2,Mechanologist,,Deck,Mechanologist Action - Attack,0,2,3,true,C,C,EVO,EVO130,https://legendstory-production-s3-public.s3.amazonaws.com/media/cards/large/EVO130.webp
KQpFGWBFTN6kKBFwGCwqK,Scrap Compactor,3,Mechanologist,,Deck,Mechanologist Action - Attack,0,1,3,true,C,C,EVO,EVO131,https://legendstory-production-s3-public.s3.amazonaws.com/media/cards/large/EVO131.webp
BTh7CrHFccLPDQBzLccbw,Scrap Harvester,1,Mechanologist,,Deck,Mechanologist Action - Attack,3,6,3,true,C,C,EVO,EVO132,https://legendstory-production-s3-public.s3.amazonaws.com/media/cards/large/EVO132.webp
NM9KMB9gpbC6dQQqKm9kC,Scrap Harvester,2,Mechanologist,,Deck,Mechanologist Action - Attack,3,5,3,true,C,C,EVO,EVO133,https://legendstory-production-s3-public.s3.amazonaws.com/media/cards/large/EVO133.webp
RHjPhrMkPMDrNghTztTzc,Scrap Harvester,3,Mechanologist,,Deck,Mechanologist Action - Attack,3,4,3,true,C,C,EVO,EVO134,https://legendstory-production-s3-public.s3.amazonaws.com/media/cards/large/EVO134.webp
tJDKNg7fm6FHNcCtjznN8,Scrap Hopper,1,Mechanologist,,Deck,Mechanologist Action - Attack,0,3,3,true,R,R,EVO,EVO108,https://legendstory-production-s3-public.s3.amazonaws.com/media/cards/large/EVO108.webp
njDMNcdpbzTGfhDQmFPdq,Scrap Hopper,2,Mechanologist,,Deck,Mechanologist Action - Attack,0,2,3,true,R,R,EVO,EVO109,https://legendstory-production-s3-public.s3.amazonaws.com/media/cards/large/EVO109.webp
LJtbJgTpWKcpwLmPRgDMr,Scrap Hopper,3,Mechanologist,,Deck,Mechanologist Action - Attack,0,1,3,true,R,R,EVO,EVO110,https://legendstory-production-s3-public.s3.amazonaws.com/media/cards/large/EVO110.webp
TnFgmkTHkFTnhCfDCtTwQ,Scrap Prospector,1,Mechanologist,,Deck,Mechanologist Action - Attack,0,3,3,true,C,C,EVO,EVO135,https://legendstory-production-s3-public.s3.amazonaws.com/media/cards/large/EVO135.webp
q68ThQwdMntNzPqwkwhC7,Scrap Prospector,2,Mechanologist,,Deck,Mechanologist Action - Attack,0,2,3,true,C,C,EVO,EVO136,https://legendstory-production-s3-public.s3.amazonaws.com/media/cards/large/EVO136.webp
w7tg6Pd8qbmgTCznmqtwM,Scrap Prospector,3,Mechanologist,,Deck,Mechanologist Action - Attack,0,1,3,true,C,C,EVO,EVO137,https://legendstory-production-s3-public.s3.amazonaws.com/media/cards/large/EVO137.webp
CQpHCDTdJdmJgn8hGJrgq,Scrap Trader,1,Mechanologist,,Deck,Mechanologist Action,0,,2,true,M,M,EVO,EVO101,https://legendstory-production-s3-public.s3.amazonaws.com/media/cards/large/EVO101.webp
rqcKnqMqChqrkHbDTPWPR,Scrub the Deck,3,Pirate,,Deck,Pirate Action,0,,3,true,R,R,SEA,SEA147,https://legendstory-production-s3-public.s3.amazonaws.com/media/cards/large/SEA147.webp
gKgfQDwNnGH8GtfL9RkPG,"Scurv, Stowaway",,Pirate|Thief,,Hero,Pirate Thief Hero - Young,,,,false,R|P,R,HER|SEA,HER142,https://legendstory-production-s3-public.s3.amazonaws.com/media/cards/large/HER142-RF.webp
CN9QrzcRcRDrRhPRqJCwk,Scuttle the Canal,1,Assassin,,Deck,Assassin Action - Attack,0,3,3,true,C|P,C,AAC|GEM|HNT,AAC017,https://legendstory-production-s3-public.s3.amazonaws.com/media/cards/large/AAC017.webp
Mg77gjkkQbDzcK6cQfBGf,Scuttle the Canal,2,Assassin,,Deck,Assassin Action - Attack,0,2,3,true,C,C,HNT,HNT048,https://legendstory-production-s3-public.s3.amazonaws.com/media/cards/large/HNT048.webp
FH6ffcgjbnGTRQTtwwWGh,Scuttle the Canal,3,Assassin,,Deck,Assassin Action - Attack,0,1,3,true,C,C,HNT,HNT049,https://legendstory-production-s3-public.s3.amazonaws.com/media/cards/large/HNT049.webp
gMWRNPMTzMTfCqzFGkbTG,Scuttle Toes,,Necromancer,,Equipment,Necromancer Equipment - Legs,,,0,true,R,R,PEN|SGB,PEN155,https://legendstory-production-s3-public.s3.amazonaws.com/media/cards/large/PEN155.webp
D6fPnQdQ7FKpWDB9ktTJ6,Sea Floor Salvage,3,Pirate,,Deck,Pirate Action,0,,3,true,R,R,SEA,SEA146,https://legendstory-production-s3-public.s3.amazonaws.com/media/cards/large/SEA146.webp
q6JzqgbQgM8DB8tgcfc6B,Sea Legs,2,Generic,,Deck,Generic Action - Attack,3,6,3,true,M|P,M,FAB|SEA,FAB341,https://legendstory-production-s3-public.s3.amazonaws.com/media/cards/large/FAB341-CF.webp
hqP98JGRBnqGr9QnPCmHC,Sealace Sarong,,Ranger,,Equipment,Ranger Equipment - Legs,,,2,true,P|L,P,FAB|SEA,FAB338,https://legendstory-production-s3-public.s3.amazonaws.com/media/cards/large/FAB338-GF.webp
jqRDtJRT9rF7rwC6pdfJD,Searing Emberblade,,Ninja,Draconic,Weapon,Draconic Ninja Weapon - Sword (2H),,3,,true,T|C|P,T,FAB|FAI|LGS|SFA|UPR,FAB147,https://legendstory-production-s3-public.s3.amazonaws.com/media/cards/large/FAB147-GF.webp
f7Gk6PJDmMhpGpGjpp866,Searing Gaze,1,Warrior,Draconic,Deck,Draconic Warrior Attack Reaction,0,,2,true,C,C,FNG|HNT,FNG016,https://legendstory-production-s3-public.s3.amazonaws.com/media/cards/large/FNG016.webp
MQ6FHQhJGFpMdrFHgfPQD,Searing Ray,1,,Light,Deck,Light Action - Attack,1,4,2,true,C,C,DTD,DTD097,https://legendstory-production-s3-public.s3.amazonaws.com/media/cards/large/DTD097.webp
WWnjTMBz9qJNpHmNgdRN9,Searing Ray,2,,Light,Deck,Light Action - Attack,1,3,2,true,C,C,DTD,DTD098,https://legendstory-production-s3-public.s3.amazonaws.com/media/cards/large/DTD098.webp
cmgTkM7PKHKtkLHkJPDPk,Searing Ray,3,,Light,Deck,Light Action - Attack,1,2,2,true,C,C,DTD,DTD099,https://legendstory-production-s3-public.s3.amazonaws.com/media/cards/large/DTD099.webp
GWJzpmmcLCPm6bbfM8zR9,Searing Shot,1,Ranger,,Deck,Ranger Action - Arrow Attack,0,4,3,true,C,C,1HP|ARC|RIP|SAZ,1HP249,https://legendstory-production-s3-public.s3.amazonaws.com/media/cards/large/1HP249.webp
bPpNFbJnhrLkgqjMRRFJp,Searing Shot,2,Ranger,,Deck,Ranger Action - Arrow Attack,0,3,3,true,C,C,1HP|ARC,1HP250,https://legendstory-production-s3-public.s3.amazonaws.com/media/cards/large/1HP250.webp
JmQpWjPbn6JmmppNRDprh,Searing Shot,3,Ranger,,Deck,Ranger Action - Arrow Attack,0,2,3,true,C,C,1HP|ARC,1HP251,https://legendstory-production-s3-public.s3.amazonaws.com/media/cards/large/1HP251.webp
67PfThWHNmFmMj68D7WLf,Searing Touch,1,,Draconic,Deck,Draconic Action - Attack,1,3,3,true,C,C,UPR,UPR099,https://legendstory-production-s3-public.s3.amazonaws.com/media/cards/large/UPR099.webp
MmJd7JwGC8rjPmLNLPCCW,Seasoned Saviour,,Guardian,,Equipment,Guardian Equipment - Off-Hand,,,3,true,M|V,M,DYN,DYN026,https://legendstory-production-s3-public.s3.amazonaws.com/media/cards/large/DYN026.webp
PjwhnN8B6FghrjRmGwhnJ,Second Strike,1,,Lightning,Deck,Lightning Action - Attack,0,3,2,true,C,C,AUA|ROS|SBA,AUA016,https://legendstory-production-s3-public.s3.amazonaws.com/media/cards/large/AUA016.webp
drmRFDLhKw6b7JBJdfWkM,Second Strike,2,,Lightning,Deck,Lightning Action - Attack,0,2,2,true,C,C,ROS,ROS102,https://legendstory-production-s3-public.s3.amazonaws.com/media/cards/large/ROS102.webp
wdT9WhkFKfwrHdJMWWcDQ,Second Strike,3,,Lightning,Deck,Lightning Action - Attack,0,1,2,true,C,C,ROS,ROS103,https://legendstory-production-s3-public.s3.amazonaws.com/media/cards/large/ROS103.webp
TkkhfhFwwKKBFRb8TF6cW,Second Swing,1,Warrior,,Deck,Warrior Action,1,,3,true,C,C,DVR|MON|MPW,DVR010,https://legendstory-production-s3-public.s3.amazonaws.com/media/cards/large/DVR010.webp
PqwWTC8WTQccwfcNwtjNT,Second Swing,2,Warrior,,Deck,Warrior Action,1,,3,true,C,C,MON,MON117,https://legendstory-production-s3-public.s3.amazonaws.com/media/cards/large/MON117.webp
Chqpmcpccgmfb7wh7jrdh,Second Swing,3,Warrior,,Deck,Warrior Action,1,,3,true,C,C,MON,MON118,https://legendstory-production-s3-public.s3.amazonaws.com/media/cards/large/MON118.webp
HFtcFTzQwfjNwk89mLRjD,Second Tenet of Chi: Moon,3,,Mystic,Deck,Mystic Action - Attack,3,5,3,true,R|P,R,LGS|MST,LGS301,https://legendstory-production-s3-public.s3.amazonaws.com/media/cards/large/LGS301-RF.webp
fLCJkLgGtkfJd6pBq8fJK,Second Tenet of Chi: Tide,3,,Mystic,Deck,Mystic Action - Attack,3,5,3,true,R|P,R,ENG|LGS|MST,ENG019,https://legendstory-production-s3-public.s3.amazonaws.com/media/cards/large/ENG019.webp
T6hdfgDWQgPTm8RJ8HpfQ,Second Tenet of Chi: Wind,3,,Mystic,Deck,Mystic Action - Attack,3,5,3,true,R|P,R,LGS|MST|SEN,LGS305,https://legendstory-production-s3-public.s3.amazonaws.com/media/cards/large/LGS305-RF.webp
fBt7wHjJKcKKhftG6cGmW,Security Script,3,Mechanologist,,Deck,Mechanologist Action - Item,1,,,true,R,R,EVO,EVO080,https://legendstory-production-s3-public.s3.amazonaws.com/media/cards/large/EVO080.webp
mpTmfWDrzmTzJbjbwqGth,Sedate,1,Assassin,,Deck,Assassin Action - Attack,0,3,3,true,C,C,ARA|OUT|UZU,ARA012,https://legendstory-production-s3-public.s3.amazonaws.com/media/cards/large/ARA012.webp
d9H6WHrdmRqWRcc7MWzHH,Sedate,2,Assassin,,Deck,Assassin Action - Attack,0,2,3,true,C,C,OUT|UZU,OUT037,https://legendstory-production-s3-public.s3.amazonaws.com/media/cards/large/OUT037.webp
qg77MwwLDDmNPnWmtjLPh,Sedate,3,Assassin,,Deck,Assassin Action - Attack,0,1,3,true,C,C,ARA|OUT|UZU,ARA024,https://legendstory-production-s3-public.s3.amazonaws.com/media/cards/large/ARA024.webp
RmJbJDhmdzRFfHhj96G9f,Sedation Shot,1,Ranger,,Deck,Ranger Action - Arrow Attack,1,5,3,true,C,C,AAZ|AZL|OUT|RIP,AAZ014,https://legendstory-production-s3-public.s3.amazonaws.com/media/cards/large/AAZ014.webp
KHcpQKMtfHB7Cbr7hdCB9,Sedation Shot,2,Ranger,,Deck,Ranger Action - Arrow Attack,1,4,3,true,C,C,AZL|OUT,AZL021,https://legendstory-production-s3-public.s3.amazonaws.com/media/cards/large/AZL021.webp
pwm6CghHCThJBr8WPNd9r,Sedation Shot,3,Ranger,,Deck,Ranger Action - Arrow Attack,1,3,3,true,C,C,AZL|OUT,AZL024,https://legendstory-production-s3-public.s3.amazonaws.com/media/cards/large/AZL024.webp
9wnz6M6QrJktmmcPLgpbr,Seduce Secrets,2,Generic,,Deck,Generic Instant,0,,,true,M,M,ANQ|HVY,ANQ027,https://legendstory-production-s3-public.s3.amazonaws.com/media/cards/large/ANQ027.webp
bkwMDWGMmKTMd9dKQMt76,Seeds of Agony,1,Runeblade,Shadow,Deck,Shadow Runeblade Action,0,,2,true,C,C,CHN|MON,CHN014,https://legendstory-production-s3-public.s3.amazonaws.com/media/cards/large/CHN014.webp
g9ckPjGmpNNkmbgChTQNR,Seeds of Agony,2,Runeblade,Shadow,Deck,Shadow Runeblade Action,0,,2,true,C,C,CHN|MON,CHN016,https://legendstory-production-s3-public.s3.amazonaws.com/media/cards/large/CHN016.webp
BnQtggKJtBNmpqKR7NWBH,Seeds of Agony,3,Runeblade,Shadow,Deck,Shadow Runeblade Action,0,,2,true,C,C,MON,MON185,https://legendstory-production-s3-public.s3.amazonaws.com/media/cards/large/MON185.webp
Dwn89Mq6WGH8QQGhD6hcq,Seeds of Strength,1,Guardian,Elemental,Deck,Elemental Guardian Action,2,,3,true,R,R,PEN,PEN201,https://legendstory-production-s3-public.s3.amazonaws.com/media/cards/large/PEN201.webp
W9Bqf6HmcQBn9gPcgBF7Q,Seeds of Strength,2,Guardian,Elemental,Deck,Elemental Guardian Action,2,,3,true,C,C,TER,TER018,https://legendstory-production-s3-public.s3.amazonaws.com/media/cards/large/TER018.webp
BWnMgK7JcL6p9NDrQJMW7,Seeds of Strength,3,Guardian,Elemental,Deck,Elemental Guardian Action,2,,3,true,C,C,TER,TER025,https://legendstory-production-s3-public.s3.amazonaws.com/media/cards/large/TER025.webp
Mcffqz8hhNjNgTGMHJwhR,Seeds of Tomorrow,3,,Earth,Deck,Earth Instant,0,,,true,M,M,ROS,ROS035,https://legendstory-production-s3-public.s3.amazonaws.com/media/cards/large/ROS035.webp
QRhMFtbfPHP67Rmwbzdcj,Seek and Destroy,1,Ranger,,Deck,Ranger Action,0,,2,true,M,M,ELE,ELE215,https://legendstory-production-s3-public.s3.amazonaws.com/media/cards/large/ELE215.webp
rJd6rP8HgrgcfzDBT8bWB,Seek Enlightenment,1,,Light,Deck,Light Action,1,,2,true,C,C,MON|PSM,MON081,https://legendstory-production-s3-public.s3.amazonaws.com/media/cards/large/MON081.webp
b8K7Cm8dBKhKTFdwJMNTg,Seek Enlightenment,2,,Light,Deck,Light Action,1,,2,true,C,C,MON,MON082,https://legendstory-production-s3-public.s3.amazonaws.com/media/cards/large/MON082.webp
WpRGpbwRLk8nbpLkDkddN,Seek Enlightenment,3,,Light,Deck,Light Action,1,,2,true,C,C,BOL|MON,BOL028,https://legendstory-production-s3-public.s3.amazonaws.com/media/cards/large/BOL028.webp
NnPBTJzJr8PMqGdN9dDtH,Seek Horizon,1,Generic,,Deck,Generic Action - Attack,0,4,2,true,C|R,C,AZL|MON|OUT,AZL018,https://legendstory-production-s3-public.s3.amazonaws.com/media/cards/large/AZL018.webp
fTLNzLLwbfCDzGf8cDnTr,Seek Horizon,2,Generic,,Deck,Generic Action - Attack,0,3,2,true,C|R,C,MON|OUT,MON252,https://legendstory-production-s3-public.s3.amazonaws.com/media/cards/large/MON252.webp
gKfz9fDKmTChbm7FmMgjh,Seek Horizon,3,Generic,,Deck,Generic Action - Attack,0,2,2,true,C|R,C,MON|OUT,MON253,https://legendstory-production-s3-public.s3.amazonaws.com/media/cards/large/MON253.webp
W9wBMn7CBbnwbWCt7chdT,Seek Vengeance,1,Ninja,,Deck,Ninja Action - Attack,0,4,3,true,R|P,R,ASR|GEM,ASR012,https://legendstory-production-s3-public.s3.amazonaws.com/media/cards/large/ASR012.webp
GgTjfBKgfWdMRNRhCcPt7,Seek Vengeance,3,Ninja,,Deck,Ninja Action - Attack,0,2,3,true,R,R,ASR,ASR022,https://legendstory-production-s3-public.s3.amazonaws.com/media/cards/large/ASR022.webp
rrDrf6H8zBKhcz8tQbnm9,Seeker Kunai,1,Assassin,,Deck,Assassin Instant - Item,0,,,true,M|P,M,GEM|PEN,GEM111,https://legendstory-production-s3-public.s3.amazonaws.com/media/cards/large/GEM111-CF.webp
JmTd86pJBGfrCtpNRCjdn,Seeker's Gilet,,Generic,,Equipment,Generic Equipment - Chest,,,,true,C,C,OMN|OUT,OMN206,https://legendstory-production-s3-public.s3.amazonaws.com/media/cards/large/OMN206.webp
t9hhCk9PrwgchGMcLkRMt,Seeker's Hood,,Generic,,Equipment,Generic Equipment - Head,,,,true,C,C,OMN|OUT,OMN205,https://legendstory-production-s3-public.s3.amazonaws.com/media/cards/large/OMN205.webp
RpqBfPnFtnfqfGHkGNWqH,Seeker's Leggings,,Generic,,Equipment,Generic Equipment - Legs,,,,true,C,C,OMN|OUT,OMN208,https://legendstory-production-s3-public.s3.amazonaws.com/media/cards/large/OMN208.webp
gBgzTTTb9BCd8wCwhW8jB,Seeker's Mitts,,Generic,,Equipment,Generic Equipment - Arms,,,,true,C,C,OMN|OUT|SBZ,OMN207,https://legendstory-production-s3-public.s3.amazonaws.com/media/cards/large/OMN207.webp
jFP6BqHQnT7tnrw7Fw9hh,Seeping Shadows,1,Runeblade,Shadow,Deck,Shadow Runeblade Action,3,,2,true,R,R,MON,MON165,https://legendstory-production-s3-public.s3.amazonaws.com/media/cards/large/MON165.webp
8bF9mGkJwTtDczM9KNtpL,Seeping Shadows,2,Runeblade,Shadow,Deck,Shadow Runeblade Action,3,,2,true,R,R,CHN|MON,CHN017,https://legendstory-production-s3-public.s3.amazonaws.com/media/cards/large/CHN017.webp
QfgfNF9MFTT6PcKqwH6bn,Seeping Shadows,3,Runeblade,Shadow,Deck,Shadow Runeblade Action,3,,2,true,R,R,MON,MON167,https://legendstory-production-s3-public.s3.amazonaws.com/media/cards/large/MON167.webp
FKc7CtkbBDTrzHr7t8DMQ,Seerstone,,Wizard,,Weapon,Wizard Weapon - Orb (2H),,,,true,R,R,DYN,DYN193,https://legendstory-production-s3-public.s3.amazonaws.com/media/cards/large/DYN193.webp
t9g6gbzgFL9RmRQBBNrP7,Seismic Eruption,2,Guardian,,Deck,Guardian Instant,0,,,true,M,M,MPG,MPG024,https://legendstory-production-s3-public.s3.amazonaws.com/media/cards/large/MPG024.webp
wcmmpmGPLhHLFJfdWcpzm,Seismic Shelter,3,Guardian,,Deck,Guardian Action - Aura,0,,3,true,M,M,MPG,MPG023,https://legendstory-production-s3-public.s3.amazonaws.com/media/cards/large/MPG023.webp
nTMBkFzPMg6TtPkF6kBgQ,Seismic Shift,1,Guardian,,Deck,Guardian Action,0,,3,true,M,M,PEN,PEN020,https://legendstory-production-s3-public.s3.amazonaws.com/media/cards/large/PEN020.webp
NqRrPq9RLbrhFrrgzndt8,Seismic Stir,1,Guardian,,Deck,Guardian Action,2,,3,true,C,C,EVR|MPG,EVR030,https://legendstory-production-s3-public.s3.amazonaws.com/media/cards/large/EVR030.webp
FFGW6Kn6mWFFFWcwkpdHh,Seismic Stir,2,Guardian,,Deck,Guardian Action,2,,3,true,C,C,EVR|MPG,EVR031,https://legendstory-production-s3-public.s3.amazonaws.com/media/cards/large/EVR031.webp
h7n8tCF66mwtfWfqLLz87,Seismic Stir,3,Guardian,,Deck,Guardian Action,2,,3,true,C,C,EVR|MPG,EVR032,https://legendstory-production-s3-public.s3.amazonaws.com/media/cards/large/EVR032.webp
Rf8CHpzmhJNppCtDDKWDm,Seismic Surge,,Guardian,,Token,Guardian Token - Aura,,,,true,B|T|C|P|V,B,1HP|AJV|BDD|CRU|DTD|ELE|EVR|FAB|MPG|OLD|SBR|SMP|WTR,1HP085,https://legendstory-production-s3-public.s3.amazonaws.com/media/cards/large/1HP085.webp
PBFbJTw6qrKRHPHPDCrMT,"Sekem, Archangel of Ravages",,,Light,Deck,Light - Angel Ally,,4,,true,M|V,M,DTD,DTD008,https://legendstory-production-s3-public.s3.amazonaws.com/media/cards/large/DTD008_BACK.webp
MDhfpQwtDBtKLhT6Cn7f7,Semblance,3,Illusionist,,Deck,Illusionist Instant,3,,,true,M,M,UPR,UPR154,https://legendstory-production-s3-public.s3.amazonaws.com/media/cards/large/UPR154.webp
WQtbdGwPbtmLmmkRjQzqj,Send Packing,2,Brute,,Deck,Brute Action - Attack,3,6,3,true,M,M,HVY,HVY012,https://legendstory-production-s3-public.s3.amazonaws.com/media/cards/large/HVY012.webp
7kmnQ69hTHJcPwTPWNwmz,Sense Weakness,3,Guardian,,Deck,Guardian Action,3,,3,true,M,M,PEN,PEN021,https://legendstory-production-s3-public.s3.amazonaws.com/media/cards/large/PEN021.webp
QrKGJL7bHCFKbr9N9MNpm,"Ser Boltyn, Breaker of Dawn",,Warrior,Light,Hero,Light Warrior Hero,,,,true,T|C|R|P,T,ASB|CON|DTD|HER|MON|WIN,ASB001,https://legendstory-production-s3-public.s3.amazonaws.com/media/cards/large/ASB001.webp
PBkK9jFkGPKGqTwmTwrzW,Serpent's Kiss,3,Assassin,Mystic,Deck,Mystic Assassin Action - Attack,0,1,3,true,R,R,PEN,PEN262,https://legendstory-production-s3-public.s3.amazonaws.com/media/cards/large/PEN262.webp
T9P9nJkNCBqM8dPHkhRhR,Settle the Bill,1,Ranger,,Deck,Ranger Action,1,,3,true,M,M,OMN,OMN237,https://legendstory-production-s3-public.s3.amazonaws.com/media/cards/large/OMN237.webp
JzbrzpFDKnwQJfD7h8CkQ,Shaden Death Hydra,2,Brute,Shadow,Deck,Shadow Brute Action - Attack,6,13,3,true,M,M,DTD,DTD108,https://legendstory-production-s3-public.s3.amazonaws.com/media/cards/large/DTD108.webp
KDfgLjtcbGWjJTqJcgQcH,Shaden Scream,1,Brute,Shadow,Deck,Shadow Brute Action,0,,3,true,R,R,DTD,DTD118,https://legendstory-production-s3-public.s3.amazonaws.com/media/cards/large/DTD118.webp
mTTtKd67JQmpbbkTrCgC6,Shaden Scream,2,Brute,Shadow,Deck,Shadow Brute Action,0,,3,true,R,R,DTD,DTD119,https://legendstory-production-s3-public.s3.amazonaws.com/media/cards/large/DTD119.webp
WgNzKLhLbwpCnMTmLWkhf,Shaden Scream,3,Brute,Shadow,Deck,Shadow Brute Action,0,,3,true,R,R,DTD,DTD120,https://legendstory-production-s3-public.s3.amazonaws.com/media/cards/large/DTD120.webp
HtPKB7kWnFRGtqN6RjdRW,Shaden Swing,1,Brute,Shadow,Deck,Shadow Brute Action - Attack,1,7,3,true,C,C,DTD,DTD124,https://legendstory-production-s3-public.s3.amazonaws.com/media/cards/large/DTD124.webp
j6FKJDDDkHzjKrjN8FkdW,Shaden Swing,2,Brute,Shadow,Deck,Shadow Brute Action - Attack,1,6,3,true,C,C,DTD,DTD125,https://legendstory-production-s3-public.s3.amazonaws.com/media/cards/large/DTD125.webp
QTCkmrDWzwq6Qq6QczrDn,Shaden Swing,3,Brute,Shadow,Deck,Shadow Brute Action - Attack,1,5,3,true,C,C,DTD,DTD126,https://legendstory-production-s3-public.s3.amazonaws.com/media/cards/large/DTD126.webp
wHLwWJFBzB7DwgjKqzcq7,Shadow of Blasmophet,1,Brute,Shadow,Deck,Shadow Brute Action - Attack,2,6,,true,M,M,MON,MON125,https://legendstory-production-s3-public.s3.amazonaws.com/media/cards/large/MON125.webp
pntf8jrgBbNzC8jBkChDJ,Shadow of Ursur,3,Runeblade,Shadow,Deck,Shadow Runeblade Action - Attack,0,2,3,true,M,M,MON,MON156,https://legendstory-production-s3-public.s3.amazonaws.com/media/cards/large/MON156.webp
97JfCpcf7hpfrDdQw8Btz,Shadow Puppetry,1,,Shadow,Deck,Shadow Action,0,,2,true,M,M,MON,MON193,https://legendstory-production-s3-public.s3.amazonaws.com/media/cards/large/MON193.webp
q9rhJWLhqmFgpRdrb6LGM,Shadowrealm Horror,1,Brute,Shadow,Deck,Shadow Brute Action - Attack,2,6,3,true,M,M,MST,MST236,https://legendstory-production-s3-public.s3.amazonaws.com/media/cards/large/MST236.webp
DMH8PRWDTmMm6mWtQqttn,Shake Down,1,Assassin,,Deck,Assassin Action - Attack,2,6,3,true,M,M,OUT,OUT013,https://legendstory-production-s3-public.s3.amazonaws.com/media/cards/large/OUT013.webp
LktKqzw6D9wQtcctzwKbF,Shallow Water Shark Harpoon,2,Pirate|Ranger,,Deck,Pirate Ranger Action - Arrow Attack,2,5,3,true,R|P,R,GEM|PEN,GEM127,https://legendstory-production-s3-public.s3.amazonaws.com/media/cards/large/GEM127.webp
bMdwPwTh7FJBpzbqTctKB,Shamanic Shinbones,,Brute,,Equipment,Brute Equipment - Legs,,,0,true,R,R,PEN,PEN005,https://legendstory-production-s3-public.s3.amazonaws.com/media/cards/large/PEN005.webp
bQPW8LTTB7jJdTjprpGtm,Shapeless Form,3,Ninja,Mystic,Deck,Mystic Ninja Action - Attack,0,1,2,true,R,R,PEN,PEN264,https://legendstory-production-s3-public.s3.amazonaws.com/media/cards/large/PEN264.webp
pr6zf8H8GCPTRBHzWFQn8,Sharp 'n Shine,1,Warrior,,Deck,Warrior Action,0,,3,true,C,C,MPW,MPW123,https://legendstory-production-s3-public.s3.amazonaws.com/media/cards/large/MPW123.webp
GhWWCbCPqB9FCRQP6zzpm,Sharp 'n Shine,2,Warrior,,Deck,Warrior Action,0,,3,true,C,C,MPW,MPW124,https://legendstory-production-s3-public.s3.amazonaws.com/media/cards/large/MPW124.webp
hRgD9BRWCc9jK9wdPnBC9,Sharp 'n Shine,3,Warrior,,Deck,Warrior Action,0,,3,true,C,C,MPW,MPW125,https://legendstory-production-s3-public.s3.amazonaws.com/media/cards/large/MPW125.webp
6dhcGczKkMnrNJg9gDWdw,Sharp Incline,1,Warrior,,Deck,Warrior Action,0,,3,true,C,C,AHA|MPW,AHA013,https://legendstory-production-s3-public.s3.amazonaws.com/media/cards/large/AHA013.webp
qqhLtH6j9JNr7g6NHzCHR,Sharp Incline,2,Warrior,,Deck,Warrior Action,0,,3,true,C,C,AHA|MPW,AHA018,https://legendstory-production-s3-public.s3.amazonaws.com/media/cards/large/AHA018.webp
6mTWkJTLFBRrFDtcRK6Jh,Sharp Incline,3,Warrior,,Deck,Warrior Action,0,,3,true,C,C,MPW,MPW121,https://legendstory-production-s3-public.s3.amazonaws.com/media/cards/large/MPW121.webp
dbWtMTc6H6qKnbwKnLfRc,Sharp Shooters,,Ranger,,Equipment,Ranger Equipment - Arms,,,1,true,M|P,M,AAZ|JDG,AAZ006,https://legendstory-production-s3-public.s3.amazonaws.com/media/cards/large/AAZ006-RF.webp
8TDBF99tdbMc9nQkwhJzc,Sharpen Steel,1,Warrior,,Deck,Warrior Action,0,,3,true,C,C,DVR|MPW|SDO|TEA|WTR,DVR012,https://legendstory-production-s3-public.s3.amazonaws.com/media/cards/large/DVR012.webp
fTRKMfB788NTF7nK7mrR8,Sharpen Steel,2,Warrior,,Deck,Warrior Action,0,,3,true,C,C,WTR,WTR142,https://legendstory-production-s3-public.s3.amazonaws.com/media/cards/large/WTR142.webp
zKdWmn8NjhRbPNKFRBgmz,Sharpen Steel,3,Warrior,,Deck,Warrior Action,0,,3,true,C,C,TEA|WTR,TEA024,https://legendstory-production-s3-public.s3.amazonaws.com/media/cards/large/TEA024.webp
RD7rFNprgNp9HBwwTTk88,Sharpened Senses,2,Warrior,,Deck,Warior Action - Aura,0,,3,true,M,M,HNT,HNT118,https://legendstory-production-s3-public.s3.amazonaws.com/media/cards/large/HNT118.webp
HRKwRGWdmgQrf7BGPnzK7,Sharpening Sparks,1,Warrior,,Deck,Warrior Attack Reaction,0,,3,true,M,M,MPW,MPW026,https://legendstory-production-s3-public.s3.amazonaws.com/media/cards/large/MPW026.webp
RJNjgKCzrKtWJfdqRPMhg,Shatter,2,Warrior,,Deck,Warrior Attack Reaction,0,,3,true,M,M,EVR,EVR054,https://legendstory-production-s3-public.s3.amazonaws.com/media/cards/large/EVR054.webp
KCRhRBTqwf9mRfjmGnQL6,Shatter Sorcery,3,Generic,,Deck,Generic Instant,0,,,true,R,R,PEN,PEN330,https://legendstory-production-s3-public.s3.amazonaws.com/media/cards/large/PEN330.webp
tDwh7jzrFpdjjTcdhDc7J,Shatter the Weakpoint,1,Warrior,,Deck,Warrior Action,1,,3,true,R,R,MPW,MPW068,https://legendstory-production-s3-public.s3.amazonaws.com/media/cards/large/MPW068.webp
88NcRgnJqWDBCpWHcJJtJ,Shattering Flowtide,1,Illusionist,Lightning,Deck,Lightning Illusionist Action - Attack,0,5,3,true,C|P,C,AZS|GEM|OMN,AZS013,https://legendstory-production-s3-public.s3.amazonaws.com/media/cards/large/AZS013.webp
fHzPHtqP68CcwPG6JGGMJ,Shattering Flowtide,2,Illusionist,Lightning,Deck,Lightning Illusionist Action - Attack,0,4,3,true,C,C,OMN,OMN025,https://legendstory-production-s3-public.s3.amazonaws.com/media/cards/large/OMN025.webp
Rhwctgbpc8DkRWbfPbpKg,Shattering Flowtide,3,Illusionist,Lightning,Deck,Lightning Illusionist Action - Attack,0,3,3,true,C,C,AZS|OMN,AZS023,https://legendstory-production-s3-public.s3.amazonaws.com/media/cards/large/AZS023.webp
DrfFF7FFQTbwwcbDckGH9,Shattering Grasp,,,Ice,Equipment,Ice Equipment - Arms,,,1,true,R,R,PEN,PEN228,https://legendstory-production-s3-public.s3.amazonaws.com/media/cards/large/PEN228.webp
f8JQwHjkfMqRtMcFgPCj9,Shattering Stardust,1,Illusionist,Lightning,Deck,Lightning Illusionist Action - Attack,0,5,3,true,M,M,AZS,AZS014,https://legendstory-production-s3-public.s3.amazonaws.com/media/cards/large/AZS014.webp
rc7mWBhpMFfgWcfhmTJCN,"Shelly, Hardened Traveler",2,Pirate|Necromancer,,Deck,Pirate Necromancer Action - Ally,2,4,,true,C|P|V,C,LGS|SEA,LGS408,https://legendstory-production-s3-public.s3.amazonaws.com/media/cards/large/LGS408-RF.webp
BgPLgpRRpkb7bgRMfcL9N,Shelter from the Storm,1,Generic,,Deck,Generic Defense Reaction,0,,4,true,M|L,M,ANQ|HNT|PEN,ANQ010,https://legendstory-production-s3-public.s3.amazonaws.com/media/cards/large/ANQ010-RF.webp
PfLGWkcf8RngRHztHDfFT,Sheltered Cove,,Generic,,Equipment,Generic Equipment - Head,,,,true,C,C,HVY,HVY197,https://legendstory-production-s3-public.s3.amazonaws.com/media/cards/large/HVY197.webp
cJPFBnkLWpF7cKKwzRNTq,Shield Bash,1,Guardian,,Deck,Guardian Defense Reaction,3,,6,true,R,R,DYN,DYN030,https://legendstory-production-s3-public.s3.amazonaws.com/media/cards/large/DYN030.webp
jBnLmTGRRPcCF9hpccHHT,Shield Bash,2,Guardian,,Deck,Guardian Defense Reaction,3,,5,true,R,R,DYN,DYN031,https://legendstory-production-s3-public.s3.amazonaws.com/media/cards/large/DYN031.webp
T6GTpNNkdNMhBWqfPfK8P,Shield Bash,3,Guardian,,Deck,Guardian Defense Reaction,3,,4,true,R,R,DYN,DYN032,https://legendstory-production-s3-public.s3.amazonaws.com/media/cards/large/DYN032.webp
t86nFWmmtDFMPJr9R9jwN,Shield Beater,,Guardian,,Weapon,Guardian Weapon - Hammer (1H),,5,,true,M|P,M,GEM|PEN,GEM108,https://legendstory-production-s3-public.s3.amazonaws.com/media/cards/large/GEM108-CF.webp
NFHTRRNdJcMLmdKn6nCKK,Shield Wall,1,Guardian,,Deck,Guardian Defense Reaction,6,,7,true,C,C,DYN,DYN036,https://legendstory-production-s3-public.s3.amazonaws.com/media/cards/large/DYN036.webp
DTLGtkQ8zNdPQPPfDpg6n,Shield Wall,2,Guardian,,Deck,Guardian Defense Reaction,6,,6,true,C,C,DYN,DYN037,https://legendstory-production-s3-public.s3.amazonaws.com/media/cards/large/DYN037.webp
qD7tKdD8zMjjRBmhhRmGm,Shield Wall,3,Guardian,,Deck,Guardian Defense Reaction,6,,5,true,C,C,DYN,DYN038,https://legendstory-production-s3-public.s3.amazonaws.com/media/cards/large/DYN038.webp
tpMDpBjtFznFdgjFtnqQf,Shift the Tide of Battle,2,Warrior,,Deck,Warrior Attack Reaction,0,,3,true,M,M,HVY,HVY102,https://legendstory-production-s3-public.s3.amazonaws.com/media/cards/large/HVY102.webp
R7Q6MhPq9nCBT6DhbQMDL,Shifting Tides,3,Pirate,,Deck,Pirate Action - Aura,0,,3,true,R,R,SEA,SEA148,https://legendstory-production-s3-public.s3.amazonaws.com/media/cards/large/SEA148.webp
WznLQmk7B6QQKMmT6TJJC,Shifting Winds of the Mystic Beast,3,Ninja,Mystic,Deck,Mystic Ninja Action,1,,3,true,M,M,MST,MST052,https://legendstory-production-s3-public.s3.amazonaws.com/media/cards/large/MST052.webp
pQRPKrhwqLmmQThgJbL7c,Shimmer of the Blade,1,Warrior,,Deck,Warrior Attack Reaction,1,,2,true,R,R,MPW,MPW051,https://legendstory-production-s3-public.s3.amazonaws.com/media/cards/large/MPW051.webp
RmJNprW8pD7hPmcMJ6Q7N,Shimmering Mirage,3,Illusionist,,Deck,Illusionist Defense Reaction,0,,2,true,R|P,R,GEM|PEN,GEM125,https://legendstory-production-s3-public.s3.amazonaws.com/media/cards/large/GEM125.webp
WJbQRdLL9gPWJnjGTtFcT,Shimmering Specter,1,Illusionist,,Deck,Illusionist Action - Attack,3,6,2,true,C,C,PEN,PEN133,https://legendstory-production-s3-public.s3.amazonaws.com/media/cards/large/PEN133.webp
7QWnhpb7MCBcwrNj6Tw7z,Shimmering Specter,2,Illusionist,,Deck,Illusionist Action - Attack,3,5,2,true,C,C,PEN,PEN134,https://legendstory-production-s3-public.s3.amazonaws.com/media/cards/large/PEN134.webp
BRnbp6GzfhcMNCJjq7GNP,Shimmering Specter,3,Illusionist,,Deck,Illusionist Action - Attack,3,4,2,true,C,C,PEN,PEN135,https://legendstory-production-s3-public.s3.amazonaws.com/media/cards/large/PEN135.webp
bjggdCWtfTmLNBzq8Jt9L,Shimmers of Silver,3,Illusionist,,Deck,Illusionist Action - Aura,0,,2,true,M|P,M,APR|EVR|JDG,APR027,https://legendstory-production-s3-public.s3.amazonaws.com/media/cards/large/APR027.webp
FngCwjRtgtcHbcNJnPmJM,Shining Courage,1,,Revered,Deck,Revered Instant,0,,,true,R|P,R,GEM|SUP,GEM090,https://legendstory-production-s3-public.s3.amazonaws.com/media/cards/large/GEM090.webp
WDJgQgDCwjbKRTJ8BTz8C,Shitty Xmas Present,2,Generic,,Deck,Generic Action,0,,2,false,P,P,LGS,LGS099,https://legendstory-production-s3-public.s3.amazonaws.com/media/cards/large/LGS099-RF.webp
8GDdMNbcnhmwGmTgqnJJK,Shiver,,Ranger,Elemental,Weapon,Elemental Ranger Weapon - Bow (2H),,,,true,T|C|P,T,ELE|LGS|LXI,ELE033,https://legendstory-production-s3-public.s3.amazonaws.com/media/cards/large/ELE033.webp
n9r77QwMzdWJmnfhPLN9J,"Shiyana, Diamond Gemini",,Shapeshifter,,Hero,Shapeshifter Hero - Young,,,,false,L,L,CRU,CRU097,https://legendstory-production-s3-public.s3.amazonaws.com/media/cards/large/CRU097-CF.webp
JkPgFzHTpzdNfzJCwQCmt,Shock Charmers,,,Lightning,Equipment,Lightning Equipment - Arms,,,0,true,P|L,P,ELE|FAB,ELE173,https://legendstory-production-s3-public.s3.amazonaws.com/media/cards/large/ELE173-CF.webp
wwCjCpWgjmHMPNGhtQBwT,Shock Frock,,,Lightning,Equipment,Lightning Equipment - Chest,,,1,true,M|P,M,AST|JDG,AST004,https://legendstory-production-s3-public.s3.amazonaws.com/media/cards/large/AST004-RF.webp
zrmt6g9QChNNTDw7Gm68D,Shock Striker,1,,Lightning,Deck,Lightning Action - Attack,1,5,2,true,C,C,ELE|LXI,ELE195,https://legendstory-production-s3-public.s3.amazonaws.com/media/cards/large/ELE195.webp
THjm6N9TQgQdbdkpqJnmR,Shock Striker,2,,Lightning,Deck,Lightning Action - Attack,1,4,2,true,C,C,ELE,ELE196,https://legendstory-production-s3-public.s3.amazonaws.com/media/cards/large/ELE196.webp
qhkDp7nLqrh6PDNW7QtMq,Shock Striker,3,,Lightning,Deck,Lightning Action - Attack,1,3,2,true,C,C,ELE,ELE197,https://legendstory-production-s3-public.s3.amazonaws.com/media/cards/large/ELE197.webp
JbKQF8GNNBgDNQzBwkM6J,Shoot Your Mouth Off,1,Guardian,,Deck,Guardian Action - Attack,3,8,2,true,C,C,SUP,SUP189,https://legendstory-production-s3-public.s3.amazonaws.com/media/cards/large/SUP189.webp
JhCTzpKz8JCrQGBLBMwnM,Shoot Your Mouth Off,2,Guardian,,Deck,Guardian Action - Attack,3,7,2,true,C,C,SUP,SUP190,https://legendstory-production-s3-public.s3.amazonaws.com/media/cards/large/SUP190.webp
wGK7jP9wGLhMzDTr8HWzR,Shoot Your Mouth Off,3,Guardian,,Deck,Guardian Action - Attack,3,6,2,true,C,C,SUP,SUP191,https://legendstory-production-s3-public.s3.amazonaws.com/media/cards/large/SUP191.webp
w9HnkqMCpr6WNFKF8wpH6,Short and Sharp,1,Assassin|Ninja,,Deck,Assassin / Ninja Attack Reaction,1,,2,true,C,C,ARA|BEN|OUT,ARA017,https://legendstory-production-s3-public.s3.amazonaws.com/media/cards/large/ARA017.webp
Jft78nTNLMwm6KCjzwP8Q,Short and Sharp,2,Assassin|Ninja,,Deck,Assassin / Ninja Attack Reaction,1,,2,true,C,C,OUT,OUT155,https://legendstory-production-s3-public.s3.amazonaws.com/media/cards/large/OUT155.webp
9JpPtMLzwkcGrbt9K8tBW,Short and Sharp,3,Assassin|Ninja,,Deck,Assassin / Ninja Attack Reaction,1,,2,true,C,C,OUT,OUT156,https://legendstory-production-s3-public.s3.amazonaws.com/media/cards/large/OUT156.webp
NLqGrKTD8WmMfrFcrwRhc,Short Shrift,2,Guardian,,Deck,Guardian Action - Attack,0,3,3,true,C,C,SLY|SUP,SLY021,https://legendstory-production-s3-public.s3.amazonaws.com/media/cards/large/SLY021.webp
Fkndk7fpqjJMjK7MWgwqk,Shove Off,3,Warrior,,Deck,Warrior Attack Reaction,1,,3,true,R|P,R,AOL|DDD|LGS|MPW,AOL021,https://legendstory-production-s3-public.s3.amazonaws.com/media/cards/large/AOL021.webp
qDc8bfW6zw8HrDpgdJcJz,Show No Mercy,1,Brute,,Deck,Brute Action - Attack,3,6,3,true,M,M,ARR|HVY,ARR013,https://legendstory-production-s3-public.s3.amazonaws.com/media/cards/large/ARR013.webp
Jdn7kNmFnCNPDRjp7mg9m,Show of Strength,1,Brute,,Deck,Brute Action - Attack,2,8,3,true,M,M,SUP,SUP128,https://legendstory-production-s3-public.s3.amazonaws.com/media/cards/large/SUP128.webp
hMQTg6qwCLqnHBdGbP6wH,Show Time!,3,Guardian,,Deck,Guardian Action - Aura,3,,3,true,S|M,S,1HP|WTR,1HP054,https://legendstory-production-s3-public.s3.amazonaws.com/media/cards/large/1HP054.webp
dLHqbBN9bkQ6DtLtprJ7g,Showdown,1,Warrior,,Deck,Warrior Action,1,,3,true,C,C,MPW,MPW126,https://legendstory-production-s3-public.s3.amazonaws.com/media/cards/large/MPW126.webp
dHHDMCPmjB9nfctGcbfDF,Showdown,2,Warrior,,Deck,Warrior Action,1,,3,true,C,C,MPW,MPW127,https://legendstory-production-s3-public.s3.amazonaws.com/media/cards/large/MPW127.webp
RPKmTWBNkJRdCQk79mHPR,Showdown,3,Warrior,,Deck,Warrior Action,1,,3,true,C,C,MPW,MPW128,https://legendstory-production-s3-public.s3.amazonaws.com/media/cards/large/MPW128.webp
88L7NzD77t8wk8QdnrwKR,Shred,1,Assassin,,Deck,Assassin Attack Reaction,0,,3,true,R|P,R,DYN|TNP,DYN130,https://legendstory-production-s3-public.s3.amazonaws.com/media/cards/large/DYN130.webp
FjJztPpCMmTDPMrjDCNCg,Shred,2,Assassin,,Deck,Assassin Attack Reaction,0,,3,true,R|P,R,AAC|DYN|TNP,AAC023,https://legendstory-production-s3-public.s3.amazonaws.com/media/cards/large/AAC023.webp
d6j8cGLBGPRRGnhqdRwB8,Shred,3,Assassin,,Deck,Assassin Attack Reaction,0,,3,true,R|P,R,AAC|ARK|DYN|SAR|TNP,AAC029,https://legendstory-production-s3-public.s3.amazonaws.com/media/cards/large/AAC029.webp
DjWkHNPRFf8JgdpzGd96L,Shriek Razors,,Assassin,,Equipment,Assassin Equipment - Arms,,,1,true,P|L,P,EVO|FAB,EVO235,https://legendstory-production-s3-public.s3.amazonaws.com/media/cards/large/EVO235-RF.webp
hBpbr8Rkc89bfNLHhwMR8,Shrill of Skullform,1,Runeblade,,Deck,Runeblade Action - Attack,2,4,3,true,C,C,EVR|SVI,EVR116,https://legendstory-production-s3-public.s3.amazonaws.com/media/cards/large/EVR116.webp
gB89PHQzGDwTkP8wM7nwz,Shrill of Skullform,2,Runeblade,,Deck,Runeblade Action - Attack,2,3,3,true,C,C,EVR|SVI,EVR117,https://legendstory-production-s3-public.s3.amazonaws.com/media/cards/large/EVR117.webp
pNQrNGQ9HK6jDRJLDrgqj,Shrill of Skullform,3,Runeblade,,Deck,Runeblade Action - Attack,2,2,3,true,C,C,EVR|SVI,EVR118,https://legendstory-production-s3-public.s3.amazonaws.com/media/cards/large/EVR118.webp
Lzr8Htn8MrNnMggczHwGd,Shroud of Darkness,,,Shadow,Equipment,Shadow Equipment - Head,,,,true,C,C,DTD,DTD165,https://legendstory-production-s3-public.s3.amazonaws.com/media/cards/large/DTD165.webp
dBmtb8rdJtFtKh7Lqjw6r,Shroud of the Fate Watcher,,Wizard,,Equipment,Wizard Equipment - Head,,,0,true,R,R,PEN,PEN107,https://legendstory-production-s3-public.s3.amazonaws.com/media/cards/large/PEN107.webp
Rq8CK88DfJfrn9F8BjcLH,Shuck,3,Warrior,,Deck,Warrior Action,0,,3,true,C,C,AHA|MPW,AHA024,https://legendstory-production-s3-public.s3.amazonaws.com/media/cards/large/AHA024.webp
TrRC6WMrRhbCtKzpRQLPM,Sic 'Em Shot,1,Ranger,,Deck,Ranger Action - Arrow Attack,1,4,3,true,C|P,C,1HP|ARC|LGS|SEA,1HP252,https://legendstory-production-s3-public.s3.amazonaws.com/media/cards/large/1HP252.webp
TMBGhtBJMzbWMLPzNJCW9,Sic 'Em Shot,2,Ranger,,Deck,Ranger Action - Arrow Attack,1,3,3,true,C|P,C,1HP|ARC|LGS|SEA,1HP253,https://legendstory-production-s3-public.s3.amazonaws.com/media/cards/large/1HP253.webp
FHfhK9rLHDcNCdQJQ79Wh,Sic 'Em Shot,3,Ranger,,Deck,Ranger Action - Arrow Attack,1,2,3,true,C|P,C,1HP|ARC|LGS|SEA,1HP254,https://legendstory-production-s3-public.s3.amazonaws.com/media/cards/large/1HP254.webp
rFQzCPdqFTwbhn7jMKkjg,Sift,1,Generic,,Deck,Generic Action,0,,3,true,R,R,UPR,UPR197,https://legendstory-production-s3-public.s3.amazonaws.com/media/cards/large/UPR197.webp
BgJNbkhqDGJpGGBDCGCdF,Sift,2,Generic,,Deck,Generic Action,0,,3,true,R,R,UPR,UPR198,https://legendstory-production-s3-public.s3.amazonaws.com/media/cards/large/UPR198.webp
zw7fzkRzkWmgjm9dJjdHd,Sift,3,Generic,,Deck,Generic Action,0,,3,true,R|P,R,JDG|UPR,JDG050,https://legendstory-production-s3-public.s3.amazonaws.com/media/cards/large/JDG050-CF.webp
zRCmqmDrDLdDwnc9Td6j7,Sigil of Aether,3,Wizard,,Deck,Wizard Instant - Aura,0,,,true,M|P|V,M,LGS|ROS,LGS366,https://legendstory-production-s3-public.s3.amazonaws.com/media/cards/large/LGS366-RF.webp
c9Nb8bbqQGP7QhnCg76mQ,Sigil of Astral Flow,3,,Lightning,Deck,Lightning Instant - Aura,0,,,true,C|V,C,AZS|OMN,AZS028,https://legendstory-production-s3-public.s3.amazonaws.com/media/cards/large/AZS028.webp
HnMKfF8fQMj9KJfhGBkdG,Sigil of Brilliance,2,Wizard,Lightning,Deck,Lightning Wizard Instant - Aura,0,,,true,M|P|V,M,FAB|ROS,FAB270,https://legendstory-production-s3-public.s3.amazonaws.com/media/cards/large/FAB270-RF.webp
cJDgKwKhP89PKhhhcqrgg,Sigil of Conductivity,3,,Lightning,Deck,Lightning Instant - Aura,0,,,true,R|P|V,R,LGS|OSC|ROS,LGS324,https://legendstory-production-s3-public.s3.amazonaws.com/media/cards/large/LGS324-RF.webp
rcFTPCqNgzqcTfnknBmRq,Sigil of Cycles,3,Generic,,Deck,Generic Action - Aura,0,,2,true,R|P|V,R,LGS|ROS,LGS329,https://legendstory-production-s3-public.s3.amazonaws.com/media/cards/large/LGS329-RF.webp
fkJz8TmrMw8zMngz6qQDm,Sigil of Deadwood,3,Runeblade,,Deck,Runeblade Action - Aura,0,,2,true,C|P|V,C,AUA|LGS|ROS,AUA025,https://legendstory-production-s3-public.s3.amazonaws.com/media/cards/large/AUA025.webp
tHjRjBqDhJFRwbPwgwdzj,Sigil of Earth,3,,Earth,Deck,Earth Action - Aura,0,,2,true,C|P|V,C,AJV|LGS|ROS,AJV022,https://legendstory-production-s3-public.s3.amazonaws.com/media/cards/large/AJV022.webp
qBqzbKjQwMKKnBtM7GJGH,Sigil of Fate,,Wizard,,Token,Wizard Token - Aura,,,,true,C|P,C,FAB|PEN,FAB402,https://legendstory-production-s3-public.s3.amazonaws.com/media/cards/large/FAB402-CF.webp
rcHhthcM7zrmd8nFWQtLz,Sigil of Forethought,3,Wizard,,Deck,Wizard Instant - Aura,0,,,true,C|P|V,C,LGS|OSC|ROS,LGS327,https://legendstory-production-s3-public.s3.amazonaws.com/media/cards/large/LGS327-RF.webp
bgHQJbkCNNBDT9kKdCW8w,Sigil of Fyendal,3,Generic,,Deck,Generic Action - Aura,0,,2,true,C|P|V,C,LGS|ROS|VER,LGS330,https://legendstory-production-s3-public.s3.amazonaws.com/media/cards/large/LGS330-RF.webp
DKNrgnhnpbKFJLHhKKRRm,Sigil of Gravespawning,3,Runeblade,,Deck,Runeblade Action - Aura,1,,3,true,M|V,M,PEN,PEN098,https://legendstory-production-s3-public.s3.amazonaws.com/media/cards/large/PEN098.webp
gzzft6DHbbNJGGCfCJrz7,Sigil of Lightning,3,,Lightning,Deck,Lightning Instant - Aura,0,,,true,C|P|V,C,AUA|LGS|OMN|OSC|ROS,AUA026,https://legendstory-production-s3-public.s3.amazonaws.com/media/cards/large/AUA026.webp
9gWCknpqtcLqfrkm6BBrK,Sigil of Parapets,3,Wizard,,Deck,Wizard Defense Reaction,1,,2,true,M,M,EVR,EVR122,https://legendstory-production-s3-public.s3.amazonaws.com/media/cards/large/EVR122.webp
NHCQbrdqqK7FbcWgKnwWn,Sigil of Permafrost,1,Wizard,Elemental,Deck,Elemental Wizard Defense Reaction,1,,4,true,R,R,UPR,UPR106,https://legendstory-production-s3-public.s3.amazonaws.com/media/cards/large/UPR106.webp
ng9bzdmgC7KjJKR87Qn8B,Sigil of Permafrost,2,Wizard,Elemental,Deck,Elemental Wizard Defense Reaction,1,,3,true,R,R,UPR,UPR107,https://legendstory-production-s3-public.s3.amazonaws.com/media/cards/large/UPR107.webp
7ffzcpNTNGrMwzNHkqWKH,Sigil of Permafrost,3,Wizard,Elemental,Deck,Elemental Wizard Defense Reaction,1,,2,true,R,R,UPR,UPR108,https://legendstory-production-s3-public.s3.amazonaws.com/media/cards/large/UPR108.webp
QC96CLBjnjN8qPJz7PGBT,Sigil of Protection,1,Generic,,Deck,Generic Action - Aura,1,,2,true,C,C,UPR,UPR218,https://legendstory-production-s3-public.s3.amazonaws.com/media/cards/large/UPR218.webp
G9cDhnLB8kWQRgkFcpM8T,Sigil of Protection,2,Generic,,Deck,Generic Action - Aura,1,,2,true,C,C,UPR,UPR219,https://legendstory-production-s3-public.s3.amazonaws.com/media/cards/large/UPR219.webp
nncFJBw6FFnMfkfrFnWwR,Sigil of Protection,3,Generic,,Deck,Generic Action - Aura,1,,2,true,C,C,UPR,UPR220,https://legendstory-production-s3-public.s3.amazonaws.com/media/cards/large/UPR220.webp
pW9RcR7zcbrJDfgGFdrgR,Sigil of Sanctuary,3,,Earth,Deck,Earth Instant - Aura,0,,,true,R|P|V,R,FLR|LGS|ROS,FLR026,https://legendstory-production-s3-public.s3.amazonaws.com/media/cards/large/FLR026.webp
NrTrgtDHQTLpnHWD9CLp6,Sigil of Shelter,2,Guardian,,Deck,Guardian Instant,0,,,true,C,C,TER,TER020,https://legendstory-production-s3-public.s3.amazonaws.com/media/cards/large/TER020.webp
JphcWMNPh7tjPkTgKDwfR,Sigil of Shelter,3,Guardian,,Deck,Guardian Instant,0,,,true,C,C,TER,TER026,https://legendstory-production-s3-public.s3.amazonaws.com/media/cards/large/TER026.webp
rND7FTTmHRmpR6DbR8PBQ,Sigil of Silphidae,3,Runeblade,,Deck,Runeblade Action - Aura,0,,3,true,R|V,R,PEN|SVI,PEN099,https://legendstory-production-s3-public.s3.amazonaws.com/media/cards/large/PEN099.webp
kzW8BKdWcm9LwtTCTdqRK,Sigil of Solace,1,Generic,,Deck,Generic Instant,0,,,true,R|P,R,1HP|ANQ|DRO|FAB|HNT|TCC|WTR,1HP387,https://legendstory-production-s3-public.s3.amazonaws.com/media/cards/large/1HP387.webp
FDdnD9zhdgCkJFTQdLbbp,Sigil of Solace,2,Generic,,Deck,Generic Instant,0,,,true,R,R,1HP|WTR,1HP388,https://legendstory-production-s3-public.s3.amazonaws.com/media/cards/large/1HP388.webp
QgFnmwphgLtnNmrHF8B6w,Sigil of Solace,3,Generic,,Deck,Generic Instant,0,,,true,R,R,1HP|DVR|KSU|RNR|TEA|WTR,1HP389,https://legendstory-production-s3-public.s3.amazonaws.com/media/cards/large/1HP389.webp
JH89Ctbgtj6bFhjNKr9BL,Sigil of Solitude,1,Illusionist,,Deck,Illusionist Action - Aura,0,,2,true,C,C,MST,MST143,https://legendstory-production-s3-public.s3.amazonaws.com/media/cards/large/MST143.webp
nDRLcpRzFHdnFKTfqz6z7,Sigil of Solitude,2,Illusionist,,Deck,Illusionist Action - Aura,0,,2,true,C,C,MST,MST144,https://legendstory-production-s3-public.s3.amazonaws.com/media/cards/large/MST144.webp
7kLtC7NJPccD6nD9MRBkw,Sigil of Solitude,3,Illusionist,,Deck,Illusionist Action - Aura,0,,2,true,C,C,MST,MST145,https://legendstory-production-s3-public.s3.amazonaws.com/media/cards/large/MST145.webp
7MQcG9F7KTH7wBznwbDGc,Sigil of Suffering,1,Runeblade,,Deck,Runeblade Defense Reaction,0,,3,true,R,R,ELE|SBA|SVI,ELE227,https://legendstory-production-s3-public.s3.amazonaws.com/media/cards/large/ELE227.webp
tBgHdcmzR967HGMWRNNzz,Sigil of Suffering,2,Runeblade,,Deck,Runeblade Defense Reaction,0,,2,true,R,R,ELE,ELE228,https://legendstory-production-s3-public.s3.amazonaws.com/media/cards/large/ELE228.webp
kbKrbhCMmgKghWMMpWMh7,Sigil of Suffering,3,Runeblade,,Deck,Runeblade Defense Reaction,0,,1,true,R,R,ELE,ELE229,https://legendstory-production-s3-public.s3.amazonaws.com/media/cards/large/ELE229.webp
HcFDpBjqzK8KBzjF6Tbnp,Sigil of Temporal Manipulation,3,Wizard,,Deck,Wizard Instant - Aura,0,,,true,R|P|V,R,LGS|ROS,LGS328,https://legendstory-production-s3-public.s3.amazonaws.com/media/cards/large/LGS328-RF.webp
wWD8D9JqHhnzctrrTrBDW,Sigil of the Arknight,3,Runeblade,,Deck,Runeblade Action - Aura,0,,2,true,R|P|V,R,AVS|LGS|ROS,AVS028,https://legendstory-production-s3-public.s3.amazonaws.com/media/cards/large/AVS028.webp
QCQmJTff79gRj7bChFTM7,Sigil of Voltaris,3,Runeblade,Lightning,Deck,Lightning Runeblade Instant - Aura,0,,,true,R,R,PEN,PEN237,https://legendstory-production-s3-public.s3.amazonaws.com/media/cards/large/PEN237.webp
bqTcgLnMrzmpGJHFznhG6,Signal Jammer,3,Mechanologist,,Deck,Mechanologist Action - Item,0,,,true,M,M,EVR,EVR071,https://legendstory-production-s3-public.s3.amazonaws.com/media/cards/large/EVR071.webp
mtJLcqGChkjz6FTmL9pKT,Silent Stilettos,,Illusionist,,Equipment,Illusionist Equipment - Legs,,,0,true,C,C,SEN|UPR,SEN009,https://legendstory-production-s3-public.s3.amazonaws.com/media/cards/large/SEN009.webp
DgTbtnmDPchPRckcHTjpz,Silken Form,,Illusionist,Draconic,Equipment,Draconic Illusionist Equipment - Arms,,,0,true,C|P,C,DRO|FAB|UPR,DRO007,https://legendstory-production-s3-public.s3.amazonaws.com/media/cards/large/DRO007.webp
PpF7WhbMCTMBrK9cLtPmR,Silken Gi,,Generic,,Equipment,Generic Equipment - Chest,,,,true,C,C,BEN|OUT,BEN004,https://legendstory-production-s3-public.s3.amazonaws.com/media/cards/large/BEN004.webp
kLbJBc8mpCQPMf8bmKchp,Silken Shawl,,Illusionist,,Equipment,Illusionist Equipment - Chest,,,,true,R,R,PEN,PEN124,https://legendstory-production-s3-public.s3.amazonaws.com/media/cards/large/PEN124.webp
cBrmgjgrfDdgTW7g9djcF,Silken Shroud,,Illusionist,,Equipment,Illusionist Equipment - Head,,,,true,R,R,PEN,PEN123,https://legendstory-production-s3-public.s3.amazonaws.com/media/cards/large/PEN123.webp
hMcDLGCLj6b8dLHmbmjtq,Silken Slippers,,Illusionist,,Equipment,Illusionist Equipment - Legs,,,,true,R,R,PEN,PEN126,https://legendstory-production-s3-public.s3.amazonaws.com/media/cards/large/PEN126.webp
rf6WpqLLPHDgGbF89b6jD,Silken Symphony,,Illusionist,,Equipment,Illusionist Equipment - Arms,,,,true,R,R,PEN,PEN125,https://legendstory-production-s3-public.s3.amazonaws.com/media/cards/large/PEN125.webp
TNJz9fCgqmhhLz9rP9tkt,Silver,,Generic,,Token,Generic Token - Item,,,,true,B|T|C|P,B,AMO|ARK|DYN|EVR|FAB,AMO033,https://legendstory-production-s3-public.s3.amazonaws.com/media/cards/large/AMO033.webp
gCgcRpmr76G6zmFgpprRw,Silver Palms,,Merchant,,Equipment,Merchant Equipment - Arms,,,2,true,P|L,P,EVR|FAB,EVR086,https://legendstory-production-s3-public.s3.amazonaws.com/media/cards/large/EVR086-CF.webp
QBdRfJk6kfmbcf6RLDrPJ,Silver Talons,1,Ninja,,Deck,Ninja Action - Attack,0,4,3,true,R,R,CIN|HNT,CIN019,https://legendstory-production-s3-public.s3.amazonaws.com/media/cards/large/CIN019.webp
jJQ8KwFgn6cPHpLjfgRjr,Silver Talons,2,Ninja,,Deck,Ninja Action - Attack,0,3,3,true,R,R,HNT,HNT081,https://legendstory-production-s3-public.s3.amazonaws.com/media/cards/large/HNT081.webp
zhP7z88wWHj68BTGFKpFw,Silver Talons,3,Ninja,,Deck,Ninja Action - Attack,0,2,3,true,R,R,CIN|HNT,CIN025,https://legendstory-production-s3-public.s3.amazonaws.com/media/cards/large/CIN025.webp
jc7QRqTTh6cccdTjFmBf9,Silver the Tip,1,Ranger,,Deck,Ranger Action,1,,2,true,R,R,ARC,ARC051,https://legendstory-production-s3-public.s3.amazonaws.com/media/cards/large/ARC051.webp
JbCKcTKNzdcWKMfQwbrdr,Silver the Tip,2,Ranger,,Deck,Ranger Action,1,,2,true,R,R,ARC,ARC052,https://legendstory-production-s3-public.s3.amazonaws.com/media/cards/large/ARC052.webp
HDmnNfBFfmgphJMhDCt7T,Silver the Tip,3,Ranger,,Deck,Ranger Action,1,,2,true,R,R,ARC,ARC053,https://legendstory-production-s3-public.s3.amazonaws.com/media/cards/large/ARC053.webp
wqhjGpqqjbh6DfTLR7DGg,Silverdrop Downpour,1,Warrior,,Deck,Warrior Attack Reaction,2,,2,true,C,C,AHA|MPW,AHA010,https://legendstory-production-s3-public.s3.amazonaws.com/media/cards/large/AHA010.webp
h9kdCQ9nn9CGh6CkJmHhH,Silverdrop Downpour,2,Warrior,,Deck,Warrior Attack Reaction,2,,2,true,C,C,MPW,MPW087,https://legendstory-production-s3-public.s3.amazonaws.com/media/cards/large/MPW087.webp
dpGmjmrn8CCTKkr8f6KgF,Silverdrop Downpour,3,Warrior,,Deck,Warrior Attack Reaction,2,,2,true,C,C,MPW,MPW088,https://legendstory-production-s3-public.s3.amazonaws.com/media/cards/large/MPW088.webp
NmgpFhWdc8zCKPKMBmttP,Silversheen Needle,,Generic,,Equipment,Generic Equipment - Off-Hand,,,,false,P,P,LSS,LSS009,https://legendstory-production-s3-public.s3.amazonaws.com/media/cards/large/LSS009-CF.webp
qLHCbFDHBQbzKGTTBq8PW,Silverstride Dodgers,,Warrior,,Equipment,Warrior Equipment - Legs,,,1,true,M,M,AHA,AHA006,https://legendstory-production-s3-public.s3.amazonaws.com/media/cards/large/AHA006-RF.webp
JthBWKRDhpngQP6FcKtRR,Silverwind Shuriken,3,Ninja,,Deck,Ninja Action - Shuriken Item,0,,,true,M,M,OUT,OUT054,https://legendstory-production-s3-public.s3.amazonaws.com/media/cards/large/OUT054.webp
WQPHQL8cWbfCc68dHrkLK,Singe,1,Wizard,,Deck,Wizard Action,1,,3,true,C,C,UPR,UPR179,https://legendstory-production-s3-public.s3.amazonaws.com/media/cards/large/UPR179.webp
h7MzmDDJRnbDwtMjqfcm6,Singe,2,Wizard,,Deck,Wizard Action,1,,3,true,C,C,UPR,UPR180,https://legendstory-production-s3-public.s3.amazonaws.com/media/cards/large/UPR180.webp
qNjkhDfW8htQBMqmCbW8M,Singe,3,Wizard,,Deck,Wizard Action,1,,3,true,C,C,UPR,UPR181,https://legendstory-production-s3-public.s3.amazonaws.com/media/cards/large/UPR181.webp
Mzq9qrLQtHKjNTgkDqtwB,Singeing Flowstride,1,Runeblade,Lightning,Deck,Lightning Runeblade Action - Attack,1,4,3,true,C,C,OMN,OMN071,https://legendstory-production-s3-public.s3.amazonaws.com/media/cards/large/OMN071.webp
NCPg8kRTF8gMFfrpkc8p8,Singeing Flowstride,2,Runeblade,Lightning,Deck,Lightning Runeblade Action - Attack,1,3,3,true,C,C,OMN,OMN072,https://legendstory-production-s3-public.s3.amazonaws.com/media/cards/large/OMN072.webp
wJLdrWjMqLQL8r7wMc8Rg,Singeing Flowstride,3,Runeblade,Lightning,Deck,Lightning Runeblade Action - Attack,1,2,3,true,C,C,OMN,OMN073,https://legendstory-production-s3-public.s3.amazonaws.com/media/cards/large/OMN073.webp
K8LjGFFcwN6bTgGrm7cC6,Singeing Steelblade,1,Runeblade,,Deck,Runeblade Action - Attack,1,4,3,true,C,C,ELE,ELE230,https://legendstory-production-s3-public.s3.amazonaws.com/media/cards/large/ELE230.webp
HQkFFfDPwngtdD6LwK7gC,Singeing Steelblade,2,Runeblade,,Deck,Runeblade Action - Attack,1,3,3,true,C,C,ELE,ELE231,https://legendstory-production-s3-public.s3.amazonaws.com/media/cards/large/ELE231.webp
fbWKm6G9jpPrnL7t7TqDg,Singeing Steelblade,3,Runeblade,,Deck,Runeblade Action - Attack,1,2,3,true,C,C,ELE,ELE232,https://legendstory-production-s3-public.s3.amazonaws.com/media/cards/large/ELE232.webp
Crtn9djMPnRdwjKnhWRpk,Singing Steelblade,2,Warrior,,Deck,Warrior Attack Reaction,1,,3,true,S|M,S,1HP|WTR,1HP149,https://legendstory-production-s3-public.s3.amazonaws.com/media/cards/large/1HP149.webp
C8jqfdnRnWRfnnnFrMwFq,Single Minded Determination,1,Illusionist,,Deck,Illusionist Action - Aura,2,,3,true,C,C,MST,MST146,https://legendstory-production-s3-public.s3.amazonaws.com/media/cards/large/MST146.webp
7n6JMpGRwqrWnFrTb88c9,Single Minded Determination,2,Illusionist,,Deck,Illusionist Action - Aura,2,,3,true,C,C,MST,MST147,https://legendstory-production-s3-public.s3.amazonaws.com/media/cards/large/MST147.webp
7t9Wg9qBgKrQ7WdMqFbdJ,Single Minded Determination,3,Illusionist,,Deck,Illusionist Action - Aura,2,,3,true,C,C,ENG|MST,ENG020,https://legendstory-production-s3-public.s3.amazonaws.com/media/cards/large/ENG020.webp
67zdgKFWD7qzcPppbRHNB,Singularity,1,Mechanologist,,Deck,Mechanologist Action - Construct,6,,3,true,L|V,L,EVO,EVO010,https://legendstory-production-s3-public.s3.amazonaws.com/media/cards/large/EVO010.webp
LfddJTKKb9HwPzHMBH9w9,Sink Below,1,Generic,,Deck,Generic Defense Reaction,0,,4,true,C|R|P,C,1HP|ANQ|ASB|ASR|DRO|FAB|JDG|WTR,1HP408,https://legendstory-production-s3-public.s3.amazonaws.com/media/cards/large/1HP408.webp
7RzTp9JnTprz6fjnhRJLM,Sink Below,2,Generic,,Deck,Generic Defense Reaction,0,,3,true,C,C,1HP|WTR,1HP409,https://legendstory-production-s3-public.s3.amazonaws.com/media/cards/large/1HP409.webp
bHRdHqLRCthfzcrffPNQH,Sink Below,3,Generic,,Deck,Generic Defense Reaction,0,,2,true,C,C,1HP|WTR,1HP410,https://legendstory-production-s3-public.s3.amazonaws.com/media/cards/large/1HP410.webp
z8hRmWFtTQPPC8pDR9jTw,Sinker,3,Ranger,,Deck,Ranger Action,0,,3,true,R,R,SEA,SEA105,https://legendstory-production-s3-public.s3.amazonaws.com/media/cards/large/SEA105.webp
bczQzLRqRKQpkCBHmTCHf,Siren's Call,1,Assassin,Mystic,Deck,Mystic Assassin Attack Reaction,1,,3,true,M,M,MST,MST009,https://legendstory-production-s3-public.s3.amazonaws.com/media/cards/large/MST009.webp
WMwJ8b97zqNWbjdHqRNRK,Sirens of Safe Harbor,1,Generic,,Deck,Generic Action - Attack,2,6,2,true,C|P,C,GEM|SEA,GEM063,https://legendstory-production-s3-public.s3.amazonaws.com/media/cards/large/GEM063.webp
zrRwzwz7n6KgqcDMnjjDw,Sirens of Safe Harbor,2,Generic,,Deck,Generic Action - Attack,2,5,2,true,C,C,SEA,SEA227,https://legendstory-production-s3-public.s3.amazonaws.com/media/cards/large/SEA227.webp
PqpzLCTzp6Q6JkwqtDPhf,Sirens of Safe Harbor,3,Generic,,Deck,Generic Action - Attack,2,4,2,true,C,C,SEA,SEA228,https://legendstory-production-s3-public.s3.amazonaws.com/media/cards/large/SEA228.webp
Hbpw6FWPgCtwPKCnW8jMQ,Sisters of Fire,1,Warrior,Draconic,Deck,Draconic Warrior Attack Reaction,0,,3,true,C,C,HNT,HNT112,https://legendstory-production-s3-public.s3.amazonaws.com/media/cards/large/HNT112.webp
QFPqG8Wtc6WdDKhn7fzBk,Sit!,1,Guardian,,Deck,Guardian Block,,,2,true,C,C,SUP,SUP210,https://legendstory-production-s3-public.s3.amazonaws.com/media/cards/large/SUP210.webp
jkbMCtNCWghQGKqkDtGQr,Sizzle,1,,Lightning,Deck,Lightning Action,0,,2,true,C|P,C,AST|AUR|FAB|SBA,AST018,https://legendstory-production-s3-public.s3.amazonaws.com/media/cards/large/AST018.webp
m9KtRPwMhWCwt8Gfp86cn,Sizzle,2,,Lightning,Deck,Lightning Action,0,,2,true,C,C,AUR,AUR021,https://legendstory-production-s3-public.s3.amazonaws.com/media/cards/large/AUR021.webp
DPh9t9CPG8qjfbPNPbfBK,Sizzling Steel,1,Warrior,Draconic,Deck,Draconic Warrior Attack Reaction,1,,2,true,C,C,HNT,HNT113,https://legendstory-production-s3-public.s3.amazonaws.com/media/cards/large/HNT113.webp
LB6wBhCKpBWCJqd9tFR8B,Skera Strapping,,Brute,,Equipment,Brute Equipment - Arms,,,0,true,R,R,PEN,PEN004,https://legendstory-production-s3-public.s3.amazonaws.com/media/cards/large/PEN004.webp
cjk6KqfdDWCF6pLdpQFdj,Skittering Sands,1,Illusionist,Draconic,Deck,Draconic Illusionist Action,0,,2,true,C,C,DRO|UPR,DRO013,https://legendstory-production-s3-public.s3.amazonaws.com/media/cards/large/DRO013.webp
RDkP9CqzbwDGJmTg7hrp7,Skittering Sands,2,Illusionist,Draconic,Deck,Draconic Illusionist Action,0,,2,true,C,C,UPR,UPR037,https://legendstory-production-s3-public.s3.amazonaws.com/media/cards/large/UPR037.webp
Q7JLckkNhtBmRQBKRqnJM,Skittering Sands,3,Illusionist,Draconic,Deck,Draconic Illusionist Action,0,,2,true,C,C,UPR,UPR038,https://legendstory-production-s3-public.s3.amazonaws.com/media/cards/large/UPR038.webp
MKtrcnkhWbjBdPDLbBDMJ,Skull Crack,1,Brute,,Deck,Brute Action - Attack,2,6,3,true,M,M,DYN,DYN008,https://legendstory-production-s3-public.s3.amazonaws.com/media/cards/large/DYN008.webp
KccqWCmJhTfHpcNQJfdMQ,Skull Crushers,,Brute,,Equipment,Brute Equipment - Arms,,,1,true,M,M,EVR,EVR001,https://legendstory-production-s3-public.s3.amazonaws.com/media/cards/large/EVR001.webp
pLT6mqkb86GG9jHh8kFRp,Skullbone Crosswrap,,Ranger,,Equipment,Ranger Equipment - Head,,,1,true,P|L,P,1HP|ARC|FAB,1HP225,https://legendstory-production-s3-public.s3.amazonaws.com/media/cards/large/1HP225.webp
dQB8pPfdFTDkKJwz9LQbD,Skullhorn,,Brute,,Equipment,Brute Equipment - Head,,,0,true,M|P,M,1HP|CRU|FAB,1HP009,https://legendstory-production-s3-public.s3.amazonaws.com/media/cards/large/1HP009.webp
NW7CdmT8JMcMtQdRkpjg6,Sky Fire Lanterns,1,Runeblade,,Deck,Runeblade Action,0,,2,true,C,C,DYN,DYN188,https://legendstory-production-s3-public.s3.amazonaws.com/media/cards/large/DYN188.webp
tH6dnJR9CTdw7mmzGJckd,Sky Fire Lanterns,2,Runeblade,,Deck,Runeblade Action,0,,2,true,C,C,DYN,DYN189,https://legendstory-production-s3-public.s3.amazonaws.com/media/cards/large/DYN189.webp
LhNtnmRzpc7mfbcgDcJk8,Sky Fire Lanterns,3,Runeblade,,Deck,Runeblade Action,0,,2,true,C,C,DYN,DYN190,https://legendstory-production-s3-public.s3.amazonaws.com/media/cards/large/DYN190.webp
MjtP6GFTmC7j96tmLrJ97,Sky Skimmer,1,Mechanologist,,Deck,Mechanologist Action - Attack,0,4,3,true,C|P,C,GEM|SEA,GEM042,https://legendstory-production-s3-public.s3.amazonaws.com/media/cards/large/GEM042.webp
fWMNJw87bKTw7PFwcDgGc,Sky Skimmer,2,Mechanologist,,Deck,Mechanologist Action - Attack,0,3,3,true,C,C,SEA,SEA028,https://legendstory-production-s3-public.s3.amazonaws.com/media/cards/large/SEA028.webp
h6kzb7mjjwrhQDDTnnJqF,Sky Skimmer,3,Mechanologist,,Deck,Mechanologist Action - Attack,0,2,3,true,C,C,SEA,SEA029,https://legendstory-production-s3-public.s3.amazonaws.com/media/cards/large/SEA029.webp
rLzdPNHmqwPfmRFLhWM8R,Skybody Keikoi,,,Mystic,Equipment,Mystic Equipment - Chest,,,,true,C|P,C,LGS|MST,LGS279,https://legendstory-production-s3-public.s3.amazonaws.com/media/cards/large/LGS279-RF.webp
QtbWQ6Lr8QmMRJHnpkB9L,Skybound Shot,1,Ranger,,Deck,Ranger Action - Arrow Attack,1,5,3,true,C,C,AZL|OUT,AZL013,https://legendstory-production-s3-public.s3.amazonaws.com/media/cards/large/AZL013.webp
kwFthgt77zLzFDmBw7k6W,Skybound Shot,2,Ranger,,Deck,Ranger Action - Arrow Attack,1,4,3,true,C,C,OUT,OUT128,https://legendstory-production-s3-public.s3.amazonaws.com/media/cards/large/OUT128.webp
kDkpNHC97jqcRDTr9CcCj,Skybound Shot,3,Ranger,,Deck,Ranger Action - Arrow Attack,1,3,3,true,C,C,OUT,OUT129,https://legendstory-production-s3-public.s3.amazonaws.com/media/cards/large/OUT129.webp
pfbmHDDCBzPj7kPKLHtJj,Skycrest Keikoi,,,Mystic,Equipment,Mystic Equipment - Head,,,,true,C|P,C,LGS|MST,LGS278,https://legendstory-production-s3-public.s3.amazonaws.com/media/cards/large/LGS278-RF.webp
LhPHmJ9Wmq6R6RDjDGtwC,Skyhold Keikoi,,,Mystic,Equipment,Mystic Equipment - Arms,,,,true,C|P,C,LGS|MST,LGS280,https://legendstory-production-s3-public.s3.amazonaws.com/media/cards/large/LGS280-RF.webp
Rn7bzNz8BdmwrcTBkMHM6,Skywalker Keikoi,,,Mystic,Equipment,Mystic Equipment - Legs,,,,true,C|P,C,ENG|LGS|MST,ENG006,https://legendstory-production-s3-public.s3.amazonaws.com/media/cards/large/ENG006.webp
g8tjHjKCPpR6tDpqnhrN9,Skyward Serenade,2,Runeblade,Lightning,Deck,Lightning Runeblade Action,0,,2,true,M,M,AST,AST023,https://legendstory-production-s3-public.s3.amazonaws.com/media/cards/large/AST023.webp
fpnNtrfNGgkh6jbnGzjkt,Skywarden no.161803,2,Pirate|Mechanologist,,Deck,Pirate Mechanologist Action - Attack,0,3,2,true,R,R,PEN,PEN165,https://legendstory-production-s3-public.s3.amazonaws.com/media/cards/large/PEN165.webp
HHt6w8PmCTDJkCtGdKjbm,Skyzyk,1,,Lightning,Deck,Lightning Action - Attack,0,3,3,true,R,R,AST,AST013,https://legendstory-production-s3-public.s3.amazonaws.com/media/cards/large/AST013.webp
6JWDWhqwDrdDPnGfqMQQR,Slap-Happy,1,Guardian|Warrior,,Deck,Guardian / Warrior Instant,0,,,true,R|P,R,HVY|LGS,HVY180,https://legendstory-production-s3-public.s3.amazonaws.com/media/cards/large/HVY180.webp
cdMqrK6rMMDTjHCwBMcqn,Slay,1,,Shadow,Deck,Shadow Instant,0,,,true,M,M,EVO,EVO248,https://legendstory-production-s3-public.s3.amazonaws.com/media/cards/large/EVO248.webp
cM7zthPFbLMJ6KQQmB6P9,Slay the Scholars,1,Assassin,,Deck,Assassin Action - Attack,0,4,3,true,C,C,ARK|DYN,ARK013,https://legendstory-production-s3-public.s3.amazonaws.com/media/cards/large/ARK013.webp
wWFFDrGrc8wD6whwWzdDF,Slay the Scholars,2,Assassin,,Deck,Assassin Action - Attack,0,3,3,true,C,C,DYN,DYN146,https://legendstory-production-s3-public.s3.amazonaws.com/media/cards/large/DYN146.webp
Tp786HHGgNbgmp8NJDtRQ,Slay the Scholars,3,Assassin,,Deck,Assassin Action - Attack,0,2,3,true,C,C,DYN,DYN147,https://legendstory-production-s3-public.s3.amazonaws.com/media/cards/large/DYN147.webp
TGJ8mNQ6DnfnLqzH7WMFg,Sledge of Anvilheim,,Guardian,,Weapon,Guardian Weapon - Hammer (2H),,6,,true,R|P,R,1HP|CRU|FAB|SBR,1HP046,https://legendstory-production-s3-public.s3.amazonaws.com/media/cards/large/1HP046.webp
PzqrHpPGhk7qzw6Nq9DG6,Sleep Dart,1,Ranger,,Deck,Ranger Action - Arrow Attack,1,5,3,true,C,C,1HP|AAZ|CRU,1HP255,https://legendstory-production-s3-public.s3.amazonaws.com/media/cards/large/1HP255.webp
wJ9r77rRnPFfdMmLWzHH7,Sleep Dart,2,Ranger,,Deck,Ranger Action - Arrow Attack,1,4,3,true,C,C,1HP|CRU,1HP256,https://legendstory-production-s3-public.s3.amazonaws.com/media/cards/large/1HP256.webp
R9kfhcPCFtLGfRWnBnqKT,Sleep Dart,3,Ranger,,Deck,Ranger Action - Arrow Attack,1,3,3,true,C,C,1HP|CRU,1HP257,https://legendstory-production-s3-public.s3.amazonaws.com/media/cards/large/1HP257.webp
zLTNLtQTdkQqKtnWL6fQj,Slice and Dice,1,Warrior,,Deck,Warrior Action,0,,3,true,R,R,EVR|MPW,EVR057,https://legendstory-production-s3-public.s3.amazonaws.com/media/cards/large/EVR057.webp
N9gqKRghrpWNHBqnCHt9m,Slice and Dice,2,Warrior,,Deck,Warrior Action,0,,3,true,R,R,DVR|EVR,DVR018,https://legendstory-production-s3-public.s3.amazonaws.com/media/cards/large/DVR018.webp
bJcbjBkHkqdKmzkBDcWqp,Slice and Dice,3,Warrior,,Deck,Warrior Action,0,,3,true,R,R,EVR,EVR059,https://legendstory-production-s3-public.s3.amazonaws.com/media/cards/large/EVR059.webp
JdtnzDTQFLMPkFhmpz6BK,Slice Up,1,Warrior,,Deck,Warrior Attack Reaction,0,,3,true,C,C,MPW,MPW089,https://legendstory-production-s3-public.s3.amazonaws.com/media/cards/large/MPW089.webp
zBDwTqgQTKrNRwjQmMr9g,Slither,,Assassin,Mystic,Deck,Mystic Assassin Attack Reaction,0,,,true,T|P,T,FAB|LGS|MST|NUU,FAB242,https://legendstory-production-s3-public.s3.amazonaws.com/media/cards/large/FAB242-CF.webp
qB6nBWTRKkJWQrmNRNN8t,Slithering Shadowpede,1,Brute,Shadow,Deck,Shadow Brute Action - Attack,1,6,,true,M,M,DTD,DTD109,https://legendstory-production-s3-public.s3.amazonaws.com/media/cards/large/DTD109.webp
kgTjdTtWrFMCqpHh9mn8C,Sloggism,1,Generic,,Deck,Generic Action,3,,2,true,C,C,1HP|WTR,1HP420,https://legendstory-production-s3-public.s3.amazonaws.com/media/cards/large/1HP420.webp
b9jb87Hf88HzTMTFBRtwB,Sloggism,2,Generic,,Deck,Generic Action,3,,2,true,C,C,1HP|WTR,1HP421,https://legendstory-production-s3-public.s3.amazonaws.com/media/cards/large/1HP421.webp
PhTkFwKHqwmWW8NjCbKHG,Sloggism,3,Generic,,Deck,Generic Action,3,,2,true,C,C,1HP|BVO|WTR,1HP422,https://legendstory-production-s3-public.s3.amazonaws.com/media/cards/large/1HP422.webp
bbLpjmWJ6cpDGhhgmCBTR,Smack of Reality,1,Guardian,,Deck,Guardian Action - Attack,5,9,3,true,R,R,BET|HVY|TCC,BET011,https://legendstory-production-s3-public.s3.amazonaws.com/media/cards/large/BET011.webp
6dRWCNgFHTQJLpTnQcCD7,Small Blinder,1,Warrior,,Deck,Warrior Attack Reaction,2,,2,true,C,C,MPW,MPW090,https://legendstory-production-s3-public.s3.amazonaws.com/media/cards/large/MPW090.webp
bcKTRDJpM6bw7KPmKJWtF,Small Blinder,2,Warrior,,Deck,Warrior Attack Reaction,2,,2,true,C,C,MPW,MPW091,https://legendstory-production-s3-public.s3.amazonaws.com/media/cards/large/MPW091.webp
LH7bm7LbWkd6NcPbK6GWC,Small Blinder,3,Warrior,,Deck,Warrior Attack Reaction,2,,2,true,C,C,MPW,MPW092,https://legendstory-production-s3-public.s3.amazonaws.com/media/cards/large/MPW092.webp
mqR8pjFLG8mK6km6KBTFh,Small Problem,2,Guardian,,Deck,Guardian Action - Attack,0,3,3,true,C,C,SUP,SUP193,https://legendstory-production-s3-public.s3.amazonaws.com/media/cards/large/SUP193.webp
jrRgGDGgCCbTG8gkfgJjb,Smash and Grab,1,Mechanologist,,Deck,Mechanologist Action - Attack,3,5,3,true,R,R,EVO,EVO155,https://legendstory-production-s3-public.s3.amazonaws.com/media/cards/large/EVO155.webp
WNp6DbGwLqPchCNDmGq66,Smash Instinct,1,Brute,,Deck,Brute Action - Attack,3,7,3,true,C,C,1HP|RNR|WTR,1HP034,https://legendstory-production-s3-public.s3.amazonaws.com/media/cards/large/1HP034.webp
GH9kGJN7nDbcD9GRbwPNH,Smash Instinct,2,Brute,,Deck,Brute Action - Attack,3,6,3,true,C,C,1HP|RNR|RVD|WTR,1HP035,https://legendstory-production-s3-public.s3.amazonaws.com/media/cards/large/1HP035.webp
BDBWNGBLdhNLcKLQ6dcdw,Smash Instinct,3,Brute,,Deck,Brute Action - Attack,3,5,3,true,C,C,1HP|AKO|SKA|WTR,1HP036,https://legendstory-production-s3-public.s3.amazonaws.com/media/cards/large/1HP036.webp
zJLgzP7LfbWB9qcgcRpRk,Smash Up,1,Generic,,Deck,Generic Action - Attack,1,5,2,true,R|P,R,FAB|ROS,FAB272,https://legendstory-production-s3-public.s3.amazonaws.com/media/cards/large/FAB272-RF.webp
CmrzJNdGDLzk9RdzkDT8H,Smash with Big Rock,2,Brute,,Deck,Brute Action - Attack,2,6,0,true,S,S,SUP,SUP133,https://legendstory-production-s3-public.s3.amazonaws.com/media/cards/large/SUP133.webp
8qztqjgD9PcLm6kqFTngM,Smash with Big Tree,1,Brute,,Deck,Brute Action - Attack,2,7,,true,C,C,LEV|MON,LEV026,https://legendstory-production-s3-public.s3.amazonaws.com/media/cards/large/LEV026.webp
nTrqQhGFhgg6HJGBWgjmq,Smash with Big Tree,2,Brute,,Deck,Brute Action - Attack,2,6,,true,C,C,LEV|MON|RVD,LEV027,https://legendstory-production-s3-public.s3.amazonaws.com/media/cards/large/LEV027.webp
7hdNz98BfjDQmrckcQzLh,Smash with Big Tree,3,Brute,,Deck,Brute Action - Attack,2,5,,true,C,C,MON,MON228,https://legendstory-production-s3-public.s3.amazonaws.com/media/cards/large/MON228.webp
87pqdhz7F6GRCGzpD7cjj,Smashback Alehorn,3,Brute,,Deck,Brute Action,0,,2,true,C|P,C,ARR|HVY|LGS|RHI,ARR027,https://legendstory-production-s3-public.s3.amazonaws.com/media/cards/large/ARR027.webp
cF9RB7PrtgKHQ7FRmcdM9,Smashing Good Time,1,Generic,,Deck,Generic Action,0,,2,true,R|P,R,EVR|JDG,EVR170,https://legendstory-production-s3-public.s3.amazonaws.com/media/cards/large/EVR170.webp
Rzb9nrQp9GHCt7QwTKK6K,Smashing Good Time,2,Generic,,Deck,Generic Action,0,,2,true,R,R,EVR,EVR171,https://legendstory-production-s3-public.s3.amazonaws.com/media/cards/large/EVR171.webp
qKcPMkLrbMpqn9Nck97WL,Smashing Good Time,3,Generic,,Deck,Generic Action,0,,2,true,R,R,EVR,EVR172,https://legendstory-production-s3-public.s3.amazonaws.com/media/cards/large/EVR172.webp
pB7j8qpB8jcJ98N9MWz8Q,Smashing Ground,3,Brute,,Deck,Brute Action - Attack,3,5,3,true,S|P,S,GEM|SUP,GEM100,https://legendstory-production-s3-public.s3.amazonaws.com/media/cards/large/GEM100.webp
cHd8RnCfp9h8MNkQnL9Md,Smashing Performance,2,Brute,,Deck,Brute Action - Attack,3,6,,true,M,M,EVO,EVO237,https://legendstory-production-s3-public.s3.amazonaws.com/media/cards/large/EVO237.webp
gWHWkrDqc9mKhHGRGrp6p,Smell Fear,2,Brute,,Deck,Brute Action,0,,3,true,R,R,ARR,ARR021,https://legendstory-production-s3-public.s3.amazonaws.com/media/cards/large/ARR021.webp
QwkRmndddLgfWPBLLMKMB,Smell Fear,3,Brute,,Deck,Brute Action,0,,3,true,R,R,ARR,ARR028,https://legendstory-production-s3-public.s3.amazonaws.com/media/cards/large/ARR028.webp
6q8j8bjLPkBrkJCBPGbKb,Smelting of the Old Ones,1,Guardian,,Deck,Guardian Action - Attack,6,10,3,true,R|V,R,MPG,MPG028,https://legendstory-production-s3-public.s3.amazonaws.com/media/cards/large/MPG028.webp
kt98RmWMpHzwR8R6Hrccq,Smoke Out,1,,Draconic,Deck,Draconic Defense Reaction,0,,3,true,C|P,C,FNG|GEM|HNT,FNG018,https://legendstory-production-s3-public.s3.amazonaws.com/media/cards/large/FNG018.webp
mKGPnwbkjcGbmPn7JJNBF,Smoldering Scales,,,Draconic,Equipment,Draconic Equipment - Chest,,,2,true,R,R,PEN,PEN253,https://legendstory-production-s3-public.s3.amazonaws.com/media/cards/large/PEN253.webp
fnwmJgw6ktTLBrnD7QHFN,Smoldering Steel,1,Warrior,Draconic,Deck,Draconic Warrior Attack Reaction,0,,3,true,R,R,PEN,PEN251,https://legendstory-production-s3-public.s3.amazonaws.com/media/cards/large/PEN251.webp
rGc7TPKW7CDRmPRCLg6Jd,Snag,3,Generic,,Deck,Generic Instant,0,,,true,M,M,CRU|SUP,CRU182,https://legendstory-production-s3-public.s3.amazonaws.com/media/cards/large/CRU182.webp
9t6zhmKcwhjTK8RRGCnTz,Snap Fingers,,Runeblade,Lightning,Equipment,Lightning Runeblade Equipment - Arms,,,0,true,C,C,OMN,OMN050,https://legendstory-production-s3-public.s3.amazonaws.com/media/cards/large/OMN050.webp
rqcn9Q6JDG6FRCrpt9tb7,Snap Shot,1,Ranger,Elemental,Deck,Elemental Ranger Action - Arrow Attack,0,4,3,true,R,R,ELE|LXI,ELE041,https://legendstory-production-s3-public.s3.amazonaws.com/media/cards/large/ELE041.webp
HfNNH6tjw9PgJ8KHpkpBL,Snap Shot,2,Ranger,Elemental,Deck,Elemental Ranger Action - Arrow Attack,0,3,3,true,R,R,ELE,ELE042,https://legendstory-production-s3-public.s3.amazonaws.com/media/cards/large/ELE042.webp
zrJRtGh66Ggpgr87nnzFn,Snap Shot,3,Ranger,Elemental,Deck,Elemental Ranger Action - Arrow Attack,0,2,3,true,R,R,ELE,ELE043,https://legendstory-production-s3-public.s3.amazonaws.com/media/cards/large/ELE043.webp
FfHKcc6HWkdkbC76BwgqQ,Snapback,1,Wizard,,Deck,Wizard Action,1,,3,true,C,C,1HP|CRU|SBZ,1HP332,https://legendstory-production-s3-public.s3.amazonaws.com/media/cards/large/1HP332.webp
Tb8rJqp6nH9FhDQgNMgpH,Snapback,2,Wizard,,Deck,Wizard Action,1,,3,true,C,C,1HP|CRU,1HP333,https://legendstory-production-s3-public.s3.amazonaws.com/media/cards/large/1HP333.webp
pBLw878jHjmLBLBbtpk6W,Snapback,3,Wizard,,Deck,Wizard Action,1,,3,true,C,C,1HP|CRU,1HP334,https://legendstory-production-s3-public.s3.amazonaws.com/media/cards/large/1HP334.webp
gGmbgrQrzhKpFdtcRTF9h,Snapdragon Scalers,,Generic,,Equipment,Generic Equipment - Legs,,,0,true,C|P,C,1HP|ARA|ASR|BOL|CHN|FAB|LSS|RNR|WTR,1HP353,https://legendstory-production-s3-public.s3.amazonaws.com/media/cards/large/1HP353.webp
rLCRmrjNR6HMnG8pFkNCB,Snarky Prick,1,,Reviled,Deck,Reviled Action - Attack,0,1,3,true,R|P,R,GEM|PEN,GEM139,https://legendstory-production-s3-public.s3.amazonaws.com/media/cards/large/GEM139.webp
PHktCwKzLmBMwmCBwb7Cw,Snatch,1,Generic,,Deck,Generic Action - Attack,0,4,2,true,R|P,R,1HP|ANQ|ASB|ASR|AST|FAB|SBA|SBL|SFA|WTR,1HP371,https://legendstory-production-s3-public.s3.amazonaws.com/media/cards/large/1HP371.webp
jBtfGzCwLCCTGrtzKPRJW,Snatch,2,Generic,,Deck,Generic Action - Attack,0,3,2,true,R,R,1HP|WTR,1HP372,https://legendstory-production-s3-public.s3.amazonaws.com/media/cards/large/1HP372.webp
KfbJQkFKdWKB66FcqCpHD,Snatch,3,Generic,,Deck,Generic Action - Attack,0,2,2,true,R,R,1HP|WTR,1HP373,https://legendstory-production-s3-public.s3.amazonaws.com/media/cards/large/1HP373.webp
RJgjqhgWBPnfhC76CRLjt,Sneak Attack,1,Assassin,,Deck,Assassin Action - Attack,2,3,2,true,R,R,OUT|UZU,OUT018,https://legendstory-production-s3-public.s3.amazonaws.com/media/cards/large/OUT018.webp
7TPWrWF6KhgNLGbJT7CHb,Sneak Attack,2,Assassin,,Deck,Assassin Action - Attack,2,2,2,true,R,R,OUT,OUT019,https://legendstory-production-s3-public.s3.amazonaws.com/media/cards/large/OUT019.webp
BKhhmbmLm67kWdNdBpDPM,Sneak Attack,3,Assassin,,Deck,Assassin Action - Attack,2,1,2,true,R,R,OUT,OUT020,https://legendstory-production-s3-public.s3.amazonaws.com/media/cards/large/OUT020.webp
q8rqGffz6jP9D7w8DbkcL,Snow Under,1,Guardian,Elemental,Deck,Elemental Guardian Action - Attack,3,7,3,true,C,C,AJV|ELE|OLD,AJV012,https://legendstory-production-s3-public.s3.amazonaws.com/media/cards/large/AJV012.webp
MLkbJDtPDkLWPNpfwfTDJ,Snow Under,2,Guardian,Elemental,Deck,Elemental Guardian Action - Attack,3,6,3,true,C,C,ELE,ELE023,https://legendstory-production-s3-public.s3.amazonaws.com/media/cards/large/ELE023.webp
NzNjkqqJgrbPbJpWQ8RWp,Snow Under,3,Guardian,Elemental,Deck,Elemental Guardian Action - Attack,3,5,3,true,C,C,ELE|OLD,ELE024,https://legendstory-production-s3-public.s3.amazonaws.com/media/cards/large/ELE024.webp
8HT69P8zhwhtmb6gbtLDd,Snuff Out,1,Runeblade,,Deck,Runeblade Action - Attack,1,5,3,true,M,M,ROS,ROS117,https://legendstory-production-s3-public.s3.amazonaws.com/media/cards/large/ROS117.webp
6pkDBRPmCgD7GmJ9FTrQR,Soaring Strike,1,Ninja,Draconic,Deck,Draconic Ninja Action - Attack,1,4,2,true,C,C,UPR,UPR081,https://legendstory-production-s3-public.s3.amazonaws.com/media/cards/large/UPR081.webp
HmBDfkp8QpWhqNjHfwpPT,Soaring Strike,2,Ninja,Draconic,Deck,Draconic Ninja Action - Attack,1,3,2,true,C,C,UPR,UPR082,https://legendstory-production-s3-public.s3.amazonaws.com/media/cards/large/UPR082.webp
LmmNMBnCBtgG6RfWz9rQQ,Soaring Strike,3,Ninja,Draconic,Deck,Draconic Ninja Action - Attack,1,2,2,true,C,C,UPR,UPR083,https://legendstory-production-s3-public.s3.amazonaws.com/media/cards/large/UPR083.webp
GJbRTN6kqNnDtGWzTkdPT,Solar Plexus,,,Light,Equipment,Light Equipment - Chest,,,,true,M|P,M,ASB|JDG,ASB004,https://legendstory-production-s3-public.s3.amazonaws.com/media/cards/large/ASB004-RF.webp
BnN6JDzQwHnC8NTGPnrJB,Solforge Gauntlet,,,Light,Equipment,Light Equipment - Arms,,,1,true,M,M,PEN,PEN179,https://legendstory-production-s3-public.s3.amazonaws.com/media/cards/large/PEN179.webp
PPhTHwN7HKT6Hj9JNbDmt,Solid Ground,3,Guardian,,Deck,Guardian Defense Reaction,3,,5,true,M,M,MPG,MPG019,https://legendstory-production-s3-public.s3.amazonaws.com/media/cards/large/MPG019.webp
NwK66fmnJNBBbTBprQkFG,Solitary Companion,1,Illusionist,,Deck,Illusionist Action - Aura,0,,2,true,C,C,MST,MST149,https://legendstory-production-s3-public.s3.amazonaws.com/media/cards/large/MST149.webp
qRcQbB7TW7kzt66g7cKMM,Solitary Companion,2,Illusionist,,Deck,Illusionist Action - Aura,0,,2,true,C,C,MST,MST150,https://legendstory-production-s3-public.s3.amazonaws.com/media/cards/large/MST150.webp
WpfnDkqH9NqLMtWCfCgnh,Solitary Companion,3,Illusionist,,Deck,Illusionist Action - Aura,0,,2,true,C,C,ENG|MST,ENG021,https://legendstory-production-s3-public.s3.amazonaws.com/media/cards/large/ENG021.webp
8PCQKGK7CgNzbdJfhrftK,Solray Plating,,,Light,Equipment,Light Equipment - Chest,,,1,true,R,R,PEN,PEN180,https://legendstory-production-s3-public.s3.amazonaws.com/media/cards/large/PEN180.webp
LwghKjpd8Gch7JHrGLMwP,Sonata Arcanix,1,Runeblade,,Deck,Runeblade Action,XX,,2,true,M,M,AVS|MON,AVS019,https://legendstory-production-s3-public.s3.amazonaws.com/media/cards/large/AVS019.webp
LQ8bccmDBnnTLLzJRBb8k,Sonata Fantasmia,3,Runeblade,,Deck,Runeblade Action,XX,,3,true,M,M,EVO,EVO242,https://legendstory-production-s3-public.s3.amazonaws.com/media/cards/large/EVO242.webp
PbJPpjMq7L7zQDGnfhm8G,Sonata Galaxia,1,Runeblade,,Deck,Runeblade Action,XX,,2,true,M,M,HVY,HVY251,https://legendstory-production-s3-public.s3.amazonaws.com/media/cards/large/HVY251.webp
PCLwwwtFMQmLLpj6TD7hj,Song of Jack-be-Quick,3,Bard,,Deck,Bard Action - Song,0,,3,true,C|P,C,LGS|TCC,LGS217,https://legendstory-production-s3-public.s3.amazonaws.com/media/cards/large/LGS217-RF.webp
mpzgL9GqgdGMPdGMnDKrw,Song of Larinkmorth White,3,Bard,,Deck,Bard Action - Song,0,,3,true,R,R,PEN,PEN150,https://legendstory-production-s3-public.s3.amazonaws.com/media/cards/large/PEN150.webp
gG6NLRhhPKLPh6Q7nJHBT,Song of Sinew,2,Brute,,Deck,Brute Action,0,,2,true,S,S,SUP,SUP134,https://legendstory-production-s3-public.s3.amazonaws.com/media/cards/large/SUP134.webp
GRqLrz7CNrwQB8RKfqKnM,Song of Sweet Nectar,3,Bard,,Deck,Bard Action - Song,0,,3,true,C|P,C,LGS|TCC,LGS220,https://legendstory-production-s3-public.s3.amazonaws.com/media/cards/large/LGS220-RF.webp
jRGGnkWgcLPMMQ6D7bdnk,Song of the Rosen Matador,3,Bard,,Deck,Bard Action - Song,0,,3,true,C|P,C,LGS|TCC,LGS218,https://legendstory-production-s3-public.s3.amazonaws.com/media/cards/large/LGS218-RF.webp
NqkBRhGqcjNCjBhMq8qpF,Song of the Shining Knight,3,Bard,,Deck,Bard Action - Song,0,,3,true,C|P,C,LGS|TCC,LGS219,https://legendstory-production-s3-public.s3.amazonaws.com/media/cards/large/LGS219-RF.webp
mdMHPhNzNwbQnHLrgLccp,Song of the Wandering Mind,3,Bard,,Deck,Bard Action - Song,0,,3,true,C|P,C,LGS|TCC,LGS221,https://legendstory-production-s3-public.s3.amazonaws.com/media/cards/large/LGS221-RF.webp
nzRWpgWz8fR6ChrGQWWdm,Song of Yesteryears,3,Bard,,Deck,Bard Action - Song,0,,3,true,C|P,C,LGS|TCC,LGS222,https://legendstory-production-s3-public.s3.amazonaws.com/media/cards/large/LGS222-RF.webp
fbm7LndJccMBQqdCWQmd6,Sonic Boom,2,Wizard,,Deck,Wizard Action,2,,3,true,M,M,1HP|ARC,1HP312,https://legendstory-production-s3-public.s3.amazonaws.com/media/cards/large/1HP312.webp
hJkWQRCjndN6DnFpWnmdt,Soul Bond Belief,1,,Light,Deck,Light Action - Attack,0,3,3,true,C,C,PEN,PEN186,https://legendstory-production-s3-public.s3.amazonaws.com/media/cards/large/PEN186.webp
K9HdghRPpD7mJzfBpmBMP,Soul Bond Belief,2,,Light,Deck,Light Action - Attack,0,2,3,true,C,C,PEN,PEN187,https://legendstory-production-s3-public.s3.amazonaws.com/media/cards/large/PEN187.webp
DBKDQNcLQkpLWfp7HFB8f,Soul Bond Belief,3,,Light,Deck,Light Action - Attack,0,1,3,true,C,C,PEN,PEN188,https://legendstory-production-s3-public.s3.amazonaws.com/media/cards/large/PEN188.webp
LPRLWKpH6RBtzL6Jh7L7z,Soul Butcher,1,,Shadow,Deck,Shadow Action - Attack,2,6,2,true,C,C,DTD,DTD181,https://legendstory-production-s3-public.s3.amazonaws.com/media/cards/large/DTD181.webp
FCt7htFCWm9kdFJ9JnqdM,Soul Butcher,2,,Shadow,Deck,Shadow Action - Attack,2,5,2,true,C,C,DTD,DTD182,https://legendstory-production-s3-public.s3.amazonaws.com/media/cards/large/DTD182.webp
QchDmTfCPjWBL89NWRdRL,Soul Butcher,3,,Shadow,Deck,Shadow Action - Attack,2,4,2,true,C,C,DTD,DTD183,https://legendstory-production-s3-public.s3.amazonaws.com/media/cards/large/DTD183.webp
KGpj8kWJ9dRHnn7KRcbP8,Soul Cleaver,1,,Shadow,Deck,Shadow Action - Attack,2,6,2,true,C,C,DTD,DTD184,https://legendstory-production-s3-public.s3.amazonaws.com/media/cards/large/DTD184.webp
jPRhzznmc6gRHTJKmcRfr,Soul Cleaver,2,,Shadow,Deck,Shadow Action - Attack,2,5,2,true,C,C,DTD,DTD185,https://legendstory-production-s3-public.s3.amazonaws.com/media/cards/large/DTD185.webp
w77zDhDthpW7pp97wHFf7,Soul Cleaver,3,,Shadow,Deck,Shadow Action - Attack,2,4,2,true,C,C,DTD,DTD186,https://legendstory-production-s3-public.s3.amazonaws.com/media/cards/large/DTD186.webp
kkcHdRDmJT7pHqPzMRRwp,Soul Food,2,,Light,Deck,Light Action,0,,2,true,M,M,MON,MON064,https://legendstory-production-s3-public.s3.amazonaws.com/media/cards/large/MON064.webp
G8kbQ7Q6wgqdrcQgLGQpP,Soul Harvest,3,,Shadow,Deck,Shadow Action - Attack,6,6,3,true,R,R,LEV|MON,LEV008,https://legendstory-production-s3-public.s3.amazonaws.com/media/cards/large/LEV008.webp
wbTGmgDqLtMmbDgcPzCmJ,Soul Reaping,1,,Shadow,Deck,Shadow Action - Attack,6,6,3,true,R,R,CHN|MON,CHN008,https://legendstory-production-s3-public.s3.amazonaws.com/media/cards/large/CHN008.webp
9F6H6kTdQdcHrDrRCDmLP,Soul Shackle,,Runeblade,Shadow,Token,Shadow Runeblade Token - Aura,,,,true,T|P,T,CHN|FAB|MON,CHN030,https://legendstory-production-s3-public.s3.amazonaws.com/media/cards/large/CHN030.webp
BczHzGkDc8h997tK8RrbQ,Soul Shield,2,,Light,Deck,Light Defense Reaction,2,,6,true,M,M,APR|MON,APR015,https://legendstory-production-s3-public.s3.amazonaws.com/media/cards/large/APR015.webp
DH8zBCdjRpQmLKgbnRF8q,Soulbead Strike,1,Ninja,,Deck,Ninja Action - Attack,0,4,3,true,C,C,1HP|ASR|CRU,1HP122,https://legendstory-production-s3-public.s3.amazonaws.com/media/cards/large/1HP122.webp
gz8JNPJGQNgq66jKkBzbD,Soulbead Strike,2,Ninja,,Deck,Ninja Action - Attack,0,3,3,true,C,C,1HP|CRU,1HP123,https://legendstory-production-s3-public.s3.amazonaws.com/media/cards/large/1HP123.webp
DFrMBQFPRf7hTrcCwrRKd,Soulbead Strike,3,Ninja,,Deck,Ninja Action - Attack,0,2,3,true,C,C,1HP|ASR|BEN|CRU,1HP124,https://legendstory-production-s3-public.s3.amazonaws.com/media/cards/large/1HP124.webp
KPcKCKn8CpthtjNrk6fC8,Soulbond Resolve,,Warrior,Light,Equipment,Light Warrior Equipment - Chest,,,2,true,P|L,P,DTD|FAB,DTD047,https://legendstory-production-s3-public.s3.amazonaws.com/media/cards/large/DTD047-RF.webp
TGDrGkM6WHKGtC9HQbzcT,Sound the Alarm,1,Generic,,Deck,Generic Action - Attack,1,5,3,true,R,R,HNT,HNT226,https://legendstory-production-s3-public.s3.amazonaws.com/media/cards/large/HNT226.webp
DGJQcFJGcqDHggpkqRTt8,Soup Up,1,Mechanologist,,Deck,Mechanologist Action - Attack,0,4,2,true,R|P,R,EVO|LGS,EVO111,https://legendstory-production-s3-public.s3.amazonaws.com/media/cards/large/EVO111.webp
B7PppLKHtbMhBMnmLnRDp,Soup Up,2,Mechanologist,,Deck,Mechanologist Action - Attack,0,3,2,true,R|P,R,EVO|LGS,EVO112,https://legendstory-production-s3-public.s3.amazonaws.com/media/cards/large/EVO112.webp
kPPR9hbpbgQJMMNqLPFfB,Soup Up,3,Mechanologist,,Deck,Mechanologist Action - Attack,0,2,2,true,R|P,R,EVO|LGS,EVO113,https://legendstory-production-s3-public.s3.amazonaws.com/media/cards/large/EVO113.webp
nHTRFgmcjhjRWrN9jWn9k,Sow Tomorrow,1,,Earth,Deck,Earth Action,1,,2,true,C,C,BRI|ELE,BRI020,https://legendstory-production-s3-public.s3.amazonaws.com/media/cards/large/BRI020.webp
NRhKwHKcm9gnTqDzPpqfk,Sow Tomorrow,2,,Earth,Deck,Earth Action,1,,2,true,C,C,ELE,ELE141,https://legendstory-production-s3-public.s3.amazonaws.com/media/cards/large/ELE141.webp
wMq8RdBcGbtLzBktwpwfF,Sow Tomorrow,3,,Earth,Deck,Earth Action,1,,2,true,C,C,BRI|ELE,BRI025,https://legendstory-production-s3-public.s3.amazonaws.com/media/cards/large/BRI025.webp
zmnWwB6cwgPFBqTLWGDDb,Sowing Thorns,1,Wizard,Earth,Deck,Earth Wizard Action,0,,3,true,R,R,PEN,PEN214,https://legendstory-production-s3-public.s3.amazonaws.com/media/cards/large/PEN214.webp
tqpr9PgWLMcrmggBmfL9B,Spark of Genius,2,Mechanologist,,Deck,Mechanologist Action,XX,,3,true,S|M,S,1HP|ARC,1HP191,https://legendstory-production-s3-public.s3.amazonaws.com/media/cards/large/1HP191.webp
8zbP8CGh6GGtQQHFmQFBP,Spark Spray,1,,Lightning,Deck,Lightning Action - Attack,0,4,2,true,C,C,AST,AST015,https://legendstory-production-s3-public.s3.amazonaws.com/media/cards/large/AST015.webp
kcHGCkMphHJwgcNd7jJcz,Spark Spray,2,,Lightning,Deck,Lightning Action - Attack,0,3,2,true,C,C,AUR,AUR022,https://legendstory-production-s3-public.s3.amazonaws.com/media/cards/large/AUR022.webp
kk9mFcfzzzPL6RH9tcBw8,Spark Spray,3,,Lightning,Deck,Lightning Action - Attack,0,2,2,true,C,C,AUR,AUR025,https://legendstory-production-s3-public.s3.amazonaws.com/media/cards/large/AUR025.webp
gGNMr8mcpnDbqBpGLfMrN,Spears of Surreality,1,Illusionist,,Deck,Illusionist Action - Attack,1,5,3,true,C|P,C,DRO|MON|TNP,DRO019,https://legendstory-production-s3-public.s3.amazonaws.com/media/cards/large/DRO019.webp
W9PMtDzWthTBKqBnfLWfb,Spears of Surreality,2,Illusionist,,Deck,Illusionist Action - Attack,1,4,3,true,C|P,C,MON|TNP,MON102,https://legendstory-production-s3-public.s3.amazonaws.com/media/cards/large/MON102.webp
ffBdWzC9BPQk6Cktmk7Dr,Spears of Surreality,3,Illusionist,,Deck,Illusionist Action - Attack,1,3,3,true,C|P,C,MON|PSM|SEN|TNP,MON103,https://legendstory-production-s3-public.s3.amazonaws.com/media/cards/large/MON103.webp
JcNQkPLDwjpL7CWJQTGj8,Spectral Manifestations,1,Illusionist,,Deck,Illusionist Action,2,,2,true,C,C,ENG|MST|SEN,ENG008,https://legendstory-production-s3-public.s3.amazonaws.com/media/cards/large/ENG008.webp
bCjWqFfWGjHnrGnPcw6p7,Spectral Manifestations,2,Illusionist,,Deck,Illusionist Action,2,,2,true,C,C,MST,MST153,https://legendstory-production-s3-public.s3.amazonaws.com/media/cards/large/MST153.webp
jJk6BgzffjFcwnKdrK6JN,Spectral Manifestations,3,Illusionist,,Deck,Illusionist Action,2,,2,true,C,C,MST,MST154,https://legendstory-production-s3-public.s3.amazonaws.com/media/cards/large/MST154.webp
qt6KzpDJ8JKfc9wNzgbmW,Spectral Procession,1,Illusionist,,Deck,Illusionist Action - Attack,0,*,3,true,M,M,DYN,DYN216,https://legendstory-production-s3-public.s3.amazonaws.com/media/cards/large/DYN216.webp
dW7KzrHdpwqwffrfBbQbq,Spectral Prowler,1,Illusionist,,Deck,Illusionist Action - Attack,0,4,3,true,C,C,DYN,DYN224,https://legendstory-production-s3-public.s3.amazonaws.com/media/cards/large/DYN224.webp
pKQkqkQhCrTkJtgCHH768,Spectral Prowler,2,Illusionist,,Deck,Illusionist Action - Attack,0,3,3,true,C,C,DYN,DYN225,https://legendstory-production-s3-public.s3.amazonaws.com/media/cards/large/DYN225.webp
QCpfgTGDPgHt89LMDPQNr,Spectral Prowler,3,Illusionist,,Deck,Illusionist Action - Attack,0,2,3,true,C,C,DYN,DYN226,https://legendstory-production-s3-public.s3.amazonaws.com/media/cards/large/DYN226.webp
9FhWr8BprqnfjCqHrWLPm,Spectral Rider,1,Illusionist,,Deck,Illusionist Action - Attack,3,8,3,true,C,C,DYN,DYN227,https://legendstory-production-s3-public.s3.amazonaws.com/media/cards/large/DYN227.webp
d9hmf7fcjCNtJM7NGJJWn,Spectral Rider,2,Illusionist,,Deck,Illusionist Action - Attack,3,7,3,true,C,C,DYN,DYN228,https://legendstory-production-s3-public.s3.amazonaws.com/media/cards/large/DYN228.webp
thLLBGbP8r8KLmBjmcmPw,Spectral Rider,3,Illusionist,,Deck,Illusionist Action - Attack,3,6,3,true,C,C,DYN|SEN,DYN229,https://legendstory-production-s3-public.s3.amazonaws.com/media/cards/large/DYN229.webp
NwwnMqBg9tdRBp9NWHpgf,Spectral Shield,,Illusionist,,Token,Illusionist Token - Aura,,,,true,B|T|C|P,B,APR|DTD|DYN|ENG|EVR|FAB|MON|MST|PSM|SEN,APR028,https://legendstory-production-s3-public.s3.amazonaws.com/media/cards/large/APR028.webp
TftHKTdmTmqMGK7cRNcCD,Speed Demon,1,Mechanologist,,Deck,Mechanologist Action - Attack,0,3,3,true,R|P,R,GEM|PEN,GEM166,https://legendstory-production-s3-public.s3.amazonaws.com/media/cards/large/GEM166.webp
HL7qqDC6G6pCMKFFRrNLg,Spell Fray Cloak,,Generic,,Equipment,Generic Equipment - Chest,,,0,true,R,R,BOL|DYN|LEV,BOL006,https://legendstory-production-s3-public.s3.amazonaws.com/media/cards/large/BOL006.webp
ct8dbmGW77wb6TkJwJkFT,Spell Fray Gloves,,Generic,,Equipment,Generic Equipment - Arms,,,0,true,R,R,CHN|DYN,CHN006,https://legendstory-production-s3-public.s3.amazonaws.com/media/cards/large/CHN006.webp
8JHRBmh8WLLgMgCrP7Tpk,Spell Fray Leggings,,Generic,,Equipment,Generic Equipment - Legs,,,0,true,R,R,AUR|DYN|PSM|TER,AUR029,https://legendstory-production-s3-public.s3.amazonaws.com/media/cards/large/AUR029.webp
997QbbqzqGhMQP6HqFghP,Spell Fray Tiara,,Generic,,Equipment,Generic Equipment - Head,,,0,true,R,R,AUR|DYN|TER,AUR028,https://legendstory-production-s3-public.s3.amazonaws.com/media/cards/large/AUR028.webp
pdMgMzHwDgBpCNjD7WGLD,Spellbane Aegis,,Generic,,Token,Generic Token - Aura,,,,true,C|P,C,DTD|DYN|FAB,DTD235,https://legendstory-production-s3-public.s3.amazonaws.com/media/cards/large/DTD235.webp
knGQQqjCfQqzWj6JjN6CR,Spellbane Sigil,3,,Lightning,Deck,Lightning Instant - Aura,0,,,true,C|V,C,OMN,OMN201,https://legendstory-production-s3-public.s3.amazonaws.com/media/cards/large/OMN201.webp
Q7MwD7d9tcbhG9bjm7qQW,Spellbane Trap,1,Ranger,,Deck,Ranger Action - Trap,0,,2,true,C,C,PEN,PEN089,https://legendstory-production-s3-public.s3.amazonaws.com/media/cards/large/PEN089.webp
QcJRp9NTtCcp6CTBkkGRt,Spellbane Trap,2,Ranger,,Deck,Ranger Action - Trap,0,,2,true,C,C,PEN,PEN090,https://legendstory-production-s3-public.s3.amazonaws.com/media/cards/large/PEN090.webp
dqwWnfmK6rdFDd7GgMKfz,Spellbane Trap,3,Ranger,,Deck,Ranger Action - Trap,0,,2,true,C,C,PEN,PEN091,https://legendstory-production-s3-public.s3.amazonaws.com/media/cards/large/PEN091.webp
QnWbfrP7C7ttrrWgtbMcp,Spellblade Assault,1,Runeblade,,Deck,Runeblade Action - Attack,2,4,3,true,R,R,1HP|ARC|SVI,1HP270,https://legendstory-production-s3-public.s3.amazonaws.com/media/cards/large/1HP270.webp
nR9RFbHQBGnNffDLqhfLB,Spellblade Assault,2,Runeblade,,Deck,Runeblade Action - Attack,2,3,3,true,R,R,1HP|ARC,1HP271,https://legendstory-production-s3-public.s3.amazonaws.com/media/cards/large/1HP271.webp
mFQfCDptGgjpTkDmdH6FP,Spellblade Assault,3,Runeblade,,Deck,Runeblade Action - Attack,2,2,3,true,R,R,1HP|ARC|SVI,1HP272,https://legendstory-production-s3-public.s3.amazonaws.com/media/cards/large/1HP272.webp
WzzfbKbMHQTF7PHFQgnTM,Spellblade Strike,1,Runeblade,,Deck,Runeblade Action - Attack,1,4,3,true,C,C,ARC,ARC103,https://legendstory-production-s3-public.s3.amazonaws.com/media/cards/large/ARC103.webp
gRqjRd9CMnFtj7d8dfjpd,Spellblade Strike,2,Runeblade,,Deck,Runeblade Action - Attack,1,3,3,true,C,C,ARC,ARC104,https://legendstory-production-s3-public.s3.amazonaws.com/media/cards/large/ARC104.webp
6LzhNhWTWGWzFLDbCktPt,Spellblade Strike,3,Runeblade,,Deck,Runeblade Action - Attack,1,2,3,true,C,C,ARC,ARC105,https://legendstory-production-s3-public.s3.amazonaws.com/media/cards/large/ARC105.webp
GrRfK6zQrd8DHzTHFhFfh,Spellbound Creepers,,Runeblade,,Equipment,Runeblade Equipment - Legs,,,1,true,P|L,P,CON|ELE|FAB,CON004,https://legendstory-production-s3-public.s3.amazonaws.com/media/cards/large/CON004-RF.webp
7hLHLm8qkPm6fjhHnqdWd,Spellfire Cloak,,Wizard,,Equipment,Wizard Equipment - Chest,,,0,true,C,C,SBZ|SIY|UPR,SBZ004,https://legendstory-production-s3-public.s3.amazonaws.com/media/cards/large/SBZ004.webp
cfcQjNKbBQ6WtGcFRrhHd,Spew Obscenities,2,Guardian,Reviled,Deck,Reviled Guardian Action - Attack,0,3,3,true,R|P,R,LGS|SUP,LGS421,https://legendstory-production-s3-public.s3.amazonaws.com/media/cards/large/LGS421-CF.webp
B6QBPpJtzFp6btg87zpqH,Spew Shadow,1,,Shadow,Deck,Shadow Action,2,,2,true,C,C,MON,MON212,https://legendstory-production-s3-public.s3.amazonaws.com/media/cards/large/MON212.webp
Lb9qp9DQWRbtkTmdqdNBh,Spew Shadow,2,,Shadow,Deck,Shadow Action,2,,2,true,C,C,CHN|MON,CHN024,https://legendstory-production-s3-public.s3.amazonaws.com/media/cards/large/CHN024.webp
F66PN6K8KQGwkcB9PzGjN,Spew Shadow,3,,Shadow,Deck,Shadow Action,2,,2,true,C,C,MON,MON214,https://legendstory-production-s3-public.s3.amazonaws.com/media/cards/large/MON214.webp
hDzHTgkgGfqFCn8mmR9M6,Spider's Bite,,Assassin,,Weapon,Assassin Weapon - Dagger (1H),,1,,true,T|C|R|P,T,AAC|ARA|ARK|DYN|FAB|LGS|OUT|UZU,AAC003,https://legendstory-production-s3-public.s3.amazonaws.com/media/cards/large/AAC003.webp
zRPmCL8MkNKkwkKb7GRbn,Spike Pit Trap,3,Ranger,,Deck,Ranger Defense Reaction - Trap,0,,3,true,M,M,OUT,OUT104,https://legendstory-production-s3-public.s3.amazonaws.com/media/cards/large/OUT104.webp
c6tgbGMBbR77gJWhJCzhh,Spike with Bloodrot,1,Assassin,,Deck,Assassin Attack Reaction,1,,3,true,R|P,R,AAC|ARA|FAB|LGS|OUT|SAR,AAC020,https://legendstory-production-s3-public.s3.amazonaws.com/media/cards/large/AAC020.webp
NHhCjBzmNwbfFMfL7TKf8,Spike with Frailty,1,Assassin,,Deck,Assassin Attack Reaction,1,,3,true,R|P,R,LGS|OUT,LGS131,https://legendstory-production-s3-public.s3.amazonaws.com/media/cards/large/LGS131-RF.webp
NbddFmpDCff8m7FWk6dnQ,Spike with Inertia,1,Assassin,,Deck,Assassin Attack Reaction,1,,3,true,R|P,R,LGS|OUT,LGS132,https://legendstory-production-s3-public.s3.amazonaws.com/media/cards/large/LGS132-RF.webp
6b6WhdH96PdDWBQhMzgLB,Spill Blood,1,Warrior,,Deck,Warrior Action,1,,3,true,M,M,MON,MON109,https://legendstory-production-s3-public.s3.amazonaws.com/media/cards/large/MON109.webp
PTbtpLNBrfMq9nNffBmMJ,Spillover,3,,Mystic,Deck,Mystic Action - Attack,2,4,2,true,C,C,ENG|MST,ENG014,https://legendstory-production-s3-public.s3.amazonaws.com/media/cards/large/ENG014.webp
BwgjdFCGncmNwKPkrznN7,Spinal Crush,1,Guardian,,Deck,Guardian Action - Attack,5,9,3,true,M,M,1HP|APS|WTR,1HP053,https://legendstory-production-s3-public.s3.amazonaws.com/media/cards/large/1HP053.webp
8w9NwkkKWrtCGbmBBcfJR,Spinning Wheel Kick,1,Ninja,,Deck,Ninja Action - Attack,1,4,2,true,R|P,R,LGS|OUT,LGS141,https://legendstory-production-s3-public.s3.amazonaws.com/media/cards/large/LGS141-RF.webp
pB8QJrtrPdHMmGrLpNNHL,Spinning Wheel Kick,2,Ninja,,Deck,Ninja Action - Attack,1,3,2,true,R|P,R,LGS|OUT,LGS142,https://legendstory-production-s3-public.s3.amazonaws.com/media/cards/large/LGS142-RF.webp
wdbnJz7TQDCJ6gWW7WNch,Spinning Wheel Kick,3,Ninja,,Deck,Ninja Action - Attack,1,2,2,true,R|P,R,LGS|OUT,LGS143,https://legendstory-production-s3-public.s3.amazonaws.com/media/cards/large/LGS143-RF.webp
Ngbkbt7KfrCHnQkTPJRb8,Spire Sniping,1,Ranger,,Deck,Ranger Action - Arrow Attack,1,5,3,true,C,C,AZL|OUT,AZL014,https://legendstory-production-s3-public.s3.amazonaws.com/media/cards/large/AZL014.webp
bN6pjwhzgGhMm8brnpPg9,Spire Sniping,2,Ranger,,Deck,Ranger Action - Arrow Attack,1,4,3,true,C,C,AAZ|AZL|OUT|SAZ,AAZ023,https://legendstory-production-s3-public.s3.amazonaws.com/media/cards/large/AAZ023.webp
mPJPLJJrjTgtK9PkhWCqb,Spire Sniping,3,Ranger,,Deck,Ranger Action - Arrow Attack,1,3,3,true,C,C,AAZ|AZL|OUT,AAZ028,https://legendstory-production-s3-public.s3.amazonaws.com/media/cards/large/AAZ028.webp
bQ8GJhJQwBd9JRFkcJQqG,Spirit of Christmas,3,Generic,,Deck,Generic Action,0,,3,false,P,P,LGS,LGS355,https://legendstory-production-s3-public.s3.amazonaws.com/media/cards/large/LGS355-CF.webp
hcRgHbGGNmwCTQMBF6CQh,Spirit of Eirina,2,Warrior,Light,Deck,Light Warrior Action - Item,0,,,true,L,L,DYN,DYN066,https://legendstory-production-s3-public.s3.amazonaws.com/media/cards/large/DYN066-RF.webp
Nh7kN9dhkWQhjfr7CfKW7,Spirit of War,1,Warrior,Light,Deck,Light Warrior Action - Attack,0,3,3,true,M,M,DTD,DTD052,https://legendstory-production-s3-public.s3.amazonaws.com/media/cards/large/DTD052.webp
BfnKt6gbqBFmB6Bw6zGkd,Spitfire,,Mechanologist,,Weapon,Mechanologist Weapon - Gun (2H),,2,,true,B|P,B,GEM|LGS|SEA,GEM036,https://legendstory-production-s3-public.s3.amazonaws.com/media/cards/large/GEM036-CF.webp
LwHFKjjChb9JFQjLmrGMq,Splatter Skull,1,Brute,,Deck,Brute Action - Attack,2,6,3,true,M,M,ROS,ROS243,https://legendstory-production-s3-public.s3.amazonaws.com/media/cards/large/ROS243.webp
ccMrKMKrqCHDBFcnQFCFB,Splintering Deadwood,1,Runeblade,,Deck,Runeblade Action - Attack,3,7,3,true,R,R,ROS,ROS121,https://legendstory-production-s3-public.s3.amazonaws.com/media/cards/large/ROS121.webp
DrMHRGghQK9rb9NdTTKmj,Splintering Deadwood,2,Runeblade,,Deck,Runeblade Action - Attack,3,6,3,true,R,R,ROS,ROS122,https://legendstory-production-s3-public.s3.amazonaws.com/media/cards/large/ROS122.webp
R99PcjQg9DCkMMcdTW7Hh,Splintering Deadwood,3,Runeblade,,Deck,Runeblade Action - Attack,3,5,3,true,R,R,FLR|ROS,FLR023,https://legendstory-production-s3-public.s3.amazonaws.com/media/cards/large/FLR023.webp
jtjBwktMzPCDdwFgKtWT6,Spoiled Skull,,Brute,Shadow,Equipment,Shadow Brute Equipment - Head,,,,true,M,M,DTD,DTD106,https://legendstory-production-s3-public.s3.amazonaws.com/media/cards/large/DTD106.webp
LKTc8bNLczk7p78FwWzTw,Spoils of War,1,Warrior,,Deck,Warrior Action,1,,3,true,M,M,1HP|CRU,1HP151,https://legendstory-production-s3-public.s3.amazonaws.com/media/cards/large/1HP151.webp
cLFGmrkNKKHNwq8cFFGDT,Spreading Flames,1,Ninja,Draconic,Deck,Draconic Ninja Action - Attack,1,3,2,true,M,M,UPR,UPR049,https://legendstory-production-s3-public.s3.amazonaws.com/media/cards/large/UPR049.webp
PF8fPNMCGHtNBbQRGqMPK,Spreading Mist,3,,Mystic,Deck,Mystic Action,0,,2,true,C,C,PEN,PEN274,https://legendstory-production-s3-public.s3.amazonaws.com/media/cards/large/PEN274.webp
R7K6C9kzFHbpHGLHHFJtg,Spreading Plague,2,Assassin,,Deck,Assassin Attack Reaction,1,,3,true,M,M,OUT,OUT014,https://legendstory-production-s3-public.s3.amazonaws.com/media/cards/large/OUT014.webp
RNMKPPRN6zPQnrcLWqzwH,Spring a Leak,1,Mechanologist,,Deck,Mechanologist Action - Attack,2,5,3,true,R,R,EVO,EVO150,https://legendstory-production-s3-public.s3.amazonaws.com/media/cards/large/EVO150.webp
KjQzCrccMrqpFdRPQwthr,Spring a Leak,2,Mechanologist,,Deck,Mechanologist Action - Attack,2,4,3,true,R,R,EVO,EVO151,https://legendstory-production-s3-public.s3.amazonaws.com/media/cards/large/EVO151.webp
TPpFGMrKfcLPPKgBrKq7T,Spring a Leak,3,Mechanologist,,Deck,Mechanologist Action - Attack,2,3,3,true,R,R,EVO,EVO152,https://legendstory-production-s3-public.s3.amazonaws.com/media/cards/large/EVO152.webp
tnnFttPCJmktbfMWcNLbT,Spring Load,1,Generic,,Deck,Generic Action - Attack,1,2,2,true,C,C,ARA|BEN|OUT,ARA015,https://legendstory-production-s3-public.s3.amazonaws.com/media/cards/large/ARA015.webp
dNDpzGcjHNR6bbRL99RJm,Spring Load,2,Generic,,Deck,Generic Action - Attack,1,2,2,true,C,C,OUT,OUT220,https://legendstory-production-s3-public.s3.amazonaws.com/media/cards/large/OUT220.webp
mDRkDQmFkG6BhJrpqmRwr,Spring Load,3,Generic,,Deck,Generic Action - Attack,1,2,2,true,C,C,OUT,OUT221,https://legendstory-production-s3-public.s3.amazonaws.com/media/cards/large/OUT221.webp
HMFLP9L76wCJBGGhBKChT,Spring Tidings,2,Ninja,,Deck,Ninja Action - Attack,0,2,3,true,M,M,EVR,EVR039,https://legendstory-production-s3-public.s3.amazonaws.com/media/cards/large/EVR039.webp
g8DJ9bCBRCD6hLtGrzkQh,Springboard Somersault,2,Generic,,Deck,Generic Defense Reaction,0,,2,true,C|R|P,C,1HP|BVO|CRU|IRA|KSU|RNR|SBL|SDO|SEN|TEA,1HP374,https://legendstory-production-s3-public.s3.amazonaws.com/media/cards/large/1HP374.webp
dzMTMbL8qfHbFmCJB8GG7,Sprocket Rocket,1,Mechanologist,,Deck,Mechanologist Action - Attack,0,3,3,true,C,C,AMX|EVO,AMX012,https://legendstory-production-s3-public.s3.amazonaws.com/media/cards/large/AMX012.webp
kQRmk6tcgNqLqhd887DBB,Sprocket Rocket,2,Mechanologist,,Deck,Mechanologist Action - Attack,0,2,3,true,C,C,EVO,EVO193,https://legendstory-production-s3-public.s3.amazonaws.com/media/cards/large/EVO193.webp
WbWjnqbPBLjTN8rnbHhDD,Sprocket Rocket,3,Mechanologist,,Deck,Mechanologist Action - Attack,0,1,3,true,C,C,EVO,EVO194,https://legendstory-production-s3-public.s3.amazonaws.com/media/cards/large/EVO194.webp
9fBHnrhq6fhfnKprqnGLG,Sprout Strength,1,,Earth,Deck,Earth Action,0,,2,true,C,C,PEN|SBA,PEN222,https://legendstory-production-s3-public.s3.amazonaws.com/media/cards/large/PEN222.webp
kkhCct7WNWmNKWrQN8NjB,Sprout Strength,2,,Earth,Deck,Earth Action,0,,2,true,C,C,PEN,PEN223,https://legendstory-production-s3-public.s3.amazonaws.com/media/cards/large/PEN223.webp
CbchfKMKBDdQP8wH6zzQq,Sprout Strength,3,,Earth,Deck,Earth Action,0,,2,true,C,C,PEN,PEN224,https://legendstory-production-s3-public.s3.amazonaws.com/media/cards/large/PEN224.webp
MfDRbDBGdmNDzQdNhHDqq,Spur Locked,3,,Chaos,Deck,Chaos Action,0,,3,true,M,M,HNT,HNT255,https://legendstory-production-s3-public.s3.amazonaws.com/media/cards/large/HNT255.webp
CrWnj9gJQRggnbjQtnPLh,Squire's Bracers,,Warrior,,Equipment,Warrior Equipment - Arms,,,0,true,C,C,DDD,DDD005,https://legendstory-production-s3-public.s3.amazonaws.com/media/cards/large/DDD005.webp
czfMfgfthg6qKLtKBMQjD,Squizzy & Floof,,Merchant,,Hero,Merchant Hero - Young,,,,false,P,P,HER,HER100,https://legendstory-production-s3-public.s3.amazonaws.com/media/cards/large/HER100-CF.webp
kGnRg6Kgz9P68LnjncPGj,Stab Wound,3,Assassin|Ninja,,Deck,Assassin / Ninja Action - Attack,0,2,3,true,M,M,OUT,OUT142,https://legendstory-production-s3-public.s3.amazonaws.com/media/cards/large/OUT142.webp
Jw97fMLCLqmLbfc9CmW7R,Stabbing Pain,1,Warrior,Draconic,Deck,Draconic Warrior Attack Reaction,1,,2,true,C,C,FNG|HNT,FNG017,https://legendstory-production-s3-public.s3.amazonaws.com/media/cards/large/FNG017.webp
jW9jRfpRdt7tWjpdNCTCz,Stacked in Your Favor,1,Guardian,,Deck,Guardian Action - Aura,2,,2,true,R,R,HVY,HVY068,https://legendstory-production-s3-public.s3.amazonaws.com/media/cards/large/HVY068.webp
RMzHL8LcWc9KdMbRPP8CB,Stacked in Your Favor,2,Guardian,,Deck,Guardian Action - Aura,2,,2,true,R,R,HVY,HVY069,https://legendstory-production-s3-public.s3.amazonaws.com/media/cards/large/HVY069.webp
TbgKcWrFRjcpzhF9768BC,Stacked in Your Favor,3,Guardian,,Deck,Guardian Action - Aura,2,,2,true,R,R,BET|HVY,BET027,https://legendstory-production-s3-public.s3.amazonaws.com/media/cards/large/BET027.webp
L6FBCMGPMwNfTBBKrhqDT,Stadium Centerpiece,,Generic,,Equipment,Generic Equipment - Chest,,,*,true,C,C,HVY,HVY203,https://legendstory-production-s3-public.s3.amazonaws.com/media/cards/large/HVY203.webp
zdgHmFzPbHbrhRwfCqF8H,Stadium Security,1,,Revered,Deck,Revered Action - Attack,3,7,2,true,C,C,PEN,PEN294,https://legendstory-production-s3-public.s3.amazonaws.com/media/cards/large/PEN294.webp
pkcqdDCpcChQnPJP6bHmB,Stadium Security,2,,Revered,Deck,Revered Action - Attack,3,6,2,true,C,C,PEN,PEN295,https://legendstory-production-s3-public.s3.amazonaws.com/media/cards/large/PEN295.webp
zTMbNHjQDLMmCK9qHgBpW,Stadium Security,3,,Revered,Deck,Revered Action - Attack,3,5,2,true,C,C,PEN,PEN296,https://legendstory-production-s3-public.s3.amazonaws.com/media/cards/large/PEN296.webp
PQgjdCTFwm89BmcWP9n7d,Staff of Verdant Shoots,,Wizard,Earth,Weapon,Earth Wizard Weapon - Staff (2H),,,,true,T|C|P,T,LGS|ROS|VER,LGS333,https://legendstory-production-s3-public.s3.amazonaws.com/media/cards/large/LGS333-RF.webp
P768PhtTzKDbp9gCpqtFC,Stains of the Redback,1,Assassin,,Deck,Assassin Attack Reaction,1,,3,true,R|P,R,AAC|FAB|HNT|SAR,AAC021,https://legendstory-production-s3-public.s3.amazonaws.com/media/cards/large/AAC021.webp
WPdnr6nkq86kzNgfjjqtg,Stains of the Redback,2,Assassin,,Deck,Assassin Attack Reaction,1,,3,true,R,R,HNT,HNT024,https://legendstory-production-s3-public.s3.amazonaws.com/media/cards/large/HNT024.webp
kzPMkNT6bGwHTdGCqGBBj,Stains of the Redback,3,Assassin,,Deck,Assassin Attack Reaction,1,,3,true,R,R,HNT|WOD,HNT025,https://legendstory-production-s3-public.s3.amazonaws.com/media/cards/large/HNT025.webp
BCpDT6GfzNwKW8qz7WbrN,"Stalagmite, Bastion of Isenloft",,Guardian,Ice,Equipment,Ice Guardian Equipment - Off-Hand,,,2,true,P|L,P,EVR|FAB,EVR018,https://legendstory-production-s3-public.s3.amazonaws.com/media/cards/large/EVR018-CF.webp
mknwdmQhzHPbhmdtNqMfj,Stalker's Steps,,Assassin,,Equipment,Assassin Equipment - Legs,,,0,true,R,R,AAC|SAR,AAC007,https://legendstory-production-s3-public.s3.amazonaws.com/media/cards/large/AAC007-RF.webp
6nBW69HNQRGM7mpMzNCGB,Stamp Authority,3,Guardian,,Deck,Guardian Action - Aura,3,,3,true,M,M,CRU,CRU028,https://legendstory-production-s3-public.s3.amazonaws.com/media/cards/large/CRU028.webp
WJzNjPfQGqdTtjTHQP6rL,Stand Ground,,Guardian,,Equipment,Guardian Equipment - Legs,,,0,true,C,C,BET|HVY|VIC,BET007,https://legendstory-production-s3-public.s3.amazonaws.com/media/cards/large/BET007.webp
ggMjPPrkLjJJwWPFGdnDq,Stand Strong,,Guardian,,Equipment,Guardian Equipment - Legs,,,1,true,C,C,SLY|SUP,SLY010,https://legendstory-production-s3-public.s3.amazonaws.com/media/cards/large/SLY010.webp
PPhWjKkrPQmCFfrrWcddD,Stand Tall,2,Warrior,,Deck,Warrior Block,,,3,true,M,M,MPW,MPW037,https://legendstory-production-s3-public.s3.amazonaws.com/media/cards/large/MPW037.webp
GCWFNNQtKW9JFqJjqtCjP,Standing Order,1,Generic,,Deck,Generic Action - Attack,0,4,3,true,M,M,HVY,HVY210,https://legendstory-production-s3-public.s3.amazonaws.com/media/cards/large/HVY210.webp
GzWDLbC8WgKLHkgBnQ8mc,Standing Ovation,3,Guardian,Revered,Deck,Revered Guardian Action - Attack,6,8,3,true,M|P,M,APS|GEM,APS019,https://legendstory-production-s3-public.s3.amazonaws.com/media/cards/large/APS019.webp
m7NGBRdNftTh9ntBzppbB,Star Fall,,Runeblade,Lightning,Weapon,Lightning Runeblade Weapon - Sword (2H),,1,,true,T|C|R|P,T,AST|AUA|AUR|FAB|LGS|ROS|SBA,AST002,https://legendstory-production-s3-public.s3.amazonaws.com/media/cards/large/AST002.webp
zzHRCMBmNTF9KpJMqKWq8,Star Struck,2,Guardian,,Deck,Guardian Action - Attack,7,10,3,true,M,M,DTD,DTD203,https://legendstory-production-s3-public.s3.amazonaws.com/media/cards/large/DTD203.webp
HRGLg7cLFFWpNbMqkTBHF,Stardust Spike,1,Illusionist,Lightning,Deck,Lightning Illusionist Instant - Aura,0,,,true,M|P,M,AZS|GEM,AZS017,https://legendstory-production-s3-public.s3.amazonaws.com/media/cards/large/AZS017.webp
NfgpHMJczznbc7PJKt7Kw,Starfield Carapace,,Illusionist,Lightning,Equipment,Lightning Illusionist Equipment - Chest,,,1,true,M,M,AZS|OMN,AZS004,https://legendstory-production-s3-public.s3.amazonaws.com/media/cards/large/AZS004-RF.webp
kRwtJCMHKNcKNrdk8LFnC,Starfield Touch,,Illusionist,Lightning,Equipment,Lightning Illusionist Equipment - Arms,,,1,true,M,M,AZS|OMN,AZS005,https://legendstory-production-s3-public.s3.amazonaws.com/media/cards/large/AZS005-RF.webp
MkzmkbbNf7DMHkzMkDrLk,Starfield Veil,,Illusionist,Lightning,Equipment,Lightning Illusionist Equipment - Head,,,2,true,M,M,AZS|OMN,AZS003,https://legendstory-production-s3-public.s3.amazonaws.com/media/cards/large/AZS003-RF.webp
7cRzGcKGcWdbccLB8KnRn,Starflow Robes,,,Lightning,Equipment,Lightning Equipment - Chest,,,0,true,C,C,OMN,OMN143,https://legendstory-production-s3-public.s3.amazonaws.com/media/cards/large/OMN143.webp
Qrk8RRBkp7q98qbGDTgDB,Starlight Road,3,,Lightning,Deck,Lightning Instant,0,,,true,C|P,C,GEM|OMN,GEM174,https://legendstory-production-s3-public.s3.amazonaws.com/media/cards/large/GEM174.webp
dCkbCnQ7pcjfbQ7k8GhFk,Starlight Striders,,Runeblade,Lightning,Equipment,Lightning Runeblade Equipment - Legs,,,1,true,M,M,AST,AST006,https://legendstory-production-s3-public.s3.amazonaws.com/media/cards/large/AST006-RF.webp
h8WG7GncNP7qN7hnzTdN9,Starting Point,,Assassin|Warrior,,Equipment,Assassin / Warrior Equipment - Legs,,,0,true,C,C,ARK|HNT|WOD,ARK006,https://legendstory-production-s3-public.s3.amazonaws.com/media/cards/large/ARK006.webp
kD798qm7kWr9fhCLM9dDm,Starting Stake,2,Generic,,Deck,Generic Action,0,,3,true,C|P,C,HVY|LGS|MPW,HVY238,https://legendstory-production-s3-public.s3.amazonaws.com/media/cards/large/HVY238.webp
CPGCwntgcMqcqCBLh6nBL,Starworld Warning,2,,Lightning,Deck,Lightning Instant,1,,,true,C,C,OMN,OMN188,https://legendstory-production-s3-public.s3.amazonaws.com/media/cards/large/OMN188.webp
fdQ8rf8W6d7KgDhprdm9k,Stasis Cell,3,Mechanologist,,Deck,Mechanologist Action - Item,0,,,true,M,M,EVO,EVO073,https://legendstory-production-s3-public.s3.amazonaws.com/media/cards/large/EVO073.webp
BwLkmCpwbHmgKTDdHThfG,Static Shelter,2,,Lightning,Deck,Lightning Defense Reaction,0,,3,true,M,M,OMN,OMN147,https://legendstory-production-s3-public.s3.amazonaws.com/media/cards/large/OMN147.webp
M9NHHJLbL9CDLgRjFFzTn,Static Shock,1,Runeblade,Elemental,Deck,Elemental Runeblade Action - Attack,0,4,3,true,R,R,AST|AUR|SBA,AST016,https://legendstory-production-s3-public.s3.amazonaws.com/media/cards/large/AST016.webp
mwKQwF9C99qwcj9M7bpwd,Static Shock,2,Runeblade,Elemental,Deck,Elemental Runeblade Action - Attack,0,3,3,true,R,R,AUR,AUR019,https://legendstory-production-s3-public.s3.amazonaws.com/media/cards/large/AUR019.webp
QWftpgJpG9fHpC9MdjzKP,Staunch Response,1,Guardian,,Deck,Guardian Defense Reaction,2,,7,true,R|P,R,1HP|SBR|TNP|WTR,1HP058,https://legendstory-production-s3-public.s3.amazonaws.com/media/cards/large/1HP058.webp
BmFFCfgQNp9CBNJWDNzj6,Staunch Response,2,Guardian,,Deck,Guardian Defense Reaction,2,,6,true,R|P,R,1HP|TNP|WTR,1HP059,https://legendstory-production-s3-public.s3.amazonaws.com/media/cards/large/1HP059.webp
CJmNCDkwJKGMbhbnjh6Q9,Staunch Response,3,Guardian,,Deck,Guardian Defense Reaction,2,,5,true,R|P,R,1HP|BVO|TNP|WTR,1HP060,https://legendstory-production-s3-public.s3.amazonaws.com/media/cards/large/1HP060.webp
GzDfCdCfWPNTfP6KkN6pJ,Steadfast,1,Guardian,,Deck,Guardian Instant,3,,,true,C,C,EVR,EVR033,https://legendstory-production-s3-public.s3.amazonaws.com/media/cards/large/EVR033.webp
J6wkdw6GbBPtzKqHrWbhC,Steadfast,2,Guardian,,Deck,Guardian Instant,3,,,true,C,C,EVR,EVR034,https://legendstory-production-s3-public.s3.amazonaws.com/media/cards/large/EVR034.webp
pJgqNQCKBhKhr9rTrj7Dp,Steadfast,3,Guardian,,Deck,Guardian Instant,3,,,true,C,C,EVR,EVR035,https://legendstory-production-s3-public.s3.amazonaws.com/media/cards/large/EVR035.webp
GFNmBDr67mL9cbfjDdGf9,Steal Victory,3,Brute,Reviled,Deck,Reviled Brute Block,,,3,true,S|P,S,GEM|SUP,GEM087,https://legendstory-production-s3-public.s3.amazonaws.com/media/cards/large/GEM087.webp
G8bkfPWkjKCjR6qWKBLFF,Steam Canister,3,Mechanologist,,Deck,Mechanologist Action - Item,0,,,true,R,R,AIO|EVO,AIO027,https://legendstory-production-s3-public.s3.amazonaws.com/media/cards/large/AIO027.webp
7KLLpHkFMKHdj8zt8kbKk,Steel on Steel,1,Warrior,,Deck,Warrior Defense Reaction,0,,3,true,C,C,MPW,MPW096,https://legendstory-production-s3-public.s3.amazonaws.com/media/cards/large/MPW096.webp
qHhMBcQcgBKK7GgzrjGrQ,Steel on Steel,2,Warrior,,Deck,Warrior Defense Reaction,0,,2,true,C,C,MPW,MPW097,https://legendstory-production-s3-public.s3.amazonaws.com/media/cards/large/MPW097.webp
gt6TDJd9dG8CcMfwHqdtP,Steel on Steel,3,Warrior,,Deck,Warrior Defense Reaction,0,,1,true,C,C,DDD|MPW,DDD015,https://legendstory-production-s3-public.s3.amazonaws.com/media/cards/large/DDD015.webp
RhgwRgbM8Q8WBdBMTtwQR,Steel Street Enforcement,3,Mechanologist,,Deck,Mechanologist Block,,,1,true,M,M,EVO,EVO060,https://legendstory-production-s3-public.s3.amazonaws.com/media/cards/large/EVO060.webp
MGGw9K9QMqmFBjLLTrbhq,Steel Street Hoons,3,Mechanologist,,Deck,Mechanologist Action - Attack,3,3,2,true,M,M,EVO,EVO141,https://legendstory-production-s3-public.s3.amazonaws.com/media/cards/large/EVO141.webp
6GcRhhrGgk8TwpLJpCjPk,Steel to the Dome,1,Warrior,,Deck,Warrior Action,1,,3,true,R,R,MPW,MPW070,https://legendstory-production-s3-public.s3.amazonaws.com/media/cards/large/MPW070.webp
dmnK9rtgp6tmCbN9LR9qQ,Steelblade Shunt,1,Warrior,,Deck,Warrior Defense Reaction,1,,6,true,R,R,1HP|MPW|TEA|WTR,1HP156,https://legendstory-production-s3-public.s3.amazonaws.com/media/cards/large/1HP156.webp
JbTJprLM9CcMPHwFgL888,Steelblade Shunt,2,Warrior,,Deck,Warrior Defense Reaction,1,,5,true,R,R,1HP|MPW|WTR,1HP157,https://legendstory-production-s3-public.s3.amazonaws.com/media/cards/large/1HP157.webp
CqjGDbBG9WMHfdcpF8fqJ,Steelblade Shunt,3,Warrior,,Deck,Warrior Defense Reaction,1,,4,true,R,R,1HP|MPW|WTR,1HP158,https://legendstory-production-s3-public.s3.amazonaws.com/media/cards/large/1HP158.webp
LD76nrjCTwzcf6Qk8cCjW,Steelblade Supremacy,1,Warrior,,Deck,Warrior Action,1,,3,true,M,M,1HP|WTR,1HP152,https://legendstory-production-s3-public.s3.amazonaws.com/media/cards/large/1HP152.webp
fDMpDJm8JHF7zkQcDq8mn,Steelbraid Buckler,,Guardian,,Equipment,Guardian Equipment - Off-Hand,,,2,true,C|R,C,AJV|DYN|MPG|SBR,AJV003,https://legendstory-production-s3-public.s3.amazonaws.com/media/cards/large/AJV003.webp
RcbDmpjTgR9FJbgqzb8Tq,Stellar Glide,1,,Lightning,Deck,Lightning Action - Attack,2,5,2,true,C,C,OMN,OMN175,https://legendstory-production-s3-public.s3.amazonaws.com/media/cards/large/OMN175.webp
chPp6ddLWdLWWM7fTMLfp,Stellar Glide,2,,Lightning,Deck,Lightning Action - Attack,2,4,2,true,C,C,OMN,OMN176,https://legendstory-production-s3-public.s3.amazonaws.com/media/cards/large/OMN176.webp
FPThjmfgpwBHmGzd66FCF,Stellar Glide,3,,Lightning,Deck,Lightning Action - Attack,2,3,2,true,C,C,OMN,OMN177,https://legendstory-production-s3-public.s3.amazonaws.com/media/cards/large/OMN177.webp
BFczG87kDHQnkhk8FmJnP,Step Between,1,Generic,,Deck,Generic Action - Attack,0,4,2,true,M,M,OMN,OMN214,https://legendstory-production-s3-public.s3.amazonaws.com/media/cards/large/OMN214.webp
mdtMRhRMbMkBRntzQzcbJ,Sticky Fingers,,,,Deck,Scurv Companion - Off-Hand Ally,,2,,true,B|P,B,JDG|SEA,JDG045,https://legendstory-production-s3-public.s3.amazonaws.com/media/cards/large/JDG045-CF.webp
cqMtqGpkpQKD6bPB8pT9N,Sting of Sorcery,3,Runeblade,,Deck,Runeblade Action - Aura,0,,2,true,M,M,ELE,ELE226,https://legendstory-production-s3-public.s3.amazonaws.com/media/cards/large/ELE226.webp
9g9FTKT6DqqrcKHnMGdWD,Stinging Sprite,1,Runeblade,Lightning,Deck,Lightning Runeblade Action - Attack,0,3,2,true,R|P,R,GEM|OMN,GEM153,https://legendstory-production-s3-public.s3.amazonaws.com/media/cards/large/GEM153.webp
NTfKzDBrKMPQ8LjGcWn6q,Stinging Sprite,2,Runeblade,Lightning,Deck,Lightning Runeblade Action - Attack,0,2,2,true,R,R,OMN,OMN057,https://legendstory-production-s3-public.s3.amazonaws.com/media/cards/large/OMN057.webp
Fccdnhg8DpLB6cTgjFgcw,Stinging Sprite,3,Runeblade,Lightning,Deck,Lightning Runeblade Action - Attack,0,1,2,true,R,R,OMN,OMN058,https://legendstory-production-s3-public.s3.amazonaws.com/media/cards/large/OMN058.webp
fMdnz9D9MRDrzMrBFf7Kr,Stir the Aetherwinds,1,Wizard,,Deck,Wizard Action,2,,2,true,R,R,1HP|ARC,1HP320,https://legendstory-production-s3-public.s3.amazonaws.com/media/cards/large/1HP320.webp
nPwjcRFWBmzNQWM6BMcgB,Stir the Aetherwinds,2,Wizard,,Deck,Wizard Action,2,,2,true,R,R,1HP|ARC,1HP321,https://legendstory-production-s3-public.s3.amazonaws.com/media/cards/large/1HP321.webp
k8wMFCFHtGTtTRfnzKGqQ,Stir the Aetherwinds,3,Wizard,,Deck,Wizard Action,2,,2,true,R,R,1HP|ARC|SIY,1HP322,https://legendstory-production-s3-public.s3.amazonaws.com/media/cards/large/1HP322.webp
pjpcnH9bKnGR6KFCFGz6Q,Stir the Pot,3,,Mystic,Deck,Mystic Instant,0,,,true,C|P|V,C,LGS|MST|ZEN,LGS288,https://legendstory-production-s3-public.s3.amazonaws.com/media/cards/large/LGS288-RF.webp
8cCrr6Bd9HchgpQHnztTb,Stir the Wildwood,1,Runeblade,Elemental,Deck,Elemental Runeblade Action - Attack,2,5,3,true,C|P,C,BRI|ELE|FAB,BRI011,https://legendstory-production-s3-public.s3.amazonaws.com/media/cards/large/BRI011.webp
mjBQKcDzJp8dwN6wJ7f6M,Stir the Wildwood,2,Runeblade,Elemental,Deck,Elemental Runeblade Action - Attack,2,4,3,true,C,C,BRI|ELE,BRI013,https://legendstory-production-s3-public.s3.amazonaws.com/media/cards/large/BRI013.webp
jQmQWTMMdzJgk69cJNj8j,Stir the Wildwood,3,Runeblade,Elemental,Deck,Elemental Runeblade Action - Attack,2,3,3,true,C,C,ELE,ELE084,https://legendstory-production-s3-public.s3.amazonaws.com/media/cards/large/ELE084.webp
PbTTdKnFz9jptJ7WkbB6K,Stoke the Flames,1,,Draconic,Deck,Draconic Action - Attack,1,4,3,true,C,C,FAI|UPR,FAI014,https://legendstory-production-s3-public.s3.amazonaws.com/media/cards/large/FAI014.webp
LknHqj6JMJ6CRNpDNBtHG,Stone Rain,1,Ranger,,Deck,Ranger Action - Arrow Attack,0,4,3,true,M,M,AAZ,AAZ016,https://legendstory-production-s3-public.s3.amazonaws.com/media/cards/large/AAZ016.webp
9TtNBLtzhLBjgHtLcc999,Stonewall Confidence,1,Guardian,,Deck,Guardian Action - Aura,2,,3,true,C,C,1HP|MPG|WTR,1HP082,https://legendstory-production-s3-public.s3.amazonaws.com/media/cards/large/1HP082.webp
wdggBC9qf7LKDWHTg7qFB,Stonewall Confidence,2,Guardian,,Deck,Guardian Action - Aura,2,,3,true,C,C,1HP|MPG|WTR,1HP083,https://legendstory-production-s3-public.s3.amazonaws.com/media/cards/large/1HP083.webp
W7rtcPqhKrfQd6fFGbGFR,Stonewall Confidence,3,Guardian,,Deck,Guardian Action - Aura,2,,3,true,C,C,1HP|BVO|MPG|WTR,1HP084,https://legendstory-production-s3-public.s3.amazonaws.com/media/cards/large/1HP084.webp
gmd8mLNNzBJgQNdhDjCwH,Stonewall Gauntlet,,Generic,,Equipment,Generic Equipment - Arms,,,1,true,P|L,P,ANQ|FAB|MST|PEN,ANQ007,https://legendstory-production-s3-public.s3.amazonaws.com/media/cards/large/ANQ007-RF.webp
6CrKfkzFgFLWFD7tFgT9H,Stonewall Impasse,,Guardian,,Equipment,Guardian Equipment - Off-Hand,,,1,true,R,R,HVY|SLY|VIC,HVY052,https://legendstory-production-s3-public.s3.amazonaws.com/media/cards/large/HVY052.webp
c8GP9JNp9PKhcQg7TkBQR,Stony Woottonhog,1,Generic,,Deck,Generic Action - Attack,2,6,2,true,C,C,MON,MON284,https://legendstory-production-s3-public.s3.amazonaws.com/media/cards/large/MON284.webp
RnbGbqBjNFp8HMNrzKWHp,Stony Woottonhog,2,Generic,,Deck,Generic Action - Attack,2,5,2,true,C,C,MON,MON285,https://legendstory-production-s3-public.s3.amazonaws.com/media/cards/large/MON285.webp
hDrpDgFFTLFGDTHrBCfzC,Stony Woottonhog,3,Generic,,Deck,Generic Action - Attack,2,4,2,true,C,C,MON,MON286,https://legendstory-production-s3-public.s3.amazonaws.com/media/cards/large/MON286.webp
PQm7zFjBPCzc68JDd8D6z,Storm of Sandikai,,Illusionist,Draconic,Weapon,Draconic Illusionist Weapon - Scepter (2H),,,,true,T|C|P,T,DRO|LGS|UPR,DRO004,https://legendstory-production-s3-public.s3.amazonaws.com/media/cards/large/DRO004.webp
hpMnhtBmjM7zFBTDMkf87,Storm Striders,,Wizard,,Equipment,Wizard Equipment - Legs,,,0,true,P|L,P,1HP|ARC|FAB,1HP305,https://legendstory-production-s3-public.s3.amazonaws.com/media/cards/large/1HP305.webp
CpC7qQBbgTjCDJDwWprG7,Stormshard,1,,Lightning,Deck,Lightning Instant,1,,,true,C|P,C,FAB|OMN,FAB478,https://legendstory-production-s3-public.s3.amazonaws.com/media/cards/large/FAB478-CF.webp
HDkhnPHFCdnwmfMDrmHPN,Stormshatter,2,,Lightning,Deck,Lightning Instant,1,,,true,C,C,OMN,OMN191,https://legendstory-production-s3-public.s3.amazonaws.com/media/cards/large/OMN191.webp
jGpmP7RtNPqn6WnmJkLwQ,Stormweaver's Aegis,,,Lightning,Equipment,Lightning Equipment - Chest,,,0,true,M,M,PEN,PEN239,https://legendstory-production-s3-public.s3.amazonaws.com/media/cards/large/PEN239.webp
bmGcLFqnPwP6k88kJH6Bw,Stormwhirl,3,,Lightning,Deck,Lightning Instant,1,,,true,C,C,OMN,OMN192,https://legendstory-production-s3-public.s3.amazonaws.com/media/cards/large/OMN192.webp
jwDzJCPgGpnn6QgPJkNTH,Stormwind Sheath,1,,Elemental,Deck,Elemental Defense Reaction,1,,5,true,C|P,C,FAB|PEN,FAB429,https://legendstory-production-s3-public.s3.amazonaws.com/media/cards/large/FAB429.webp
9Lkp6qzHGh7z78K9cFjrJ,Story Beats,1,Guardian,,Deck,Guardian Action - Attack,3,7,2,true,R,R,SUP,SUP181,https://legendstory-production-s3-public.s3.amazonaws.com/media/cards/large/SUP181.webp
DwhgmJpg6hHzFJPPK6n7T,Story Beats,2,Guardian,,Deck,Guardian Action - Attack,3,6,2,true,R,R,SUP,SUP182,https://legendstory-production-s3-public.s3.amazonaws.com/media/cards/large/SUP182.webp
f6WNBKPkNJzpTBMTfkTHG,Story Beats,3,Guardian,,Deck,Guardian Action - Attack,3,5,2,true,R,R,SUP,SUP183,https://legendstory-production-s3-public.s3.amazonaws.com/media/cards/large/SUP183.webp
gpj6g9tmrG7rjGKzBzNpN,Strategic Planning,1,Generic,,Deck,Generic Action,1,,2,true,R,R,UPR,UPR200,https://legendstory-production-s3-public.s3.amazonaws.com/media/cards/large/UPR200.webp
m88wRCQJRQjpjcK8D77fm,Strategic Planning,2,Generic,,Deck,Generic Action,1,,2,true,R,R,UPR,UPR201,https://legendstory-production-s3-public.s3.amazonaws.com/media/cards/large/UPR201.webp
rBMdcdDm68TGL6qp6JbKf,Strategic Planning,3,Generic,,Deck,Generic Action,1,,2,true,R,R,UPR,UPR202,https://legendstory-production-s3-public.s3.amazonaws.com/media/cards/large/UPR202.webp
d9qKg6JJHbcknbg8zhpbM,Strength of Four Seasons,1,,Earth,Deck,Earth Action - Attack,2,4,2,true,C,C,ROS,ROS058,https://legendstory-production-s3-public.s3.amazonaws.com/media/cards/large/ROS058.webp
j7BJG8MGn8DCGfjGwckkb,Strength of Four Seasons,2,,Earth,Deck,Earth Action - Attack,2,3,2,true,C,C,ROS,ROS059,https://legendstory-production-s3-public.s3.amazonaws.com/media/cards/large/ROS059.webp
H7QCrFP9rhjmdMzPqzkMm,Strength of Four Seasons,3,,Earth,Deck,Earth Action - Attack,2,2,2,true,C,C,ROS,ROS060,https://legendstory-production-s3-public.s3.amazonaws.com/media/cards/large/ROS060.webp
GCTpfzJrrJnnNjMFhHRHF,Strength of Sequoia,1,Guardian,Elemental,Deck,Elemental Guardian Action - Aura,2,,3,true,C|P,C,ELE|LGS|OLD,ELE028,https://legendstory-production-s3-public.s3.amazonaws.com/media/cards/large/ELE028.webp
LgRfr8GwTMrwtm9HwFJkb,Strength of Sequoia,2,Guardian,Elemental,Deck,Elemental Guardian Action - Aura,2,,3,true,C,C,ELE,ELE029,https://legendstory-production-s3-public.s3.amazonaws.com/media/cards/large/ELE029.webp
NwfdR79tdkkfRMH7RmjKr,Strength of Sequoia,3,Guardian,Elemental,Deck,Elemental Guardian Action - Aura,2,,3,true,C,C,AJV|ELE|OLD,AJV023,https://legendstory-production-s3-public.s3.amazonaws.com/media/cards/large/AJV023.webp
wkMNPQJWpdNNqHpHtrbqT,Strength Rules All,1,Brute,,Deck,Brute Action - Attack,2,6,3,true,M,M,AKO,AKO013,https://legendstory-production-s3-public.s3.amazonaws.com/media/cards/large/AKO013.webp
DhKMQzczm7mmf9HnhWhdL,Stride of Reprisal,,Ninja,Mystic,Equipment,Mystic Ninja Equipment - Legs,,,1,true,C|P,C,LGS|MST|ZEN,LGS273,https://legendstory-production-s3-public.s3.amazonaws.com/media/cards/large/LGS273-RF.webp
tGd6nNtRQGbkcNjCRGB77,Strike Gold,1,Generic,,Deck,Generic Action - Attack,0,4,2,true,C|P,C,GEM|SEA,GEM064,https://legendstory-production-s3-public.s3.amazonaws.com/media/cards/large/GEM064.webp
GzCQMQGTHq66mwH7GbpQL,Strike Gold,2,Generic,,Deck,Generic Action - Attack,0,3,2,true,C,C,SEA,SEA230,https://legendstory-production-s3-public.s3.amazonaws.com/media/cards/large/SEA230.webp
qLjtfh8FGb6JCLpWPc7Ph,Strike Gold,3,Generic,,Deck,Generic Action - Attack,0,2,2,true,C,C,SEA,SEA231,https://legendstory-production-s3-public.s3.amazonaws.com/media/cards/large/SEA231.webp
B78rMBMq66MPzDMdNRjcm,Strike Twice,1,Wizard,Lightning,Deck,Lightning Wizard Action,1,,3,true,R,R,PEN,PEN238,https://legendstory-production-s3-public.s3.amazonaws.com/media/cards/large/PEN238.webp
QzMcw6fdMzggnrQ8M9jbC,Stroke of Foresight,1,Warrior,,Deck,Warrior Attack Reaction,1,,3,true,C,C,1HP|SDO|TEA|WTR,1HP168,https://legendstory-production-s3-public.s3.amazonaws.com/media/cards/large/1HP168.webp
cmqfjzTmDDt9DLCRkLGMC,Stroke of Foresight,2,Warrior,,Deck,Warrior Attack Reaction,1,,3,true,C,C,1HP|TEA|WTR,1HP169,https://legendstory-production-s3-public.s3.amazonaws.com/media/cards/large/1HP169.webp
8TnQLCqNKhPqNhD9CmGPz,Stroke of Foresight,3,Warrior,,Deck,Warrior Attack Reaction,1,,3,true,C,C,1HP|WTR,1HP170,https://legendstory-production-s3-public.s3.amazonaws.com/media/cards/large/1HP170.webp
BdnFGgLNjHbmMd7jQnjQz,Strong Stomach for Adversity,,Guardian,Reviled,Equipment,Reviled Guardian Equipment - Chest,,,1,true,C,C,SUP,SUP073,https://legendstory-production-s3-public.s3.amazonaws.com/media/cards/large/SUP073.webp
7KdwKrNcWjFQMnpq8DfmQ,Strong Wood,1,Guardian,Elemental,Deck,Elemental Guardian Action - Attack,3,6,3,true,C,C,TER,TER012,https://legendstory-production-s3-public.s3.amazonaws.com/media/cards/large/TER012.webp
qLNqpbKwBJPMLz9TTDHdW,Strong Wood,2,Guardian,Elemental,Deck,Elemental Guardian Action - Attack,3,5,3,true,C,C,TER,TER016,https://legendstory-production-s3-public.s3.amazonaws.com/media/cards/large/TER016.webp
DrQ9nkJKpqLJCr9TgDMNn,Strong Yield,1,,Earth,Deck,Earth Action - Aura,1,,2,true,C,C,FLR|ROS,FLR017,https://legendstory-production-s3-public.s3.amazonaws.com/media/cards/large/FLR017.webp
BrkH6WNFFTkJf8rkR9jNj,Strong Yield,2,,Earth,Deck,Earth Action - Aura,1,,2,true,C,C,ROS,ROS065,https://legendstory-production-s3-public.s3.amazonaws.com/media/cards/large/ROS065.webp
zQrFKLnDP7tt6NcttPn6K,Strong Yield,3,,Earth,Deck,Earth Action - Aura,1,,2,true,C,C,AJV|ROS,AJV024,https://legendstory-production-s3-public.s3.amazonaws.com/media/cards/large/AJV024.webp
RdDHPzqPQmtJhjpcgcRhh,Strongest Survive,1,Brute,,Deck,Brute Action - Attack,3,7,3,true,R,R,ARR|SKA|SUP,ARR014,https://legendstory-production-s3-public.s3.amazonaws.com/media/cards/large/ARR014.webp
BQtMNCrD8BHhPdjgmMpMN,Strongest Survive,2,Brute,,Deck,Brute Action - Attack,3,6,3,true,R,R,SKA|SUP,SKA023,https://legendstory-production-s3-public.s3.amazonaws.com/media/cards/large/SKA023.webp
mgbKnbTJP7Tj6kBFmgrLJ,Strongest Survive,3,Brute,,Deck,Brute Action - Attack,3,5,3,true,R,R,SKA|SUP,SKA032,https://legendstory-production-s3-public.s3.amazonaws.com/media/cards/large/SKA032.webp
wj7qpMrzMjDbn8tmtfPL7,Stubby Hammerers,,Generic,,Equipment,Generic Equipment - Arms,,,0,true,C,C,MON,MON239,https://legendstory-production-s3-public.s3.amazonaws.com/media/cards/large/MON239.webp
czMNmPkcRdNwQ87L77gW8,Stun Star,3,Ninja,,Deck,Ninja Instant - Shuriken Item,0,1,2,true,M,M,OMN,OMN234,https://legendstory-production-s3-public.s3.amazonaws.com/media/cards/large/OMN234.webp
fg6fdKmQkGmCgkGprpKRR,Stunning Swipe,1,Runeblade,Lightning,Deck,Lightning Runeblade Action - Attack,0,3,3,true,C,C,OMN,OMN074,https://legendstory-production-s3-public.s3.amazonaws.com/media/cards/large/OMN074.webp
zn8NpMnDBcKzGhLj9Cp6J,Stunning Swipe,2,Runeblade,Lightning,Deck,Lightning Runeblade Action - Attack,0,2,3,true,C,C,OMN,OMN075,https://legendstory-production-s3-public.s3.amazonaws.com/media/cards/large/OMN075.webp
T7GW8p6RPN7C9Bk8bLWDd,Stunning Swipe,3,Runeblade,Lightning,Deck,Lightning Runeblade Action - Attack,0,1,3,true,C,C,OMN,OMN076,https://legendstory-production-s3-public.s3.amazonaws.com/media/cards/large/OMN076.webp
JPwjprFjTWqcQJdcJLqmJ,Submerge,1,Pirate,,Deck,Pirate Action - Attack,0,6,3,true,C|P,C,GEM|PEN,GEM128,https://legendstory-production-s3-public.s3.amazonaws.com/media/cards/large/GEM128.webp
8HczDHq8DGPQrpqcRLMmm,Submerge,2,Pirate,,Deck,Pirate Action - Attack,0,5,3,true,C,C,PEN,PEN175,https://legendstory-production-s3-public.s3.amazonaws.com/media/cards/large/PEN175.webp
TwwCRKdKRK7BLDfNWdL7w,Submerge,3,Pirate,,Deck,Pirate Action - Attack,0,4,3,true,C,C,PEN,PEN176,https://legendstory-production-s3-public.s3.amazonaws.com/media/cards/large/PEN176.webp
CNNCgwHGzCBKNMHCWhdTR,Succumb to Temptation,2,Runeblade,,Deck,Runeblade Action,0,,3,true,M,M,ROS,ROS119,https://legendstory-production-s3-public.s3.amazonaws.com/media/cards/large/ROS119.webp
kkw8H7tTjGHf7kqbDt8jL,Succumb to Winter,1,Wizard,Elemental,Deck,Elemental Wizard Action,3,,3,true,R,R,UPR,UPR110,https://legendstory-production-s3-public.s3.amazonaws.com/media/cards/large/UPR110.webp
FDhnc6LFDpgBcwQGpJwrC,Succumb to Winter,2,Wizard,Elemental,Deck,Elemental Wizard Action,3,,3,true,R,R,UPR,UPR111,https://legendstory-production-s3-public.s3.amazonaws.com/media/cards/large/UPR111.webp
R9Q7mwDPBhRhhgRbtC6dD,Succumb to Winter,3,Wizard,Elemental,Deck,Elemental Wizard Action,3,,3,true,R,R,UPR,UPR112,https://legendstory-production-s3-public.s3.amazonaws.com/media/cards/large/UPR112.webp
GhBpCcmh8kBf9gKNDPz68,Summer's Fall,1,,Earth,Deck,Earth Action - Attack,2,6,2,true,R,R,ROS,ROS039,https://legendstory-production-s3-public.s3.amazonaws.com/media/cards/large/ROS039.webp
kKMdmTCkGRNTMHHRDznLQ,Summer's Fall,2,,Earth,Deck,Earth Action - Attack,2,5,2,true,R,R,ROS,ROS040,https://legendstory-production-s3-public.s3.amazonaws.com/media/cards/large/ROS040.webp
6CbcjKgjJbTDrfbtDhMkW,Summer's Fall,3,,Earth,Deck,Earth Action - Attack,2,4,2,true,R,R,ROS|VER,ROS041,https://legendstory-production-s3-public.s3.amazonaws.com/media/cards/large/ROS041.webp
w6HDQDjbzfdMfwGRBK9Jd,Summerwood Shelter,1,,Earth,Deck,Earth Instant,0,,,true,R,R,ELE,ELE125,https://legendstory-production-s3-public.s3.amazonaws.com/media/cards/large/ELE125.webp
Q8gBqCWH8grgtgN8gdbp7,Summerwood Shelter,2,,Earth,Deck,Earth Instant,0,,,true,R,R,BRI|ELE,BRI023,https://legendstory-production-s3-public.s3.amazonaws.com/media/cards/large/BRI023.webp
R8JRnKHBzwRGBw8hnrJrg,Summerwood Shelter,3,,Earth,Deck,Earth Instant,0,,,true,R,R,ELE,ELE127,https://legendstory-production-s3-public.s3.amazonaws.com/media/cards/large/ELE127.webp
mdKJt7RCqRRrW6PbnJztL,"Summit, the Unforgiving",,Guardian,Earth|Ice,Weapon,Earth Ice Guardian Weapon - Polearm (1H),,4,,true,M|P,M,AJV|FAB|GEM,AJV002,https://legendstory-production-s3-public.s3.amazonaws.com/media/cards/large/AJV002-RF.webp
QqKLnDCDCgnqtz8bzgFRt,Sun Kiss,1,Generic,,Deck,Generic Action,0,,2,true,C,C,ARC,ARC212,https://legendstory-production-s3-public.s3.amazonaws.com/media/cards/large/ARC212.webp
tnCRf6pBMHN7tLRBMRB9p,Sun Kiss,2,Generic,,Deck,Generic Action,0,,2,true,C,C,ARC,ARC213,https://legendstory-production-s3-public.s3.amazonaws.com/media/cards/large/ARC213.webp
rcCgrhCWrcPC9RGFqMqm9,Sun Kiss,3,Generic,,Deck,Generic Action,0,,2,true,C,C,ARC,ARC214,https://legendstory-production-s3-public.s3.amazonaws.com/media/cards/large/ARC214.webp
RjKRwHmnd9Dh87HHhr9mw,Sunken Treasure,3,Pirate,,Deck,Pirate Block,,,3,true,M,M,SEA,SEA133,https://legendstory-production-s3-public.s3.amazonaws.com/media/cards/large/SEA133.webp
D9zBtmGnckbkJ9TKNQfkj,Sunkwater Exoshell,,Generic,,Equipment,Generic Equipment - Chest,,,0,true,R,R,MPG,MPG115,https://legendstory-production-s3-public.s3.amazonaws.com/media/cards/large/MPG115.webp
DQLmKzJKKHKfFWBqQkgCT,Sunkwater Lookout,,Generic,,Equipment,Generic Equipment - Head,,,0,true,R,R,MPG,MPG114,https://legendstory-production-s3-public.s3.amazonaws.com/media/cards/large/MPG114.webp
qBMWrpjH8JGrk6Tw7FrHL,Sunkwater Pincers,,Generic,,Equipment,Generic Equipment - Arms,,,0,true,R,R,MPG,MPG116,https://legendstory-production-s3-public.s3.amazonaws.com/media/cards/large/MPG116.webp
kRzbQwnrjfkgzbncc9QQn,Sunkwater Scalers,,Generic,,Equipment,Generic Equipment - Legs,,,0,true,R,R,MPG,MPG117,https://legendstory-production-s3-public.s3.amazonaws.com/media/cards/large/MPG117.webp
H99k8wdCTRgwmHP7ftWt7,Supercell,3,Mechanologist,,Deck,Mechanologist Action,X,,2,true,M,M,MST,MST227,https://legendstory-production-s3-public.s3.amazonaws.com/media/cards/large/MST227.webp
PBrb69BLQLtMLLQJgBqww,Superstar,3,Guardian,Revered,Deck,Revered Guardian Instant - Aura,1,,3,true,R|P,R,APS|LGS,APS024,https://legendstory-production-s3-public.s3.amazonaws.com/media/cards/large/APS024.webp
JR9JmbdnQ8mTLfjMHf9n8,"Suraya, Archangel of Erudition",,,Light,Deck,Light - Angel Ally,,4,,true,M|V,M,DTD,DTD005,https://legendstory-production-s3-public.s3.amazonaws.com/media/cards/large/DTD005_BACK.webp
7GqwMzK8mCrkKQ9kdpF7W,"Suraya, Archangel of Knowledge",,Illusionist,Light,Deck,Light Illusionist - Angel Ally,,4,,true,L|V,L,DYN,DYN212,https://legendstory-production-s3-public.s3.amazonaws.com/media/cards/large/DYN212-RF_BACK.webp
wQW7bhgz9hpPLfMW9fq7h,Surface Shaking,3,Guardian,,Deck,Guardian Action - Aura,3,,3,true,M,M,SEA,SEA251,https://legendstory-production-s3-public.s3.amazonaws.com/media/cards/large/SEA251.webp
g69J9qNWrLQRfCbT8D9jk,Surgent Aethertide,,Wizard,,Weapon,Wizard Weapon - Staff (2H),,,,true,M|V,M,DYN,DYN192,https://legendstory-production-s3-public.s3.amazonaws.com/media/cards/large/DYN192.webp
Wkmf8d6QjLGFqWMF8bcw6,Surgical Extraction,3,Assassin,,Deck,Assassin Action - Attack,2,4,3,true,M,M,DYN,DYN122,https://legendstory-production-s3-public.s3.amazonaws.com/media/cards/large/DYN122.webp
HCqwPDFhtdFfGwhFpwW98,Surging Militia,1,Generic,,Deck,Generic Action - Attack,2,5,2,true,C,C,MON,MON287,https://legendstory-production-s3-public.s3.amazonaws.com/media/cards/large/MON287.webp
tPGH6kTnMBWB6KwfqmDtr,Surging Militia,2,Generic,,Deck,Generic Action - Attack,2,4,2,true,C,C,MON,MON288,https://legendstory-production-s3-public.s3.amazonaws.com/media/cards/large/MON288.webp
DbbhCQQgKQfTCtnMzFr6P,Surging Militia,3,Generic,,Deck,Generic Action - Attack,2,3,2,true,C,C,MON,MON289,https://legendstory-production-s3-public.s3.amazonaws.com/media/cards/large/MON289.webp
GqNTpPW79fHNzj7kB8Kkb,Surging Strike,1,Ninja,,Deck,Ninja Action - Attack,2,5,2,true,C|P,C,1HP|KAT|KSU|OUT|TNP|WTR,1HP125,https://legendstory-production-s3-public.s3.amazonaws.com/media/cards/large/1HP125.webp
Hpq8jQm9H97HbfhBKgctd,Surging Strike,2,Ninja,,Deck,Ninja Action - Attack,2,4,2,true,C|P,C,1HP|KAT|KSU|OUT|TNP|WTR,1HP126,https://legendstory-production-s3-public.s3.amazonaws.com/media/cards/large/1HP126.webp
KtHkGCQfc6Td7Dg8htCcJ,Surging Strike,3,Ninja,,Deck,Ninja Action - Attack,2,3,2,true,C|P,C,1HP|KAT|OUT|TNP|WTR,1HP127,https://legendstory-production-s3-public.s3.amazonaws.com/media/cards/large/1HP127.webp
QQMpBBLgqWwtCHqdfRBkR,Sutcliffe's Research Notes,1,Runeblade,,Deck,Runeblade Action,1,,2,true,C,C,1HP|CRU,1HP297,https://legendstory-production-s3-public.s3.amazonaws.com/media/cards/large/1HP297.webp
CQCQjcqCrt7TkdtQ88kLM,Sutcliffe's Research Notes,2,Runeblade,,Deck,Runeblade Action,1,,2,true,C,C,1HP|CRU,1HP298,https://legendstory-production-s3-public.s3.amazonaws.com/media/cards/large/1HP298.webp
brKBKrnCrpggpqBPwbpjN,Sutcliffe's Research Notes,3,Runeblade,,Deck,Runeblade Action,1,,2,true,C,C,1HP|CRU,1HP299,https://legendstory-production-s3-public.s3.amazonaws.com/media/cards/large/1HP299.webp
nMfgFcrcDq7KRfmMzrrh8,Sutcliffe's Suede Hides,,Runeblade,,Equipment,Runeblade Equipment - Legs,,,0,true,C,C,AVS|BRI|ELE,AVS006,https://legendstory-production-s3-public.s3.amazonaws.com/media/cards/large/AVS006.webp
HqbJGrbMPHJQWPhN8kcFd,Swabbie,2,Pirate|Necromancer,,Deck,Pirate Necromancer Action - Ally,3,7,,true,C|P|V,C,LGS|SEA|SGB,LGS409,https://legendstory-production-s3-public.s3.amazonaws.com/media/cards/large/LGS409-RF.webp
NtnBPQH6gdBtgKCRmKtFg,Swarming Gloomveil,1,Runeblade,,Deck,Runeblade Action - Attack,0,3,3,true,M,M,EVR,EVR105,https://legendstory-production-s3-public.s3.amazonaws.com/media/cards/large/EVR105.webp
BQDcMDQpmhqJfwGDNNMcL,Sweeping Blow,1,Illusionist,Draconic,Deck,Draconic Illusionist Action - Attack,1,3,3,true,C,C,DRO|UPR,DRO017,https://legendstory-production-s3-public.s3.amazonaws.com/media/cards/large/DRO017.webp
fqQ96RtWDpg7Lh6HcjmFk,Sweeping Blow,2,Illusionist,Draconic,Deck,Draconic Illusionist Action - Attack,1,2,3,true,C,C,UPR,UPR031,https://legendstory-production-s3-public.s3.amazonaws.com/media/cards/large/UPR031.webp
NgdLmcdGCGFwQG98dqGwB,Sweeping Blow,3,Illusionist,Draconic,Deck,Draconic Illusionist Action - Attack,1,1,3,true,C,C,DRO|UPR,DRO018,https://legendstory-production-s3-public.s3.amazonaws.com/media/cards/large/DRO018.webp
9Hp7c9HFRmwLFQ7WtKd86,Swell Tidings,1,Wizard,,Deck,Wizard Action,2,,3,true,M,M,DYN,DYN195,https://legendstory-production-s3-public.s3.amazonaws.com/media/cards/large/DYN195.webp
mtNFHNGDQcCQzfcCGqgHP,Swift Pickup,1,Ninja,,Deck,Ninja Action - Attack,0,3,2,true,M,M,OMN,OMN231,https://legendstory-production-s3-public.s3.amazonaws.com/media/cards/large/OMN231.webp
wFhMnRGdkbwTt6CgpQLHP,Swift Shot,1,Ranger,,Deck,Ranger Action - Arrow Attack,0,4,3,true,C|P,C,GEM|SAZ|SEA,GEM061,https://legendstory-production-s3-public.s3.amazonaws.com/media/cards/large/GEM061.webp
69mRCnm9t6Dcjkk9H8RhG,Swiftstrike Bracers,,Generic,,Equipment,Generic Equipment - Arms,,,0,true,C,C,SBA|SEA,SBA008,https://legendstory-production-s3-public.s3.amazonaws.com/media/cards/large/SBA008.webp
wB9MNr6JNzqKB68gBhbQc,Swiftwater Sloop,1,Pirate,,Deck,Pirate Action - Attack,2,6,2,true,C,C,SEA|SGB,SEA166,https://legendstory-production-s3-public.s3.amazonaws.com/media/cards/large/SEA166.webp
9H8LCJNgGQJCRNPLFKqPN,Swiftwater Sloop,2,Pirate,,Deck,Pirate Action - Attack,2,5,2,true,C,C,SEA,SEA167,https://legendstory-production-s3-public.s3.amazonaws.com/media/cards/large/SEA167.webp
QgnRKmWk6WG8RhnhRTkNB,Swiftwater Sloop,3,Pirate,,Deck,Pirate Action - Attack,2,4,2,true,C,C,SEA|SGB,SEA168,https://legendstory-production-s3-public.s3.amazonaws.com/media/cards/large/SEA168.webp
PFgWLDKNLrPHmLFFFJC7W,Swindler's Grift,1,Pirate,,Deck,Pirate Action - Attack,2,6,2,true,C,C,SEA,SEA169,https://legendstory-production-s3-public.s3.amazonaws.com/media/cards/large/SEA169.webp
kWhWddrDGGh6fpqFrFB6j,Swindler's Grift,2,Pirate,,Deck,Pirate Action - Attack,2,5,2,true,C,C,SEA,SEA170,https://legendstory-production-s3-public.s3.amazonaws.com/media/cards/large/SEA170.webp
gdgW96DqcRG69KdjcLBjr,Swindler's Grift,3,Pirate,,Deck,Pirate Action - Attack,2,4,2,true,C,C,SEA,SEA171,https://legendstory-production-s3-public.s3.amazonaws.com/media/cards/large/SEA171.webp
jPMgW9kwNF8Cj69gwJntt,Swing Big,1,Brute,,Deck,Brute Action - Attack,2,8,3,true,M|P,M,EVR|LGS,EVR002,https://legendstory-production-s3-public.s3.amazonaws.com/media/cards/large/EVR002.webp
GJdjP8QBqTFjbpwD7fKkf,"Swing Fist, Think Later",1,Brute,,Deck,Brute Action - Attack,1,4,3,true,C,C,CRU,CRU019,https://legendstory-production-s3-public.s3.amazonaws.com/media/cards/large/CRU019.webp
NKnCpDpncwNQcfJrqTLPz,"Swing Fist, Think Later",2,Brute,,Deck,Brute Action - Attack,1,3,3,true,C,C,CRU,CRU020,https://legendstory-production-s3-public.s3.amazonaws.com/media/cards/large/CRU020.webp
FtFNN8f6NTbJtkPNGMmfJ,"Swing Fist, Think Later",3,Brute,,Deck,Brute Action - Attack,1,2,3,true,C,C,CRU,CRU021,https://legendstory-production-s3-public.s3.amazonaws.com/media/cards/large/CRU021.webp
gTLKtttbcq6CcLMHghJKw,Swordmaster's Path,1,Warrior,,Deck,Warrior Action,1,,3,true,C,C,AHA|MPW,AHA014,https://legendstory-production-s3-public.s3.amazonaws.com/media/cards/large/AHA014.webp
mQgfBCzjFB6qBJfLhK8dd,Swordmaster's Path,2,Warrior,,Deck,Warrior Action,1,,3,true,C,C,MPW,MPW131,https://legendstory-production-s3-public.s3.amazonaws.com/media/cards/large/MPW131.webp
tpmhpDqjKq6NwtnKCBJwd,Swordmaster's Path,3,Warrior,,Deck,Warrior Action,1,,3,true,C,C,AHA|MPW,AHA025,https://legendstory-production-s3-public.s3.amazonaws.com/media/cards/large/AHA025.webp
ngQmpGCLgQBbmwzpwgfcp,Swordmaster's Shine,1,Warrior,,Deck,Warrior Attack Reaction,3,,3,true,M|P,M,LGS|PEN,LGS446,https://legendstory-production-s3-public.s3.amazonaws.com/media/cards/large/LGS446-CF.webp
Dm9LL8NBBLmr7qchQ7cpn,Sworn Vengeance,1,Warrior,,Deck,Warrior Action,0,,3,true,C,C,FNG|HNT,FNG019,https://legendstory-production-s3-public.s3.amazonaws.com/media/cards/large/FNG019.webp
TH9GfGKwbnJRcWcgT8Gwc,Sworn Vengeance,2,Warrior,,Deck,Warrior Action,0,,3,true,C,C,FNG|HNT,FNG022,https://legendstory-production-s3-public.s3.amazonaws.com/media/cards/large/FNG022.webp
LF9TBNgmPnzzWbD6FzGRf,Sworn Vengeance,3,Warrior,,Deck,Warrior Action,0,,3,true,C,C,FNG|HNT,FNG026,https://legendstory-production-s3-public.s3.amazonaws.com/media/cards/large/FNG026.webp
tPW6ffbwKnNCWf9hKLKTN,Symbiosis Shot,,Mechanologist,,Weapon,Mechanologist Weapon - Gun (2H),,2,,true,T|C|P,T,AIO|EVO|LGS,AIO002,https://legendstory-production-s3-public.s3.amazonaws.com/media/cards/large/AIO002.webp
HGKWRtMqN8D6rtGHkb7RB,Synapse Sparkcap,,Mechanologist,,Equipment,Mechanologist Equipment - Base Head,,,1,true,M|P,M,FAB|PEN,FAB410,https://legendstory-production-s3-public.s3.amazonaws.com/media/cards/large/FAB410-GF.webp
GTWTq8HRqQM9nCCqQcTPD,System Failure,2,Mechanologist,,Deck,Mechanologist Action,1,,2,true,M,M,EVO,EVO144,https://legendstory-production-s3-public.s3.amazonaws.com/media/cards/large/EVO144.webp
bh7RktHmCjjn9mKNmT6QK,System Reset,2,Mechanologist,,Deck,Mechanologist Action,X,,3,true,M,M,EVO,EVO145,https://legendstory-production-s3-public.s3.amazonaws.com/media/cards/large/EVO145.webp
7kwDMdkW6h7bMH8ctTjPC,T-Bone,1,Mechanologist,,Deck,Mechanologist Action - Attack,0,3,3,true,R|P,R,AMX|EVR|TNP,AMX013,https://legendstory-production-s3-public.s3.amazonaws.com/media/cards/large/AMX013.webp
QkHWwDgWHtWPqbHHrcBLM,T-Bone,2,Mechanologist,,Deck,Mechanologist Action - Attack,0,2,3,true,R|P,R,EVR|TNP,EVR074,https://legendstory-production-s3-public.s3.amazonaws.com/media/cards/large/EVR074.webp
zqDHmd6wGQKW8HFHd7BNP,T-Bone,3,Mechanologist,,Deck,Mechanologist Action - Attack,0,1,3,true,R|P,R,EVR|TNP,EVR075,https://legendstory-production-s3-public.s3.amazonaws.com/media/cards/large/EVR075.webp
nzwjQnhrKth6NkJHKHKnD,Tag the Target,1,Ninja,,Deck,Ninja Action - Attack,0,3,2,true,C,C,CIN|HNT,CIN020,https://legendstory-production-s3-public.s3.amazonaws.com/media/cards/large/CIN020.webp
mzgkQrfmk8LtFjnQzQqgM,Tag the Target,2,Ninja,,Deck,Ninja Action - Attack,0,2,2,true,C,C,CIN|HNT,CIN022,https://legendstory-production-s3-public.s3.amazonaws.com/media/cards/large/CIN022.webp
qnKjmr6mDJDGbhn6mQdkp,Tag the Target,3,Ninja,,Deck,Ninja Action - Attack,0,1,2,true,C,C,CIN|HNT,CIN026,https://legendstory-production-s3-public.s3.amazonaws.com/media/cards/large/CIN026.webp
FtGCjcNCNGg9MkDMwtKCN,"Taipanis, Dracai of Judgement",,Adjudicator,Draconic,Hero,Draconic Adjudicator Hero,,,,true,P,P,JDG,JDG001,https://legendstory-production-s3-public.s3.amazonaws.com/media/cards/large/JDG001-CF.webp
DkcD8cfprKB8RPWLKdMhf,Take a Stab,1,Assassin|Warrior,,Deck,Assassin / Warrior Attack Reaction,0,,2,true,C,C,HNT,HNT211,https://legendstory-production-s3-public.s3.amazonaws.com/media/cards/large/HNT211.webp
b7j6PpNMGdBQndqjMtcHt,Take a Stab,2,Assassin|Warrior,,Deck,Assassin / Warrior Attack Reaction,0,,2,true,C,C,HNT,HNT212,https://legendstory-production-s3-public.s3.amazonaws.com/media/cards/large/HNT212.webp
mrHRpJzKbQPN9TnLb6mjd,Take a Stab,3,Assassin|Warrior,,Deck,Assassin / Warrior Attack Reaction,0,,2,true,C,C,HNT|WOD,HNT213,https://legendstory-production-s3-public.s3.amazonaws.com/media/cards/large/HNT213.webp
hFhjbTW96DmWQPBP8C8HF,Take Aim,1,Ranger,,Deck,Ranger Action,0,,2,true,R|P,R,1HP|ARC|LXI|SAZ|TNP,1HP237,https://legendstory-production-s3-public.s3.amazonaws.com/media/cards/large/1HP237.webp
BRqmNMWwQ8JzLDFqm9kHF,Take Aim,2,Ranger,,Deck,Ranger Action,0,,2,true,R|P,R,1HP|ARC|TNP,1HP238,https://legendstory-production-s3-public.s3.amazonaws.com/media/cards/large/1HP238.webp
KggmMRjNjrbRHWRTLjjb9,Take Aim,3,Ranger,,Deck,Ranger Action,0,,2,true,R|P,R,1HP|ARC|TNP,1HP239,https://legendstory-production-s3-public.s3.amazonaws.com/media/cards/large/1HP239.webp
grtHjPTGHTGG9WkdcktdH,Take Cover,1,Ranger,,Deck,Ranger Defense Reaction,0,,4,true,R,R,1HP|ARC,1HP234,https://legendstory-production-s3-public.s3.amazonaws.com/media/cards/large/1HP234.webp
NrFKWFj7trMRwtfPTzhnd,Take Cover,2,Ranger,,Deck,Ranger Defense Reaction,0,,3,true,R,R,1HP|ARC,1HP235,https://legendstory-production-s3-public.s3.amazonaws.com/media/cards/large/1HP235.webp
znBDQrJdGgbtkcnTrLhwm,Take Cover,3,Ranger,,Deck,Ranger Defense Reaction,0,,2,true,R,R,1HP|ARC,1HP236,https://legendstory-production-s3-public.s3.amazonaws.com/media/cards/large/1HP236.webp
jDD7pNJQw7B6DJf6ChRtB,Take Flight,1,Warrior,Light,Deck,Light Warrior Action - Attack,1,4,3,true,C,C,ASB|BOL|MON|SBL,ASB013,https://legendstory-production-s3-public.s3.amazonaws.com/media/cards/large/ASB013.webp
nQ8twtLDzDb9JFmDCdG7j,Take Flight,2,Warrior,Light,Deck,Light Warrior Action - Attack,1,3,3,true,C,C,ASB|BOL|MON|SBL,ASB022,https://legendstory-production-s3-public.s3.amazonaws.com/media/cards/large/ASB022.webp
hhQwdkFWGnMzRtpDBTzQ9,Take Flight,3,Warrior,Light,Deck,Light Warrior Action - Attack,1,2,3,true,C,C,MON,MON056,https://legendstory-production-s3-public.s3.amazonaws.com/media/cards/large/MON056.webp
TChD6cjwh6bQmkf7kQFqP,Take it on the Chin,1,Brute|Warrior,,Deck,Brute / Warrior Instant,0,,,true,R|P,R,HVY|KSI|LGS,HVY160,https://legendstory-production-s3-public.s3.amazonaws.com/media/cards/large/HVY160.webp
NRb9nNnt9qMMLRqj9R96w,Take That!,1,,Reviled,Deck,Reviled Action - Attack,0,5,2,true,C|P,C,GEM|SUP,GEM095,https://legendstory-production-s3-public.s3.amazonaws.com/media/cards/large/GEM095.webp
Nqzj9MrbgtzjcKdhdGcf8,Take That!,2,,Reviled,Deck,Reviled Action - Attack,0,4,2,true,C,C,SUP,SUP112,https://legendstory-production-s3-public.s3.amazonaws.com/media/cards/large/SUP112.webp
wMrpDKMP9BqdqWfhBG6mm,Take That!,3,,Reviled,Deck,Reviled Action - Attack,0,3,2,true,C,C,SUP,SUP113,https://legendstory-production-s3-public.s3.amazonaws.com/media/cards/large/SUP113.webp
7MhmQ8chFGLcdjP66Jgj6,Take the Bait,1,Ranger,,Deck,Ranger Action,0,,3,true,M,M,SUP,SUP258,https://legendstory-production-s3-public.s3.amazonaws.com/media/cards/large/SUP258.webp
fdR8zN6W8bmtBfmMzTmWg,Take the Lead,1,Warrior,,Deck,Warrior Instant,0,,,true,R,R,MPW,MPW073,https://legendstory-production-s3-public.s3.amazonaws.com/media/cards/large/MPW073.webp
TtF8Q9WNQqPmJdrd6qp7k,Take the Tempo,1,Ninja,,Deck,Ninja Action - Attack,1,5,3,true,M,M,UPR,UPR161,https://legendstory-production-s3-public.s3.amazonaws.com/media/cards/large/UPR161.webp
p6Q8Fw6T7dfBwGGpwQDrq,Take the Upper Hand,1,Warrior,,Deck,Warrior Attack Reaction,0,,3,true,C|R,C,AOL|HVY|MPW|OLA,AOL009,https://legendstory-production-s3-public.s3.amazonaws.com/media/cards/large/AOL009.webp
mKhjrDrWRrQRrTBjQPw8B,Take the Upper Hand,2,Warrior,,Deck,Warrior Attack Reaction,0,,3,true,C|R,C,HVY|MPW,HVY113,https://legendstory-production-s3-public.s3.amazonaws.com/media/cards/large/HVY113.webp
8fDjHmMPJKnqMtqcHbQBw,Take the Upper Hand,3,Warrior,,Deck,Warrior Attack Reaction,0,,3,true,C|R,C,HVY|MPW,HVY114,https://legendstory-production-s3-public.s3.amazonaws.com/media/cards/large/HVY114.webp
C7rGNWzwQJpMRcmLBbbQP,Take Up the Mantle,2,Assassin,,Deck,Assassin Attack Reaction,0,,3,true,M,M,AAC|HNT,AAC024,https://legendstory-production-s3-public.s3.amazonaws.com/media/cards/large/AAC024.webp
zbnpfqW7d6CqN9wT8Dcft,Tales of Adventure,3,Bard,,Deck,Bard Action,0,,3,false,P,P,LSS,LSS005,https://legendstory-production-s3-public.s3.amazonaws.com/media/cards/large/LSS005-RF.webp
8CrHbRjngmzcwbkWMg9gb,"Talishar, the Lost Prince",,Generic,,Weapon,Generic Weapon - Sword (2H),,4,,true,R,R,1HP|CRU|SDA,1HP367,https://legendstory-production-s3-public.s3.amazonaws.com/media/cards/large/1HP367.webp
LWWn7QHqCdDCQRFqPKBJM,Talisman of Balance,3,Generic,,Deck,Generic Action - Item,0,,,true,R,R,EVR,EVR188,https://legendstory-production-s3-public.s3.amazonaws.com/media/cards/large/EVR188.webp
gndDzrf8p9pprWwb6HwtL,Talisman of Cremation,3,Generic,,Deck,Generic Action - Item,0,,,true,R,R,EVR,EVR189,https://legendstory-production-s3-public.s3.amazonaws.com/media/cards/large/EVR189.webp
RnBBWkdHbRb6tCRPF8Mpq,Talisman of Dousing,2,Generic,,Deck,Generic Action - Item,0,,,true,C,C,MON,MON302,https://legendstory-production-s3-public.s3.amazonaws.com/media/cards/large/MON302.webp
6hDkMpLkc7DhKgtNQFwHP,Talisman of Featherfoot,2,Generic,,Deck,Generic Action - Item,0,,,true,R,R,EVR,EVR190,https://legendstory-production-s3-public.s3.amazonaws.com/media/cards/large/EVR190.webp
9ttJWT9drbGLKtmTFMDqM,Talisman of Recompense,2,Generic,,Deck,Generic Action - Item,0,,,true,R,R,EVR,EVR191,https://legendstory-production-s3-public.s3.amazonaws.com/media/cards/large/EVR191.webp
zhgmgL9kJnkNLdL9LK6kn,Talisman of Tithes,3,Generic,,Deck,Generic Action - Item,0,,,true,R,R,EVR,EVR192,https://legendstory-production-s3-public.s3.amazonaws.com/media/cards/large/EVR192.webp
prmFpdjrdCqD9hDmHTfPK,Talisman of Warfare,2,Generic,,Deck,Generic Action - Item,0,,,true,R,R,EVR,EVR193,https://legendstory-production-s3-public.s3.amazonaws.com/media/cards/large/EVR193.webp
JTNgbmMDfnz69RKFpjrrR,Talismanic Lens,,Generic,,Equipment,Generic Equipment - Head,,,0,true,C|P,C,1HP|ARC|FAB|SAZ|SBZ,1HP354,https://legendstory-production-s3-public.s3.amazonaws.com/media/cards/large/1HP354.webp
Cqr7rhqq8hQPPhpHQBCHr,Talk a Big Game,3,Brute|Guardian,,Deck,Brute / Guardian Action,0,,3,true,M|P,M,FAB|HVY,FAB195,https://legendstory-production-s3-public.s3.amazonaws.com/media/cards/large/FAB195-RF.webp
JWhM8H7f8tLhnHtgtGkMn,Tame the Beastly Behavior,1,,Revered,Deck,Revered Action - Attack,3,7,3,true,S,S,SUP,SUP024,https://legendstory-production-s3-public.s3.amazonaws.com/media/cards/large/SUP024.webp
pJ9nmwqTCCHnPdCKhmCpj,Tap Lessons Past,1,Wizard,Lightning,Deck,Lightning Wizard Action,1,,3,true,C,C,OMN,OMN124,https://legendstory-production-s3-public.s3.amazonaws.com/media/cards/large/OMN124.webp
qJTtff8cWtnkLngCdnfGt,Tap Lessons Past,2,Wizard,Lightning,Deck,Lightning Wizard Action,1,,3,true,C,C,OMN,OMN125,https://legendstory-production-s3-public.s3.amazonaws.com/media/cards/large/OMN125.webp
npt7bHwQtJJr8wKKgB79N,Tap Lessons Past,3,Wizard,Lightning,Deck,Lightning Wizard Action,1,,3,true,C,C,OMN,OMN126,https://legendstory-production-s3-public.s3.amazonaws.com/media/cards/large/OMN126.webp
BfCHDqCQHfNgqQGckhq7d,Tarantula Toxin,1,Assassin,,Deck,Assassin Attack Reaction,0,,3,true,M|P,M,FAB|HNT,FAB315,https://legendstory-production-s3-public.s3.amazonaws.com/media/cards/large/FAB315-RF.webp
QBPpDnWkrTkRMnJBkjHLq,Target Totalizer,,Ranger,,Equipment,Ranger Equipment - Head,,,,true,M|P,M,AAZ|JDG,AAZ004,https://legendstory-production-s3-public.s3.amazonaws.com/media/cards/large/AAZ004-RF.webp
BPHDqTPTT6nKHGjRqjFzR,Tarpit Trap,2,Ranger,,Deck,Ranger Defense Reaction - Trap,0,,3,true,R|P,R,LGS|OUT|RIP,LGS140,https://legendstory-production-s3-public.s3.amazonaws.com/media/cards/large/LGS140-RF.webp
PkD89rQPqTmdPjzH6GMhf,Taylor,,Shapeshifter,,Hero,Shapeshifter Hero - Young,,,,false,P,P,LSS,LSS003,https://legendstory-production-s3-public.s3.amazonaws.com/media/cards/large/LSS003-CF.webp
C8r9mHpCfPTcgggPdbMLB,Tear Asunder,3,Guardian,,Deck,Guardian Action,3,,3,true,M,M,APS|ELE,APS021,https://legendstory-production-s3-public.s3.amazonaws.com/media/cards/large/APS021.webp
zbbcnPDqrfQTdmGgMTzh7,Tear Down the Idols,1,,Reviled,Deck,Reviled Action - Attack,3,7,3,true,S,S,SUP,SUP086,https://legendstory-production-s3-public.s3.amazonaws.com/media/cards/large/SUP086.webp
6FrqKM6Ckpz9NCG8wGcGq,Tear Limb from Limb,3,Brute,,Deck,Brute Action,2,,,true,M,M,MON,MON222,https://legendstory-production-s3-public.s3.amazonaws.com/media/cards/large/MON222.webp
RFMBB9GfNJQLM6GJkRz9W,Tear Through the Portal,1,,Shadow,Deck,Shadow Action,0,,2,true,C,C,DTD,DTD190,https://legendstory-production-s3-public.s3.amazonaws.com/media/cards/large/DTD190.webp
fC686brzCdJgKGMp6M7WC,Tear Through the Portal,2,,Shadow,Deck,Shadow Action,0,,2,true,C,C,DTD,DTD191,https://legendstory-production-s3-public.s3.amazonaws.com/media/cards/large/DTD191.webp
HzqwtHgqqtMcCLcCGnQP9,Tear Through the Portal,3,,Shadow,Deck,Shadow Action,0,,2,true,C,C,DTD,DTD192,https://legendstory-production-s3-public.s3.amazonaws.com/media/cards/large/DTD192.webp
hwnbrjRKLGTmzF8wf6QDH,Tearing Shuko,,Ninja,,Equipment,Ninja Equipment - Arms,,,1,true,R,R,DYN|SFA|TCC,DYN046,https://legendstory-production-s3-public.s3.amazonaws.com/media/cards/large/DYN046.webp
gjCz8rLDrG7h7MQpBwGHz,Tectonic Crust,,Guardian,Earth,Equipment,Earth Guardian Equipment - Chest,,,2,true,M,M,AJV,AJV005,https://legendstory-production-s3-public.s3.amazonaws.com/media/cards/large/AJV005-RF.webp
JFDFLn6NdmhgRFdTDg9Nz,Tectonic Instability,3,Guardian,,Deck,Guardian Action,0,,3,true,R,R,MPG,MPG046,https://legendstory-production-s3-public.s3.amazonaws.com/media/cards/large/MPG046.webp
TN6DmN7GK9DtMKd9pnmwF,Tectonic Plating,,Guardian,,Equipment,Guardian Equipment - Chest,,,2,true,P|L,P,1HP|FAB|WTR,1HP047,https://legendstory-production-s3-public.s3.amazonaws.com/media/cards/large/1HP047.webp
69TdTgmPz69bNLRWPHLpK,Tectonic Rift,3,Guardian,,Deck,Guardian Action,X,,2,true,M,M,EVO,EVO238,https://legendstory-production-s3-public.s3.amazonaws.com/media/cards/large/EVO238.webp
9fgDH76FTCT7NWzJmBRGk,Teeth of the Cog,1,Mechanologist,,Deck,Mechanologist Action - Attack,0,4,2,true,C,C,SEA,SEA030,https://legendstory-production-s3-public.s3.amazonaws.com/media/cards/large/SEA030.webp
d7MbqP6qdjzHWbbJTzCfF,Teeth of the Cog,2,Mechanologist,,Deck,Mechanologist Action - Attack,0,3,2,true,C,C,SEA,SEA031,https://legendstory-production-s3-public.s3.amazonaws.com/media/cards/large/SEA031.webp
Mphbggf6mpBbRJJb6dfgL,Teeth of the Cog,3,Mechanologist,,Deck,Mechanologist Action - Attack,0,2,2,true,C,C,SEA,SEA032,https://legendstory-production-s3-public.s3.amazonaws.com/media/cards/large/SEA032.webp
ddc8cKjhFDgfDQqdpcRjB,Teklo Base Arms,,Mechanologist,,Equipment,Mechanologist Equipment - Base Arms,,,1,true,C|P,C,EVO|LGS,EVO020,https://legendstory-production-s3-public.s3.amazonaws.com/media/cards/large/EVO020.webp
LHBn8grtppJpC8gBmzfrd,Teklo Base Chest,,Mechanologist,,Equipment,Mechanologist Equipment - Base Chest,,,1,true,C|P,C,EVO|LGS,EVO019,https://legendstory-production-s3-public.s3.amazonaws.com/media/cards/large/EVO019.webp
DkcTJhjgpTcfrhDFffL6q,Teklo Base Head,,Mechanologist,,Equipment,Mechanologist Equipment - Base Head,,,1,true,C|P,C,EVO|LGS,EVO018,https://legendstory-production-s3-public.s3.amazonaws.com/media/cards/large/EVO018.webp
RGPqjKtjJdcNLcrb8NGmN,Teklo Base Legs,,Mechanologist,,Equipment,Mechanologist Equipment - Base Legs,,,1,true,C|P,C,EVO|LGS,EVO021,https://legendstory-production-s3-public.s3.amazonaws.com/media/cards/large/EVO021.webp
fwNFw9pTWMpgz8t9dCgMD,Teklo Blaster,,Mechanologist,,Weapon,Mechanologist Weapon - Gun (2H),,2,,true,R,R,TCC,TCC002,https://legendstory-production-s3-public.s3.amazonaws.com/media/cards/large/TCC002-CF.webp
WhkHHgjnWgncTLFtLDKjn,Teklo Core,3,Mechanologist,,Deck,Mechanologist Action - Item,0,,,true,M|P,M,1HP|ARC|LGS,1HP192,https://legendstory-production-s3-public.s3.amazonaws.com/media/cards/large/1HP192.webp
tBqFrtGcBNQt7GnMFTPPB,Teklo Foundry Heart,,Mechanologist,,Equipment,Mechanologist Equipment - Chest,,,2,true,P|L,P,1HP|ARC|EVO|FAB,1HP185,https://legendstory-production-s3-public.s3.amazonaws.com/media/cards/large/1HP185.webp
JR8LzTchKj8QmqkCN7GHw,Teklo Leveler,,Mechanologist,,Weapon,Mechanologist Weapon - Gun (2H),,2,,true,T|P,T,EVO|LGS,EVO009,https://legendstory-production-s3-public.s3.amazonaws.com/media/cards/large/EVO009.webp
fNFqtdWLq6tCPnnwjLLWL,Teklo Plasma Pistol,,Mechanologist,,Weapon,Mechanologist Weapon - Pistol (2H),,2,,true,T|C|P,T,1HP|ARC|CRU|FAB|LGS,1HP184,https://legendstory-production-s3-public.s3.amazonaws.com/media/cards/large/1HP184.webp
DgWtHJjggBQdwKWNpMKLz,Teklo Pounder,3,Mechanologist,,Deck,Mechanologist Action - Item,2,,,true,M|P,M,EVR|GEM,EVR072,https://legendstory-production-s3-public.s3.amazonaws.com/media/cards/large/EVR072.webp
qBLKg67dFpCD8mWdbW9Qq,Teklo Trebuchet 2000,3,Mechanologist,,Deck,Mechanologist Action - Attack,0,1,3,true,R|P,R,GEM|PEN|SDA,GEM121,https://legendstory-production-s3-public.s3.amazonaws.com/media/cards/large/GEM121.webp
RHn8rJBnGbggWjkLcJjJL,Teklonetic Force Field,1,Mechanologist,,Deck,Mechanologist Block,,,3,true,C,C,EVO,EVO231,https://legendstory-production-s3-public.s3.amazonaws.com/media/cards/large/EVO231.webp
WbkFQ7Dn6C8WjHp977dzJ,Teklonetic Force Field,2,Mechanologist,,Deck,Mechanologist Block,,,2,true,C,C,EVO,EVO232,https://legendstory-production-s3-public.s3.amazonaws.com/media/cards/large/EVO232.webp
TNkkjRT7C7cpJTKbBRfDm,Teklonetic Force Field,3,Mechanologist,,Deck,Mechanologist Block,,,1,true,C,C,EVO,EVO233,https://legendstory-production-s3-public.s3.amazonaws.com/media/cards/large/EVO233.webp
6PPFnJ8tNtPKN6Km7NWpp,Teklovossen,,Mechanologist,,Hero,Mechanologist Hero - Young,,,,false,T|P|V,T,EVO|HER|PEN,EVO008,https://legendstory-production-s3-public.s3.amazonaws.com/media/cards/large/EVO008.webp
r7dKM6g7knTpRG9fg9rGP,Teklovossen's Workshop,1,Mechanologist,,Deck,Mechanologist Action,0,,3,true,C,C,CRU,CRU115,https://legendstory-production-s3-public.s3.amazonaws.com/media/cards/large/CRU115.webp
bcW6MTgcrNQNWKCMjnWjg,Teklovossen's Workshop,2,Mechanologist,,Deck,Mechanologist Action,0,,3,true,C,C,CRU,CRU116,https://legendstory-production-s3-public.s3.amazonaws.com/media/cards/large/CRU116.webp
p6PjmQ69L8rmnHwCQ8DzQ,Teklovossen's Workshop,3,Mechanologist,,Deck,Mechanologist Action,0,,3,true,C,C,CRU,CRU117,https://legendstory-production-s3-public.s3.amazonaws.com/media/cards/large/CRU117.webp
ndKnMFtcDt8JmPFD6bfbk,"Teklovossen, Esteemed Magnate",,Mechanologist,,Hero,Mechanologist Hero,,,,true,M|P,M,EVO|HER|WIN,EVO007,https://legendstory-production-s3-public.s3.amazonaws.com/media/cards/large/EVO007.webp
BRpMLJdMBPgfJNJLJWDFg,"Teklovossen, the Mechropotent",,Mechanologist,Shadow,Hero,Shadow Mechanologist Demi-Hero Equipment - Evo,,6,6,true,L|V,L,EVO,EVO010,https://legendstory-production-s3-public.s3.amazonaws.com/media/cards/large/EVO010_BACK.webp
b9BCgJDp8qDb6zpNtJwfK,Tempest Aurora,1,Wizard,,Deck,Wizard Action,0,,2,true,C,C,DYN,DYN209,https://legendstory-production-s3-public.s3.amazonaws.com/media/cards/large/DYN209.webp
LWgK7g7ftJ6kWhjg9RQH7,Tempest Aurora,2,Wizard,,Deck,Wizard Action,0,,2,true,C,C,DYN,DYN210,https://legendstory-production-s3-public.s3.amazonaws.com/media/cards/large/DYN210.webp
RLFbbtnr6PH8fKBQmHLCg,Tempest Aurora,3,Wizard,,Deck,Wizard Action,0,,2,true,C,C,DYN,DYN211,https://legendstory-production-s3-public.s3.amazonaws.com/media/cards/large/DYN211.webp
hfTBtd9wKBC6TzhCqQ6mn,Tempest Dancers,,Wizard,,Equipment,Wizard Equipment - Legs,,,0,true,M,M,PEN,PEN106,https://legendstory-production-s3-public.s3.amazonaws.com/media/cards/large/PEN106.webp
D9rHcGbwmfHRQw9CkhHFd,Tempest Palm Gustwave,2,Ninja,,Deck,Ninja Action - Attack,0,3,3,true,M,M,SUP,SUP246,https://legendstory-production-s3-public.s3.amazonaws.com/media/cards/large/SUP246.webp
dJkKN8JqCpJTtG9TPHM7n,Tempestuous Kiss,1,Runeblade,Lightning,Deck,Lightning Runeblade Action - Attack,2,5,3,true,M,M,OMN,OMN051,https://legendstory-production-s3-public.s3.amazonaws.com/media/cards/large/OMN051.webp
QF7w8mPkmCmLGmtzDLDPM,Templar Spellbane,,Warrior,,Equipment,Warrior Equipment - Head,,,1,true,M,M,PEN,PEN043,https://legendstory-production-s3-public.s3.amazonaws.com/media/cards/large/PEN043.webp
Lw6p6ntgdBwB7tDPJtDjG,Temporal Wobble,1,Wizard,,Deck,Wizard Instant,0,,,true,M,M,PEN,PEN112,https://legendstory-production-s3-public.s3.amazonaws.com/media/cards/large/PEN112.webp
gQztCktdLJmWRdNfPNM6q,Tempt Over,2,Generic,,Deck,Generic Action - Attack,0,3,3,true,M,M,OMN,OMN215,https://legendstory-production-s3-public.s3.amazonaws.com/media/cards/large/OMN215.webp
F8hkwqJTR9m8bRKnbr6JB,Ten Foot Tall and Bulletproof,1,Generic,,Deck,Generic Action - Attack,3,10,10,true,M,M,ROS,ROS217,https://legendstory-production-s3-public.s3.amazonaws.com/media/cards/large/ROS217.webp
hJbgjmKWm7PKWGrrRhMf6,Tenacity,2,Generic,,Deck,Generic Action - Attack,0,2,3,true,M,M,ANQ|HVY,ANQ015,https://legendstory-production-s3-public.s3.amazonaws.com/media/cards/large/ANQ015.webp
hGrNPzMgNPK9zJ68bk987,Tension in the Air,1,Guardian,,Deck,Guardian Instant - Aura,2,,3,true,C|P,C,APS|LGS|SLY|SUP,APS013,https://legendstory-production-s3-public.s3.amazonaws.com/media/cards/large/APS013.webp
GKfLHFwG6TzTggQRmt9Nr,Tension in the Air,2,Guardian,,Deck,Guardian Instant - Aura,2,,3,true,C,C,SUP,SUP205,https://legendstory-production-s3-public.s3.amazonaws.com/media/cards/large/SUP205.webp
jTqt98GgKKrwBWjpRCpB9,Tension in the Air,3,Guardian,,Deck,Guardian Instant - Aura,2,,3,true,C,C,APS|SUP,APS025,https://legendstory-production-s3-public.s3.amazonaws.com/media/cards/large/APS025.webp
pBqmnbbKD6HPhw9gkrwwt,Tentacular Toll,1,Pirate|Necromancer,,Deck,Pirate Necromancer Action,0,,3,true,C,C,PEN,PEN162,https://legendstory-production-s3-public.s3.amazonaws.com/media/cards/large/PEN162.webp
D8Kkjdr8wPKPzcnbqJNnt,Tentacular Toll,2,Pirate|Necromancer,,Deck,Pirate Necromancer Action,0,,3,true,C,C,PEN,PEN163,https://legendstory-production-s3-public.s3.amazonaws.com/media/cards/large/PEN163.webp
kRTgFbnKzr6NPC6WFcQQh,Tentacular Toll,3,Pirate|Necromancer,,Deck,Pirate Necromancer Action,0,,3,true,C,C,PEN,PEN164,https://legendstory-production-s3-public.s3.amazonaws.com/media/cards/large/PEN164.webp
zknqNdwtDMrHbRpgKkBJw,Terminator Tank,1,Mechanologist,,Deck,Mechanologist Action - Attack,6,6,3,true,M,M,EVO,EVO055,https://legendstory-production-s3-public.s3.amazonaws.com/media/cards/large/EVO055.webp
m7RgJMCMttCkwRGdBMrGP,Terms of Combat,1,Warrior,,Deck,Warrior Action,2,,3,true,M,M,MPW,MPW034,https://legendstory-production-s3-public.s3.amazonaws.com/media/cards/large/MPW034.webp
JbQPwq8DkLpDdjHCP9www,Terra,,Guardian,Elemental,Hero,Elemental Guardian Hero - Young,,,,false,R|P,R,HER|TER,HER129,https://legendstory-production-s3-public.s3.amazonaws.com/media/cards/large/HER129-CF.webp
DJQQGbkdhhkMkqpDzWwrw,Territorial Domain,3,Ninja,,Deck,Ninja Defense Reaction,0,,2,true,M,M,MST,MST163,https://legendstory-production-s3-public.s3.amazonaws.com/media/cards/large/MST163.webp
6ChQcHfgrFqCLTrFppwQG,Test of Agility,1,Brute|Warrior,,Deck,Brute / Warrior Block,,,4,true,R|P,R,HVY|LGS,HVY162,https://legendstory-production-s3-public.s3.amazonaws.com/media/cards/large/HVY162.webp
kMbtCPhmRMRr9fJnGRtPj,Test of Iron Grip,1,Guardian,,Deck,Guardian Block,,,4,true,M,M,MPG,MPG025,https://legendstory-production-s3-public.s3.amazonaws.com/media/cards/large/MPG025.webp
QBwMd7jJGmz7cFKLRDjHd,Test of Might,1,Brute|Guardian,,Deck,Brute / Guardian Block,,,4,true,R|P,R,HVY|LGS|SKA|VIC,HVY141,https://legendstory-production-s3-public.s3.amazonaws.com/media/cards/large/HVY141.webp
zmkd9LqrNQFfqHCWKcQNr,Test of Strength,1,Generic,,Deck,Generic Block,,,4,true,C|P,C,FAB|HVY|SEN|VIC,FAB199,https://legendstory-production-s3-public.s3.amazonaws.com/media/cards/large/FAB199-RF.webp
zt8NGKPrTHDJ8pDrDdJgw,Test of Vigor,1,Guardian|Warrior,,Deck,Guardian / Warrior Block,,,4,true,R|P,R,HVY|LGS|VIC,HVY182,https://legendstory-production-s3-public.s3.amazonaws.com/media/cards/large/HVY182.webp
qtGQDP6NNRnFFgNhKjCkd,Testament of Valahai,,Guardian,,Equipment,Guardian Equipment - Off-Hand,,,1,true,P|L|V,P,FAB|MPG,FAB405,https://legendstory-production-s3-public.s3.amazonaws.com/media/cards/large/FAB405-GF.webp
89p6tjT7cTLrGWkKrRkjt,That All You Got?,2,Generic,,Deck,Generic Defense Reaction,0,,3,true,M,M,ANQ|UPR,ANQ018,https://legendstory-production-s3-public.s3.amazonaws.com/media/cards/large/ANQ018.webp
dJCRQcRmp7mhMTNDRgFN8,Thaw,1,,Draconic,Deck,Draconic Action - Attack,2,6,2,true,M,M,UPR,UPR086,https://legendstory-production-s3-public.s3.amazonaws.com/media/cards/large/UPR086.webp
wPnWnDTdFfnjghqkQB88C,The Golden Son,2,Guardian,,Deck,Guardian Action - Attack,4,7,3,true,M,M,HVY,HVY059,https://legendstory-production-s3-public.s3.amazonaws.com/media/cards/large/HVY059.webp
DgHLhRDccpLbjGT9nN8Jm,The Grain that Tips the Scale,3,,Mystic,Deck,Mystic Instant,0,,,true,C|P|V,C,LGS|MST|ZEN,LGS289,https://legendstory-production-s3-public.s3.amazonaws.com/media/cards/large/LGS289-RF.webp
LLJdk7zHFrCth9m68rmf6,The Hand that Pulls the Strings,,,,Deck,Arakni Mentor,,,4,false,M|P,M,ARK|LGS,ARK007,https://legendstory-production-s3-public.s3.amazonaws.com/media/cards/large/ARK007.webp
QcgncKTnLcdGKQnwDjqdz,The Librarian,,Illusionist,,Deck,Illusionist Mentor,,,3,false,M|P,M,FAB|PSM,FAB043,https://legendstory-production-s3-public.s3.amazonaws.com/media/cards/large/FAB043-RF.webp
MkgbKjT77G7hCnBdpdqKH,"The Librarian, Magister of History",,Adjudicator,Light,Hero,Light Adjudicator Hero,,,,true,P,P,JDG,JDG062,https://legendstory-production-s3-public.s3.amazonaws.com/media/cards/large/JDG062-CF.webp
qhgBBWfkQcrgzKMTqQ7RC,The Moat Exchange,,,,Deck,Event,,,,false,C,C,SMP,SMP031,https://legendstory-production-s3-public.s3.amazonaws.com/media/cards/large/SMP031.webp
QhRMMbB6zPRzJJk7hJQwj,The Old Switcheroo,3,,Reviled,Deck,Reviled Action - Attack,0,2,3,true,S,S,SUP,SUP087,https://legendstory-production-s3-public.s3.amazonaws.com/media/cards/large/SUP087.webp
RBWKndBPqQHwdWCzPnj8k,The Suspense is Killing Me,3,Guardian,,Deck,Guardian Instant - Aura,0,,2,true,C,C,APS|SBR|SLY|SUP,APS026,https://legendstory-production-s3-public.s3.amazonaws.com/media/cards/large/APS026.webp
JjHcGC99TqTf6Mz697hng,The Weakest Link,1,Generic,,Deck,Generic Action - Attack,2,6,3,true,M,M,ANQ|MST,ANQ016,https://legendstory-production-s3-public.s3.amazonaws.com/media/cards/large/ANQ016.webp
HBMfgJPgbmbWzJrRtJCjk,Themai,,Illusionist,Draconic,Deck,Draconic Illusionist - Dragon Ally,,3,,true,R|V,R,UPR,UPR015,https://legendstory-production-s3-public.s3.amazonaws.com/media/cards/large/UPR015_BACK.webp
8cQmdjw8zKNzddKkwcHWj,"Themis, Archangel of Judgment",,,Light,Deck,Light - Angel Ally,,4,,true,M|V,M,DTD,DTD006,https://legendstory-production-s3-public.s3.amazonaws.com/media/cards/large/DTD006_BACK.webp
DbqmMdc6Mw9jGpPQBcwRd,"Theryon, Magister of Justice",,Adjudicator,Light,Hero,Light Adjudicator Hero,,,,true,P,P,JDG,JDG006,https://legendstory-production-s3-public.s3.amazonaws.com/media/cards/large/JDG006-CF.webp
NwWCLDRkRhtkT8JrRnFgt,Thespian Charm,2,Guardian,Revered,Deck,Revered Guardian Instant,0,,,true,S|P,S,APS|FAB|LGS|SUP,APS014,https://legendstory-production-s3-public.s3.amazonaws.com/media/cards/large/APS014.webp
QDH7qtJbC6HLbqnGzDBkR,Thick Hide Hunter,2,Brute,,Deck,Brute Action - Attack,2,6,6,true,M,M,HNT,HNT246,https://legendstory-production-s3-public.s3.amazonaws.com/media/cards/large/HNT246.webp
mGJzBdWQ7W7FHH6QnLzNj,Thiev'n Varmints,1,Pirate,,Deck,Pirate Action - Attack,0,4,3,true,C,C,SEA,SEA172,https://legendstory-production-s3-public.s3.amazonaws.com/media/cards/large/SEA172.webp
Cqk6dND8KnJ6gBjQNQjCq,Third Eye of the Sphinx,,Illusionist|Wizard,,Equipment,Illusionist / Wizard Equipment - Head,,,1,true,L,L,OMN,OMN140,https://legendstory-production-s3-public.s3.amazonaws.com/media/cards/large/OMN140-RF.webp
RHLWQrrJnTDMjfMjpf9m8,This Round's on Me,3,Generic,,Deck,Generic Action,1,,3,true,M,M,ANQ|EVR,ANQ024,https://legendstory-production-s3-public.s3.amazonaws.com/media/cards/large/ANQ024.webp
MLzWh7MWcDdN8wnwQWwMN,Thistle Bloom // Life,2,Runeblade,Earth,Deck,Runeblade Action // Earth Instant,0,,3,true,M|P,M,LGS|ROS,LGS351,https://legendstory-production-s3-public.s3.amazonaws.com/media/cards/large/LGS351-CF.webp
ggGjPCWdGwktGGF8gjbDc,Threadbare Tunic,,Generic,,Equipment,Generic Equipment - Chest,,,,true,C|P,C,AZL|FAB|OUT|RIP,AZL005,https://legendstory-production-s3-public.s3.amazonaws.com/media/cards/large/AZL005.webp
KCNwjRzWNtWghDNckgKpP,Three of a Kind,1,Ranger,,Deck,Ranger Action,1,,2,true,M,M,1HP|ARC,1HP232,https://legendstory-production-s3-public.s3.amazonaws.com/media/cards/large/1HP232.webp
dJbhLJjdgzzQg7rtmnP9k,Three Visits,1,Illusionist,Mystic,Deck,Mystic Illusionist Instant - Aura,3,,,true,M,M,MST,MST033,https://legendstory-production-s3-public.s3.amazonaws.com/media/cards/large/MST033.webp
JnRGGfDChkHqpkHQpr6c8,Thrive,2,,Earth,Deck,Earth Action,0,,2,true,M,M,TER,TER019,https://legendstory-production-s3-public.s3.amazonaws.com/media/cards/large/TER019.webp
BHKdPc9mGc9CtNCzQJHnF,Throttle,1,Mechanologist,,Deck,Mechanologist Action - Attack,2,6,3,true,C,C,1HP|AIO|AMX|ARC|SDA|TCC,1HP208,https://legendstory-production-s3-public.s3.amazonaws.com/media/cards/large/1HP208.webp
6bkFRTMhgjKWfftkpqtD6,Throttle,2,Mechanologist,,Deck,Mechanologist Action - Attack,2,5,3,true,C,C,1HP|ARC|TCC,1HP209,https://legendstory-production-s3-public.s3.amazonaws.com/media/cards/large/1HP209.webp
PMqDKT6PGBHdmFKzcnCFB,Throttle,3,Mechanologist,,Deck,Mechanologist Action - Attack,2,4,3,true,C,C,1HP|ARC|SDA|TCC,1HP210,https://legendstory-production-s3-public.s3.amazonaws.com/media/cards/large/1HP210.webp
QjCCMBLNTHkwzPqmjCTqN,Throw Caution to the Wind,3,Pirate,,Deck,Pirate Instant,0,,,true,R,R,SEA|SGB,SEA150,https://legendstory-production-s3-public.s3.amazonaws.com/media/cards/large/SEA150.webp
cr8bTCLKLcfKLDTk7zcWn,Throw Dagger,3,Assassin|Ninja,,Deck,Assassin / Ninja Attack Reaction,0,,3,true,M,M,HNT,HNT175,https://legendstory-production-s3-public.s3.amazonaws.com/media/cards/large/HNT175.webp
rPFmfpqGpLn8DF66nRgFg,Throw Yourself at Them,1,Assassin|Ninja,,Deck,Assassin / Ninja Action - Attack,1,3,2,true,C,C,HNT,HNT188,https://legendstory-production-s3-public.s3.amazonaws.com/media/cards/large/HNT188.webp
CrRjPfRPBNWJgknJRhHMJ,Throw Yourself at Them,2,Assassin|Ninja,,Deck,Assassin / Ninja Action - Attack,1,2,2,true,C,C,HNT,HNT189,https://legendstory-production-s3-public.s3.amazonaws.com/media/cards/large/HNT189.webp
NKpphfCpKhWhntbBzBghc,Throw Yourself at Them,3,Assassin|Ninja,,Deck,Assassin / Ninja Action - Attack,1,1,2,true,C,C,HNT,HNT190,https://legendstory-production-s3-public.s3.amazonaws.com/media/cards/large/HNT190.webp
M6pzcFzDLQDQLFLqPz9nd,Thrust,1,Generic,,Deck,Generic Attack Reaction,1,,2,true,C,C,DDD|DVR,DDD009,https://legendstory-production-s3-public.s3.amazonaws.com/media/cards/large/DDD009.webp
pLDmjKLjJzFBWNqTFnRwb,Thump,1,Guardian,,Deck,Guardian Action - Attack,4,6,3,true,C,C,ELE|MPG|OLD,ELE209,https://legendstory-production-s3-public.s3.amazonaws.com/media/cards/large/ELE209.webp
KqkGkTqrW7f8w8TfBhWQm,Thump,2,Guardian,,Deck,Guardian Action - Attack,4,5,3,true,C,C,ELE|MPG,ELE210,https://legendstory-production-s3-public.s3.amazonaws.com/media/cards/large/ELE210.webp
JdNthFgr8LrmfPffWTmGd,Thump,3,Guardian,,Deck,Guardian Action - Attack,4,4,3,true,C,C,ELE|MPG|OLD,ELE211,https://legendstory-production-s3-public.s3.amazonaws.com/media/cards/large/ELE211.webp
8L9nbmwtGjCRCDdDBqRQc,Thunder Quake,1,Guardian,,Deck,Guardian Action - Attack,6,10,3,true,C|R,C,BDD|EVR|MPG,BDD009,https://legendstory-production-s3-public.s3.amazonaws.com/media/cards/large/BDD009.webp
P8CJhgBHBcQwFQrK6jzWq,Thunder Quake,2,Guardian,,Deck,Guardian Action - Attack,6,9,3,true,C|R,C,EVR|MPG,EVR025,https://legendstory-production-s3-public.s3.amazonaws.com/media/cards/large/EVR025.webp
MfFH89gTLWnFjfJjF9WFw,Thunder Quake,3,Guardian,,Deck,Guardian Action - Attack,6,8,3,true,C|R,C,EVR|MPG|SBR,EVR026,https://legendstory-production-s3-public.s3.amazonaws.com/media/cards/large/EVR026.webp
hmgMzMGKkrgdQKkJdF7GQ,Thunderous Retort,1,,Lightning,Deck,Lightning Instant - Aura,0,,,true,C,C,OMN,OMN196,https://legendstory-production-s3-public.s3.amazonaws.com/media/cards/large/OMN196.webp
RrBgm8mpnBdCqMgfjDp7z,Thunderous Retort,2,,Lightning,Deck,Lightning Instant - Aura,0,,,true,C,C,OMN,OMN197,https://legendstory-production-s3-public.s3.amazonaws.com/media/cards/large/OMN197.webp
LhRPD8cdgP7LBDjdj7nfT,Thunderous Retort,3,,Lightning,Deck,Lightning Instant - Aura,0,,,true,C,C,OMN,OMN198,https://legendstory-production-s3-public.s3.amazonaws.com/media/cards/large/OMN198.webp
PDPbhCGj7twzTP8HGfhBb,Thunk,1,Guardian,,Deck,Guardian Action - Attack,5,8,3,true,C,C,HVY|VIC,HVY077,https://legendstory-production-s3-public.s3.amazonaws.com/media/cards/large/HVY077.webp
KqtjpgTftPFhRbhwQkcBQ,Thunk,2,Guardian,,Deck,Guardian Action - Attack,5,7,3,true,C,C,HVY|VIC,HVY078,https://legendstory-production-s3-public.s3.amazonaws.com/media/cards/large/HVY078.webp
7HFBMWtFrdmQpQkLLwHGJ,Thunk,3,Guardian,,Deck,Guardian Action - Attack,5,6,3,true,C,C,HVY|VIC,HVY079,https://legendstory-production-s3-public.s3.amazonaws.com/media/cards/large/HVY079.webp
Cj6pPn8Tdc7hqrfjrct7q,Thwart,2,Generic,,Deck,Generic Block,,,3,true,M,M,MPW,MPW145,https://legendstory-production-s3-public.s3.amazonaws.com/media/cards/large/MPW145.webp
m7QtkDW9dbfgKbkWcbR68,Tiara of Suspense,,Guardian,Revered,Equipment,Revered Guardian Equipment - Head,,,2,true,M,M,APS|SUP,APS004,https://legendstory-production-s3-public.s3.amazonaws.com/media/cards/large/APS004-RF.webp
hhfqThRH8RttBMmDMr7H6,Tick Tock Clock,1,Mechanologist,,Deck,Mechanologist Action - Item,0,,,true,M,M,EVO,EVO074,https://legendstory-production-s3-public.s3.amazonaws.com/media/cards/large/EVO074.webp
d8qcmDrkwJ7D6FnMjQDW9,Ticket Puncher,,Generic,,Equipment,Generic Equipment - Arms,,,*,true,C,C,HVY,HVY204,https://legendstory-production-s3-public.s3.amazonaws.com/media/cards/large/HVY204.webp
qLbkgfKHC7bFpQhKbNdCw,Tidal Surge,3,,Mystic,Deck,Mystic Action - Attack,3,5,2,true,C,C,MST,MST090,https://legendstory-production-s3-public.s3.amazonaws.com/media/cards/large/MST090.webp
ftdRwjTPb9PNhfpfMMkzC,Tide Chakra,1,Assassin,Mystic,Deck,Mystic Assassin Attack Reaction,1,,3,true,R|P,R,LGS|MST,LGS264,https://legendstory-production-s3-public.s3.amazonaws.com/media/cards/large/LGS264-CF.webp
M78m9cmqphb7hgLRWJmT9,Tide Chakra,2,Assassin,Mystic,Deck,Mystic Assassin Attack Reaction,1,,3,true,R,R,MST,MST012,https://legendstory-production-s3-public.s3.amazonaws.com/media/cards/large/MST012.webp
rtWWzqfqCGrRG9LHzKmgD,Tide Chakra,3,Assassin,Mystic,Deck,Mystic Assassin Attack Reaction,1,,3,true,R,R,MST|NUU,MST013,https://legendstory-production-s3-public.s3.amazonaws.com/media/cards/large/MST013.webp
TDJfbQjqKCwLRT7RczDrM,Tide Flippers,,Ninja,,Equipment,Ninja Equipment - Legs,,,0,true,C|P,C,FAB|UPR,FAB298,https://legendstory-production-s3-public.s3.amazonaws.com/media/cards/large/FAB298-GF.webp
gftbNkkj9bNCBFRpnbdtq,Tiger Eye Reflex,2,Ninja,,Deck,Ninja Block,,,3,true,R,R,TCC,TCC098,https://legendstory-production-s3-public.s3.amazonaws.com/media/cards/large/TCC098.webp
6tj9kHRWLHbCbF6mG6tDh,Tiger Eye Reflex,3,Ninja,,Deck,Ninja Block,,,2,true,R,R,TCC,TCC102,https://legendstory-production-s3-public.s3.amazonaws.com/media/cards/large/TCC102.webp
9LHQHHBhKFcRGcNT779m8,Tiger Form Incantation,1,Ninja,Mystic,Deck,Mystic Ninja Action,1,,3,true,C,C,MST|ZEN,MST063,https://legendstory-production-s3-public.s3.amazonaws.com/media/cards/large/MST063.webp
PmCBczjbM8CQHRBjmcq9D,Tiger Form Incantation,2,Ninja,Mystic,Deck,Mystic Ninja Action,1,,3,true,C,C,MST|ZEN,MST064,https://legendstory-production-s3-public.s3.amazonaws.com/media/cards/large/MST064.webp
FwHwtJtb7pmbpjG8RMQ7b,Tiger Form Incantation,3,Ninja,Mystic,Deck,Mystic Ninja Action,1,,3,true,C,C,MST,MST065,https://legendstory-production-s3-public.s3.amazonaws.com/media/cards/large/MST065.webp
gtzjLhHGpPmFgcLdpTBFH,Tiger Stripe Shuko,,Ninja,,Equipment,Ninja Equipment - Arms,,,2,true,P|L,P,FAB|UPR,FAB083,https://legendstory-production-s3-public.s3.amazonaws.com/media/cards/large/FAB083-GF.webp
mFNK7nKtRMLWdHJzrngNb,Tiger Swipe,1,Ninja,,Deck,Ninja Action - Attack,0,2,3,true,M,M,DYN,DYN047,https://legendstory-production-s3-public.s3.amazonaws.com/media/cards/large/DYN047.webp
M7nPGBJMNj6tbtDgzMNqc,Tiger Taming Khakkara,,Ninja,,Weapon,Ninja Weapon - Staff (2H),,2,,true,T|C|P,T,LGS|MST|ZEN,LGS292,https://legendstory-production-s3-public.s3.amazonaws.com/media/cards/large/LGS292-RF.webp
CWGFNLDJbWHtLQhW7GtMJ,Tiger Trap,1,Ranger,,Deck,Ranger Defense Reaction - Trap,0,,3,true,M,M,PEN,PEN083,https://legendstory-production-s3-public.s3.amazonaws.com/media/cards/large/PEN083.webp
pK8JkmbJz7PNtMJCLPTHN,Tighten the Screws,1,Mechanologist,,Deck,Mechanologist Action,1,,2,true,C,C,SEA,SEA041,https://legendstory-production-s3-public.s3.amazonaws.com/media/cards/large/SEA041.webp
DmG6qBFhfRpqfBGbC8dnG,Tigrine Reflex,1,Ninja,,Deck,Ninja Action - Attack,0,3,2,true,M,M,PEN,PEN035,https://legendstory-production-s3-public.s3.amazonaws.com/media/cards/large/PEN035.webp
LGdLm7LrmzDDnWFRnnw9J,Time Flies When You're Having Fun,1,Generic,,Deck,Generic Action,0,,2,true,S,S,SUP,SUP220,https://legendstory-production-s3-public.s3.amazonaws.com/media/cards/large/SUP220.webp
8bQNhwM8ftgcPwJzLKjKF,Time Skippers,,Generic,,Equipment,Generic Equipment - Legs,,,0,true,C|P,C,FAB|MON|MPG,FAB256,https://legendstory-production-s3-public.s3.amazonaws.com/media/cards/large/FAB256-GF.webp
kJNj9QRmJzpTNrrdn98rn,Timekeeper's Whim,1,Wizard,,Deck,Wizard Action,3,,3,true,C,C,EVR,EVR134,https://legendstory-production-s3-public.s3.amazonaws.com/media/cards/large/EVR134.webp
hjJWd6qdQtWHcnrT8FWnM,Timekeeper's Whim,2,Wizard,,Deck,Wizard Action,3,,3,true,C,C,EVR,EVR135,https://legendstory-production-s3-public.s3.amazonaws.com/media/cards/large/EVR135.webp
dmQ8Fr7wDgKwfw6BLpdzH,Timekeeper's Whim,3,Wizard,,Deck,Wizard Action,3,,3,true,C,C,EVR,EVR136,https://legendstory-production-s3-public.s3.amazonaws.com/media/cards/large/EVR136.webp
mjww7bNnkN6g7DtDfRcmW,Timesnap Potion,3,Generic,,Deck,Generic Action - Item,0,,,true,R|P,R,1HP|AGB|FAB|MPW|RNR|SGB|TCC|WTR,1HP383,https://legendstory-production-s3-public.s3.amazonaws.com/media/cards/large/1HP383.webp
CptjnpckCjtKHPhLPNKBq,Timidity Point,1,Ranger,,Deck,Ranger Action - Arrow Attack,1,5,3,true,C,C,EVR,EVR097,https://legendstory-production-s3-public.s3.amazonaws.com/media/cards/large/EVR097.webp
RFmtPCHdfDHpqhLnr9hTD,Timidity Point,2,Ranger,,Deck,Ranger Action - Arrow Attack,1,4,3,true,C,C,EVR,EVR098,https://legendstory-production-s3-public.s3.amazonaws.com/media/cards/large/EVR098.webp
cpWqf8tmzQgqmrPqc9hbM,Timidity Point,3,Ranger,,Deck,Ranger Action - Arrow Attack,1,3,3,true,C,C,EVR,EVR099,https://legendstory-production-s3-public.s3.amazonaws.com/media/cards/large/EVR099.webp
gzHcjD7dKLpDfKtnKW8p8,Tip the Barkeep,3,Pirate,,Deck,Pirate Action,0,,3,true,M,M,SEA,SEA132,https://legendstory-production-s3-public.s3.amazonaws.com/media/cards/large/SEA132.webp
9CjK6W9dqPdJrfthqqKCD,Tip-Off,1,Generic,,Deck,Generic Action - Attack,1,5,2,true,C,C,HNT|WOD,HNT232,https://legendstory-production-s3-public.s3.amazonaws.com/media/cards/large/HNT232.webp
Hfwh8FM6w6kLD76KtdhKK,Tip-Off,2,Generic,,Deck,Generic Action - Attack,1,4,2,true,C,C,HNT,HNT233,https://legendstory-production-s3-public.s3.amazonaws.com/media/cards/large/HNT233.webp
867HbTJM7BhLzBFgFzDdN,Tip-Off,3,Generic,,Deck,Generic Action - Attack,1,3,2,true,C,C,HNT,HNT234,https://legendstory-production-s3-public.s3.amazonaws.com/media/cards/large/HNT234.webp
knKbmDwjgK9qD8rmJNTQq,Tit for Tat,3,Generic,,Deck,Generic Action,0,,2,true,R,R,SEA,SEA211,https://legendstory-production-s3-public.s3.amazonaws.com/media/cards/large/SEA211.webp
cTRhTc7kkHWQrwpRgtrM9,Titan's Fist,,Guardian,,Weapon,Guardian Weapon - Hammer (1H),,3,,true,T|C|P,T,ELE|FAB|LGS|OLD|SBR|SLY,ELE202,https://legendstory-production-s3-public.s3.amazonaws.com/media/cards/large/ELE202.webp
mc7J7CkCptbQQttbfJGMt,Titanium Bauble,3,Generic,,Deck,Generic Resource,,,3,true,C,C,DVR|RVD,DVR027,https://legendstory-production-s3-public.s3.amazonaws.com/media/cards/large/DVR027.webp
RrLpMzrnbdgWFJh7D8r6q,To Be Continued...,3,Guardian,,Deck,Guardian Instant - Aura,0,,2,true,C,C,APS|SUP,APS027,https://legendstory-production-s3-public.s3.amazonaws.com/media/cards/large/APS027.webp
hznLkw6NwCdwhnH9KbKdF,To the Point,1,Assassin|Warrior,,Deck,Assassin / Warrior Attack Reaction,0,,2,true,R,R,HNT,HNT199,https://legendstory-production-s3-public.s3.amazonaws.com/media/cards/large/HNT199.webp
zGMwPW7DFJjTJBBdnmfwD,To the Point,2,Assassin|Warrior,,Deck,Assassin / Warrior Attack Reaction,0,,2,true,R,R,HNT,HNT200,https://legendstory-production-s3-public.s3.amazonaws.com/media/cards/large/HNT200.webp
7tkH9LH8hHKQLmBGNJrM6,To the Point,3,Assassin|Warrior,,Deck,Assassin / Warrior Attack Reaction,0,,2,true,R,R,HNT,HNT201,https://legendstory-production-s3-public.s3.amazonaws.com/media/cards/large/HNT201.webp
rKwFK8LDKhPht6b9pNF7P,Toby Jugs,,Generic,,Equipment,Generic Equipment - Legs,,,0,true,C|P,C,LGS|SUP,LGS417,https://legendstory-production-s3-public.s3.amazonaws.com/media/cards/large/LGS417-CF.webp
9dQLNwfWwhJGtMhNd9KzC,Toe the Line,1,Warrior,,Deck,Warrior Instant,0,,,true,R|P,R,AHA|GEM|MPW|SBL,AHA015,https://legendstory-production-s3-public.s3.amazonaws.com/media/cards/large/AHA015.webp
Jdmqz8NgGbBJp88BN8TwK,Tome of Aeo,3,Illusionist,,Deck,Illusionist Action - Aura,1,,2,true,M,M,DYN,DYN217,https://legendstory-production-s3-public.s3.amazonaws.com/media/cards/large/DYN217.webp
cMM8DcmR9zCpcRPwrhbTc,Tome of Aetherwind,1,Wizard,,Deck,Wizard Action,0,,2,true,S|M,S,1HP|ARC,1HP313,https://legendstory-production-s3-public.s3.amazonaws.com/media/cards/large/1HP313.webp
RHqhRWwFMkFRF9dLMkPtw,Tome of Divinity,2,,Light,Deck,Light Instant,4,,,true,M|P,M,JDG|MON,JDG067,https://legendstory-production-s3-public.s3.amazonaws.com/media/cards/large/JDG067-CF.webp
DjB6FNdbDR9f7bLMc9CBM,Tome of Duplicity,3,Wizard,,Deck,Wizard Action,3,,2,true,M,M,UPR,UPR168,https://legendstory-production-s3-public.s3.amazonaws.com/media/cards/large/UPR168.webp
MJFjT8CfpnpjtWTPgjPQ9,Tome of Firebrand,1,,Draconic,Deck,Draconic Instant,1,,,true,M,M,UPR,UPR089,https://legendstory-production-s3-public.s3.amazonaws.com/media/cards/large/UPR089.webp
nbKRgzWzF87HzTG8TWMBw,Tome of Fyendal,2,Generic,,Deck,Generic Action,1,,2,true,M,M,1HP|WTR,1HP365,https://legendstory-production-s3-public.s3.amazonaws.com/media/cards/large/1HP365.webp
JJpJbMqqCTKTJGnLfqnd6,Tome of Harvests,3,,Earth,Deck,Earth Action,3,,2,true,M,M,ELE,ELE118,https://legendstory-production-s3-public.s3.amazonaws.com/media/cards/large/ELE118.webp
cH7H7wcqh9qtMrNtJ7wdF,Tome of Imperial Flame,1,,Draconic,Deck,Draconic Action,0,,,true,M,M,EVO,EVO245,https://legendstory-production-s3-public.s3.amazonaws.com/media/cards/large/EVO245.webp
mgDTDhJcfztFMhLrtcpBF,Tome of Pandemonium,2,,Chaos,Deck,Chaos Action,1,,2,true,M,M,PEN,PEN277,https://legendstory-production-s3-public.s3.amazonaws.com/media/cards/large/PEN277.webp
CfjtgbzgrFRD6QPzPdkdW,Tome of Quandaries,3,Wizard,,Deck,Wizard Instant,0,,2,true,M,M,OMN,OMN133,https://legendstory-production-s3-public.s3.amazonaws.com/media/cards/large/OMN133.webp
cWMCP7TF8MkHKQDgjj6jk,Tome of the Arknight,3,Runeblade,,Deck,Runeblade Action,1,,2,true,S|M,S,ARC|AVS,ARC084,https://legendstory-production-s3-public.s3.amazonaws.com/media/cards/large/ARC084.webp
9pjp9qfKHnzCCpjwhTPFK,Tome of Torment,1,,Shadow,Deck,Shadow Action,0,,,true,M,M,MON,MON194,https://legendstory-production-s3-public.s3.amazonaws.com/media/cards/large/MON194.webp
JQqp6Ctw7QMLRDMgTnW6g,Tomeltai,,Illusionist,Draconic,Deck,Draconic Illusionist - Dragon Ally,,5,,true,M|V,M,UPR,UPR007,https://legendstory-production-s3-public.s3.amazonaws.com/media/cards/large/UPR007_BACK.webp
gwLCKHWBWwMwH7McRRDzF,Tongue Tied,1,Generic,,Deck,Generic Action - Attack,3,7,2,true,R|P,R,FAB|ROS,FAB273,https://legendstory-production-s3-public.s3.amazonaws.com/media/cards/large/FAB273-RF.webp
cLkt677NMWGgPTNCBcJjn,Tooth and Claw,1,Ninja,Mystic,Deck,Mystic Ninja Action - Attack,0,4,3,true,M,M,MST,MST051,https://legendstory-production-s3-public.s3.amazonaws.com/media/cards/large/MST051.webp
bCLK9nFBJjmHFjLQmL8Kt,Tooth of the Dragon,1,,Draconic,Deck,Draconic Instant,0,,,true,C|P,C,FNG|GEM|HNT,FNG021,https://legendstory-production-s3-public.s3.amazonaws.com/media/cards/large/FNG021.webp
gkBJQ6tmkftT69RrRPRJq,Topsy Turvy,,,Chaos,Equipment,Chaos Equipment - Head,,,0,true,R,R,PEN|SAR,PEN276,https://legendstory-production-s3-public.s3.amazonaws.com/media/cards/large/PEN276.webp
pwjrCwDQn9Tb7MgRRRnGf,Torc of Vim,,Brute,,Equipment,Brute Equipment - Chest,,,1,true,M|P,M,ARR|JDG,ARR004,https://legendstory-production-s3-public.s3.amazonaws.com/media/cards/large/ARR004-RF.webp
fCB6H9HqcnhNkhKjtcG69,Torque Tuned,1,Mechanologist,,Deck,Mechanologist Action - Attack,2,6,2,true,R,R,EVO,EVO114,https://legendstory-production-s3-public.s3.amazonaws.com/media/cards/large/EVO114.webp
Rjgh7kQCWKkTdChRmWt7w,Torque Tuned,2,Mechanologist,,Deck,Mechanologist Action - Attack,2,5,2,true,R,R,EVO,EVO115,https://legendstory-production-s3-public.s3.amazonaws.com/media/cards/large/EVO115.webp
MkJgPht7nFRJFBKCgThrP,Torque Tuned,3,Mechanologist,,Deck,Mechanologist Action - Attack,2,4,2,true,R,R,EVO,EVO116,https://legendstory-production-s3-public.s3.amazonaws.com/media/cards/large/EVO116.webp
9F67fMDKzMkLMJFr7GN67,Torrent of Tempo,1,Ninja,,Deck,Ninja Action - Attack,1,5,3,true,C|P,C,1HP|ASR|CRU|IRA,1HP128,https://legendstory-production-s3-public.s3.amazonaws.com/media/cards/large/1HP128.webp
TR8gpGqrWD7JrKtjMqKbJ,Torrent of Tempo,2,Ninja,,Deck,Ninja Action - Attack,1,4,3,true,C,C,1HP|CRU,1HP129,https://legendstory-production-s3-public.s3.amazonaws.com/media/cards/large/1HP129.webp
hRbLKmtGT7DJQqr9Q7MNN,Torrent of Tempo,3,Ninja,,Deck,Ninja Action - Attack,1,3,3,true,C,C,1HP|ASR|CRU,1HP130,https://legendstory-production-s3-public.s3.amazonaws.com/media/cards/large/1HP130.webp
nbLtg9mnTztkwRwnf6BL7,Touch of Reality,,Illusionist,,Equipment,Illusionist Equipment - Arms,,,,true,M,M,PEN,PEN122,https://legendstory-production-s3-public.s3.amazonaws.com/media/cards/large/PEN122.webp
tcgLRpmfGcfgfDkBwGWbk,Tough as a Rok,3,Brute,Revered,Deck,Revered Brute Action - Attack,3,*,3,true,R,R,PEN,PEN285,https://legendstory-production-s3-public.s3.amazonaws.com/media/cards/large/PEN285.webp
BPkPddj9wRpjhfhWcb6bw,Tough Leather Boots,,Brute,Revered,Equipment,Revered Brute Equipment - Legs,,,1,true,C,C,SUP,SUP003,https://legendstory-production-s3-public.s3.amazonaws.com/media/cards/large/SUP003.webp
KwphDpWLnJrjGGMGnJc9n,Tough Old Wrench,1,Mechanologist,,Deck,Mechanologist Action - Attack,2,6,2,true,C,C,SEA,SEA033,https://legendstory-production-s3-public.s3.amazonaws.com/media/cards/large/SEA033.webp
9dPrwcgFKcd8zk8PpwfRJ,Tough Old Wrench,2,Mechanologist,,Deck,Mechanologist Action - Attack,2,5,2,true,C,C,SEA,SEA034,https://legendstory-production-s3-public.s3.amazonaws.com/media/cards/large/SEA034.webp
zLMWLzKGcdNnndTcD89gT,Tough Old Wrench,3,Mechanologist,,Deck,Mechanologist Action - Attack,2,4,2,true,C,C,SEA,SEA035,https://legendstory-production-s3-public.s3.amazonaws.com/media/cards/large/SEA035.webp
cDn9RLz6KTKccHFb8CdrW,Tough Smashup,1,,Revered,Deck,Revered Action - Attack,3,7,3,true,C,C,SUP,SUP046,https://legendstory-production-s3-public.s3.amazonaws.com/media/cards/large/SUP046.webp
jJhngckczLmdhGHBKPkrB,Tough Smashup,2,,Revered,Deck,Revered Action - Attack,3,6,3,true,C,C,SUP,SUP047,https://legendstory-production-s3-public.s3.amazonaws.com/media/cards/large/SUP047.webp
rjfPdq8HCMQqtPPT8zTkz,Tough Smashup,3,,Revered,Deck,Revered Action - Attack,3,5,3,true,C,C,SUP,SUP048,https://legendstory-production-s3-public.s3.amazonaws.com/media/cards/large/SUP048.webp
QQJMKL7hLRfLcMhQCwTpN,Toughen Up,3,Generic,,Deck,Generic Defense Reaction,2,,4,true,C|P,C,DVR|GEM,DVR024,https://legendstory-production-s3-public.s3.amazonaws.com/media/cards/large/DVR024.webp
Cn8tK9KRm7d9KbcQk6Pqm,Toughness,,Generic,,Token,Generic Token - Aura,,,,true,B|T|P,B,APS|FAB|SUP,APS032,https://legendstory-production-s3-public.s3.amazonaws.com/media/cards/large/APS032.webp
7rNHHrKTMQDhQdp6tgKhD,Towering Titan,1,Guardian,,Deck,Guardian Action - Aura,9,,3,true,R,R,1HP|CRU,1HP064,https://legendstory-production-s3-public.s3.amazonaws.com/media/cards/large/1HP064.webp
6QjFBg8DFzJBbLNmzKjPj,Towering Titan,2,Guardian,,Deck,Guardian Action - Aura,9,,3,true,R,R,1HP|CRU,1HP065,https://legendstory-production-s3-public.s3.amazonaws.com/media/cards/large/1HP065.webp
dDJjK9RbrTTMp7cBkgdqJ,Towering Titan,3,Guardian,,Deck,Guardian Action - Aura,9,,3,true,R,R,1HP|CRU,1HP066,https://legendstory-production-s3-public.s3.amazonaws.com/media/cards/large/1HP066.webp
QCKJqg6QMPR9pLPBCJQJK,Toxic Tips,,Assassin|Ranger,,Equipment,Assassin / Ranger Equipment - Arms,,,1,true,C,C,ARA|OUT|RIP,ARA005,https://legendstory-production-s3-public.s3.amazonaws.com/media/cards/large/ARA005.webp
zwgLwBLL7dKzhJDdBtNrt,Toxicity,1,Assassin|Ranger,,Deck,Assassin / Ranger Action,0,,2,true,R|P,R,FAB|OUT,FAB128,https://legendstory-production-s3-public.s3.amazonaws.com/media/cards/large/FAB128-RF.webp
rgMGtN8QtgRjn7PkNdcKG,Toxicity,2,Assassin|Ranger,,Deck,Assassin / Ranger Action,0,,2,true,R|P,R,FAB|OUT,FAB129,https://legendstory-production-s3-public.s3.amazonaws.com/media/cards/large/FAB129-RF.webp
F9KLhWk9DbmqRwtRggPjF,Toxicity,3,Assassin|Ranger,,Deck,Assassin / Ranger Action,0,,2,true,R|P,R,AZL|FAB|OUT,AZL027,https://legendstory-production-s3-public.s3.amazonaws.com/media/cards/large/AZL027.webp
B7JjFkkd8gdhc7CqdWN9G,Trade In,1,Generic,,Deck,Generic Action - Attack,0,3,2,true,C,C,FAI|HVY|KSI|SEA|UPR,FAI021,https://legendstory-production-s3-public.s3.amazonaws.com/media/cards/large/FAI021.webp
gbMdbHtkbGnzcfpqHBFBq,Trade In,2,Generic,,Deck,Generic Action - Attack,0,2,2,true,C,C,HVY|KSI|SEA|UPR,HVY232,https://legendstory-production-s3-public.s3.amazonaws.com/media/cards/large/HVY232.webp
TDCnCP7tnLRMNgHNJPTRF,Trade In,3,Generic,,Deck,Generic Action - Attack,0,1,2,true,C,C,HVY|SEA|UPR,HVY233,https://legendstory-production-s3-public.s3.amazonaws.com/media/cards/large/HVY233.webp
CRNw7cJfmDMzMPDKnQgRG,Trailblazing Aether,1,Wizard,,Deck,Wizard Action,0,,3,true,C,C,OSC|ROS,OSC019,https://legendstory-production-s3-public.s3.amazonaws.com/media/cards/large/OSC019.webp
DhMTNwfDKnwhRqgkPB6gq,Trailblazing Aether,2,Wizard,,Deck,Wizard Action,0,,3,true,C,C,ROS,ROS208,https://legendstory-production-s3-public.s3.amazonaws.com/media/cards/large/ROS208.webp
DRqfHtKT6mfqNFRDMdDBp,Trailblazing Aether,3,Wizard,,Deck,Wizard Action,0,,3,true,C,C,ROS,ROS209,https://legendstory-production-s3-public.s3.amazonaws.com/media/cards/large/ROS209.webp
bkdFB6qNrhLBgrTrmRpNJ,Trampling Trackers,,Brute,,Equipment,Brute Equipment - Legs,,,2,true,M,M,ARR,ARR006,https://legendstory-production-s3-public.s3.amazonaws.com/media/cards/large/ARR006-RF.webp
JqKMJnbpL76gbCMHj7JPt,Tranquil Passing,1,Illusionist,,Deck,Illusionist Action - Aura,1,,2,true,R,R,DYN,DYN221,https://legendstory-production-s3-public.s3.amazonaws.com/media/cards/large/DYN221.webp
tdpHkthjkjNWDRnFc8hF9,Tranquil Passing,2,Illusionist,,Deck,Illusionist Action - Aura,1,,2,true,R,R,DYN,DYN222,https://legendstory-production-s3-public.s3.amazonaws.com/media/cards/large/DYN222.webp
ck7p7Kbc97fPW8RTGQD97,Tranquil Passing,3,Illusionist,,Deck,Illusionist Action - Aura,1,,2,true,R,R,DYN,DYN223,https://legendstory-production-s3-public.s3.amazonaws.com/media/cards/large/DYN223.webp
9tDrPFwK9mMzTBFjHzR9G,Transmogrify,1,Illusionist,,Deck,Illusionist Action,1,,2,true,R,R,UPR,UPR155,https://legendstory-production-s3-public.s3.amazonaws.com/media/cards/large/UPR155.webp
rQ9dRWnKb788gfjnPf8Bw,Transmogrify,2,Illusionist,,Deck,Illusionist Action,1,,2,true,R,R,UPR,UPR156,https://legendstory-production-s3-public.s3.amazonaws.com/media/cards/large/UPR156.webp
LDHGBdbFRmBcN9DzjqzpD,Transmogrify,3,Illusionist,,Deck,Illusionist Action,1,,2,true,R,R,UPR,UPR157,https://legendstory-production-s3-public.s3.amazonaws.com/media/cards/large/UPR157.webp
mGmcTdzdtkJWq8D8Tnrgj,Trap and Release,1,Ninja,,Deck,Ninja Action - Attack,1,4,2,true,C,C,HNT,HNT095,https://legendstory-production-s3-public.s3.amazonaws.com/media/cards/large/HNT095.webp
tJkqhqDjdMM76hrkMmJJD,Trap and Release,2,Ninja,,Deck,Ninja Action - Attack,1,3,2,true,C,C,HNT,HNT096,https://legendstory-production-s3-public.s3.amazonaws.com/media/cards/large/HNT096.webp
p6DK6rNGjz8HrpwNmCgQL,Trap and Release,3,Ninja,,Deck,Ninja Action - Attack,1,2,2,true,C,C,HNT,HNT097,https://legendstory-production-s3-public.s3.amazonaws.com/media/cards/large/HNT097.webp
dgBPpWggJ6wkFQG8t9Jqc,Traverse the Universe,,,Mystic,Equipment,Mystic Equipment - Head,,,2,true,P|L,P,FAB|MST,FAB228,https://legendstory-production-s3-public.s3.amazonaws.com/media/cards/large/FAB228-GF.webp
jnR9QPhTfLmGWF7TPTQgp,Treasure Island,,,,Deck,High Seas Macro - Landmark,,,,true,B|P,B,FAB|SEA,FAB340,https://legendstory-production-s3-public.s3.amazonaws.com/media/cards/large/FAB340-CF.webp
fKbwfGWzk7zrpWBTNcrjd,Tremor of Anticipation,,,,Deck,Event,,,,false,C,C,SMP,SMP032,https://legendstory-production-s3-public.s3.amazonaws.com/media/cards/large/SMP032.webp
hwndKRTjTJtn9FwFhMNWK,Tremor of i'Arathael,1,Generic,,Deck,Generic Action - Attack,1,4,2,true,R,R,MON,MON254,https://legendstory-production-s3-public.s3.amazonaws.com/media/cards/large/MON254.webp
6mmfrKtTWkcBJDcphpLdc,Tremor of i'Arathael,2,Generic,,Deck,Generic Action - Attack,1,3,2,true,R,R,MON,MON255,https://legendstory-production-s3-public.s3.amazonaws.com/media/cards/large/MON255.webp
gpbqrrjM8cpnFbm8dLcKz,Tremor of i'Arathael,3,Generic,,Deck,Generic Action - Attack,1,2,2,true,R,R,MON,MON256,https://legendstory-production-s3-public.s3.amazonaws.com/media/cards/large/MON256.webp
M9wMDWRkKRKjz7MBLMWLk,Tremor of Resistance,,Guardian,,Equipment,Guardian Equipment - Off-Hand,,,0,true,C,C,MPG,MPG012,https://legendstory-production-s3-public.s3.amazonaws.com/media/cards/large/MPG012.webp
mwWqPrQzL7fmQkzCFfttc,Tremorshield Sabatons,,Guardian,,Equipment,Guardian Equipment - Legs,,,1,true,M,M,HNT,HNT247,https://legendstory-production-s3-public.s3.amazonaws.com/media/cards/large/HNT247.webp
rmTKDcDNJrDFRMdKrRmdH,Trench of Sunken Treasure,,Ranger,,Equipment,Ranger Equipment - Chest,,,1,true,P|L,P,FAB|OUT,FAB125,https://legendstory-production-s3-public.s3.amazonaws.com/media/cards/large/FAB125-GF.webp
wr9jWmbRhHJ7th99rbPGd,Trench of Watery Depths,,Pirate,,Equipment,Pirate Equipment - Chest,,,1,true,R,R,PEN,PEN168,https://legendstory-production-s3-public.s3.amazonaws.com/media/cards/large/PEN168.webp
6GBcGgr77phGjWjbjNbRn,Tri-shot,3,Ranger,,Deck,Ranger Action,0,,3,true,M,M,EVR,EVR089,https://legendstory-production-s3-public.s3.amazonaws.com/media/cards/large/EVR089.webp
9DzCbwH7RdNQ7cJCHpCKC,Tribute to Demolition,1,Brute,Shadow,Deck,Shadow Brute Action - Attack,2,6,3,true,C,C,DTD,DTD127,https://legendstory-production-s3-public.s3.amazonaws.com/media/cards/large/DTD127.webp
wWhJNBLBzbpTBmQQDJMtj,Tribute to Demolition,2,Brute,Shadow,Deck,Shadow Brute Action - Attack,2,5,3,true,C,C,DTD,DTD128,https://legendstory-production-s3-public.s3.amazonaws.com/media/cards/large/DTD128.webp
t6C6cwNqDpQpRQKPtpk8p,Tribute to Demolition,3,Brute,Shadow,Deck,Shadow Brute Action - Attack,2,4,3,true,C,C,DTD,DTD129,https://legendstory-production-s3-public.s3.amazonaws.com/media/cards/large/DTD129.webp
wBDCLLQfL9TF6MCfTFGWT,Tribute to the Legions of Doom,1,Brute,Shadow,Deck,Shadow Brute Action - Attack,3,7,3,true,C,C,DTD,DTD130,https://legendstory-production-s3-public.s3.amazonaws.com/media/cards/large/DTD130.webp
jkmgRnFz8fWcbWfGKwQzq,Tribute to the Legions of Doom,2,Brute,Shadow,Deck,Shadow Brute Action - Attack,3,6,3,true,C,C,DTD,DTD131,https://legendstory-production-s3-public.s3.amazonaws.com/media/cards/large/DTD131.webp
KqJPNjpMbNhDNDkL8T8gM,Tribute to the Legions of Doom,3,Brute,Shadow,Deck,Shadow Brute Action - Attack,3,5,3,true,C,C,DTD,DTD132,https://legendstory-production-s3-public.s3.amazonaws.com/media/cards/large/DTD132.webp
hBqjdnFmnpdFC8wpQGgfB,Tricorn of Saltwater Death,,Pirate|Necromancer,,Equipment,Pirate Necromancer Equipment - Head,,,1,true,M|P,M,AGB|JDG,AGB004,https://legendstory-production-s3-public.s3.amazonaws.com/media/cards/large/AGB004-RF.webp
7GkCr8MrPLnHfLc6JfQMH,Trip the Light Fantastic,1,,Lightning,Deck,Lightning Action - Attack,1,5,2,true,C|P,C,FAB|ROS,FAB275,https://legendstory-production-s3-public.s3.amazonaws.com/media/cards/large/FAB275-RF.webp
CNJjHNFRzNwCmBRJw6mt6,Trip the Light Fantastic,2,,Lightning,Deck,Lightning Action - Attack,1,4,2,true,C,C,ROS,ROS105,https://legendstory-production-s3-public.s3.amazonaws.com/media/cards/large/ROS105.webp
WbmtPhzqpRtfC7rRHgB7k,Trip the Light Fantastic,3,,Lightning,Deck,Lightning Action - Attack,1,3,2,true,C,C,AUA|ROS,AUA023,https://legendstory-production-s3-public.s3.amazonaws.com/media/cards/large/AUA023.webp
WBpk6grrPj6wP8qgc9q9h,Tripwire Trap,1,Ranger,,Deck,Ranger Defense Reaction - Trap,0,,4,true,R|P,R,CRU|LGS,CRU126,https://legendstory-production-s3-public.s3.amazonaws.com/media/cards/large/CRU126.webp
HHr8zpKf7prKQkmG9L66B,Trot Along,3,Generic,,Deck,Generic Action,0,,3,true,C|P,C,DDD|FAB|HNT|MPW|SDO|SVI,DDD016,https://legendstory-production-s3-public.s3.amazonaws.com/media/cards/large/DDD016.webp
p9Mw8DBq9hPqKnPRrwCHz,Trounce,1,Guardian,,Deck,Guardian Block,,,3,true,M,M,HVY,HVY061,https://legendstory-production-s3-public.s3.amazonaws.com/media/cards/large/HVY061.webp
gGtb9f6ghPNqrTL7PhcHk,Truce,3,Generic,,Deck,Generic Action - Aura,2,,3,true,M,M,ANQ|ROS,ANQ025,https://legendstory-production-s3-public.s3.amazonaws.com/media/cards/large/ANQ025.webp
KhTmHGFqNFKzPkBdQJDgQ,Truth or Trickery,2,Guardian,Reviled,Deck,Reviled Guardian Block,,,3,true,S,S,SUP,SUP077,https://legendstory-production-s3-public.s3.amazonaws.com/media/cards/large/SUP077.webp
WnPNGc8HLQHhbFKFrLkPM,Truths Retold,,Illusionist,Mystic,Equipment,Mystic Illusionist Equipment - Head,,,,true,C|P,C,ENG|LGS|MST,ENG003,https://legendstory-production-s3-public.s3.amazonaws.com/media/cards/large/ENG003.webp
wKnhnNTHKHqFfjgdn9LLP,Tuffnut,,Brute,Revered,Hero,Revered Brute Hero - Young,,,,false,B|P|V,B,HER|SUP,HER150,https://legendstory-production-s3-public.s3.amazonaws.com/media/cards/large/HER150-RF.webp
wqmMJj8PqzNHg7Q7LMqTR,"Tuffnut, Bumbling Hulkster",,Brute,Revered,Hero,Revered Brute Hero,,,,true,B|P|V,B,HER|SUP|WIN,HER146,https://legendstory-production-s3-public.s3.amazonaws.com/media/cards/large/HER146-ARF.webp
RcNNBLRcBbGCWnNjqzPdQ,Turn Heads,3,Guardian,,Deck,Guardian Instant - Aura,3,,3,true,S,S,SUP,SUP176,https://legendstory-production-s3-public.s3.amazonaws.com/media/cards/large/SUP176.webp
8ftjHwrjqNCWp9gMTmfmJ,Turn the Crowd Grateful,1,,Revered,Deck,Revered Action - Attack,3,7,2,true,C,C,SUP,SUP049,https://legendstory-production-s3-public.s3.amazonaws.com/media/cards/large/SUP049.webp
DL9MJCFT6dnwF6njTbWRR,Turn the Crowd Grateful,2,,Revered,Deck,Revered Action - Attack,3,6,2,true,C,C,SUP,SUP050,https://legendstory-production-s3-public.s3.amazonaws.com/media/cards/large/SUP050.webp
WKHKRfzFkrRhJgwj7BWrb,Turn the Crowd Grateful,3,,Revered,Deck,Revered Action - Attack,3,5,2,true,C,C,SUP,SUP051,https://legendstory-production-s3-public.s3.amazonaws.com/media/cards/large/SUP051.webp
dW8jcQzzbnTnQfkBrb7wP,Turn the Crowd Hateful,1,,Reviled,Deck,Reviled Action - Attack,3,5,2,true,C,C,SUP,SUP114,https://legendstory-production-s3-public.s3.amazonaws.com/media/cards/large/SUP114.webp
Nn6WdqdrNhkFMKNGzkbrB,Turn the Crowd Hateful,2,,Reviled,Deck,Reviled Action - Attack,3,4,2,true,C,C,SUP,SUP115,https://legendstory-production-s3-public.s3.amazonaws.com/media/cards/large/SUP115.webp
gqbjwbhDzHzdjzP8WdBCn,Turn the Crowd Hateful,3,,Reviled,Deck,Reviled Action - Attack,3,3,2,true,C,C,SUP,SUP116,https://legendstory-production-s3-public.s3.amazonaws.com/media/cards/large/SUP116.webp
67qdjCMdF7qMmrDpcjWWD,Turn Timber,1,Guardian,Elemental,Deck,Elemental Guardian Defense Reaction,2,,6,true,R,R,ELE|OLD,ELE010,https://legendstory-production-s3-public.s3.amazonaws.com/media/cards/large/ELE010.webp
MzrwNmfRdgLmKjq6ckBdD,Turn Timber,2,Guardian,Elemental,Deck,Elemental Guardian Defense Reaction,2,,5,true,R,R,ELE,ELE011,https://legendstory-production-s3-public.s3.amazonaws.com/media/cards/large/ELE011.webp
jR6rqDqWjjg79LTCFHMNQ,Turn Timber,3,Guardian,Elemental,Deck,Elemental Guardian Defense Reaction,2,,4,true,R,R,ELE,ELE012,https://legendstory-production-s3-public.s3.amazonaws.com/media/cards/large/ELE012.webp
JRHmPKJqfrMgNgJj6ngBt,Turn to Mindfire,1,Wizard,,Deck,Wizard Action,2,,2,true,R,R,OMN|SBZ,OMN136,https://legendstory-production-s3-public.s3.amazonaws.com/media/cards/large/OMN136.webp
zqWPPdtm6zfjmbFnTMGM6,Turning Point,3,Guardian,Revered,Deck,Revered Guardian Block,,,2,true,S|P,S,APS|GEM|SUP,APS030,https://legendstory-production-s3-public.s3.amazonaws.com/media/cards/large/APS030.webp
kQcrWWddhc7qJJrtdpggp,Twelve Petal Kāṣāya,,Ninja,Mystic,Equipment,Mystic Ninja Equipment - Chest,,,2,true,P|L,P,FAB|MST,FAB227,https://legendstory-production-s3-public.s3.amazonaws.com/media/cards/large/FAB227-GF.webp
BB6TLbtFwBCqtH7H7wBjj,Twin Drive,1,Mechanologist,,Deck,Mechanologist Action - Attack,2,5,3,true,M|P,M,EVO|LGS,EVO142,https://legendstory-production-s3-public.s3.amazonaws.com/media/cards/large/EVO142.webp
bnFKRwPzBKMBGRmfLQRwg,Twin Twisters,1,Ninja,,Deck,Ninja Action - Attack,1,3,2,true,C,C,BEN|EVR|OUT,BEN009,https://legendstory-production-s3-public.s3.amazonaws.com/media/cards/large/BEN009.webp
hNjPMTLPRdKr6JjTRMCnd,Twin Twisters,2,Ninja,,Deck,Ninja Action - Attack,1,2,2,true,C,C,BEN|EVR|OUT,BEN015,https://legendstory-production-s3-public.s3.amazonaws.com/media/cards/large/BEN015.webp
RrMqgK8fbbhbJMTqcKbdM,Twin Twisters,3,Ninja,,Deck,Ninja Action - Attack,1,1,2,true,C,C,EVR|OUT,EVR049,https://legendstory-production-s3-public.s3.amazonaws.com/media/cards/large/EVR049.webp
NGbpwjFhL9rLHN7zKChnW,Twinkle Toes,,,Lightning,Equipment,Lightning Equipment - Legs,,,0,true,C|P,C,LGS|OSC|ROS,LGS315,https://legendstory-production-s3-public.s3.amazonaws.com/media/cards/large/LGS315-RF.webp
hcrwmGkbzW8zBft77cKpj,Twinning Blade,2,Warrior,,Deck,Warrior Attack Reaction,0,,3,true,M,M,1HP|CRU,1HP150,https://legendstory-production-s3-public.s3.amazonaws.com/media/cards/large/1HP150.webp
CdpKjkTrwkF8rBrG8pCTd,Twintek Charging Station,1,Mechanologist,,Deck,Mechanologist Action,0,,2,true,R,R,AMX,AMX018,https://legendstory-production-s3-public.s3.amazonaws.com/media/cards/large/AMX018.webp
7mtjcMPmpC86wkdPPKztq,Twist and Turn,1,Warrior,,Deck,Warrior Action,0,,3,true,R,R,HNT,HNT122,https://legendstory-production-s3-public.s3.amazonaws.com/media/cards/large/HNT122.webp
RdhQwD68PqftRqmJpjLjp,Twist and Turn,2,Warrior,,Deck,Warrior Action,0,,3,true,R,R,HNT,HNT123,https://legendstory-production-s3-public.s3.amazonaws.com/media/cards/large/HNT123.webp
RnW9QJmpHNcgmnzB9bmLm,Twist and Turn,3,Warrior,,Deck,Warrior Action,0,,3,true,R,R,FNG|HNT,FNG027,https://legendstory-production-s3-public.s3.amazonaws.com/media/cards/large/FNG027.webp
wNtNbFgrfzcjJTMwRbkcg,Two Sides to the Blade,1,Assassin,,Deck,Assassin Attack Reaction,1,,3,true,C,C,HNT|SAR|WOD,HNT051,https://legendstory-production-s3-public.s3.amazonaws.com/media/cards/large/HNT051.webp
CdDbm8CBpkbBRg9d6Hdck,Two Steps Ahead,3,Guardian,Reviled,Deck,Reviled Guardian Action - Aura,0,,3,true,S,S,SUP,SUP075,https://legendstory-production-s3-public.s3.amazonaws.com/media/cards/large/SUP075.webp
Twn68rHRjHKDjmnpDQddH,Two Steps Forward,,Ninja,,Equipment,Ninja Equipment - Legs,,,1,true,R,R,PEN,PEN033,https://legendstory-production-s3-public.s3.amazonaws.com/media/cards/large/PEN033.webp
n6twqPttCHFQnTLKBfzKz,Two-Faced,,,Reviled,Equipment,Reviled Equipment - Head,,,1,true,M|P,M,FAB|PEN,FAB414,https://legendstory-production-s3-public.s3.amazonaws.com/media/cards/large/FAB414-GF.webp
gmR7DG76HhtdgwwTqQngT,Under Loop,1,Mechanologist,,Deck,Mechanologist Action - Attack,1,4,3,true,C,C,EVO|SDA|TCC,EVO216,https://legendstory-production-s3-public.s3.amazonaws.com/media/cards/large/EVO216.webp
pTpGTC8NqrJwRnMwqh6zR,Under Loop,2,Mechanologist,,Deck,Mechanologist Action - Attack,1,3,3,true,C,C,EVO,EVO217,https://legendstory-production-s3-public.s3.amazonaws.com/media/cards/large/EVO217.webp
tkh7Bb7tfHCfKPfMLchCP,Under Loop,3,Mechanologist,,Deck,Mechanologist Action - Attack,1,2,3,true,C,C,EVO,EVO218,https://legendstory-production-s3-public.s3.amazonaws.com/media/cards/large/EVO218.webp
TdH7kmMbcGfRPpcGCfFkT,Under the Trap-Door,3,Assassin,,Deck,Assassin Action - Attack,0,1,3,true,M,M,HNT,HNT013,https://legendstory-production-s3-public.s3.amazonaws.com/media/cards/large/HNT013.webp
PnMQ8tr9B76DfQQNT6gKb,Undercover Acquisition,1,Assassin,,Deck,Assassin Action - Attack,0,3,3,true,M,M,AAC|SEA,AAC018,https://legendstory-production-s3-public.s3.amazonaws.com/media/cards/large/AAC018.webp
7FKzc7kNTqjg78RNqwM77,Undertow Stilettos,,Assassin,Mystic,Equipment,Mystic Assassin Equipment - Legs,,,1,true,C|P,C,LGS|MST|NUU,LGS270,https://legendstory-production-s3-public.s3.amazonaws.com/media/cards/large/LGS270-RF.webp
jRKRwjgNT8QKhtPLqTnbW,Unexpected Backhand,1,Brute,,Deck,Brute Action - Attack,3,7,3,true,C,C,SUP,SUP161,https://legendstory-production-s3-public.s3.amazonaws.com/media/cards/large/SUP161.webp
WrcmbDDzNGLwfGmd9CMmR,Unexpected Backhand,2,Brute,,Deck,Brute Action - Attack,3,6,3,true,C,C,SUP,SUP162,https://legendstory-production-s3-public.s3.amazonaws.com/media/cards/large/SUP162.webp
cm8pHKrnCKB7NtmbjkKBd,Unexpected Backhand,3,Brute,,Deck,Brute Action - Attack,3,5,3,true,C,C,SKA|SUP,SKA033,https://legendstory-production-s3-public.s3.amazonaws.com/media/cards/large/SKA033.webp
gMJRbhDCMTJD8NW8H6BTf,Unflinching Foothold,,Generic,,Equipment,Generic Equipment - Legs,,,1,true,R|P,R,FAB|PEN,FAB419,https://legendstory-production-s3-public.s3.amazonaws.com/media/cards/large/FAB419-GF.webp
DKFj9DK7f9nHrQffkdfDm,Unforgetting Unforgiving,1,Guardian,,Deck,Guardian Block,,,4,true,M,M,AJV,AJV013,https://legendstory-production-s3-public.s3.amazonaws.com/media/cards/large/AJV013.webp
MwMJK9DPnDgKBfjFTFmCW,Unhallowed Rites,1,Runeblade,Shadow,Deck,Shadow Runeblade Action - Attack,1,4,3,true,R,R,CHN|MON,CHN015,https://legendstory-production-s3-public.s3.amazonaws.com/media/cards/large/CHN015.webp
JbTqngDd8rPbwpJtWc6cf,Unhallowed Rites,2,Runeblade,Shadow,Deck,Shadow Runeblade Action - Attack,1,3,3,true,R,R,MON,MON160,https://legendstory-production-s3-public.s3.amazonaws.com/media/cards/large/MON160.webp
DBDkGQDnNMDRfMNK7JFWN,Unhallowed Rites,3,Runeblade,Shadow,Deck,Shadow Runeblade Action - Attack,1,2,3,true,R,R,MON,MON161,https://legendstory-production-s3-public.s3.amazonaws.com/media/cards/large/MON161.webp
Hp8cr9fLGCnpNCfrgKFJN,Unicycle,,Mechanologist,,Equipment,Mechanologist Equipment - Legs,,,1,true,C,C,SEA,SEA010,https://legendstory-production-s3-public.s3.amazonaws.com/media/cards/large/SEA010.webp
kKGgdbFMjjhBjggrzwzkM,Unified Decree,2,Warrior,,Deck,Warrior Attack Reaction,2,,3,true,M,M,CRU,CRU083,https://legendstory-production-s3-public.s3.amazonaws.com/media/cards/large/CRU083.webp
wB6PP9TgHBpBbDDFrhgF7,United We Stand,2,,Light,Deck,Light Action - Attack,3,6,2,true,M,M,DTD,DTD079,https://legendstory-production-s3-public.s3.amazonaws.com/media/cards/large/DTD079.webp
KTd7wkMzdRch6J8zqtKGR,Unmake the Underlings,3,Assassin,,Deck,Assassin Action - Attack,0,1,3,true,M,M,OMN,OMN228,https://legendstory-production-s3-public.s3.amazonaws.com/media/cards/large/OMN228.webp
Kkz6gDKJRbrTNTpRKggRq,Unmovable,1,Generic,,Deck,Generic Defense Reaction,3,,7,true,C|P,C,1HP|FAB|SEN|WTR,1HP411,https://legendstory-production-s3-public.s3.amazonaws.com/media/cards/large/1HP411.webp
WFmqwG7cjpf6QFgpP9gmD,Unmovable,2,Generic,,Deck,Generic Defense Reaction,3,,6,true,C,C,1HP|WTR,1HP412,https://legendstory-production-s3-public.s3.amazonaws.com/media/cards/large/1HP412.webp
QRFzLnNBm8tCqBmKFdQbf,Unmovable,3,Generic,,Deck,Generic Defense Reaction,3,,5,true,C,C,1HP|SEN|UZU|WTR,1HP413,https://legendstory-production-s3-public.s3.amazonaws.com/media/cards/large/1HP413.webp
mK6zddQhzHTpR9Jnw8chw,Unravel Aggression,3,,Mystic,Deck,Mystic Defense Reaction,3,,5,true,M,M,MST,MST078,https://legendstory-production-s3-public.s3.amazonaws.com/media/cards/large/MST078.webp
bjpwqRpN6hpdB9gMLWbmW,Unsheathed,1,Warrior,,Deck,Warrior Action,0,,3,true,M,M,MPW|ROS,MPW035,https://legendstory-production-s3-public.s3.amazonaws.com/media/cards/large/MPW035.webp
qTJLpcMt6WFTDHRgD87tw,Untamed,1,Ninja,,Deck,Ninja Action - Attack,1,4,2,true,C,C,MST|ZEN,MST185,https://legendstory-production-s3-public.s3.amazonaws.com/media/cards/large/MST185.webp
98BmgHpwB8bNp9cRL6DLp,Untamed,2,Ninja,,Deck,Ninja Action - Attack,1,3,2,true,C,C,MST,MST186,https://legendstory-production-s3-public.s3.amazonaws.com/media/cards/large/MST186.webp
BfJLtP7NqCGQM8m6LGHdq,Untamed,3,Ninja,,Deck,Ninja Action - Attack,1,2,2,true,C,C,MST|ZEN,MST187,https://legendstory-production-s3-public.s3.amazonaws.com/media/cards/large/MST187.webp
9tDcwRQnBbDwBW7LdTgGc,Unwavering Resolve,1,Generic,,Deck,Generic Action - Attack,3,6,2,true,S,S,SUP,SUP218,https://legendstory-production-s3-public.s3.amazonaws.com/media/cards/large/SUP218.webp
QGcNgm9FQLDfT8LtBcGB7,Unwinding Finality,1,Illusionist,Lightning,Deck,Lightning Illusionist Action - Attack,0,5,3,true,M,M,OMN,OMN004,https://legendstory-production-s3-public.s3.amazonaws.com/media/cards/large/OMN004.webp
pdW9W9GphNLfdHDHNBW9g,Unworldly Bellow,1,Brute,Shadow,Deck,Shadow Brute Action,1,,3,true,C,C,LEV|MON,LEV015,https://legendstory-production-s3-public.s3.amazonaws.com/media/cards/large/LEV015.webp
TbqzrzKTnqLjzTPL6PPHM,Unworldly Bellow,2,Brute,Shadow,Deck,Shadow Brute Action,1,,3,true,C,C,MON,MON151,https://legendstory-production-s3-public.s3.amazonaws.com/media/cards/large/MON151.webp
j9DCRLfzFKbQzprNRw8Ld,Unworldly Bellow,3,Brute,Shadow,Deck,Shadow Brute Action,1,,3,true,C,C,LEV|MON,LEV022,https://legendstory-production-s3-public.s3.amazonaws.com/media/cards/large/LEV022.webp
WmjGRT9w9pHtBDc8zQkHB,Unyielding Grip,,Generic,,Equipment,Generic Equipment - Arms,,,0,true,R,R,PEN,PEN317,https://legendstory-production-s3-public.s3.amazonaws.com/media/cards/large/PEN317.webp
qGKpfJNFKgrQqDrwLzqdQ,Up on a Pedestal,3,Guardian,Revered,Deck,Revered Guardian Instant - Aura,0,,2,true,S|P,S,APS|LGS|SUP,APS028,https://legendstory-production-s3-public.s3.amazonaws.com/media/cards/large/APS028.webp
QG8JhRkFBWF7GzrqMnkKq,Up Sticks and Run,1,Assassin|Ninja,,Deck,Assassin / Ninja Action,0,,2,true,R,R,HNT|SAR,HNT179,https://legendstory-production-s3-public.s3.amazonaws.com/media/cards/large/HNT179.webp
wPMcMNpWM8w8FThmLkgBH,Up Sticks and Run,2,Assassin|Ninja,,Deck,Assassin / Ninja Action,0,,2,true,R,R,HNT,HNT180,https://legendstory-production-s3-public.s3.amazonaws.com/media/cards/large/HNT180.webp
TKNGKNCqH8chr9RwpjkfH,Up Sticks and Run,3,Assassin|Ninja,,Deck,Assassin / Ninja Action,0,,2,true,R,R,ARK|HNT|WOD,ARK026,https://legendstory-production-s3-public.s3.amazonaws.com/media/cards/large/ARK026.webp
W7QPrj9bzNgddWCCFFCRw,Up the Ante,3,Warrior,,Deck,Warrior Attack Reaction,X,,3,true,M,M,HVY,HVY103,https://legendstory-production-s3-public.s3.amazonaws.com/media/cards/large/HVY103.webp
dH8jGBhdrCK7gbf9NhtGJ,Uphold Tradition,,Illusionist,Mystic,Equipment,Mystic Illusionist Equipment - Arms,,,,true,C|P,C,ENG|LGS|MST|SEN,ENG005,https://legendstory-production-s3-public.s3.amazonaws.com/media/cards/large/ENG005.webp
PQLpnnKFRhCrdMnwgdNHH,Uplifting Performance,3,Guardian,Revered,Deck,Revered Guardian Action - Attack,3,5,3,true,R|P,R,APS|LGS|SUP,APS020,https://legendstory-production-s3-public.s3.amazonaws.com/media/cards/large/APS020.webp
N9RMNzqcJCBQ98hchcLpb,Uprising,1,,Draconic,Deck,Draconic Action,0,,3,true,M,M,UPR,UPR088,https://legendstory-production-s3-public.s3.amazonaws.com/media/cards/large/UPR088.webp
bthDkmzDqLG6dQ6gLprDD,Urgent Delivery,1,Mechanologist,,Deck,Mechanologist Action - Attack,0,4,3,true,C,C,DYN,DYN107,https://legendstory-production-s3-public.s3.amazonaws.com/media/cards/large/DYN107.webp
JKCBqK97kJwmfLrTjK9Qw,Urgent Delivery,2,Mechanologist,,Deck,Mechanologist Action - Attack,0,3,3,true,C,C,DYN,DYN108,https://legendstory-production-s3-public.s3.amazonaws.com/media/cards/large/DYN108.webp
TQfK9H977kdtTKN9jGRhh,Urgent Delivery,3,Mechanologist,,Deck,Mechanologist Action - Attack,0,2,3,true,C,C,DYN,DYN109,https://legendstory-production-s3-public.s3.amazonaws.com/media/cards/large/DYN109.webp
pN9zPNQfc6GGrwdgMBLkj,"Ursur, the Soul Reaper",,,Shadow,Token,Shadow Token - Demon Ally,,6,,true,T|P,T,FAB|MON,FAB022,https://legendstory-production-s3-public.s3.amazonaws.com/media/cards/large/FAB022-CF.webp
QmqN6fJJMnLDjLHKF7g97,Uzuri,,Assassin,,Hero,Assassin Hero - Young,,,,false,B|T|C|P|V,B,HER|MPA|OUT|UZU,HER076,https://legendstory-production-s3-public.s3.amazonaws.com/media/cards/large/HER076-CF.webp
rNhtnPWtDDBzBp7mNdQtT,"Uzuri, Switchblade",,Assassin,,Hero,Assassin Hero,,,,true,T|P,T,GEM|HER|OUT|WIN,GEM001,https://legendstory-production-s3-public.s3.amazonaws.com/media/cards/large/GEM001-CF.webp
7cWwd7rnKPhmw7hTnTqKm,V for Valor,1,Warrior,Light,Deck,Light Warrior Action - Aura,0,,2,true,R,R,DTD,DTD060,https://legendstory-production-s3-public.s3.amazonaws.com/media/cards/large/DTD060.webp
dhwrK7dkJkdwjFBjJWHg9,V for Valor,2,Warrior,Light,Deck,Light Warrior Action - Aura,0,,2,true,R,R,DTD,DTD061,https://legendstory-production-s3-public.s3.amazonaws.com/media/cards/large/DTD061.webp
hwbbCj8CLCtFCrtDqtJNC,V for Valor,3,Warrior,Light,Deck,Light Warrior Action - Aura,0,,2,true,R,R,DTD,DTD062,https://legendstory-production-s3-public.s3.amazonaws.com/media/cards/large/DTD062.webp
bChp6GBR8QhHJLgpzKC6J,V of the Vanguard,2,Warrior,Light,Deck,Light Warrior Action - Attack,1,3,3,true,R,R,ASB|BOL|MON|SBL,ASB023,https://legendstory-production-s3-public.s3.amazonaws.com/media/cards/large/ASB023.webp
TCPqgq6QMqD9FqJ6DPQjD,Valahai Riven,2,Guardian,,Deck,Guardian Block,,,3,true,R|P,R,GEM|PEN,GEM115,https://legendstory-production-s3-public.s3.amazonaws.com/media/cards/large/GEM115.webp
zWhGF8kMMdmKdhMNdj6NH,Valda Brightaxe,,Guardian,,Hero,Guardian Hero - Young,,,,false,T|M|P|V,T,EVR|HER|MPG,EVR019,https://legendstory-production-s3-public.s3.amazonaws.com/media/cards/large/EVR019.webp
bjLbTMgMm6QRWBRrw8chQ,"Valda, Seismic Impact",,Guardian,,Hero,Guardian Hero,,,,true,M|P|V,M,HER|MPG|WIN,HER135,https://legendstory-production-s3-public.s3.amazonaws.com/media/cards/large/HER135-RF.webp
wB9f6wWqbBzPf8KBqWqTf,Valiant Dynamo,,Warrior,,Equipment,Warrior Equipment - Legs,,,1,true,P|L,P,FAB|MON|MPW,FAB020,https://legendstory-production-s3-public.s3.amazonaws.com/media/cards/large/FAB020-GF.webp
JpfWdtWNwHgHJgTNpwptT,Valiant Thrust,1,Warrior,Light,Deck,Light Warrior Action - Attack,1,4,3,true,R,R,BOL|MON,BOL017,https://legendstory-production-s3-public.s3.amazonaws.com/media/cards/large/BOL017.webp
HLtnkmwmnMJtcPPggGHbF,Valiant Thrust,2,Warrior,Light,Deck,Light Warrior Action - Attack,1,3,3,true,C|R,C,ASB|MON|SBL,ASB024,https://legendstory-production-s3-public.s3.amazonaws.com/media/cards/large/ASB024.webp
DqhggQR7Tcr9jQJ8QRrHd,Valiant Thrust,3,Warrior,Light,Deck,Light Warrior Action - Attack,1,2,3,true,R,R,MON,MON041,https://legendstory-production-s3-public.s3.amazonaws.com/media/cards/large/MON041.webp
KTjmk7Th7CGNPfmL6CDnD,Vambrace of Determination,,Generic,,Equipment,Generic Equipment - Arms,,,0,true,P|L,P,FAB|OUT,FAB127,https://legendstory-production-s3-public.s3.amazonaws.com/media/cards/large/FAB127-GF.webp
HbzHpFQDj9pBBtDbNKqwC,Vantage Point,1,Runeblade,,Deck,Runeblade Action - Attack,3,7,3,true,R,R,FLR|ROS,FLR010,https://legendstory-production-s3-public.s3.amazonaws.com/media/cards/large/FLR010.webp
rcKfddzQpzGHbqtrNbhGC,Vantage Point,2,Runeblade,,Deck,Runeblade Action - Attack,3,6,3,true,R,R,ROS,ROS125,https://legendstory-production-s3-public.s3.amazonaws.com/media/cards/large/ROS125.webp
QtH7PBLtrgwf8tLG8HpWD,Vantage Point,3,Runeblade,,Deck,Runeblade Action - Attack,3,5,3,true,R,R,ROS,ROS126,https://legendstory-production-s3-public.s3.amazonaws.com/media/cards/large/ROS126.webp
9PJCCqpT8JhfHkfftKjwH,Vantom Banshee,1,Runeblade,Shadow,Deck,Shadow Runeblade Action - Attack,3,7,3,true,C|P,C,DTD|LGS,DTD155,https://legendstory-production-s3-public.s3.amazonaws.com/media/cards/large/DTD155.webp
FhWgTR7RdKBTrfDhPWGrt,Vantom Banshee,2,Runeblade,Shadow,Deck,Shadow Runeblade Action - Attack,3,6,3,true,C|P,C,DTD|LGS,DTD156,https://legendstory-production-s3-public.s3.amazonaws.com/media/cards/large/DTD156.webp
tfJTWDjLzBdrDjWm9NnmN,Vantom Banshee,3,Runeblade,Shadow,Deck,Shadow Runeblade Action - Attack,3,5,3,true,C|P,C,DTD|LGS,DTD157,https://legendstory-production-s3-public.s3.amazonaws.com/media/cards/large/DTD157.webp
kLzphMK8g6dLhFRf7Tdph,Vantom Wraith,1,Runeblade,Shadow,Deck,Shadow Runeblade Action - Attack,2,6,3,true,C,C,DTD,DTD158,https://legendstory-production-s3-public.s3.amazonaws.com/media/cards/large/DTD158.webp
QbQhqwJRFfmcWfjTDqL8t,Vantom Wraith,2,Runeblade,Shadow,Deck,Shadow Runeblade Action - Attack,2,5,3,true,C,C,DTD,DTD159,https://legendstory-production-s3-public.s3.amazonaws.com/media/cards/large/DTD159.webp
PtCqzqtLLBDWqwFPPKKPj,Vantom Wraith,3,Runeblade,Shadow,Deck,Shadow Runeblade Action - Attack,2,4,3,true,C,C,DTD,DTD160,https://legendstory-production-s3-public.s3.amazonaws.com/media/cards/large/DTD160.webp
NMfPbTgbMbP9pnnCKMQD9,Vaporize // Shock,2,Runeblade,Lightning,Deck,Runeblade Instant // Lightning Instant,0,,,true,M|P,M,LGS|ROS,LGS346,https://legendstory-production-s3-public.s3.amazonaws.com/media/cards/large/LGS346-CF.webp
HzC8krcLnWNQLrDdHGgCr,Veiled Intentions,1,Illusionist,,Deck,Illusionist Action,1,,2,true,C,C,EVR,EVR150,https://legendstory-production-s3-public.s3.amazonaws.com/media/cards/large/EVR150.webp
hnzRDH86Qm9PGp7PJ9qPG,Veiled Intentions,2,Illusionist,,Deck,Illusionist Action,1,,2,true,C,C,EVR,EVR151,https://legendstory-production-s3-public.s3.amazonaws.com/media/cards/large/EVR151.webp
dJKCwTcJtrgGFdpDBNg9w,Veiled Intentions,3,Illusionist,,Deck,Illusionist Action,1,,2,true,C,C,EVR,EVR152,https://legendstory-production-s3-public.s3.amazonaws.com/media/cards/large/EVR152.webp
JfGgTRqtGKdzpcQKTrFRf,Vela Flash,1,Runeblade,Elemental,Deck,Elemental Runeblade Action - Attack,1,5,3,true,C,C,ELE,ELE076,https://legendstory-production-s3-public.s3.amazonaws.com/media/cards/large/ELE076.webp
BCTfjDwH8QJWtgrNNgk6H,Vela Flash,2,Runeblade,Elemental,Deck,Elemental Runeblade Action - Attack,1,4,3,true,C,C,ELE,ELE077,https://legendstory-production-s3-public.s3.amazonaws.com/media/cards/large/ELE077.webp
KW9mBkBhNqKJMLf6TkNpg,Vela Flash,3,Runeblade,Elemental,Deck,Elemental Runeblade Action - Attack,1,3,3,true,C,C,ELE,ELE078,https://legendstory-production-s3-public.s3.amazonaws.com/media/cards/large/ELE078.webp
kdjPjG7p7GJHQrBQh6TFQ,Vengeance Never Rests,3,Ninja,,Deck,Ninja Action - Attack,1,3,3,true,M,M,ASR,ASR025,https://legendstory-production-s3-public.s3.amazonaws.com/media/cards/large/ASR025.webp
pc7tf6hwQmpPJnngCLdhT,Vengeful Apparition,1,Illusionist,,Deck,Illusionist Action - Aura,0,,3,true,C,C,MST,MST155,https://legendstory-production-s3-public.s3.amazonaws.com/media/cards/large/MST155.webp
dD77fLzCjbgCCzMTRCBjt,Vengeful Apparition,2,Illusionist,,Deck,Illusionist Action - Aura,0,,3,true,C,C,MST,MST156,https://legendstory-production-s3-public.s3.amazonaws.com/media/cards/large/MST156.webp
7gwBCNKjdk8w6cqJCdB9D,Vengeful Apparition,3,Illusionist,,Deck,Illusionist Action - Aura,0,,3,true,C,C,ENG|MST,ENG022,https://legendstory-production-s3-public.s3.amazonaws.com/media/cards/large/ENG022.webp
PL9FMwTgW7WnnKfbhRWRG,Venomback Fabric,2,Generic,,Deck,Generic Action - Construct,0,,3,false,P,P,LSS,LSS018,https://legendstory-production-s3-public.s3.amazonaws.com/media/cards/large/LSS018-CF.webp
j98tFFFhRFtLffgcWMp9W,Venomous Bite,1,Assassin,Mystic,Deck,Mystic Assassin Attack Reaction,1,,3,true,C,C,MST|NUU,MST020,https://legendstory-production-s3-public.s3.amazonaws.com/media/cards/large/MST020.webp
9wKjt69bgRQjH79KWdJGn,Venomous Bite,2,Assassin,Mystic,Deck,Mystic Assassin Attack Reaction,1,,3,true,C,C,MST,MST021,https://legendstory-production-s3-public.s3.amazonaws.com/media/cards/large/MST021.webp
ktngNfHpLWzFFqzbFCFct,Venomous Bite,3,Assassin,Mystic,Deck,Mystic Assassin Attack Reaction,1,,3,true,C,C,MST,MST022,https://legendstory-production-s3-public.s3.amazonaws.com/media/cards/large/MST022.webp
d77Rnf7QF6pfMd6MNgGtm,Verdance,,Wizard,Elemental,Hero,Elemental Wizard Hero - Young,,,,false,T|R|V,T,ROS|VER,ROS014,https://legendstory-production-s3-public.s3.amazonaws.com/media/cards/large/ROS014.webp
wJMCMFqcQfRJmK96kc8qM,"Verdance, Thorn of the Rose",,Wizard,Elemental,Hero,Elemental Wizard Hero,,,,true,M|P|V,M,HER|ROS|WIN,HER121,https://legendstory-production-s3-public.s3.amazonaws.com/media/cards/large/HER121-RF.webp
QpMtrnpTR8gr7KQGDn6Jk,Verdant Tide,1,Runeblade,Elemental,Deck,Elemental Runeblade Action,1,,2,true,R,R,PEN,PEN203,https://legendstory-production-s3-public.s3.amazonaws.com/media/cards/large/PEN203.webp
dcMMQNzjpzQ76GQPpnQwz,Vest of the First Fist,,Generic,,Equipment,Generic Equipment - Chest,,,0,true,C|P,C,1HP|ARC|FAB,1HP356,https://legendstory-production-s3-public.s3.amazonaws.com/media/cards/large/1HP356.webp
WnnC99QDftcbRMNcKKwmk,Vestige of Flagellation,,,Shadow,Equipment,Shadow Equipment - Chest,,,2,true,M,M,PEN,PEN191,https://legendstory-production-s3-public.s3.amazonaws.com/media/cards/large/PEN191.webp
PTjbDJpDMHwR6TdJkBLtr,Vestige of Sol,,,Light,Equipment,Light Equipment - Chest,,,1,true,P|L,P,FAB|MON,FAB017,https://legendstory-production-s3-public.s3.amazonaws.com/media/cards/large/FAB017-GF.webp
BCBhknzq8gBBhFFFFTGLc,Vexing Malice,1,Runeblade,,Deck,Runeblade Action - Attack,1,3,3,true,R|P,R,CHN|LGS|MON,CHN026,https://legendstory-production-s3-public.s3.amazonaws.com/media/cards/large/CHN026.webp
WppPJNLCfdp8kwwjHDgBT,Vexing Malice,2,Runeblade,,Deck,Runeblade Action - Attack,1,2,3,true,R|P,R,LGS|MON,LGS058,https://legendstory-production-s3-public.s3.amazonaws.com/media/cards/large/LGS058-RF.webp
7zjjndpnJwKGK9gLzmzKq,Vexing Malice,3,Runeblade,,Deck,Runeblade Action - Attack,1,1,3,true,R|P,R,LGS|MON|SVI,LGS059,https://legendstory-production-s3-public.s3.amazonaws.com/media/cards/large/LGS059-RF.webp
wQh8rPTLTrzGqHhfbGnq6,Vexing Quillhand,,Runeblade,,Equipment,Runeblade Equipment - Arms,,,0,true,M|P,M,AVS|EVR|FAB,AVS005,https://legendstory-production-s3-public.s3.amazonaws.com/media/cards/large/AVS005.webp
kHmRR6Q7mJPjQgdQJcjpQ,Victor Goldmane,,Guardian,,Hero,Guardian Hero - Young,,,,false,T|R|V,T,HVY|VIC,HVY048,https://legendstory-production-s3-public.s3.amazonaws.com/media/cards/large/HVY048.webp
fc8jMwTprwnhRbPKDmF9J,"Victor Goldmane, High and Mighty",,Guardian,,Hero,Guardian Hero,,,,true,M|P|V,M,HER|HVY|WIN,HER106,https://legendstory-production-s3-public.s3.amazonaws.com/media/cards/large/HER106-RF.webp
jHHWGcnRpjzF8NMMKmdfF,"Victor Goldmane, Match Fixer",,Guardian,,Hero,Guardian Hero - Pit-Fighter,,,,false,M,M,SMP,SMP006,https://legendstory-production-s3-public.s3.amazonaws.com/media/cards/large/SMP006.webp
RCqkLt7cqwdWMNrmFqpc8,"Victoria, Archangel of Triumph",,,Light,Deck,Light - Angel Ally,,4,,true,M|V,M,DTD,DTD011,https://legendstory-production-s3-public.s3.amazonaws.com/media/cards/large/DTD011_BACK.webp
gFpfBH7cRPMKwQ6WNhWC8,Vigilant Dodgers,,Generic,,Equipment,Generic Equipment - Legs,,,0,true,C,C,MPW,MPW139,https://legendstory-production-s3-public.s3.amazonaws.com/media/cards/large/MPW139.webp
DBhPCQqjnj6qqd9DtBB7W,Vigor,,Generic,,Token,Generic Token - Aura,,,,true,B|T|P,B,BET|FAB|HVY|KSI|KYO|LGS|OLA|SBR|SDO|SKA|SUP|TCC|VIC,BET029,https://legendstory-production-s3-public.s3.amazonaws.com/media/cards/large/BET029.webp
GpQBzCwwRFCKjWNq8Hgtj,Vigor Girth,,Guardian|Warrior,,Equipment,Guardian / Warrior Equipment - Chest,,,1,true,C,C,BET|HVY|KSI|OLA|VIC,BET005,https://legendstory-production-s3-public.s3.amazonaws.com/media/cards/large/BET005.webp
dQR8fwBWNN6HPz7tzBCbk,Vigor Rush,1,Generic,,Deck,Generic Action - Attack,1,4,2,true,C,C,ARC,ARC197,https://legendstory-production-s3-public.s3.amazonaws.com/media/cards/large/ARC197.webp
8p8KrLDmJnf6rMpTjQ6R6,Vigor Rush,2,Generic,,Deck,Generic Action - Attack,1,3,2,true,C,C,ARC,ARC198,https://legendstory-production-s3-public.s3.amazonaws.com/media/cards/large/ARC198.webp
tjqTCGp8GFF7FzTHqzBhW,Vigor Rush,3,Generic,,Deck,Generic Action - Attack,1,2,2,true,C,C,ARC,ARC199,https://legendstory-production-s3-public.s3.amazonaws.com/media/cards/large/ARC199.webp
Wqzz9n7hGCTknBPgFqdTH,Vigorous Engagement,1,Warrior,,Deck,Warrior Attack Reaction,1,,2,true,C,C,HVY|KSI,HVY118,https://legendstory-production-s3-public.s3.amazonaws.com/media/cards/large/HVY118.webp
MqGBqBNK77NbbzGrBmLFz,Vigorous Engagement,2,Warrior,,Deck,Warrior Attack Reaction,1,,2,true,C,C,HVY,HVY119,https://legendstory-production-s3-public.s3.amazonaws.com/media/cards/large/HVY119.webp
KKQzqtKwzCTR9z7khM7Bp,Vigorous Engagement,3,Warrior,,Deck,Warrior Attack Reaction,1,,2,true,C,C,HVY|KSI,HVY120,https://legendstory-production-s3-public.s3.amazonaws.com/media/cards/large/HVY120.webp
nGGg68Dh6CFMNzbcLHCnT,Vigorous Roar,1,Brute,,Deck,Brute Action,0,,2,true,R,R,SUP,SUP138,https://legendstory-production-s3-public.s3.amazonaws.com/media/cards/large/SUP138.webp
C8KwDBgMJ9rrbpdgkFTNm,Vigorous Smashup,1,Brute,,Deck,Brute Action - Attack,3,7,3,true,C,C,SUP,SUP164,https://legendstory-production-s3-public.s3.amazonaws.com/media/cards/large/SUP164.webp
Rjg6tLjCGKhfGJkcnJFQD,Vigorous Smashup,2,Brute,,Deck,Brute Action - Attack,3,6,3,true,C,C,SUP,SUP165,https://legendstory-production-s3-public.s3.amazonaws.com/media/cards/large/SUP165.webp
NdwNmwRFRBQ8hFnrRTJcG,Vigorous Smashup,3,Brute,,Deck,Brute Action - Attack,3,5,3,true,C,C,SUP,SUP166,https://legendstory-production-s3-public.s3.amazonaws.com/media/cards/large/SUP166.webp
6DkjQLNmzwdBmwhfGWTJG,Vigorous Windup,1,Guardian|Warrior,,Deck,Guardian / Warrior Action - Attack,3,7,2,true,C,C,HVY,HVY186,https://legendstory-production-s3-public.s3.amazonaws.com/media/cards/large/HVY186.webp
Lw7QfMJwTckhkKbK9Wrhm,Vigorous Windup,2,Guardian|Warrior,,Deck,Guardian / Warrior Action - Attack,3,6,2,true,C,C,HVY,HVY187,https://legendstory-production-s3-public.s3.amazonaws.com/media/cards/large/HVY187.webp
DCdRpLqtTFj8Q8gghKppK,Vigorous Windup,3,Guardian|Warrior,,Deck,Guardian / Warrior Action - Attack,3,5,2,true,C,C,HVY,HVY188,https://legendstory-production-s3-public.s3.amazonaws.com/media/cards/large/HVY188.webp
CpMzgzzqzDH6thBrdGRHM,Vile Inquisition,1,,Shadow,Deck,Shadow Action,2,,3,true,R,R,DTD,DTD178,https://legendstory-production-s3-public.s3.amazonaws.com/media/cards/large/DTD178.webp
TTGbBdCMpzDM8HhBdJFmf,Vile Inquisition,2,,Shadow,Deck,Shadow Action,2,,3,true,R,R,DTD,DTD179,https://legendstory-production-s3-public.s3.amazonaws.com/media/cards/large/DTD179.webp
rDbWdFWLzh9Q8KFmg9jnj,Vile Inquisition,3,,Shadow,Deck,Shadow Action,2,,3,true,R,R,DTD,DTD180,https://legendstory-production-s3-public.s3.amazonaws.com/media/cards/large/DTD180.webp
9PrjWmJjJtqFLctkQ7wLC,Villainous Pose,1,,Reviled,Deck,Reviled Action,2,,2,true,C|P,C,GEM|SLY|SUP,GEM097,https://legendstory-production-s3-public.s3.amazonaws.com/media/cards/large/GEM097.webp
rdrfQMmGfPwjrcKRtPpzf,Villainous Pose,2,,Reviled,Deck,Reviled Action,2,,2,true,C,C,SUP,SUP121,https://legendstory-production-s3-public.s3.amazonaws.com/media/cards/large/SUP121.webp
hJgFfDPRWWmknCPnHCrrL,Villainous Pose,3,,Reviled,Deck,Reviled Action,2,,2,true,C,C,SUP,SUP122,https://legendstory-production-s3-public.s3.amazonaws.com/media/cards/large/SUP122.webp
mcF6F69HgBntfh7QKkHWw,Vipox,1,Generic,,Deck,Generic Action - Attack,0,1,3,true,M,M,UPR,UPR188,https://legendstory-production-s3-public.s3.amazonaws.com/media/cards/large/UPR188.webp
dLQDGrJKDmFcmpzLNfQRG,Viral Diffusion,1,Assassin,,Deck,Assassin Defense Reaction - Trap,3,,4,true,M,M,AMO,AMO019,https://legendstory-production-s3-public.s3.amazonaws.com/media/cards/large/AMO019.webp
qrgHbhCHptKd9Lj7hzDQQ,Virtuoso Bodice,,Guardian,,Equipment,Guardian Equipment - Chest,,,2,true,M,M,APS|SUP,APS005,https://legendstory-production-s3-public.s3.amazonaws.com/media/cards/large/APS005-RF.webp
JrjbG9mbwQC8zQcnPRhHg,Virulent Touch,1,Assassin|Ranger,,Deck,Assassin / Ranger Action - Attack,0,4,2,true,C,C,ARA|OUT,ARA014,https://legendstory-production-s3-public.s3.amazonaws.com/media/cards/large/ARA014.webp
hw9HLQQjJ9nzWtBGFzWgc,Virulent Touch,2,Assassin|Ranger,,Deck,Assassin / Ranger Action - Attack,0,3,2,true,C,C,OUT,OUT169,https://legendstory-production-s3-public.s3.amazonaws.com/media/cards/large/OUT169.webp
z78cKCmLRbWfftGfpcJGd,Virulent Touch,3,Assassin|Ranger,,Deck,Assassin / Ranger Action - Attack,0,2,2,true,C,C,OUT,OUT170,https://legendstory-production-s3-public.s3.amazonaws.com/media/cards/large/OUT170.webp
RHnFkKb8FKdFzp9rdzGjF,Viserai,,Runeblade,,Hero,Runeblade Hero - Young,,,,false,T|C|R|P,T,1HP|ARC|HER|SVI,1HP259,https://legendstory-production-s3-public.s3.amazonaws.com/media/cards/large/1HP259.webp
TKbRWjjBLJThMmLkTFb6q,"Viserai, Rune Blood",,Runeblade,,Hero,Runeblade Hero,,,,true,T|C|M|P,T,1HP|ARC|AVS|CRU|HER|WIN,1HP258,https://legendstory-production-s3-public.s3.amazonaws.com/media/cards/large/1HP258.webp
LKrMGGMMHFKbbcM6LQ9WN,Visionary of Orbits,1,,Lightning,Deck,Lightning Action - Attack,3,7,2,true,R,R,OMN,OMN151,https://legendstory-production-s3-public.s3.amazonaws.com/media/cards/large/OMN151.webp
mTbD9zFpgmNQc7qzmfG8M,Visit Anvilheim,3,Guardian,,Deck,Guardian Action,X,,3,true,M,M,MPG,MPG021,https://legendstory-production-s3-public.s3.amazonaws.com/media/cards/large/MPG021.webp
n6fRnMQh7NKBzqLKMMK68,Visit Goldmane Estate,3,Guardian,,Deck,Guardian Action,1,,3,true,M,M,MST,MST225,https://legendstory-production-s3-public.s3.amazonaws.com/media/cards/large/MST225.webp
69MBWzRNRPKgtQhz8PbML,Visit the 'Winner Takes All',,,,Deck,Event,,,,false,M,M,SMP,SMP013,https://legendstory-production-s3-public.s3.amazonaws.com/media/cards/large/SMP013.webp
7JJG6Pdjw7Fq9rHGtmPBJ,Visit the Blacksmith,3,Generic,,Deck,Generic Action,0,,2,true,C,C,DVR,DVR022,https://legendstory-production-s3-public.s3.amazonaws.com/media/cards/large/DVR022.webp
HRTFfPJmFpCdgpmFPtrMp,Visit the Boneyard,3,Brute,,Deck,Brute Instant,0,,,true,R,R,SUP,SUP139,https://legendstory-production-s3-public.s3.amazonaws.com/media/cards/large/SUP139.webp
KBJQtrMQQWfRNdRrt8wdD,Visit the Dawnsmith,3,Warrior,,Deck,Warrior Action - Aura,0,,3,true,R,R,AHA|MPW,AHA026,https://legendstory-production-s3-public.s3.amazonaws.com/media/cards/large/AHA026.webp
zTKjp9zwk8Whfjr7bKpbn,Visit the Floating Dojo,3,Ninja,,Deck,Ninja Instant,0,,,true,M,M,OUT,OUT055,https://legendstory-production-s3-public.s3.amazonaws.com/media/cards/large/OUT055.webp
ndg9MJNHtTFG6BQqK7Lgz,Visit the Golden Anvil,3,Warrior,,Deck,Warrior Action,0,,3,true,M,M,MST,MST226,https://legendstory-production-s3-public.s3.amazonaws.com/media/cards/large/MST226.webp
MjHm8rcQpcMfmR9MnbWTK,Visit the Imperial Forge,1,Warrior,,Deck,Warrior Action,0,,3,true,C,C,DYN,DYN085,https://legendstory-production-s3-public.s3.amazonaws.com/media/cards/large/DYN085.webp
hfMFhLPRrGcHDGr7cGqBm,Visit the Imperial Forge,2,Warrior,,Deck,Warrior Action,0,,3,true,C,C,DYN,DYN086,https://legendstory-production-s3-public.s3.amazonaws.com/media/cards/large/DYN086.webp
9gGmRdPMjFQjFWCzB7kWD,Visit the Imperial Forge,3,Warrior,,Deck,Warrior Action,0,,3,true,C,C,DYN,DYN087,https://legendstory-production-s3-public.s3.amazonaws.com/media/cards/large/DYN087.webp
Bb9hbFBTRpwg8PfkjPgdw,Visit the Prize Room,3,Warrior,,Deck,Warrior Action,1,,2,true,R,R,AOL,AOL028,https://legendstory-production-s3-public.s3.amazonaws.com/media/cards/large/AOL028.webp
PFbLkp7H79TMzLwJfGMCp,Viziertronic Model i,,Mechanologist,,Equipment,Mechanologist Equipment - Head,,,0,true,M,M,1HP|CRU,1HP187,https://legendstory-production-s3-public.s3.amazonaws.com/media/cards/large/1HP187.webp
MpjDdrJPbQTg9HWknt8m8,Void Wraith,1,,Shadow,Deck,Shadow Action - Attack,2,5,3,true,C,C,MON,MON209,https://legendstory-production-s3-public.s3.amazonaws.com/media/cards/large/MON209.webp
fPrdbzqrg9NLzGgdMT8L7,Void Wraith,2,,Shadow,Deck,Shadow Action - Attack,2,4,3,true,C,C,MON,MON210,https://legendstory-production-s3-public.s3.amazonaws.com/media/cards/large/MON210.webp
8cCcw6wqqbhzgDPCTNzmR,Void Wraith,3,,Shadow,Deck,Shadow Action - Attack,2,3,3,true,C,C,MON,MON211,https://legendstory-production-s3-public.s3.amazonaws.com/media/cards/large/MON211.webp
mLQbHGnCHtLpmJh6LWLbP,Volatile Fluxor,1,,Lightning,Deck,Lightning Action - Attack,0,0,3,true,C,C,OMN,OMN178,https://legendstory-production-s3-public.s3.amazonaws.com/media/cards/large/OMN178.webp
gDcLCrcfPQKNNpq8DkMFp,Volatile Fluxor,2,,Lightning,Deck,Lightning Action - Attack,0,0,3,true,C,C,OMN,OMN179,https://legendstory-production-s3-public.s3.amazonaws.com/media/cards/large/OMN179.webp
cQcb7dCwJWGt6jMrDdtRz,Volatile Fluxor,3,,Lightning,Deck,Lightning Action - Attack,0,0,3,true,C,C,OMN,OMN180,https://legendstory-production-s3-public.s3.amazonaws.com/media/cards/large/OMN180.webp
8tGLHwNjzzJdqkjhhKBRb,Volcanic Vice,,Guardian,,Equipment,Gaurdian Equipment - Arms,,,0,true,R,R,PEN,PEN018,https://legendstory-production-s3-public.s3.amazonaws.com/media/cards/large/PEN018.webp
Nzpgn9HrbNfkzM8CkwCQp,"Voltaire, Strike Twice",,Ranger,Elemental,Weapon,Elemental Ranger Weapon - Bow (2H),,,,true,M|P,M,ELE|FAB,ELE034,https://legendstory-production-s3-public.s3.amazonaws.com/media/cards/large/ELE034.webp
NwMtf6bWr68tRnfzzgzmt,Voltaris,3,,Lightning,Deck,Lightning Resource - Gem,,,,true,F,F,OMN,OMN000,https://legendstory-production-s3-public.s3.amazonaws.com/media/cards/large/OMN000-RF.webp
ChgnM7DhdJNqhDRww6Qbz,Voltbound Duality,1,Runeblade,Lightning,Deck,Lightning Runeblade Action - Attack,0,4,3,true,C|P,C,FAB|OMN,FAB466,https://legendstory-production-s3-public.s3.amazonaws.com/media/cards/large/FAB466-MV.webp
rLDftPkdRdRH8bwwwhWkg,Voltbound Duality,2,Runeblade,Lightning,Deck,Lightning Runeblade Action - Attack,0,3,3,true,C,C,OMN,OMN078,https://legendstory-production-s3-public.s3.amazonaws.com/media/cards/large/OMN078.webp
dpLGTBmrFfpKctGmQcHtw,Voltbound Duality,3,Runeblade,Lightning,Deck,Lightning Runeblade Action - Attack,0,2,3,true,C,C,OMN,OMN079,https://legendstory-production-s3-public.s3.amazonaws.com/media/cards/large/OMN079.webp
WFGKzddHnH99BK6Wqrmb8,Voltic Bolt,1,Wizard,,Deck,Wizard Action,2,,3,true,C|P,C,1HP|ARC|LGS|SBZ,1HP335,https://legendstory-production-s3-public.s3.amazonaws.com/media/cards/large/1HP335.webp
rzwzDWjwdGDFHcpnnBKtf,Voltic Bolt,2,Wizard,,Deck,Wizard Action,2,,3,true,C|P,C,1HP|ARC|LGS,1HP336,https://legendstory-production-s3-public.s3.amazonaws.com/media/cards/large/1HP336.webp
JHNhMDgMfMRWKQzwnQN88,Voltic Bolt,3,Wizard,,Deck,Wizard Action,2,,3,true,C|P,C,1HP|ARC|LGS|SBZ|SIY,1HP337,https://legendstory-production-s3-public.s3.amazonaws.com/media/cards/large/1HP337.webp
zgJwfNDg6zwBCGkthNGQz,Voltic Impact,1,,Lightning,Deck,Lightning Action - Attack,2,6,2,true,R|P,R,FAB|OMN,FAB473,https://legendstory-production-s3-public.s3.amazonaws.com/media/cards/large/FAB473-RF.webp
WKpW6KJR9RhPrTwj6Gwcw,Voltic Vanguard,,,Lightning,Equipment,Lightning Equipment - Head,,,0,true,R,R,PEN,PEN240,https://legendstory-production-s3-public.s3.amazonaws.com/media/cards/large/PEN240.webp
T8LpTQg8Cqnk7jQgf9FhJ,Voltic Veil,1,Wizard,Elemental,Deck,Elemental Wizard Instant,1,,,true,R,R,PEN,PEN204,https://legendstory-production-s3-public.s3.amazonaws.com/media/cards/large/PEN204.webp
zfTFn8L8fMNW9bmRcn8Lw,"Volzar, Meteor Storm",,Wizard,Lightning,Weapon,Lightning Wizard Weapon - Staff (2H),,,,true,B|P,B,GEM|OMN,GEM144,https://legendstory-production-s3-public.s3.amazonaws.com/media/cards/large/GEM144-CF.webp
CzwrwtC7LkmK6mchdpzB7,"Volzar, the Lightning Rod",,Wizard,Lightning,Weapon,Lightning Wizard Weapon - Staff (2H),,,,true,T|C|P,T,LGS|OSC|ROS,LGS334,https://legendstory-production-s3-public.s3.amazonaws.com/media/cards/large/LGS334-RF.webp
mtdP6wgpMpd6LJbpJ79TM,Vow of Vengeance,,,Draconic,Equipment,Draconic Equipment - Head,,,1,true,C,C,CIN|FNG|HNT,CIN003,https://legendstory-production-s3-public.s3.amazonaws.com/media/cards/large/CIN003.webp
WhKb7MKbcDLhGThWGP8hT,Vynnset,,Runeblade,Shadow,Hero,Shadow Runeblade Hero - Young,,,,false,R|P,R,DTD|HER,DTD134,https://legendstory-production-s3-public.s3.amazonaws.com/media/cards/large/DTD134.webp
9CwWmnzhhfLbJgc6q7Hm7,"Vynnset, Iron Maiden",,Runeblade,Shadow,Hero,Shadow Runeblade Hero,,,,true,M|P,M,CON|DTD|HER|WIN,CON007,https://legendstory-production-s3-public.s3.amazonaws.com/media/cards/large/CON007-MV.webp
MFrJG8G8RgrhkpfkD8KWj,Vynserakai,,Illusionist,Draconic,Deck,Draconic Illusionist - Dragon Ally,,6,,true,R|V,R,UPR,UPR016,https://legendstory-production-s3-public.s3.amazonaws.com/media/cards/large/UPR016_BACK.webp
HkLqBHQMJDcpJrMh7zhFm,Wage Agility,1,Brute|Warrior,,Deck,Brute / Warrior Action - Attack,3,7,2,true,C,C,HVY|OLA,HVY169,https://legendstory-production-s3-public.s3.amazonaws.com/media/cards/large/HVY169.webp
WmzwN8GGDC6dhhLB9NbMc,Wage Agility,2,Brute|Warrior,,Deck,Brute / Warrior Action - Attack,3,6,2,true,C,C,HVY,HVY170,https://legendstory-production-s3-public.s3.amazonaws.com/media/cards/large/HVY170.webp
zCGntgRNcRP9bRjb8KNCR,Wage Agility,3,Brute|Warrior,,Deck,Brute / Warrior Action - Attack,3,5,2,true,C,C,HVY|OLA,HVY171,https://legendstory-production-s3-public.s3.amazonaws.com/media/cards/large/HVY171.webp
PQJbFn9m8g7J6BttmD6LN,Wage Gold,1,Generic,,Deck,Generic Action - Attack,3,7,2,true,R|P,R,BET|FAB|HVY,BET012,https://legendstory-production-s3-public.s3.amazonaws.com/media/cards/large/BET012.webp
rz9tKHQJFKq8wCbrKFchG,Wage Gold,2,Generic,,Deck,Generic Action - Attack,3,6,2,true,R|P,R,FAB|HVY,FAB197,https://legendstory-production-s3-public.s3.amazonaws.com/media/cards/large/FAB197-RF.webp
NQch97pRQJKKFBcwtTP9c,Wage Gold,3,Generic,,Deck,Generic Action - Attack,3,5,2,true,R|P,R,FAB|HVY,FAB198,https://legendstory-production-s3-public.s3.amazonaws.com/media/cards/large/FAB198-RF.webp
LRqdhhQnNFKCpttQmMJKq,Wage Might,1,Brute|Guardian,,Deck,Brute / Guardian Action - Attack,3,7,2,true,C,C,BET|HVY,BET013,https://legendstory-production-s3-public.s3.amazonaws.com/media/cards/large/BET013.webp
FLHFkrDTc9RLpNnR8wbK9,Wage Might,2,Brute|Guardian,,Deck,Brute / Guardian Action - Attack,3,6,2,true,C,C,HVY,HVY150,https://legendstory-production-s3-public.s3.amazonaws.com/media/cards/large/HVY150.webp
wGwjNqdjmKwqgzKrPhMn9,Wage Might,3,Brute|Guardian,,Deck,Brute / Guardian Action - Attack,3,5,2,true,C,C,HVY,HVY151,https://legendstory-production-s3-public.s3.amazonaws.com/media/cards/large/HVY151.webp
cgFCqbggd6BNB8kHFWNKJ,Wage Vigor,1,Guardian|Warrior,,Deck,Guardian / Warrior Action - Attack,3,7,2,true,C,C,BET|HVY|OLA,BET014,https://legendstory-production-s3-public.s3.amazonaws.com/media/cards/large/BET014.webp
MQN9FMbnbmGjrndKzFCC8,Wage Vigor,2,Guardian|Warrior,,Deck,Guardian / Warrior Action - Attack,3,6,2,true,C,C,HVY,HVY190,https://legendstory-production-s3-public.s3.amazonaws.com/media/cards/large/HVY190.webp
9t79HPQncwtwKtBg8MhRH,Wage Vigor,3,Guardian|Warrior,,Deck,Guardian / Warrior Action - Attack,3,5,2,true,C,C,HVY|OLA,HVY191,https://legendstory-production-s3-public.s3.amazonaws.com/media/cards/large/HVY191.webp
jqwmB7FLCpBPgTJz9ztGJ,Wailer Humperdinck,2,Pirate|Necromancer,,Deck,Pirate Necromancer Action - Ally,6,11,,true,M|P|V,M,GEM|SEA,GEM048,https://legendstory-production-s3-public.s3.amazonaws.com/media/cards/large/GEM048-RF.webp
zHQcgpbCGjrKCBFg6CmTw,Walk in My Shoes,2,Guardian,Reviled,Deck,Reviled Guardian Action - Attack,0,3,3,true,R,R,PEN|SLY,PEN298,https://legendstory-production-s3-public.s3.amazonaws.com/media/cards/large/PEN298.webp
RLQrqhLnpqbkKh8qLRtnn,Walk the Plank,1,Generic,,Deck,Generic Action - Attack,3,7,2,true,C,C,SEA,SEA235,https://legendstory-production-s3-public.s3.amazonaws.com/media/cards/large/SEA235.webp
qbfHLhfMncWkw8bbhDgJD,Walk the Plank,2,Generic,,Deck,Generic Action - Attack,3,6,2,true,C,C,SEA,SEA236,https://legendstory-production-s3-public.s3.amazonaws.com/media/cards/large/SEA236.webp
wFcdCKBhBrRhhTWtQH76f,Walk the Plank,3,Generic,,Deck,Generic Action - Attack,3,5,2,true,C,C,SEA,SEA237,https://legendstory-production-s3-public.s3.amazonaws.com/media/cards/large/SEA237.webp
mdhBmNB8JHPmK9KzKg7D6,Wall Breaker,1,Brute,Shadow,Deck,Shadow Brute Action - Attack,2,6,3,true,R,R,DTD,DTD115,https://legendstory-production-s3-public.s3.amazonaws.com/media/cards/large/DTD115.webp
PTwFjp7bRMhWjwr6dcj68,Wall Breaker,2,Brute,Shadow,Deck,Shadow Brute Action - Attack,2,5,3,true,R,R,DTD,DTD116,https://legendstory-production-s3-public.s3.amazonaws.com/media/cards/large/DTD116.webp
PPzmrDdFPbkKphtPwrwW7,Wall Breaker,3,Brute,Shadow,Deck,Shadow Brute Action - Attack,2,4,3,true,R,R,DTD,DTD117,https://legendstory-production-s3-public.s3.amazonaws.com/media/cards/large/DTD117.webp
JrqgkhzCLT6cDgrhNjnKJ,Wall of Meat and Muscle,1,Brute|Guardian,,Deck,Brute / Guardian Block,,,3,true,R|P,R,HVY|LGS,HVY142,https://legendstory-production-s3-public.s3.amazonaws.com/media/cards/large/HVY142.webp
cgLKkrphHT8RTF9T9cggM,Wallop,1,Guardian,,Deck,Guardian Action - Attack,4,7,3,true,C,C,HVY,HVY080,https://legendstory-production-s3-public.s3.amazonaws.com/media/cards/large/HVY080.webp
rppddnbcWR8QzfQzQFHWR,Wallop,2,Guardian,,Deck,Guardian Action - Attack,4,6,3,true,C,C,HVY|VIC,HVY081,https://legendstory-production-s3-public.s3.amazonaws.com/media/cards/large/HVY081.webp
QJWNKmgngBdFTwDGmmjCF,Wallop,3,Guardian,,Deck,Guardian Action - Attack,4,5,3,true,C,C,HVY|VIC,HVY082,https://legendstory-production-s3-public.s3.amazonaws.com/media/cards/large/HVY082.webp
LdTTQMN8HhrFjcDrLN6rP,Wander With Purpose,2,Ninja,,Deck,Ninja Action - Attack,0,2,3,true,M,M,OUT,OUT053,https://legendstory-production-s3-public.s3.amazonaws.com/media/cards/large/OUT053.webp
kzzwCj8LJwfMf9MTntgtt,Waning Moon,,Wizard,,Weapon,Wizard Weapon - Staff (2H),,,,true,T|P,T,LGS|UPR,LGS109,https://legendstory-production-s3-public.s3.amazonaws.com/media/cards/large/LGS109-CF.webp
RRwGHgbnNGFT7PDPDwkDG,Waning Vengeance,1,Illusionist,Mystic,Deck,Mystic Illusionist Instant - Aura,1,,,true,C,C,ENG|MST|SEN,ENG011,https://legendstory-production-s3-public.s3.amazonaws.com/media/cards/large/ENG011.webp
FJjmNKzKjz7PLCpF8Bg8Q,Waning Vengeance,2,Illusionist,Mystic,Deck,Mystic Illusionist Instant - Aura,1,,,true,C,C,ENG|MST,ENG013,https://legendstory-production-s3-public.s3.amazonaws.com/media/cards/large/ENG013.webp
Rhc9fGptBBhtNFDWbKGW8,Waning Vengeance,3,Illusionist,Mystic,Deck,Mystic Illusionist Instant - Aura,1,,,true,C,C,ENG|MST,ENG024,https://legendstory-production-s3-public.s3.amazonaws.com/media/cards/large/ENG024.webp
FCbzNdDDP9jrLfWCBPPdr,War Cry of Bellona,2,Warrior,Light,Deck,Light Warrior Attack Reaction,0,,3,true,M,M,HNT,HNT258,https://legendstory-production-s3-public.s3.amazonaws.com/media/cards/large/HNT258.webp
bqC9n87LnkhrWRTFBjqgJ,War Cry of Themis,2,Illusionist,Light,Deck,Light Illusionist Action,0,,3,true,M,M,HNT,HNT257,https://legendstory-production-s3-public.s3.amazonaws.com/media/cards/large/HNT257.webp
h6MnCpMCpWw8jn6GL6TtD,War Machine,1,Mechanologist,,Deck,Mechanologist Action - Attack,6,6,3,true,M,M,EVO,EVO056,https://legendstory-production-s3-public.s3.amazonaws.com/media/cards/large/EVO056.webp
KHDc7Tmt7fNcbRg6FDtn8,Warband of Bellona,,Warrior,Light,Equipment,Light Warrior Equipment - Head,,,2,true,P|L,P,EVO|FAB,EVO247,https://legendstory-production-s3-public.s3.amazonaws.com/media/cards/large/EVO247-RF.webp
BkpMHRn6L8dpcgjgrPm9H,Warmonger's Diplomacy,3,Generic,,Deck,Generic Action,0,,3,true,M|L,M,DTD|SUP,DTD230,https://legendstory-production-s3-public.s3.amazonaws.com/media/cards/large/DTD230.webp
r7ztTzKJCzDWphMcdPQcD,Warmonger's Recital,1,Generic,,Deck,Generic Action,1,,2,true,C,C,CHN|MON,CHN028,https://legendstory-production-s3-public.s3.amazonaws.com/media/cards/large/CHN028.webp
fgtdwK9LKpQLht8bnpG6L,Warmonger's Recital,2,Generic,,Deck,Generic Action,1,,2,true,C,C,CHN|MON,CHN029,https://legendstory-production-s3-public.s3.amazonaws.com/media/cards/large/CHN029.webp
qBfKKnkJT8hhtwHqnHfpG,Warmonger's Recital,3,Generic,,Deck,Generic Action,1,,2,true,C,C,MON,MON301,https://legendstory-production-s3-public.s3.amazonaws.com/media/cards/large/MON301.webp
rdKrHRBf66GR7WdzL8dpN,Warpath of Winged Grace,,Warrior,Light,Equipment,Light Warrior Equipment - Legs,,,2,true,M|P,M,ASB|JDG,ASB006,https://legendstory-production-s3-public.s3.amazonaws.com/media/cards/large/ASB006-RF.webp
rMhFpgrgBCtQdqrrcpHNh,Warrior's Valor,1,Warrior,,Deck,Warrior Action,1,,3,true,R|P,R,1HP|DDD|DVR|MPW|SDO|TNP|WTR,1HP159,https://legendstory-production-s3-public.s3.amazonaws.com/media/cards/large/1HP159.webp
g97rMMDfMbRgmgfjzgJnL,Warrior's Valor,2,Warrior,,Deck,Warrior Action,1,,3,true,R|P,R,1HP|SDO|TEA|TNP|WTR,1HP160,https://legendstory-production-s3-public.s3.amazonaws.com/media/cards/large/1HP160.webp
czRC9wmKkRGGrwrhJbNqj,Warrior's Valor,3,Warrior,,Deck,Warrior Action,1,,3,true,R|P,R,1HP|SDO|TEA|TNP|WTR,1HP161,https://legendstory-production-s3-public.s3.amazonaws.com/media/cards/large/1HP161.webp
KRcH8Nb8PR8dfC8DTPtpJ,Wartune Herald,1,Illusionist,Light,Deck,Light Illusionist Action - Attack,1,7,3,true,C|R|P,C,APR|DTD|FAB|MON|PSM,APR008,https://legendstory-production-s3-public.s3.amazonaws.com/media/cards/large/APR008.webp
pGjHRdgF8BLTDGtjLJGgh,Wartune Herald,2,Illusionist,Light,Deck,Light Illusionist Action - Attack,1,6,3,true,C|R|P,C,APR|DTD|FAB|MON,APR014,https://legendstory-production-s3-public.s3.amazonaws.com/media/cards/large/APR014.webp
qN9rt6FWmjTRwNC9cTrPW,Wartune Herald,3,Illusionist,Light,Deck,Light Illusionist Action - Attack,1,5,3,true,C|R|P,C,APR|DTD|FAB|MON|PSM,APR023,https://legendstory-production-s3-public.s3.amazonaws.com/media/cards/large/APR023.webp
wdLw8WtkJzf79bfKPbzj9,Wash Away,3,,Mystic,Deck,Mystic Defense Reaction,2,,3,true,C,C,MST,MST091,https://legendstory-production-s3-public.s3.amazonaws.com/media/cards/large/MST091.webp
QtHWQMww79tzzPLJfbQBp,Washed Up Wave,,Pirate|Necromancer,,Equipment,Pirate Necromancer Equipment - Arms,,,0,true,C,C,AGB|SEA|SGB,AGB006,https://legendstory-production-s3-public.s3.amazonaws.com/media/cards/large/AGB006-RF.webp
tB76Jz9T9FcQTtbFDpbmN,Water Glow Lanterns,1,Illusionist,,Deck,Illusionist Action,0,,2,true,C,C,DYN,DYN230,https://legendstory-production-s3-public.s3.amazonaws.com/media/cards/large/DYN230.webp
bgpJPGPPtgB7BDckBpRdM,Water Glow Lanterns,2,Illusionist,,Deck,Illusionist Action,0,,2,true,C,C,DYN,DYN231,https://legendstory-production-s3-public.s3.amazonaws.com/media/cards/large/DYN231.webp
8dmKghzHdGPnFQwhDcmWm,Water Glow Lanterns,3,Illusionist,,Deck,Illusionist Action,0,,2,true,C,C,DYN,DYN232,https://legendstory-production-s3-public.s3.amazonaws.com/media/cards/large/DYN232.webp
LLqCLBMtLJ86PW6CHQFRJ,Water the Seeds,1,Generic,,Deck,Generic Action - Attack,1,3,2,true,C,C,MST|ZEN,MST212,https://legendstory-production-s3-public.s3.amazonaws.com/media/cards/large/MST212.webp
9PMGqRfwFLwCKJfhKbmmp,Water the Seeds,2,Generic,,Deck,Generic Action - Attack,1,2,2,true,C,C,MST,MST213,https://legendstory-production-s3-public.s3.amazonaws.com/media/cards/large/MST213.webp
Q6NPtH8N8MJcmBc9pkpHL,Water the Seeds,3,Generic,,Deck,Generic Action - Attack,1,1,2,true,C,C,MST,MST214,https://legendstory-production-s3-public.s3.amazonaws.com/media/cards/large/MST214.webp
w9D7zGdNGdhHJKQ78DFNF,Wave of Reality,,Illusionist,,Equipment,Illusionist Equipment - Arms,,,,true,R|P,R,DYN|FAB,DYN214,https://legendstory-production-s3-public.s3.amazonaws.com/media/cards/large/DYN214.webp
zmtr9qmT89RLcGDGLRgLM,Waves of Aqua Marine,,,Mystic,Equipment,Mystic Equipment - Arms,,,1,true,C|P,C,LGS|MST|ZEN,LGS276,https://legendstory-production-s3-public.s3.amazonaws.com/media/cards/large/LGS276-RF.webp
zPGgKrwrbdqC6jHnnJzbt,Wax and Wane,3,Illusionist,Mystic,Deck,Mystic Illusionist Instant,0,,,true,R,R,PEN,PEN263,https://legendstory-production-s3-public.s3.amazonaws.com/media/cards/large/PEN263.webp
RGqFf9CnkWKhjMgfrTbdz,Wax Off,3,Ninja,,Deck,Ninja Defense Reaction,0,,2,true,M,M,EVO,EVO239,https://legendstory-production-s3-public.s3.amazonaws.com/media/cards/large/EVO239.webp
HMktjwMDWRjcFTC8gMHGL,Wax On,1,Ninja,,Deck,Ninja Defense Reaction,0,,3,true,C,C,EVR|SFA,EVR050,https://legendstory-production-s3-public.s3.amazonaws.com/media/cards/large/EVR050.webp
TBHBqQQ8FjFLkNKbGRncf,Wax On,2,Ninja,,Deck,Ninja Defense Reaction,0,,2,true,C,C,EVR,EVR051,https://legendstory-production-s3-public.s3.amazonaws.com/media/cards/large/EVR051.webp
zhnWgKpnzfCzCwN6cJBgW,Wax On,3,Ninja,,Deck,Ninja Defense Reaction,0,,1,true,C,C,EVR,EVR052,https://legendstory-production-s3-public.s3.amazonaws.com/media/cards/large/EVR052.webp
Lb7B6FTJbHFtCfcLm9dJh,Waxing Specter,1,Illusionist,Mystic,Deck,Mystic Illusionist Instant - Aura,2,,,true,C,C,ENG|MST|SEN,ENG010,https://legendstory-production-s3-public.s3.amazonaws.com/media/cards/large/ENG010.webp
FkbNjBJDf96DKNfNWk8Nr,Waxing Specter,2,Illusionist,Mystic,Deck,Mystic Illusionist Instant - Aura,2,,,true,C,C,MST,MST044,https://legendstory-production-s3-public.s3.amazonaws.com/media/cards/large/MST044.webp
hQGwctG9wQDRPbNzJWTnW,Waxing Specter,3,Illusionist,Mystic,Deck,Mystic Illusionist Instant - Aura,2,,,true,C,C,MST,MST045,https://legendstory-production-s3-public.s3.amazonaws.com/media/cards/large/MST045.webp
rtR8zKcQtHFKrqQKLwBWC,Wayfinder's Crest,,Ranger,,Equipment,Ranger Equipment - Head,,,1,true,C,C,AZL|OUT,AZL004,https://legendstory-production-s3-public.s3.amazonaws.com/media/cards/large/AZL004.webp
cTRTRcPz8fzHfqBjHQRH7,Weave Earth,1,,Earth,Deck,Earth Action,0,,2,true,R,R,BRI|ELE,BRI021,https://legendstory-production-s3-public.s3.amazonaws.com/media/cards/large/BRI021.webp
WtJmNHdbm8HMRCTQPfF8Q,Weave Earth,2,,Earth,Deck,Earth Action,0,,2,true,R,R,ELE,ELE123,https://legendstory-production-s3-public.s3.amazonaws.com/media/cards/large/ELE123.webp
rQw9rhKpgW6Lt7hWJq87J,Weave Earth,3,,Earth,Deck,Earth Action,0,,2,true,R,R,ELE,ELE124,https://legendstory-production-s3-public.s3.amazonaws.com/media/cards/large/ELE124.webp
qbMbJK7pFpcktB8zPdrwg,Weave Ice,1,,Ice,Deck,Ice Action,0,,2,true,R,R,ELE|OLD,ELE154,https://legendstory-production-s3-public.s3.amazonaws.com/media/cards/large/ELE154.webp
wPwF6bRtdtmNbMbQztGdN,Weave Ice,2,,Ice,Deck,Ice Action,0,,2,true,R,R,ELE,ELE155,https://legendstory-production-s3-public.s3.amazonaws.com/media/cards/large/ELE155.webp
H9kPHngR9Dh6j8QbmDkBL,Weave Ice,3,,Ice,Deck,Ice Action,0,,2,true,R,R,ELE,ELE156,https://legendstory-production-s3-public.s3.amazonaws.com/media/cards/large/ELE156.webp
GT7Q9m6w7NMRKBGw8g6pf,Weave Lightning,1,,Lightning,Deck,Lightning Action,0,,2,true,R|P,R,ELE|LGS|LXI|SBA,ELE180,https://legendstory-production-s3-public.s3.amazonaws.com/media/cards/large/ELE180.webp
mpCqjNRwttQWMNRFFFhtD,Weave Lightning,2,,Lightning,Deck,Lightning Action,0,,2,true,R|P,R,ELE|LGS,ELE181,https://legendstory-production-s3-public.s3.amazonaws.com/media/cards/large/ELE181.webp
Bc9QPMHJ7dP6c8mtrhjrQ,Weave Lightning,3,,Lightning,Deck,Lightning Action,0,,2,true,R|P,R,ELE|LGS,ELE182,https://legendstory-production-s3-public.s3.amazonaws.com/media/cards/large/ELE182.webp
DHrjJHjkLLHGd8FPnBrwW,Wee Wrecking Ball,2,Guardian,,Deck,Guardian Action - Attack,0,3,3,true,C,C,SLY|SUP,SLY023,https://legendstory-production-s3-public.s3.amazonaws.com/media/cards/large/SLY023.webp
MctmJQnjfD8Nj8qWrCDmK,Weeping Battleground,1,Runeblade,,Deck,Runeblade Defense Reaction,0,,3,true,C|P,C,GEM|PEN,GEM123,https://legendstory-production-s3-public.s3.amazonaws.com/media/cards/large/GEM123.webp
F6g7zmkKfkC6kRGnJf6GK,Weeping Battleground,2,Runeblade,,Deck,Runeblade Defense Reaction,0,,2,true,C,C,PEN,PEN104,https://legendstory-production-s3-public.s3.amazonaws.com/media/cards/large/PEN104.webp
m7p7hTRTHwWpBMrpW7HzD,Weeping Battleground,3,Runeblade,,Deck,Runeblade Defense Reaction,0,,1,true,C,C,PEN,PEN105,https://legendstory-production-s3-public.s3.amazonaws.com/media/cards/large/PEN105.webp
zngmGjhrGpJfmnbMP87JP,Well Grounded,,,Earth,Equipment,Earth Equipment - Legs,,,0,true,C|P,C,FAB|FLR|LGS|ROS|VER,FAB299,https://legendstory-production-s3-public.s3.amazonaws.com/media/cards/large/FAB299-GF.webp
zLcR9wbtJCfBQLFpntDFg,What Happens Next?,3,Guardian,,Deck,Guardian Instant - Aura,0,,2,true,C,C,APS|SUP,APS029,https://legendstory-production-s3-public.s3.amazonaws.com/media/cards/large/APS029.webp
zgP9HWNCqbrQPLMNP8Bwf,Whelming Gustwave,1,Ninja,,Deck,Ninja Action - Attack,0,3,3,true,C|P,C,1HP|FAB|KAT|KSU|LGS|WTR,1HP131,https://legendstory-production-s3-public.s3.amazonaws.com/media/cards/large/1HP131.webp
jCrd8h9kPW8rJ9KwgRr8L,Whelming Gustwave,2,Ninja,,Deck,Ninja Action - Attack,0,2,3,true,C|P,C,1HP|LGS|WTR,1HP132,https://legendstory-production-s3-public.s3.amazonaws.com/media/cards/large/1HP132.webp
M7gFnB7zpwHWCbzWCWKpd,Whelming Gustwave,3,Ninja,,Deck,Ninja Action - Attack,0,1,3,true,C|P,C,1HP|KAT|KSU|LGS|WTR,1HP133,https://legendstory-production-s3-public.s3.amazonaws.com/media/cards/large/1HP133.webp
w98kfFNz9prGgmD88ptJR,Whirling Mist Blossom,2,Ninja,,Deck,Ninja Action - Attack,1,2,2,true,C|P,C,1HP|ASR|CRU|IRA,1HP136,https://legendstory-production-s3-public.s3.amazonaws.com/media/cards/large/1HP136.webp
6MRRLJw7g9wgwWPMDhzmT,Whisper of the Oracle,1,Generic,,Deck,Generic Action,0,,3,true,C,C,1HP|ARC|SBZ,1HP423,https://legendstory-production-s3-public.s3.amazonaws.com/media/cards/large/1HP423.webp
HpcmJjndDjCmChMWWDnnc,Whisper of the Oracle,2,Generic,,Deck,Generic Action,0,,3,true,C,C,1HP|ARC|SBZ,1HP424,https://legendstory-production-s3-public.s3.amazonaws.com/media/cards/large/1HP424.webp
CdP6DCmhLMzBWKB7tWcNJ,Whisper of the Oracle,3,Generic,,Deck,Generic Action,0,,3,true,C,C,1HP|ARC|SBZ,1HP425,https://legendstory-production-s3-public.s3.amazonaws.com/media/cards/large/1HP425.webp
DJPrmWbggDQJdhkhgJG6q,Whispering Mist,3,,Mystic,Deck,Mystic Instant,0,,,true,M,M,PEN,PEN267,https://legendstory-production-s3-public.s3.amazonaws.com/media/cards/large/PEN267.webp
RchmHdpjFdfQrcKkCn8MP,Whittle from Bone,1,Assassin,,Deck,Assassin Action - Attack,0,3,3,true,R|P,R,GEM|HNT,GEM026,https://legendstory-production-s3-public.s3.amazonaws.com/media/cards/large/GEM026.webp
qQKjHgDgPhRzrhQTkTf7N,Whittle from Bone,2,Assassin,,Deck,Assassin Action - Attack,0,2,3,true,R,R,HNT,HNT021,https://legendstory-production-s3-public.s3.amazonaws.com/media/cards/large/HNT021.webp
kBGMnLgMjhm9DPqzNCWwb,Whittle from Bone,3,Assassin,,Deck,Assassin Action - Attack,0,1,3,true,R,R,HNT|WOD,HNT022,https://legendstory-production-s3-public.s3.amazonaws.com/media/cards/large/HNT022.webp
9R96qhGFQKHCLr8jzKTKg,Who Blinks First?,3,Guardian,,Deck,Guardian Instant - Aura,3,,3,true,S,S,SUP,SUP177,https://legendstory-production-s3-public.s3.amazonaws.com/media/cards/large/SUP177.webp
FQ89dPqtqmkWFJDRrrHHg,Who's the Tough Guy?,1,,Revered,Deck,Revered Action - Attack,2,7,2,true,C,C,SUP,SUP052,https://legendstory-production-s3-public.s3.amazonaws.com/media/cards/large/SUP052.webp
hwJmzPDqWwfPPRBDqDQm7,Who's the Tough Guy?,2,,Revered,Deck,Revered Action - Attack,2,6,2,true,C,C,SUP,SUP053,https://legendstory-production-s3-public.s3.amazonaws.com/media/cards/large/SUP053.webp
kKGTFjLBcLrKRcJzHRRnQ,Who's the Tough Guy?,3,,Revered,Deck,Revered Action - Attack,2,5,2,true,C,C,SUP,SUP054,https://legendstory-production-s3-public.s3.amazonaws.com/media/cards/large/SUP054.webp
GHJwMBntf9h6wFk7Dfk7j,Wide Blue Yonder,3,,Mystic,Deck,Mystic Attack Reaction,0,,2,true,R|P,R,FAB|MST,FAB239,https://legendstory-production-s3-public.s3.amazonaws.com/media/cards/large/FAB239-RF.webp
QMWDbQKHnWCcj8zrpmTMk,Widespread Annihilation,3,Runeblade,Shadow,Deck,Shadow Runeblade Action - Attack,4,6,3,true,M,M,DTD,DTD137,https://legendstory-production-s3-public.s3.amazonaws.com/media/cards/large/DTD137.webp
dTJpQ9hGCQBrDGzt6jgCC,Widespread Destruction,2,Runeblade,Shadow,Deck,Shadow Runeblade Action - Attack,3,6,3,true,M,M,DTD,DTD138,https://legendstory-production-s3-public.s3.amazonaws.com/media/cards/large/DTD138.webp
K8qRnknckRfM9fJ9fhrcm,Widespread Ruin,1,Runeblade,Shadow,Deck,Shadow Runeblade Action - Attack,2,6,3,true,M,M,DTD,DTD139,https://legendstory-production-s3-public.s3.amazonaws.com/media/cards/large/DTD139.webp
WwzgnmM8QrrwPpb8m7Mt9,Widow Back Abdomen,,Assassin,,Equipment,Assassin Equipment - Chest,,,,true,M,M,ROS,ROS240,https://legendstory-production-s3-public.s3.amazonaws.com/media/cards/large/ROS240.webp
zCDtKnHDDB7DNN9GQkGRz,Widow Claw Tarsus,,Assassin,,Equipment,Assassin Equipment - Arms,,,,true,M,M,ROS,ROS241,https://legendstory-production-s3-public.s3.amazonaws.com/media/cards/large/ROS241.webp
J9FcLDpkPpWNwfDgBqhm9,Widow Veil Respirator,,Assassin,,Equipment,Assassin Equipment - Head,,,,true,M,M,ROS,ROS239,https://legendstory-production-s3-public.s3.amazonaws.com/media/cards/large/ROS239.webp
6QKhRnpgcFmhcGgQKNH8K,Widow Web Crawler,,Assassin,,Equipment,Assassin Equipment - Legs,,,,true,M,M,ROS,ROS242,https://legendstory-production-s3-public.s3.amazonaws.com/media/cards/large/ROS242.webp
fMN6zwqRJGg7mHLpNJM8C,Widowmaker,1,Ranger,,Deck,Ranger Action - Arrow Attack,1,4,3,true,C,C,AZL|OUT,AZL015,https://legendstory-production-s3-public.s3.amazonaws.com/media/cards/large/AZL015.webp
RPjrTRkKNrQHCmd6M6DdC,Widowmaker,2,Ranger,,Deck,Ranger Action - Arrow Attack,1,3,3,true,C,C,OUT|SAZ,OUT134,https://legendstory-production-s3-public.s3.amazonaws.com/media/cards/large/OUT134.webp
6Ncbh6FMrcwkH7DmjJMwj,Widowmaker,3,Ranger,,Deck,Ranger Action - Arrow Attack,1,2,3,true,C,C,OUT,OUT135,https://legendstory-production-s3-public.s3.amazonaws.com/media/cards/large/OUT135.webp
TKR9cWhRJgWjgjjL7kWmf,Wild Ride,1,Brute,,Deck,Brute Action - Attack,2,6,,true,C|P,C,AKO|EVR|HVY|KYO|RVD|SKA|TNP,AKO014,https://legendstory-production-s3-public.s3.amazonaws.com/media/cards/large/AKO014.webp
bPtqgMTnhqqJcHF7BJJWw,Wild Ride,2,Brute,,Deck,Brute Action - Attack,2,5,,true,C|P,C,EVR|HVY|KYO|SKA|TNP,EVR012,https://legendstory-production-s3-public.s3.amazonaws.com/media/cards/large/EVR012.webp
fwHfwDjtckfDmGQQQrKLw,Wild Ride,3,Brute,,Deck,Brute Action - Attack,2,4,,true,C|P,C,EVR|HVY|TNP,EVR013,https://legendstory-production-s3-public.s3.amazonaws.com/media/cards/large/EVR013.webp
r8Tw7FhnRPfndW8kWB7Rr,Will of Arcana,3,Wizard,,Deck,Wizard Resource - Gem,,,,true,F,F,ROS,ROS000,https://legendstory-production-s3-public.s3.amazonaws.com/media/cards/large/ROS000-RF.webp
TTmc9j7H9WLgM9D6NfnbN,Will of the Crowd,3,,Revered,Deck,Revered Block,,,2,true,R,R,SUP,SUP035,https://legendstory-production-s3-public.s3.amazonaws.com/media/cards/large/SUP035.webp
KRLHmjMcJTWNdrHrHqbkt,Wind Chakra,1,Ninja,Mystic,Deck,Mystic Ninja Action,0,,3,true,R|P,R,LGS|MST|ZEN,LGS265,https://legendstory-production-s3-public.s3.amazonaws.com/media/cards/large/LGS265-CF.webp
MpfqmCMGhHCTwgQKRdDGW,Wind Chakra,2,Ninja,Mystic,Deck,Mystic Ninja Action,0,,3,true,R,R,MST,MST055,https://legendstory-production-s3-public.s3.amazonaws.com/media/cards/large/MST055.webp
6mR8hhpB9hT6wf9QbWnrd,Wind Chakra,3,Ninja,Mystic,Deck,Mystic Ninja Action,0,,3,true,R,R,MST,MST056,https://legendstory-production-s3-public.s3.amazonaws.com/media/cards/large/MST056.webp
nP6cCbptBCkzLqKfPrKNb,Wind Cutter,,Ninja,,Equipment,Ninja Equipment - Arms,,,1,true,M,M,PEN,PEN029,https://legendstory-production-s3-public.s3.amazonaws.com/media/cards/large/PEN029.webp
H7QLKkw7fPCLfntKj86qp,Wind Up the Crowd,3,Brute,Revered,Deck,Revered Brute Action - Attack,3,6,0,true,S|P,S,GEM|SUP,GEM085,https://legendstory-production-s3-public.s3.amazonaws.com/media/cards/large/GEM085.webp
zcrgwbPhb8wr7MFmMDTzw,Winds of Eternity,3,Ninja,,Deck,Ninja Action - Attack,0,2,3,true,M,M,EVR,EVR040,https://legendstory-production-s3-public.s3.amazonaws.com/media/cards/large/EVR040.webp
Hb6ThkhpGRD9K9J6hBLDM,Winter's Bite,1,,Ice,Deck,Ice Action,0,,2,true,C,C,ELE,ELE169,https://legendstory-production-s3-public.s3.amazonaws.com/media/cards/large/ELE169.webp
WHq8cwrRDpm99fMJ7MCT8,Winter's Bite,2,,Ice,Deck,Ice Action,0,,2,true,C,C,ELE|OLD,ELE170,https://legendstory-production-s3-public.s3.amazonaws.com/media/cards/large/ELE170.webp
tDtrzbHbnwtKfJkKt9qHc,Winter's Bite,3,,Ice,Deck,Ice Action,0,,2,true,C,C,AJV|ELE|LXI|SIY,AJV025,https://legendstory-production-s3-public.s3.amazonaws.com/media/cards/large/AJV025.webp
b9rTHdGpFNRhfDTJL6gzc,Winter's Grasp,1,,Ice,Deck,Ice Action - Attack,2,6,3,true,C,C,ELE,ELE160,https://legendstory-production-s3-public.s3.amazonaws.com/media/cards/large/ELE160.webp
cntcMcbcdWNhmHmN7PKBn,Winter's Grasp,2,,Ice,Deck,Ice Action - Attack,2,5,3,true,C,C,ELE,ELE161,https://legendstory-production-s3-public.s3.amazonaws.com/media/cards/large/ELE161.webp
NjnLjjpCJhjBm6wGP7pfF,Winter's Grasp,3,,Ice,Deck,Ice Action - Attack,2,4,3,true,C,C,AJV|ELE|OLD,AJV016,https://legendstory-production-s3-public.s3.amazonaws.com/media/cards/large/AJV016.webp
pCdJMzmgBMD8Mt8qhM7nC,Winter's Wail,,Guardian,Elemental,Weapon,Elemental Guardian Weapon - Hammer (1H),,4,,true,M,M,ELE,ELE003,https://legendstory-production-s3-public.s3.amazonaws.com/media/cards/large/ELE003.webp
gr8bpnbjFntzpQjWk9DTh,Wither,1,Assassin,,Deck,Assassin Action - Attack,0,3,3,true,C,C,ARA|OUT,ARA013,https://legendstory-production-s3-public.s3.amazonaws.com/media/cards/large/ARA013.webp
dwmnBHf6f8wQBBQwRJdNw,Wither,2,Assassin,,Deck,Assassin Action - Attack,0,2,3,true,C,C,OUT|UZU,OUT040,https://legendstory-production-s3-public.s3.amazonaws.com/media/cards/large/OUT040.webp
gqc6jdDMpF8RNbBhLw9G9,Wither,3,Assassin,,Deck,Assassin Action - Attack,0,1,3,true,C,C,ARA|OUT|UZU,ARA025,https://legendstory-production-s3-public.s3.amazonaws.com/media/cards/large/ARA025.webp
hKhfnNtkWGHNfWNmdFPCn,Withering Shot,1,Ranger,,Deck,Ranger Action - Arrow Attack,1,5,3,true,C,C,AZL|OUT|RIP,AZL016,https://legendstory-production-s3-public.s3.amazonaws.com/media/cards/large/AZL016.webp
bDLGjNdcCcbjdpMMNTF6t,Withering Shot,2,Ranger,,Deck,Ranger Action - Arrow Attack,1,4,3,true,C,C,OUT,OUT137,https://legendstory-production-s3-public.s3.amazonaws.com/media/cards/large/OUT137.webp
DGN6wbTkHFhrzGfLjQ6jg,Withering Shot,3,Ranger,,Deck,Ranger Action - Arrow Attack,1,3,3,true,C,C,OUT,OUT138,https://legendstory-production-s3-public.s3.amazonaws.com/media/cards/large/OUT138.webp
KtFRrP9HJRGKTJtHrCtwD,Withstand,1,Guardian,,Deck,Guardian Instant,2,,,true,C,C,DYN,DYN042,https://legendstory-production-s3-public.s3.amazonaws.com/media/cards/large/DYN042.webp
Qk8tQfhtfP8mpHgcJBRD6,Withstand,2,Guardian,,Deck,Guardian Instant,2,,,true,C,C,DYN,DYN043,https://legendstory-production-s3-public.s3.amazonaws.com/media/cards/large/DYN043.webp
TTGpGFzh9Kb8RPDDbTmnw,Withstand,3,Guardian,,Deck,Guardian Instant,2,,,true,C,C,DYN,DYN044,https://legendstory-production-s3-public.s3.amazonaws.com/media/cards/large/DYN044.webp
cbD6dqdgnLGk8zjjQqHCt,Wounded Bull,1,Generic,,Deck,Generic Action - Attack,3,7,2,true,C|P,C,JDG|SBZ|SIY|WTR,JDG014,https://legendstory-production-s3-public.s3.amazonaws.com/media/cards/large/JDG014-CF.webp
WdmT8cBmQFfGfdR8hknCT,Wounded Bull,2,Generic,,Deck,Generic Action - Attack,3,6,2,true,C,C,RNR|RVD|WTR,RNR021,https://legendstory-production-s3-public.s3.amazonaws.com/media/cards/large/RNR021.webp
gFQQLWKpNnLW9TPg86kL7,Wounded Bull,3,Generic,,Deck,Generic Action - Attack,3,5,2,true,C,C,BVO|WTR,BVO026,https://legendstory-production-s3-public.s3.amazonaws.com/media/cards/large/BVO026.webp
rLN8wNfkTtF9zBg8zwGzW,Wounding Blow,1,Generic,,Deck,Generic Action - Attack,0,4,3,true,C,C,DRO|MST|TEA|WTR,DRO022,https://legendstory-production-s3-public.s3.amazonaws.com/media/cards/large/DRO022.webp
Tb79JpdtgFJJwfFCGc9Dc,Wounding Blow,2,Generic,,Deck,Generic Action - Attack,0,3,3,true,C,C,MST|WTR,MST216,https://legendstory-production-s3-public.s3.amazonaws.com/media/cards/large/MST216.webp
nGQcDzcjQ8gw8HGzwCGnF,Wounding Blow,3,Generic,,Deck,Generic Action - Attack,0,2,3,true,C,C,FAI|KSU|MST|WTR,FAI027,https://legendstory-production-s3-public.s3.amazonaws.com/media/cards/large/FAI027.webp
7pkFmgqjTzWQnPg7PLHDw,Wrath of Retribution,1,Ninja,Draconic,Deck,Draconic Ninja Action - Attack,3,3,3,true,R,R,CIN|HNT,CIN021,https://legendstory-production-s3-public.s3.amazonaws.com/media/cards/large/CIN021.webp
JwTrbpHfNtCHmMnBmqrtb,Wreck Havoc,1,Generic,,Deck,Generic Action - Attack,2,6,2,true,R,R,AKO|OUT|SDO,AKO015,https://legendstory-production-s3-public.s3.amazonaws.com/media/cards/large/AKO015.webp
kJngGmGgbGgKLLJPJKQbg,Wreck Havoc,2,Generic,,Deck,Generic Action - Attack,2,5,2,true,R,R,OUT,OUT199,https://legendstory-production-s3-public.s3.amazonaws.com/media/cards/large/OUT199.webp
D9TnG8PWbhKLR8Nc9N6K7,Wreck Havoc,3,Generic,,Deck,Generic Action - Attack,2,4,2,true,R,R,OUT,OUT200,https://legendstory-production-s3-public.s3.amazonaws.com/media/cards/large/OUT200.webp
qfFQbdJPqGhjD99dLC6gD,Wrecker Romp,1,Brute,,Deck,Brute Action - Attack,2,8,3,true,C|P,C,1HP|LGS|RNR|WTR,1HP037,https://legendstory-production-s3-public.s3.amazonaws.com/media/cards/large/1HP037.webp
HhfPFLHfgBhNMMnMqNRf9,Wrecker Romp,2,Brute,,Deck,Brute Action - Attack,2,7,3,true,C|P,C,1HP|LGS|WTR,1HP038,https://legendstory-production-s3-public.s3.amazonaws.com/media/cards/large/1HP038.webp
nPdtpJ7BgkdccWhMGttWr,Wrecker Romp,3,Brute,,Deck,Brute Action - Attack,2,6,3,true,C|P,C,1HP|AKO|ARR|FAB|LGS|RNR|RVD|WTR,1HP039,https://legendstory-production-s3-public.s3.amazonaws.com/media/cards/large/1HP039.webp
zLnFQ6KLkBQbNQ7RhQnKb,Wrecking Ball,1,Brute,,Deck,Brute Action - Attack,3,6,,true,R|P,R,LGS|RVD,LGS101,https://legendstory-production-s3-public.s3.amazonaws.com/media/cards/large/LGS101-RF.webp
nrgkNJFCNRwKmHPWhqDqg,Writhing Beast Hulk,1,Brute,Shadow,Deck,Shadow Brute Action - Attack,2,6,3,true,R,R,LEV|MON,LEV016,https://legendstory-production-s3-public.s3.amazonaws.com/media/cards/large/LEV016.webp
gWTPCGnFgDrH9cFnFgg7F,Writhing Beast Hulk,2,Brute,Shadow,Deck,Shadow Brute Action - Attack,2,5,3,true,R,R,MON,MON130,https://legendstory-production-s3-public.s3.amazonaws.com/media/cards/large/MON130.webp
RGPtLmm7fqBkmPTgNTM7h,Writhing Beast Hulk,3,Brute,Shadow,Deck,Shadow Brute Action - Attack,2,4,3,true,R,R,MON,MON131,https://legendstory-production-s3-public.s3.amazonaws.com/media/cards/large/MON131.webp
q69qJCPFdP8PzL8rpNK9b,Written in the Stars,3,Runeblade,Lightning,Deck,Lightning Runeblade Action,0,,3,true,M,M,AST,AST027,https://legendstory-production-s3-public.s3.amazonaws.com/media/cards/large/AST027.webp
QMr7k6cBWr6PJNDFFWgFw,Yellow Fin Harpoon,3,Pirate|Ranger,,Deck,Pirate Ranger Action - Arrow Attack,2,4,3,true,R|P,R,GEM|SEA,GEM056,https://legendstory-production-s3-public.s3.amazonaws.com/media/cards/large/GEM056.webp
gqTpfTkztdLpN8W6TpRtR,Yendurai,,Illusionist,Draconic,Deck,Draconic Illusionist - Dragon Ally,,3,,true,R|V,R,UPR,UPR017,https://legendstory-production-s3-public.s3.amazonaws.com/media/cards/large/UPR017_BACK.webp
7hgR7DHjmfrQq9wnbM798,Yinti Yanti,1,Generic,,Deck,Generic Action - Attack,0,3,2,true,C,C,MON,MON290,https://legendstory-production-s3-public.s3.amazonaws.com/media/cards/large/MON290.webp
JnPKNFkPDH7gfw7hQqz7W,Yinti Yanti,2,Generic,,Deck,Generic Action - Attack,0,2,2,true,C,C,MON,MON291,https://legendstory-production-s3-public.s3.amazonaws.com/media/cards/large/MON291.webp
jqpfzHrQb9QC8BptMgLQJ,Yinti Yanti,3,Generic,,Deck,Generic Action - Attack,0,1,2,true,C,C,MON,MON292,https://legendstory-production-s3-public.s3.amazonaws.com/media/cards/large/MON292.webp
PGQMRR7h9kBt98fnhgnNt,Yo Ho Ho!,3,Pirate|Necromancer,,Deck,Pirate Necromancer Action,0,,3,true,R|P,R,GEM|SEA|SGB,GEM053,https://legendstory-production-s3-public.s3.amazonaws.com/media/cards/large/GEM053.webp
ncc6tmdrfHgnz9DhPqnwC,"Yoji, Royal Protector",,Guardian,,Hero,Guardian Hero - Young,,,,false,M|P,M,DYN|HER,DYN025,https://legendstory-production-s3-public.s3.amazonaws.com/media/cards/large/DYN025.webp
nrMg9kDMg9KwBPPtJLJph,"Yorick, Weaver of Tales",,Bard,,Hero,Bard Hero - Young,,,,false,P,P,LSS,LSS004,https://legendstory-production-s3-public.s3.amazonaws.com/media/cards/large/LSS004-CF.webp
tjQzWM7HtWqpk8R8T8TNW,"Zane, Broadly Beloved",,Warrior,Revered,Hero,Revered Warrior Hero - Young,,,,false,R,R,SPW,SPW003,https://legendstory-production-s3-public.s3.amazonaws.com/media/cards/large/SPW003-RF.webp
NLkgcrjgGCQdWqGdg8gpj,Zap,1,Wizard,,Deck,Wizard Action,0,,3,true,C,C,1HP|ARC,1HP338,https://legendstory-production-s3-public.s3.amazonaws.com/media/cards/large/1HP338.webp
cNDwrcdgP7RdhDqDjdknB,Zap,2,Wizard,,Deck,Wizard Action,0,,3,true,C,C,1HP|ARC,1HP339,https://legendstory-production-s3-public.s3.amazonaws.com/media/cards/large/1HP339.webp
nGFNqP9BddjFmfBNcQGpq,Zap,3,Wizard,,Deck,Wizard Action,0,,3,true,C,C,1HP|ARC,1HP340,https://legendstory-production-s3-public.s3.amazonaws.com/media/cards/large/1HP340.webp
TgrQPtPTGpMznMJPJKPGC,Zap Clappers,,Runeblade,Lightning,Equipment,Lightning Runeblade Equipment - Arms,,,2,true,M|P,M,AST|JDG,AST005,https://legendstory-production-s3-public.s3.amazonaws.com/media/cards/large/AST005-RF.webp
mQTLKRNWqhbJRtNNdWHHj,Zealous Belting,1,Generic,,Deck,Generic Action - Attack,2,5,2,true,C|P,C,JDG|MON|SBR,JDG028,https://legendstory-production-s3-public.s3.amazonaws.com/media/cards/large/JDG028-CF.webp
FWPL69jpWNMf6qgfGWJQp,Zealous Belting,2,Generic,,Deck,Generic Action - Attack,2,4,2,true,C,C,MON,MON294,https://legendstory-production-s3-public.s3.amazonaws.com/media/cards/large/MON294.webp
6djPj8nJPB6mFWrjrj7ft,Zealous Belting,3,Generic,,Deck,Generic Action - Attack,2,3,2,true,C,C,MON,MON295,https://legendstory-production-s3-public.s3.amazonaws.com/media/cards/large/MON295.webp
7FHM67fkfjCjzwWzKfFKH,Zen,,Ninja,Mystic,Hero,Mystic Ninja Hero - Young,,,,false,T|R|V,T,MST|ZEN,MST047,https://legendstory-production-s3-public.s3.amazonaws.com/media/cards/large/MST047.webp
HhTPF8HGRqhFbTT8HnBBh,Zen State,,Ninja,,Token,Ninja Token - Aura,,,,true,T|C|R|P,T,1HP|CRU|FAB|JDG|MST,1HP137,https://legendstory-production-s3-public.s3.amazonaws.com/media/cards/large/1HP137.webp
GDbCgdDrFKCWWthrgD6h6,"Zen, Tamer of Purpose",,Ninja,Mystic,Hero,Mystic Ninja Hero,,,,true,M|P|V,M,HER|MST|WIN,HER115,https://legendstory-production-s3-public.s3.amazonaws.com/media/cards/large/HER115-RF.webp
D8JcCHRDPNWCRtgCMgbtp,Zenith Blade,,Warrior,,Weapon,Warrior Weapon - Sword (2H),,3,,true,B|R|V,B,AHA|MPW,AHA002,https://legendstory-production-s3-public.s3.amazonaws.com/media/cards/large/AHA002-RF.webp
DC8RfMDzMnthBkWJgmWpQ,Zephyr Needle,,Ninja,,Weapon,Ninja Weapon - Dagger (1H),,2,,true,R,R,1HP|CRU,1HP093,https://legendstory-production-s3-public.s3.amazonaws.com/media/cards/large/1HP093.webp
WqmtQLDg96n6JTbjD8gjz,Zero to Fifty,1,Mechanologist,,Deck,Mechanologist Action - Attack,0,3,3,true,C,C,AMX|EVO,AMX015,https://legendstory-production-s3-public.s3.amazonaws.com/media/cards/large/AMX015.webp
q7QqrKP8wnWdwdptDwHfP,Zero to Fifty,2,Mechanologist,,Deck,Mechanologist Action - Attack,0,2,3,true,C,C,EVO,EVO163,https://legendstory-production-s3-public.s3.amazonaws.com/media/cards/large/EVO163.webp
Lc6zkNgRMkjHkLptqBMmF,Zero to Fifty,3,Mechanologist,,Deck,Mechanologist Action - Attack,0,1,3,true,C,C,EVO,EVO164,https://legendstory-production-s3-public.s3.amazonaws.com/media/cards/large/EVO164.webp
FgPpQpjMRLqL88FKhFPq6,Zero to Sixty,1,Mechanologist,,Deck,Mechanologist Action - Attack,0,4,3,true,C|P,C,1HP|AIO|AMX|ARC|FAB|SDA|TCC,1HP211,https://legendstory-production-s3-public.s3.amazonaws.com/media/cards/large/1HP211.webp
BrHCD9dtfmWcwwRGg7PMj,Zero to Sixty,2,Mechanologist,,Deck,Mechanologist Action - Attack,0,3,3,true,C,C,1HP|AIO|AMX|ARC|SDA,1HP212,https://legendstory-production-s3-public.s3.amazonaws.com/media/cards/large/1HP212.webp
wKJrpKpFH8hPhtRrgqKCn,Zero to Sixty,3,Mechanologist,,Deck,Mechanologist Action - Attack,0,2,3,true,C,C,1HP|AIO|ARC|SDA,1HP213,https://legendstory-production-s3-public.s3.amazonaws.com/media/cards/large/1HP213.webp
H9hHm8NHT7B6LMrLJ8wbW,Zipper Hit,1,Mechanologist,,Deck,Mechanologist Action - Attack,1,5,3,true,C|P,C,1HP|AIO|AMX|ARC|SDA|TCC|TNP,1HP214,https://legendstory-production-s3-public.s3.amazonaws.com/media/cards/large/1HP214.webp
nLGBDgFP78ChRnBtmPbHD,Zipper Hit,2,Mechanologist,,Deck,Mechanologist Action - Attack,1,4,3,true,C|P,C,1HP|AIO|ARC|SDA|TCC|TNP,1HP215,https://legendstory-production-s3-public.s3.amazonaws.com/media/cards/large/1HP215.webp
n6kmDfMCtWLDjQ7jgKW6z,Zipper Hit,3,Mechanologist,,Deck,Mechanologist Action - Attack,1,3,3,true,C|P,C,1HP|AIO|ARC|SDA|TNP,1HP216,https://legendstory-production-s3-public.s3.amazonaws.com/media/cards/large/1HP216.webp
mKPhjBjD8Nq9n8c68WmWQ,Zoom In,1,Mechanologist,,Deck,Mechanologist Action - Attack,2,5,3,true,C,C,EVR,EVR079,https://legendstory-production-s3-public.s3.amazonaws.com/media/cards/large/EVR079.webp
THmjft8HQNJtD6fcJHKCc,Zoom In,2,Mechanologist,,Deck,Mechanologist Action - Attack,2,4,3,true,C,C,EVR,EVR080,https://legendstory-production-s3-public.s3.amazonaws.com/media/cards/large/EVR080.webp
P7pftB6CpnWmQHcFrdJqQ,Zoom In,3,Mechanologist,,Deck,Mechanologist Action - Attack,2,3,3,true,C,C,EVR,EVR081,https://legendstory-production-s3-public.s3.amazonaws.com/media/cards/large/EVR081.webp
gqp7pLMMBLrRjGgzDgzT7,Zyggy,,Illusionist,Lightning,Hero,Lightning Illusionist Hero - Young,,,,false,B|V,B,OMN,OMN002,https://legendstory-production-s3-public.s3.amazonaws.com/media/cards/large/OMN002.webp
pnwGDgknLbHc96Ghg8f67,Zyggy Starlight,,Illusionist,Lightning,Hero,Lightning Illusionist Hero,,,,true,B|M|V,B,AZS|OMN,AZS001,https://legendstory-production-s3-public.s3.amazonaws.com/media/cards/large/AZS001-RF.webp
