card_id,tcgplayer_id
666mgFjKrrLQhdkpGzNzf,225219
666mgFjKrrLQhdkpGzNzf,225751
666mgFjKrrLQhdkpGzNzf,238505
666mgFjKrrLQhdkpGzNzf,262534
666mgFjKrrLQhdkpGzNzf,270918
666mgFjKrrLQhdkpGzNzf,275540
666mgFjKrrLQhdkpGzNzf,647433
667jCHDNcTc6zNTcjFk8m,653956
667jCHDNcTc6zNTcjFk8m,653957
66LHrpFckMQ8WNWhPjbD6,565586
66LHrpFckMQ8WNWhPjbD6,577188
66LHrpFckMQ8WNWhPjbD6,577210
66LHrpFckMQ8WNWhPjbD6,584695
66LHrpFckMQ8WNWhPjbD6,676800
67HPjqjK7wtjKtnHL8zwb,248426
67HPjqjK7wtjKtnHL8zwb,250511
67HPjqjK7wtjKtnHL8zwb,262518
67PfThWHNmFmMj68D7WLf,275734
67fGrFQnnpt8PLBckjKdG,248377
67fGrFQnnpt8PLBckjKdG,262559
67fGrFQnnpt8PLBckjKdG,567097
67qdjCMdF7qMmrDpcjWWD,248371
67qdjCMdF7qMmrDpcjWWD,262464
67zdgKFWD7qzcPppbRHNB,518651
67zdgKFWD7qzcPppbRHNB,518652
688rBwm6gmkFjGPrchjCq,225167
688rBwm6gmkFjGPrchjCq,271158
68HKwDLNHwFdPpdpFMJBg,549739
68HKwDLNHwFdPpdpFMJBg,551546
68J8LFDffgJ8j6RJ6FhmD,237779
68J8LFDffgJ8j6RJ6FhmD,238495
68J8LFDffgJ8j6RJ6FhmD,533621
68J8LFDffgJ8j6RJ6FhmD,537228
68J8LFDffgJ8j6RJ6FhmD,537286
68J8LFDffgJ8j6RJ6FhmD,549261
68PDzWMgFLKpqQNpQGQFB,225168
68PDzWMgFLKpqQNpQGQFB,271161
68PDzWMgFLKpqQNpQGQFB,676599
68gf9fggmcjDR7Tk78zJm,676461
69GnfBCnLKPjLMkhQ6gF6,533033
69GnfBCnLKPjLMkhQ6gF6,537280
69GnfBCnLKPjLMkhQ6gF6,542193
69GnfBCnLKPjLMkhQ6gF6,542281
69MBWzRNRPKgtQhz8PbML,648176
69TdTgmPz69bNLRWPHLpK,518428
69mRCnm9t6Dcjkk9H8RhG,633320
69mRCnm9t6Dcjkk9H8RhG,633674
69rMfrhmMBTgKkhmqHn6W,518317
6B8TGFRbgK6dQQLKfP8qD,517467
6B8TGFRbgK6dQQLKfP8qD,518245
6BCMqFPmmMJDgMPCrKh9Q,695291
6C9QJwPPMFCtRjjTmFq7z,225271
6CRmnh6wbcGBJLpzwPf6M,518314
6CbcjKgjJbTDrfbtDhMkW,565643
6CbcjKgjJbTDrfbtDhMkW,577280
6CcjWGnThrTmTQFQ9zHMN,225524
6CcjWGnThrTmTQFQ9zHMN,225545
6CcjWGnThrTmTQFQ9zHMN,225652
6CcjWGnThrTmTQFQ9zHMN,225999
6CcjWGnThrTmTQFQ9zHMN,270923
6ChQcHfgrFqCLTrFppwQG,528092
6ChQcHfgrFqCLTrFppwQG,559709
6CkGNJTJPDRwwqrWKJKzn,453339
6CpcdCrJKFkpkdkdLPQqT,633296
6CpcdCrJKFkpkdkdLPQqT,633650
6CrKfkzFgFLWFD7tFgT9H,533031
6CrKfkzFgFLWFD7tFgT9H,537279
6CrqfmG7dCTFgNzLbKtcc,248407
6CrqfmG7dCTFgNzLbKtcc,565662
6DFGcBD8MKkJmGmFLwQbc,676274
6DkjQLNmzwdBmwhfGWTJG,533591
6F7r7J6hRpwwH8hrtjdTp,550294
6F7r7J6hRpwwH8hrtjdTp,551493
6FGKKGj7QbWJ6tJfh9Qmn,261456
6FM8BWrmKQJMQThd8DB9L,225911
6FrQwLkL6fft9mWQcDM6R,275650
6FrqKM6Ckpz9NCG8wGcGq,237938
6GBcGgr77phGjWjbjNbRn,261439
6GbtFTnH86TCFdKLMdrPk,489265
6GbtFTnH86TCFdKLMdrPk,500678
6GbtFTnH86TCFdKLMdrPk,501740
6GcRhhrGgk8TwpLJpCjPk,708921
6Gqn7z8PhLkHtBnF7MmwJ,612649
6Gqn7z8PhLkHtBnF7MmwJ,618012
6HPNkbgGwRmTbRWQ7bmPf,694919
6HRcwkwHQjK9JdGHPPtqC,248465
6HTFGH8fzF8THpGNjpmHR,633234
6HTFGH8fzF8THpGNjpmHR,634067
6JWDWhqwDrdDPnGfqMQQR,533585
6JWDWhqwDrdDPnGfqMQQR,545419
6JztkHqwkFCGJgfBwKgq8,653974
6JztkHqwkFCGJgfBwKgq8,666543
6KQdhWqcGdhFgmRzwBrnh,533451
6KW6hmRbDRRcrThDpMDDT,676333
6KgPjKJBhMkRQgKDdhnbL,488522
6KgPjKJBhMkRQgKDdhnbL,489152
6KgPjKJBhMkRQgKDdhnbL,489277
6KnWFFJk9CkMRMMc8LJ8n,225871
6KnWFFJk9CkMRMMc8LJ8n,271060
6KwJ86P99FbcRKnbnRpnj,261471
6LHg9KT9MK8GzCJ8HGPpN,533490
6LLwpNzLJBgr8c8nTqdmr,562509
6LzhNhWTWGWzFLDbCktPt,225788
6M6NPTgtR8MTpJJrDMtRW,225269
6M6NPTgtR8MTpJJrDMtRW,552022
6MRRLJw7g9wgwWPMDhzmT,225861
6MRRLJw7g9wgwWPMDhzmT,271263
6MktH8f6TgMJPmPLN8M8R,584676
6NQchRgTdMDpdPjM9wfbh,708929
6Ncbh6FMrcwkH7DmjJMwj,488348
6NqHrDGMBKrbmcCKQG6Hd,261418
6PPFnJ8tNtPKN6Km7NWpp,510040
6PPFnJ8tNtPKN6Km7NWpp,518856
6PPFnJ8tNtPKN6Km7NWpp,526142
6PPFnJ8tNtPKN6Km7NWpp,677675
6QFJz9JnJhnLBFrtJWh7t,488537
6QFJz9JnJhnLBFrtJWh7t,577779
6QFJz9JnJhnLBFrtJWh7t,695278
6QKhRnpgcFmhcGgQKNH8K,577783
6QdjhDLqHJ9DB8GHD6fmf,453346
6QdjhDLqHJ9DB8GHD6fmf,617915
6QfkfBbmfr77GMbDTTbLw,225799
6QfkfBbmfr77GMbDTTbLw,271135
6QjFBg8DFzJBbLNmzKjPj,225930
6QjFBg8DFzJBbLNmzKjPj,271269
6QzjLDc9KbnJWrFqd8zjW,518250
6RMJpmJnGGNQdHFMnJKcD,502783
6RffdjmzwF6NbD96cLDWR,248394
6RffdjmzwF6NbD96cLDWR,262452
6RmpNRmdhQFNjJTqtRwbK,676466
6RzzhHKt8kjPMkfmQ9LqJ,677657
6TFrJmTqf9DjPmgPrmd8m,633313
6TFrJmTqf9DjPmgPrmd8m,633667
6TdnF7dGqjJJcCBdKb98r,237708
6TdnF7dGqjJJcCBdKb98r,238510
6TdnF7dGqjJJcCBdKb98r,501481
6TdnF7dGqjJJcCBdKb98r,502750
6WM7PKt9BCGmw7wQzn7k6,225509
6WM7PKt9BCGmw7wQzn7k6,225688
6WM7PKt9BCGmw7wQzn7k6,270963
6Wcpcb7DQ8GMGMTwjdQTR,225630
6Wcpcb7DQ8GMGMTwjdQTR,271090
6b6WhdH96PdDWBQhMzgLB,237874
6bkFRTMhgjKWfftkpqtD6,225607
6bkFRTMhgjKWfftkpqtD6,271050
6bkFRTMhgjKWfftkpqtD6,517580
6cMTKCkgKrCLPBBdRFPjh,708906
6cNDdMzwq6KHcHjFdmmHT,633335
6cNLLnWnpJdfmdpQHMFMb,632110
6cfpHFn7czfqJDTRhw7fp,653928
6cjnMQdchnmhcWTkNMrbK,634593
6cjnMQdchnmhcWTkNMrbK,649726
6dCLFb9TTGPNKHFqH7mzw,646328
6dMC789mNcrmnMPWGMdhb,225113
6dMC789mNcrmnMPWGMdhb,225754
6dMC789mNcrmnMPWGMdhb,270958
6dMC789mNcrmnMPWGMdhb,552497
6dNCtnqWjTwr88JCckKDG,631890
6dNCtnqWjTwr88JCckKDG,633704
6dNCtnqWjTwr88JCckKDG,634079
6dNCtnqWjTwr88JCckKDG,678590
6dRWCNgFHTQJLpTnQcCD7,708939
6dhcGczKkMnrNJg9gDWdw,708965
6djPj8nJPB6mFWrjrj7ft,237732
6dntPtjP6wmc6nMwb79GP,676263
6dntPtjP6wmc6nMwb79GP,676692
6fB9pCdHTN9WBhTBF7D6D,225267
6fB9pCdHTN9WBhTBF7D6D,225360
6fB9pCdHTN9WBhTBF7D6D,225371
6fB9pCdHTN9WBhTBF7D6D,271094
6fGDjThJfHN7ttFCHGGnC,226022
6fGDjThJfHN7ttFCHGGnC,271111
6fHc7b8L8fhK8GCqJTzrc,488535
6fHc7b8L8fhK8GCqJTzrc,577777
6fHc7b8L8fhK8GCqJTzrc,695276
6fPwHjKFPwPTCfRgmrkB9,664633
6gFbdhHwNwJmRJPqTfHRc,518344
6gMmQCFkPbTT7hJ7frhrJ,488365
6gMmQCFkPbTT7hJ7frhrJ,489188
6gqTwGnmHjkCLDqKPWt8c,517572
6gqTwGnmHjkCLDqKPWt8c,537215
6gqTwGnmHjkCLDqKPWt8c,537246
6gqTwGnmHjkCLDqKPWt8c,537275
6gqTwGnmHjkCLDqKPWt8c,537304
6gqTwGnmHjkCLDqKPWt8c,537811
6gqTwGnmHjkCLDqKPWt8c,538442
6gqTwGnmHjkCLDqKPWt8c,549278
6gqTwGnmHjkCLDqKPWt8c,618264
6h97MQcbc89bqd99BGRht,550300
6h97MQcbc89bqd99BGRht,551499
6hDkMpLkc7DhKgtNQFwHP,261495
6hwzWtTQ8pPqmNwL9dDFP,551500
6j78cmbzJ6RkG9FKBgfp9,561920
6j78cmbzJ6RkG9FKBgfp9,649249
6j7RrdTPfczH7PhHm8Brq,226005
6jHQz9TfCjcddBGqKkWgJ,533516
6jHQz9TfCjcddBGqKkWgJ,537320
6jnwnJMfJmF8tzMP6p86j,248544
6kFn87DgtCPtJ9J9M6zGL,653803
6kKnCBgtcwPWzKhHLDPLn,237710
6kKnCBgtcwPWzKhHLDPLn,238517
6kKnCBgtcwPWzKhHLDPLn,501483
6kKnCBgtcwPWzKhHLDPLn,502754
6mDWM8jqfRP6NNLrcNjtQ,551503
6mR8hhpB9hT6wf9QbWnrd,551498
6mTWkJTLFBRrFDtcRK6Jh,708967
6mcbQprDMBHRMTfwnDfL9,676493
6mhWMHfB9pFcqz7QJfbhp,692530
6mmfrKtTWkcBJDcphpLdc,237834
6nBW69HNQRGM7mpMzNCGB,225928
6nGBJrh8MDLD7JJBD6NPK,248437
6nGBJrh8MDLD7JJBD6NPK,262425
6nGBJrh8MDLD7JJBD6NPK,561917
6nGBJrh8MDLD7JJBD6NPK,647332
6nPhzmrgb6bf6Km6gDBFG,453222
6nWPC67gz89pM77PJpqBw,708928
6ntF8Rdm7PqLkHWnPMkrF,533040
6ntF8Rdm7PqLkHWnPMkrF,537310
6ntF8Rdm7PqLkHWnPMkrF,542196
6ntF8Rdm7PqLkHWnPMkrF,542294
6pkDBRPmCgD7GmJ9FTrQR,275677
6pmddtzdHzQ77rjGrM6mw,653413
6pmddtzdHzQ77rjGrM6mw,666548
6q8j8bjLPkBrkJCBPGbKb,646291
6q8j8bjLPkBrkJCBPGbKb,646561
6q8j8bjLPkBrkJCBPGbKb,650367
6rMqWGtD7TMCrTRwdN6hH,676453
6rkDBBFc9rN7rpqqNbnrD,653969
6t8mpJGpHNQ9MKNrm99pr,551935
6tj9kHRWLHbCbF6mG6tDh,517512
6tr7pJgCdgwkQ79TmpcnF,708889
6wDLWfBNH8rPfhKPNtT8L,633350
6wNwBJcdhW7G7ghRp9mpG,708917
6wknmpgBbdgQBjD7LR6rb,275704
6wnMt8LFtDnM9LLwB7ghN,225261
6wnMt8LFtDnM9LLwB7ghN,489241
6zdg7pmncFthJQtLB79Jc,695287
76KHBFmKK6NdFdc7zcmHk,237730
76MpwMj77CmK8wDp6HMDn,502794
76cHnpRhNn7GWNNfFbNhL,503259
77HjThGWgwMQMqDRNBLMc,261522
77h7d88mFMjcrqwPHfQKG,261314
77rDjRrtRKDHTpNwbHWDW,502781
77rDjRrtRKDHTpNwbHWDW,678570
77rfcbF6JzTp98njhmLrq,261520
78FGMN9nn9QR9FDzC9z68,270508
78FGMN9nn9QR9FDzC9z68,274437
78qm8bGbrcGwf7chnPrqj,633333
78zTbm7gJD7r866HNpHGW,248343
78zTbm7gJD7r866HNpHGW,262523
7BHmLFHMLWwnzR7Fhf667,273127
7Cftm8TM9jQpwggJdLkTW,533555
7Cftm8TM9jQpwggJdLkTW,537238
7CtMDpTTHNC7DrwJHtJ9M,225077
7CtMDpTTHNC7DrwJHtJ9M,225603
7CtMDpTTHNC7DrwJHtJ9M,238381
7CtMDpTTHNC7DrwJHtJ9M,271282
7DfN7NwW9WbTpDNhFW8qW,676479
7DnnzwcQQQbdHtcDJ9PJG,695169
7Dzp8kPW6kJPj7tQKL79w,565651
7FHM67fkfjCjzwWzKfFKH,551492
7FHM67fkfjCjzwWzKfFKH,553524
7FKzc7kNTqjg78RNqwM77,549733
7FKzc7kNTqjg78RNqwM77,551461
7FKzc7kNTqjg78RNqwM77,554308
7FckgndNDJwgBMfzFRQ86,453389
7FckgndNDJwgBMfzFRQ86,617946
7FfRqNrB8z7L6HjzTpbJd,517359
7FfRqNrB8z7L6HjzTpbJd,517586
7FfRqNrB8z7L6HjzTpbJd,528300
7G8RpL8NqHQQH86gGbnwk,274405
7G8RpL8NqHQQH86gGbnwk,276819
7G8RpL8NqHQQH86gGbnwk,279255
7GkCr8MrPLnHfLc6JfQMH,565413
7GkCr8MrPLnHfLc6JfQMH,584725
7GqwMzK8mCrkKQ9kdpF7W,453404
7GqwMzK8mCrkKQ9kdpF7W,453406
7H6zRGbKbL8BpgNMgwh97,676313
7H7Q8F8wdjf6gJq6MGcz6,676445
7H7Q8F8wdjf6gJq6MGcz6,710769
7HFBMWtFrdmQpQkLLwHGJ,533500
7HFBMWtFrdmQpQkLLwHGJ,537301
7HzdfH8DD7cMhzKpCfDRG,633349
7J87gL6NR9MjHMLM6cWGB,577712
7J87gL6NR9MjHMLM6cWGB,584717
7JCwqHtn96Wt7DnWcTb6B,261508
7JCwqHtn96Wt7DnWcTb6B,261509
7JJG6Pdjw7Fq9rHGtmPBJ,273147
7JjdjGjGkbQzQPfTnkFPD,676291
7KLLpHkFMKHdj8zt8kbKk,690456
7KPHKGtMmJ7PhLJLgT6QW,709338
7KdwKrNcWjFQMnpq8DfmQ,561926
7LBccf7qnHMdgb996CcWz,533050
7LKCmfjBPcH9jhkrKRttq,237973
7LPnw9zFRhGmKHzCzMpdJ,225073
7LPnw9zFRhGmKHzCzMpdJ,225709
7LPnw9zFRhGmKHzCzMpdJ,271290
7LPnw9zFRhGmKHzCzMpdJ,517639
7LPnw9zFRhGmKHzCzMpdJ,647409
7LPnw9zFRhGmKHzCzMpdJ,676736
7MCWwM6pBCDcRdFRmTJRC,633238
7MGt8wLQqdFk9F8LBQnD9,225869
7MGt8wLQqdFk9F8LBQnD9,271042
7MNrGmWN7jTtR99LrWNm7,549255
7MQcG9F7KTH7wBznwbDGc,248536
7MQcG9F7KTH7wBznwbDGc,676807
7MhmQ8chFGLcdjP66Jgj6,651053
7MrtQj7pkfbNpNGjLk8GP,237809
7NPrtC9qGbkQPLDf7tbBB,453344
7NWDCLJnCJHrTpzbzw7Hw,275698
7NWDCLJnCJHrTpzbzw7Hw,565694
7P7nqWCFNDmbR7QJqhfJf,577755
7PtLHnBmRQffFP9ghNpJG,488429
7PtLHnBmRQffFP9ghNpJG,488431
7PtLHnBmRQffFP9ghNpJG,512723
7QWnhpb7MCBcwrNj6Tw7z,676350
7QhWMkPGMbFjHqn7rk9Gq,502888
7QpRQBkcWN7fWjnwdhgQ6,533573
7RfrHFWkjkHMNWcjDt6WN,676378
7RhQ7rthWCfHkgfdHFFJm,609587
7RzTp9JnTprz6fjnhRJLM,225310
7RzTp9JnTprz6fjnhRJLM,271208
7TBhRR7QqNj86D7Crj6Rq,648189
7TPWrWF6KhgNLGbJT7CHb,488451
7TWGJzNdq8bQ7Rr8LWmdn,653209
7TjkgnbJ8tghfrkMRnTfW,250019
7TjkgnbJ8tghfrkMRnTfW,257321
7TjkgnbJ8tghfrkMRnTfW,262530
7TjkgnbJ8tghfrkMRnTfW,391834
7TjkgnbJ8tghfrkMRnTfW,493521
7TjkgnbJ8tghfrkMRnTfW,577789
7Tpfm7Ccf8rKcztfFngM9,237862
7Tpfm7Ccf8rKcztfFngM9,538470
7WFnnN9jPJ8cpCzrKkwcG,488533
7WFnnN9jPJ8cpCzrKkwcG,489297
7WhjMkMzcRQ9M7cpzFcpH,261437
7bLqk7cJF877QFfzBcGWL,612695
7bLqk7cJF877QFfzBcGWL,676543
7bLqk7cJF877QFfzBcGWL,676609
7bLqk7cJF877QFfzBcGWL,676644
7bLqk7cJF877QFfzBcGWL,676703
7bLqk7cJF877QFfzBcGWL,676704
7bLqk7cJF877QFfzBcGWL,676705
7bLqk7cJF877QFfzBcGWL,676706
7bLzzWQGtNWkHWzjkcdQn,631986
7bfH9wkNGQKGzHKfGrQfd,641666
7bfH9wkNGQKGzHKfGrQfd,655921
7bfH9wkNGQKGzHKfGrQfd,661913
7brgFMk9NrkLtzqKrhFFW,611172
7brgFMk9NrkLtzqKrhFFW,614967
7c9ChFNmpbPDdgD7DNKth,575195
7c9ChFNmpbPDdgD7DNKth,604735
7c9KRd7Rh7hbGJ8kRCrFr,633270
7c9KRd7Rh7hbGJ8kRCrFr,676559
7cFGrC8JzLcFjRzJ8fnWH,226066
7cFGrC8JzLcFjRzJ8fnWH,271097
7cFGrC8JzLcFjRzJ8fnWH,565664
7cRzGcKGcWdbccLB8KnRn,695207
7cWwd7rnKPhmw7hTnTqKm,502598
7ckBwwLJzbdbMHW7kWnNw,652744
7ctThgNHLCTRztRgQKhk7,692544
7fN6NNBdf9KQF9gWWpdzL,549971
7fN6NNBdf9KQF9gWWpdzL,551526
7fN6NNBdf9KQF9gWWpdzL,551527
7fN6NNBdf9KQF9gWWpdzL,555740
7ffzcpNTNGrMwzNHkqWKH,275632
7frtgrpJFT9fmwbnbfrP6,260137
7frtgrpJFT9fmwbnbfrP6,261494
7gHjrqppMDhfhF9GTrBbM,676269
7gkkzWWDprGtBpfq8QPWC,565556
7gkkzWWDprGtBpfq8QPWC,577204
7gkkzWWDprGtBpfq8QPWC,577261
7gkkzWWDprGtBpfq8QPWC,584737
7gwBCNKjdk8w6cqJCdB9D,549703
7gwBCNKjdk8w6cqJCdB9D,551565
7hLHLm8qkPm6fjhHnqdWd,275733
7hLHLm8qkPm6fjhHnqdWd,676812
7hLgJ6QwzWmFrG8phh9qb,248433
7hQbqFfrRpbMKBWT8DG97,601121
7hdNz98BfjDQmrckcQzLh,237930
7hgR7DHjmfrQq9wnbM798,237768
7hj8PM86DzGwgkdK7LqGM,653294
7kCDQpqnLkNbQmzzkcJcz,633246
7kLCKQ6thffmpJQpLhzzJ,225829
7kLCKQ6thffmpJQpLhzzJ,271204
7kLtC7NJPccD6nD9MRBkw,552010
7kf9MgCRrqFckmcHLjtKb,453271
7kf9MgCRrqFckmcHLjtKb,453272
7kkkWWQkpm7fWfqwmzBn6,647399
7kmnQ69hTHJcPwTPWNwmz,677607
7kmnQ69hTHJcPwTPWNwmz,677608
7kwDMdkW6h7bMH8ctTjPC,261423
7mWHRdqJGNzTkHwBqD78D,565585
7mWHRdqJGNzTkHwBqD78D,577194
7mdh968cg9r9JB7dfzcFW,453191
7mdh968cg9r9JB7dfzcFW,549262
7mgnPjCmmLc9K9WwLdhJ6,528091
7mgnPjCmmLc9K9WwLdhJ6,537204
7mgnPjCmmLc9K9WwLdhJ6,708995
7mgnPjCmmLc9K9WwLdhJ6,709343
7mtjcMPmpC86wkdPPKztq,612616
7n6JMpGRwqrWnFrTb88c9,551555
7n96D77LqTKKkhnMrNTwr,549756
7n96D77LqTKKkhnMrNTwr,551551
7nR6NLzNWChgrQQCgFbPT,237960
7ncNDLjkpLkn9MmfKqfKM,517887
7ncNDLjkpLkn9MmfKqfKM,518255
7nk7cnttWTLRfKgLWnWwP,517199
7p6zQ9qPTLtrWq8Wg6zjC,648181
7p9qhCT76DDh6MQ9zFDwK,633278
7p9qhCT76DDh6MQ9zFDwK,633626
7pc6MTFPJjzjNTRH6zdNh,487369
7pc6MTFPJjzjNTRH6zdNh,488398
7pc6MTFPJjzjNTRH6zdNh,633369
7phjhw9DRfW7pcrkWbfnK,488368
7pkFmgqjTzWQnPg7PLHDw,611162
7pkFmgqjTzWQnPg7PLHDw,614577
7pkFmgqjTzWQnPg7PLHDw,618037
7qKwRbLbdMzcBLLJK9d6R,612570
7qQ8nJLhDkq7b78HKHgHQ,675362
7qQ8nJLhDkq7b78HKHgHQ,701471
7qbjh9PzfHGJBFpmNJNHD,237748
7qbjh9PzfHGJBFpmNJNHD,238400
7qrdPcNmtPt9HN6TQHNJR,488498
7qrdPcNmtPt9HN6TQHNJR,489203
7rNHHrKTMQDhQdp6tgKhD,225929
7rNHHrKTMQDhQdp6tgKhD,271273
7rQWjNgrPmCm9wJRNHdbG,676320
7rQWjNgrPmCm9wJRNHdbG,676799
7rnnDLtmFtcWqz6nC8J9M,654020
7t9Wg9qBgKrQ7WdMqFbdJ,549701
7t9Wg9qBgKrQ7WdMqFbdJ,551556
7tHWWm9MRJgCrTHN9Tg9z,709350
7tkH9LH8hHKQLmBGNJrM6,612681
7tzgdpf9qnJbqRp6PTNj7,555133
7wcw6w9b7dwfdQwf67MmK,580650
7wmJfzLNM6WKW6wNGtTkN,226007
7wmJfzLNM6WKW6wNGtTkN,270983
7zdfJDbhwjMnMNqkDJ9Qb,225039
7zdfJDbhwjMnMNqkDJ9Qb,271284
7zjjndpnJwKGK9gLzmzKq,237878
7zjjndpnJwKGK9gLzmzKq,250027
7zjjndpnJwKGK9gLzmzKq,676830
7zrn7HFQgcMFKMhJh6DPc,225035
7zrn7HFQgcMFKMhJh6DPc,225352
7zrn7HFQgcMFKMhJh6DPc,270989
7zrn7HFQgcMFKMhJh6DPc,273185
7ztwtMfmmbnrhqM9F797p,567100
7ztwtMfmmbnrhqM9F797p,577246
7ztwtMfmmbnrhqM9F797p,583714
867HbTJM7BhLzBFgFzDdN,612711
86gQBcFRPDjmJwnLd8dpL,488435
86rPJjLKBzfmJm76C9z8N,225857
876Q8WnHQCPctd89zd8tn,577762
876Q8WnHQCPctd89zd8tn,578825
876Q8WnHQCPctd89zd8tn,584733
87BJMWWHfPLKMqPbtmFHQ,488419
87BJMWWHfPLKMqPbtmFHQ,678564
87m6C8jLpLWWnJP9BHkbK,550299
87m6C8jLpLWWnJP9BHkbK,551571
87pqdhz7F6GRCGzpD7cjj,533481
87pqdhz7F6GRCGzpD7cjj,537274
87pqdhz7F6GRCGzpD7cjj,542284
88GhcGBpR8WDWQRr87hcn,631984
88L7NzD77t8wk8QdnrwKR,453374
88NcRgnJqWDBCpWHcJJtJ,694921
89mKDmGqtctqmbdpthJhz,533515
89p6tjT7cTLrGWkKrRkjt,274767
89p6tjT7cTLrGWkKrRkjt,678571
89wCCJfjJTCb8gqHftG8g,567106
89wCCJfjJTCb8gqHftG8g,577247
8BFGd6LjfLGgTBrJdmdqf,248402
8BFGd6LjfLGgTBrJdmdqf,561895
8BFGd6LjfLGgTBrJdmdqf,565660
8BFGd6LjfLGgTBrJdmdqf,577186
8BFGd6LjfLGgTBrJdmdqf,577239
8BPPFHfbG97tr7N7QPdcn,654014
8BgkFbrc7PmgQhT8bK6BC,561916
8BgkFbrc7PmgQhT8bK6BC,605068
8C6bzbM9ffCRDrLP8H9hg,261396
8CLhBWj6dbMgg9gfPCQjH,226023
8CLhBWj6dbMgg9gfPCQjH,271118
8CRqBFWrD7R7kCrnJbKr9,633254
8CTr7nqzhbgDkPtb8WpCN,577713
8CTr7nqzhbgDkPtb8WpCN,609615
8CbBPCmzNRmddJKTgCFmj,611161
8CbBPCmzNRmddJKTgCFmj,614578
8CdLzKHrrnjKTFKG77GjM,517881
8CdLzKHrrnjKTFKG77GjM,663158
8CrHbRjngmzcwbkWMg9gb,226079
8CrHbRjngmzcwbkWMg9gb,270996
8CrHbRjngmzcwbkWMg9gb,676819
8CtmRqKLjmGkqD8bgDjTd,646476
8D9wTFwLWtN9hkFwDgRWW,676396
8DbbfFFWLbmpbtdFMbnDM,261500
8DbbfFFWLbmpbtdFMbnDM,261502
8DjkqfBWGccNqnzjLNhqG,261390
8DjkqfBWGccNqnzjLNhqG,261393
8DknMpTdzFbMdjpRhkWLm,550301
8DknMpTdzFbMdjpRhkWLm,551502
8FG8jW7HFB6fmBR6mkQdn,518324
8FNgPpkdWdNw6n9HjbWzM,237876
8FjQLQhnCTmmfHRBLc6tN,248367
8FjQLQhnCTmmfHRBLc6tN,262454
8G8jtfKGtQDzMtTd6gFL7,237963
8G8jtfKGtQDzMtTd6gFL7,238431
8GDdMNbcnhmwGmTgqnJJK,250020
8GDdMNbcnhmwGmTgqnJJK,251175
8GDdMNbcnhmwGmTgqnJJK,262494
8GMQWkrqHKDHkWQzg8nJj,248435
8GRgqRnNmTCMH8NnfzKPg,533496
8H9zn9bBbkGfwbDrRjCRQ,237746
8H9zn9bBbkGfwbDrRjCRQ,238403
8HT69P8zhwhtmb6gbtLDd,577735
8HczDHq8DGPQrpqcRLMmm,676382
8JF8CGqcQRDnGWNBhkhtD,533581
8JF8CGqcQRDnGWNBhkhtD,537816
8JHRBmh8WLLgMgCrP7Tpk,238507
8JHRBmh8WLLgMgCrP7Tpk,453332
8JHRBmh8WLLgMgCrP7Tpk,561914
8JHRBmh8WLLgMgCrP7Tpk,561944
8JdJz9JCbBcDzkzkFbGz9,226060
8JdJz9JCbBcDzkzkFbGz9,577744
8JrJrTrFwTB76GnRhc8hg,237991
8KBRjnQQ7cTq7M9q9CgCN,632655
8KBRjnQQ7cTq7M9q9CgCN,670727
8KRCDf6drqhFMKK7hJhbM,275841
8KRCDf6drqhFMKK7hJhbM,278638
8KRCDf6drqhFMKK7hJhbM,278639
8KcHGzJF7JBb67qmjgNMb,533586
8KcHGzJF7JBb67qmjgNMb,542300
8L9nbmwtGjCRCDdDBqRQc,261335
8L9nbmwtGjCRCDdDBqRQc,261338
8L9nbmwtGjCRCDdDBqRQc,647413
8LDQbNHPK7NC9Lg8phzrk,647331
8M9crfnQRQWnrtdtzGQw9,248455
8M9crfnQRQWnrtdtzGQw9,647421
8N7gGzcDDNK7d8jFGPrR6,654066
8NWLmJqtTMGp7rgLjjbwJ,226037
8NnRnhhcQHKqCL97TN8gP,225867
8NnRnhhcQHKqCL97TN8gP,271037
8PCQKGK7CgNzbdJfhrftK,676386
8PNj9qcfb8mnpfGwQBncz,611156
8PWrKLFjkKmCJWzPn7jmC,237905
8PWrKLFjkKmCJWzPn7jmC,238484
8PgrwjDp8NNrz9mDGDP8B,248523
8PgrwjDp8NNrz9mDGDP8B,250028
8PgrwjDp8NNrz9mDGDP8B,262554
8Q8tDLjqHRbJLh8CTpkwr,677649
8Q8tDLjqHRbJLh8CTpkwr,677650
8QrD8rDCQWm78C9fq7tpr,633297
8QrD8rDCQWm78C9fq7tpr,633651
8QrLPLnBTwCjng6NzNtgp,517604
8QrLPLnBTwCjng6NzNtgp,545428
8RGTWgzLGh69FcNbLCfJc,274404
8RGTWgzLGh69FcNbLCfJc,275752
8RMfQqNQGhPfD6WrdPzHG,248388
8RTWmNwPzJnQp8GKbmK86,502818
8RTWmNwPzJnQp8GKbmK86,557946
8RgDcJhnpLP9j6DqNqPfp,533037
8RgDcJhnpLP9j6DqNqPfp,537339
8RgDcJhnpLP9j6DqNqPfp,542277
8TDBF99tdbMc9nQkwhJzc,225193
8TDBF99tdbMc9nQkwhJzc,225340
8TDBF99tdbMc9nQkwhJzc,273135
8TDBF99tdbMc9nQkwhJzc,676591
8TDBF99tdbMc9nQkwhJzc,708968
8TJKrTQpGM6BDpGmgHdGj,453305
8TPwpCdF6GRn7cQRRGjQJ,563809
8TbK6kFJcDtRjqwNzBbmp,633274
8TbK6kFJcDtRjqwNzBbmp,636246
8TmrQnhqFHDGkCQGKzWTj,641693
8TmrQnhqFHDGkCQGKzWTj,657468
8TnQLCqNKhPqNhD9CmGPz,225192
8TnQLCqNKhPqNhD9CmGPz,270891
8TtCrkgJBC6h8TWjMgk8m,237693
8TtCrkgJBC6h8TWjMgk8m,514105
8W97NwL96dwBpfqDCWKrz,609230
8W97NwL96dwBpfqDCWKrz,614556
8WTJfBChbRBpfPLzbJkB9,453218
8Wp6TB6rJGhP7PJ8hzpgc,237812
8b9Fj6hL8WbNF6zDgzJFp,237798
8bF9mGkJwTtDczM9KNtpL,237961
8bF9mGkJwTtDczM9KNtpL,238439
8bQNhwM8ftgcPwJzLKjKF,237871
8bQNhwM8ftgcPwJzLKjKF,618761
8bQNhwM8ftgcPwJzLKjKF,647435
8cCPkCrpTtbtL7hw7F8jG,677651
8cCcw6wqqbhzgDPCTNzmR,237953
8cCrr6Bd9HchgpQHnztTb,248358
8cCrr6Bd9HchgpQHnztTb,250282
8cCrr6Bd9HchgpQHnztTb,262539
8cQmdjw8zKNzddKkwcHWj,502730
8cQmdjw8zKNzddKkwcHWj,502731
8cbhPbn7mwTQnwcpD78RH,612667
8djTKwBRrz8W69BGtCbk9,225698
8djTKwBRrz8W69BGtCbk9,271026
8dmKghzHdGPnFQwhDcmWm,453279
8dw7PGfBNcKMcRkgMdPJz,533565
8f6PJ8ztqJhcQRFDLR9nG,248439
8fDjHmMPJKnqMtqcHbQBw,533524
8fDjHmMPJKnqMtqcHbQBw,708944
8fFPCT68cgF9gbWKppDgQ,488527
8fFPCT68cgF9gbWKppDgQ,489153
8fFPCT68cgF9gbWKppDgQ,561383
8fFPCT68cgF9gbWKppDgQ,676553
8fNNR6wFmtQfKWqgkB6pb,502866
8fP9qJWHNqgWf6BgfBqLw,705416
8fP9qJWHNqgWf6BgfBqLw,708904
8ftjHwrjqNCWp9gMTmfmJ,652745
8gBtrNrB6gqGGq9WjNrTj,453380
8gBtrNrB6gqGGq9WjNrTj,518374
8gBtrNrB6gqGGq9WjNrTj,676755
8gDnjCfGbwdzrRztkMJJG,225313
8gDnjCfGbwdzrRztkMJJG,271237
8gDnjCfGbwdzrRztkMJJG,552030
8gDnjCfGbwdzrRztkMJJG,633363
8gDnjCfGbwdzrRztkMJJG,634083
8gDnjCfGbwdzrRztkMJJG,676564
8gFjHb6jgWPdwHbQjgRKN,275681
8gFjHb6jgWPdwHbQjgRKN,276851
8gG7TFrTqGj6rGFCCHztP,502863
8gG7kjNqwhwftdGHjCQnq,612626
8gGBjzcNg9D9fnFQRpMqz,677637
8gGBjzcNg9D9fnFQRpMqz,677638
8h7fn6dk7PfNnckbW668r,502723
8h9W9mdd6djDk6JCMCdGt,225258
8hKgjhRrpGHqPGg76pzBN,226004
8htBPWMfPrM8bzjf8LrCr,274732
8htBPWMfPrM8bzjf8LrCr,274733
8jWbpb8RHQWpKwDdnt9rw,502714
8jkrbgKtBmnwdwNR7cKHn,677604
8jzNDBDqQhcHgJtG9JRF8,561908
8jzNDBDqQhcHgJtG9JRF8,676438
8m9Tr996zccnJhHcQKhFr,692548
8mL68DRLDWNmj7dTnwczP,561901
8mL68DRLDWNmj7dTnwczP,563813
8mP7k9zMRB7P6bnKCbKmr,653134
8mrLmWTr8TBJgjCpzBzmB,612652
8mrLmWTr8TBJgjCpzBzmB,617979
8n9Fkr9DLNbMhKJRJTkLL,633332
8n9Fkr9DLNbMhKJRJTkLL,633685
8nwFDqnJ8nCHfBMLrwBnr,633228
8nwFDqnJ8nCHfBMLrwBnr,634060
8p8KrLDmJnf6rMpTjQ6R6,225832
8pDHPwfjKjrCp9CFjbn6t,646468
8pHBB7MrH9TG7MnnJgMRT,502729
8q67M7Fw6zfwfRktjNP7J,533589
8qdmprPg7kckn8ktMTKQh,453342
8qdmprPg7kckn8ktMTKQh,501429
8qdmprPg7kckn8ktMTKQh,537217
8qdmprPg7kckn8ktMTKQh,537306
8qdmprPg7kckn8ktMTKQh,537336
8qdmprPg7kckn8ktMTKQh,537366
8qdmprPg7kckn8ktMTKQh,537810
8qdmprPg7kckn8ktMTKQh,618260
8qdmprPg7kckn8ktMTKQh,624373
8qdmprPg7kckn8ktMTKQh,637487
8qdmprPg7kckn8ktMTKQh,708998
8qgwqKgbDwGwGNMjh7qLQ,533507
8qgwqKgbDwGwGNMjh7qLQ,537203
8qkbJM6t8GkB7fH7qNnpP,453205
8qkczmhLhHzTCTpbgwJbD,237939
8qnmTn7hKdCQzbhF7bNHD,225848
8qnmTn7hKdCQzbhF7bNHD,271236
8qzF9KbHtkNHpGzpdGWhk,612636
8qztqjgD9PcLm6kqFTngM,237932
8qztqjgD9PcLm6kqFTngM,238492
8r7DqKfDrBG6C8mTDRKN7,551539
8rJMBH8Bm7WcLrH8T9WbN,551690
8rwTJkbzktjbhbQbPCKrc,577747
8rwTJkbzktjbhbQbPCKrc,584732
8t8CJMmCJTFtfF98wRTLr,225032
8t8CJMmCJTFtfF98wRTLr,270979
8tGLHwNjzzJdqkjhhKBRb,676265
8tnJpPbzJqbBBdPBpc8Wt,612684
8tzjQqHmRDzCTppjNRd9w,549758
8tzjQqHmRDzCTppjNRd9w,551468
8w9NwkkKWrtCGbmBBcfJR,488358
8w9NwkkKWrtCGbmBBcfJR,500685
8z879fjfzMj9zWQWbzdLW,237818
8zKwdDwBMQ79DjgrwJTTn,695202
8zcbgBnjjdmM6G9hCqC9f,565587
8zzHWnJ8WdM8HtWn7FFCF,225913
969HqThPzMmQtFhM9mNq8,609198
969HqThPzMmQtFhM9mNq8,618304
96FgPdNpKj7CpbmtgGCjR,273167
96FgPdNpKj7CpbmtgGCjR,497998
96HNgW7HDCffhbnngQb6P,488369
96KF7bgGdkjfMm9zRfLKj,453194
96qhpHbkmGTNFKQNjFrwq,550315
96qhpHbkmGTNFKQNjFrwq,551504
97JfCpcf7hpfrDdQw8Btz,237988
97PpjPGqWTWDfNdPCGKLM,533601
98BmgHpwB8bNp9cRL6DLp,551581
997QbbqzqGhMQP6HqFghP,453324
997QbbqzqGhMQP6HqFghP,561913
997QbbqzqGhMQP6HqFghP,561943
99B9LdcMnLqBhwjQmrHRG,238373
99B9LdcMnLqBhwjQmrHRG,238661
99B9LdcMnLqBhwjQmrHRG,247601
99R9wJLnb9BPbM6WjttDq,631887
99R9wJLnb9BPbM6WjttDq,631888
99R9wJLnb9BPbM6WjttDq,636251
99gF9qJ67mCbKjkjHCFfR,551547
99mLLCjqp78PFD7mcGktB,533588
99mLLCjqp78PFD7mcGktB,537315
99mLLCjqp78PFD7mcGktB,537344
9BM9L9zrh8BgBWkPDdJgf,533629
9BM9L9zrh8BgBWkPDdJgf,537212
9BPFcP6dTCwRdJKJBbqCc,237691
9BPFcP6dTCwRdJKJBbqCc,238538
9BbJPr8gHhRKn6GJtLn8R,237904
9BqdPQckmdgcfzwtjw7BP,275701
9BqdPQckmdgcfzwtjw7BP,276815
9CDHQQCrpWcFb7WnQPnJN,226053
9CDHQQCrpWcFb7WnQPnJN,271064
9CDHQQCrpWcFb7WnQPnJN,676765
9CjK6W9dqPdJrfthqqKCD,612709
9CjK6W9dqPdJrfthqqKCD,618039
9CwWmnzhhfLbJgc6q7Hm7,502798
9CwWmnzhhfLbJgc6q7Hm7,543033
9CwWmnzhhfLbJgc6q7Hm7,554804
9DNnTrggQrJWn8CMFJJhf,225895
9DNnTrggQrJWn8CMFJJhf,270904
9DNnTrggQrJWn8CMFJJhf,275545
9DNnTrggQrJWn8CMFJJhf,580621
9DNnTrggQrJWn8CMFJJhf,604848
9DNnTrggQrJWn8CMFJJhf,676576
9DNnTrggQrJWn8CMFJJhf,676610
9DNnTrggQrJWn8CMFJJhf,676774
9DNnTrggQrJWn8CMFJJhf,676775
9DNnTrggQrJWn8CMFJJhf,676776
9DfC6LTGhFKkzPTfnGMGg,237914
9DfC6LTGhFKkzPTfnGMGg,238486
9DqgBgRpB9C8cTRFjL8Gm,695176
9DzCbwH7RdNQ7cJCHpCKC,502914
9F67fMDKzMkLMJFr7GN67,224952
9F67fMDKzMkLMJFr7GN67,225970
9F67fMDKzMkLMJFr7GN67,271061
9F6H6kTdQdcHrDrRCDmLP,238456
9F6H6kTdQdcHrDrRCDmLP,238659
9F6H6kTdQdcHrDrRCDmLP,454856
9F7RHWjLgCDRqwMww99GN,453400
9F7RHWjLgCDRqwMww99GN,495527
9F7RHWjLgCDRqwMww99GN,614359
9F7RHWjLgCDRqwMww99GN,617887
9FTLChcm8Jkpnhmhh8CPK,502738
9FTLChcm8Jkpnhmhh8CPK,502739
9FcqNtGpHg68zzCggJkkP,225260
9FcqNtGpHg68zzCggJkkP,225717
9FhWr8BprqnfjCqHrWLPm,453274
9FjqMc6RW8nJFCnG8cqMm,518393
9Frf6rQGgmQ9bqWRDzzjM,533512
9Frf6rQGgmQ9bqWRDzzjM,708894
9GHTwjj8W9dWDtc9zbfmc,549694
9GHTwjj8W9dWDtc9zbfmc,551519
9GHTwjj8W9dWDtc9zbfmc,555755
9GHTwjj8W9dWDtc9zbfmc,676634
9GLmGhw9CCzhbkKBFzQzH,275102
9GqP669FDfnpMzmL7t7JW,565422
9H8LCJNgGQJCRNPLFKqPN,633304
9H8LCJNgGQJCRNPLFKqPN,633658
9HfD8KjKKWFc6CfCjKp9p,225884
9HfD8KjKKWFc6CfCjKp9p,271004
9HfDfRR8m8cLKDdg88gjm,552234
9HfDfRR8m8cLKDdg88gjm,552791
9HncGgPTznnKwPwHCJMgb,654075
9Hp7c9HFRmwLFQ7WtKd86,453419
9J9c98JJDc8mtKnRR9hhq,274787
9J9c98JJDc8mtKnRR9hhq,274788
9JGzwzpcMFt7QHmwBrDHC,453290
9JHthWCT8wtfWqQqnMLjb,676380
9JpPtMLzwkcGrbt9K8tBW,488381
9JqrM7dbgfG87L6tPghrM,533511
9JqrM7dbgfG87L6tPghrM,536790
9JqrM7dbgfG87L6tPghrM,545002
9JqrM7dbgfG87L6tPghrM,709156
9JqrM7dbgfG87L6tPghrM,709831
9JwCpdKkGbHhD6JfmK687,614052
9JwCpdKkGbHhD6JfmK687,616355
9JwCpdKkGbHhD6JfmK687,618034
9JwCpdKkGbHhD6JfmK687,676522
9K6tW9Kcqfc67PtcgmNTP,225147
9K6tW9Kcqfc67PtcgmNTP,225771
9K6tW9Kcqfc67PtcgmNTP,271024
9K6tW9Kcqfc67PtcgmNTP,517497
9Kp6GPmC6WKb7NqNPwNrd,225177
9Kp6GPmC6WKb7NqNPwNrd,225608
9Kp6GPmC6WKb7NqNPwNrd,238410
9Kp6GPmC6WKb7NqNPwNrd,271179
9Kp6GPmC6WKb7NqNPwNrd,273141
9Kp6GPmC6WKb7NqNPwNrd,676585
9Kp6GPmC6WKb7NqNPwNrd,708934
9Kp6GPmC6WKb7NqNPwNrd,709336
9KpmmRGnpbdND9Q8GJnT6,633612
9KpmmRGnpbdND9Q8GJnT6,659609
9LHQHHBhKFcRGcNT779m8,550304
9LHQHHBhKFcRGcNT779m8,551505
9Lht6BjkgdNDtQzkGbqrn,549755
9Lht6BjkgdNDtQzkGbqrn,551548
9Lkp6qzHGh7z78K9cFjrJ,654017
9MMPg6FzLBnGmNtjnFtCQ,517736
9N8KCpFCwjdCgn8CBMQfg,225801
9NLM87BBTkHgdjJFPHtWN,676278
9PCRhmGdjtCwJcn8hgn6t,614144
9PCRhmGdjtCwJcn8hgn6t,614552
9PJ9CMqcgnDMFTR7WW8wq,632087
9PJ9CMqcgnDMFTR7WW8wq,632088
9PJ9CMqcgnDMFTR7WW8wq,636256
9PJCCqpT8JhfHkfftKjwH,500844
9PJCCqpT8JhfHkfftKjwH,502870
9PLjGPKQTdWLMhrwDDptm,695288
9PLjGPKQTdWLMhrwDDptm,695289
9PMGqRfwFLwCKJfhKbmmp,551590
9PrjWmJjJtqFLctkQ7wLC,652765
9QB9tNFgJJrW87DhjjdrM,565682
9QB9tNFgJJrW87DhjjdrM,577243
9QGbrGqFpTRQrq7WTGmGN,261334
9QL68DDb9hCqhWWhgnQgR,650308
9QkzLM66JjHbrMD9M6KDf,225955
9QkzLM66JjHbrMD9M6KDf,270968
9R96qhGFQKHCLr8jzKTKg,654013
9Rc87J7TGt8DWffqnKjCf,676510
9T6MpdKGz7bnbQpJrNQjq,488506
9T6MpdKGz7bnbQpJrNQjq,489273
9T6MpdKGz7bnbQpJrNQjq,500679
9TDdTNcJdThkBt9HwmJMK,646464
9TcGzWhGzwHnn7FqfPbfR,695189
9TtNBLtzhLBjgHtLcc999,225095
9TtNBLtzhLBjgHtLcc999,271212
9TtNBLtzhLBjgHtLcc999,647425
9WFrC8Knr9qdtRbfCWq8c,503277
9WJP989NgMhbHwL6h8rLR,676400
9WTLj9NnpqnWnpJNjpW6F,653929
9b7hjHNnGDBkfL8jL89bf,275638
9b7hjHNnGDBkfL8jL89bf,278952
9bQFfTFGQWJFWrcJnfQgz,225240
9bQFfTFGQWJFWrcJnfQgz,225344
9bQFfTFGQWJFWrcJnfQgz,538448
9bWHjnFmfDBDtkmKtCCrw,225897
9bWHjnFmfDBDtkmKtCCrw,270908
9bWHjnFmfDBDtkmKtCCrw,275547
9bWHjnFmfDBDtkmKtCCrw,580623
9bWHjnFmfDBDtkmKtCCrw,604852
9bWHjnFmfDBDtkmKtCCrw,676580
9bWHjnFmfDBDtkmKtCCrw,676769
9bWHjnFmfDBDtkmKtCCrw,676770
9bWHjnFmfDBDtkmKtCCrw,676771
9bWHjnFmfDBDtkmKtCCrw,676772
9bWHjnFmfDBDtkmKtCCrw,676773
9bntMjr9pHrLdnpNmKtPk,612629
9btBbfjNhPmdQwJLTNnGq,692535
9ctkKznmBQTFqD9DDfbRr,453236
9cwfNrcbMw6CTpLWWwKnh,225055
9cwfNrcbMw6CTpLWWwKnh,225342
9cwfNrcbMw6CTpLWWwKnh,273178
9czLrcQJTpWrCcJRm8dnz,533526
9dPrwcgFKcd8zk8PpwfRJ,633226
9dQLNwfWwhJGtMhNd9KzC,708924
9dRcPdjTTpWLNzbfhJwqB,237975
9dRcPdjTTpWLNzbfhJwqB,238435
9dbWPMjhR869wJwCdgh8b,551538
9f8NPBQcRJWdqLqBhQfpB,551721
9f8tgdNwfwg7bhkkDLdPK,648173
9fBHnrhq6fhfnKprqnGLG,676418
9fPKGQrHcMrfMjQ7MqgGL,533580
9fPKGQrHcMrfMjQ7MqgGL,537244
9fPKGQrHcMrfMjQ7MqgGL,537273
9fWDqPpBKjMCTghKhBW8p,453371
9fWDqPpBKjMCTghKhBW8p,518353
9fgDH76FTCT7NWzJmBRGk,633222
9g6wWCRkpgW7brDgFb7Bg,654053
9g9FTKT6DqqrcKHnMGdWD,695153
9gGmRdPMjFQjFWCzB7kWD,453245
9gHbFNMgRMfPHDQFB7pfq,647369
9gWCknpqtcLqfrkm6BBrK,261407
9gnHtCMJBbDQjqk8cWmhN,453364
9h6KqtDtctfGjqNTBBjJF,517350
9h6KqtDtctfGjqNTBBjJF,521663
9hDNGJWktKbqR8bFFzmMf,261410
9hMdhNp7G6p6jqcrQD6Gd,453311
9hMdhNp7G6p6jqcrQD6Gd,483626
9hQDRdBpQpb8B8kJ9Lq8J,488437
9hfD6tJzWCzbTMBnzgnBL,633233
9hfD6tJzWCzbTMBnzgnBL,633726
9hfD6tJzWCzbTMBnzgnBL,634066
9j8NKt8hTkdwGPgrdcQrp,609583
9jMhDp7f8QpfCNk9fMmzD,612607
9kGkjgLHrhWqGFhfh9h8f,225665
9ktNWqbdPNrBJPNnCQCgb,651040
9n8wHtnLRcNrMhctcDQCb,225132
9n8wHtnLRcNrMhctcDQCb,225764
9nTj8GF9trQwMPgCzGq8w,611159
9nTj8GF9trQwMPgCzGq8w,618077
9phFJ8cHN7MGqDp8Kppw7,226052
9phFJ8cHN7MGqDp8Kppw7,533613
9pjp9qfKHnzCCpjwhTPFK,237989
9pnrkbM9DbqCqqkbDCC8N,225674
9pnrkbM9DbqCqqkbDCC8N,271178
9pnrkbM9DbqCqqkbDCC8N,489155
9pnrkbM9DbqCqqkbDCC8N,489280
9pnrkbM9DbqCqqkbDCC8N,633264
9qQTtRm6phFRbknPqHqM6,648184
9qQwd6zHHQtKkbHbhPqgk,275660
9t6zhmKcwhjTK8RRGCnTz,695151
9t79HPQncwtwKtBg8MhRH,533596
9t79HPQncwtwKtBg8MhRH,537358
9tDcwRQnBbDwBW7LdTgGc,654046
9tDrPFwK9mMzTBFjHzR9G,274760
9tPpWpwwJdjzdcBppcpQq,633253
9th8QzMpd9n9fpzbHbwJJ,517883
9th8QzMpd9n9fpzbHbwJJ,663156
9ttJWT9drbGLKtmTFMDqM,261496
9wKjTzmD9hzNBRc6PjLwf,518371
9wKjt69bgRQjH79KWdJGn,551470
9wjwrtNmPJzqbLfcrchgR,695235
9wnz6M6QrJktmmcPLgpbr,533605
9wnz6M6QrJktmmcPLgpbr,678580
9zPDb7dgNqTgDTpGNDQHg,611173
9zPDb7dgNqTgDTpGNDQHg,614969
9zPDb7dgNqTgDTpGNDQHg,617912
9zRFqTmPffQ8Q8dKbPdrb,695201
9zW8NL8CktpnMwmD7dWrh,645198
9zW8NL8CktpnMwmD7dWrh,665030
9zdPMfzWLFq7PWbjKmCc6,551706
9zdPMfzWLFq7PWbjKmCc6,676619
B6QBPpJtzFp6btg87zpqH,237952
B6bKcfDKzkQrTgCnbQKW7,225812
B6mRfRqMMNH7QC8CmFFmf,225875
B6mRfRqMMNH7QC8CmFFmf,271248
B77ffmH8r7GWqrKcwgDwN,676358
B78rMBMq66MPzDMdNRjcm,676431
B7BNkF6nJChrRQ6kpWKPw,275623
B7BNkF6nJChrRQ6kpWKPw,654056
B7Db99Nw9PFrJLmRzPT7t,533628
B7Db99Nw9PFrJLmRzPT7t,537205
B7JjFkkd8gdhc7CqdWN9G,275648
B7JjFkkd8gdhc7CqdWN9G,276849
B7JjFkkd8gdhc7CqdWN9G,533624
B7JjFkkd8gdhc7CqdWN9G,537317
B7JjFkkd8gdhc7CqdWN9G,633357
B7PppLKHtbMhBMnmLnRDp,518281
B7PppLKHtbMhBMnmLnRDp,529738
B7rWtLgFHDgNJ6LJmCqJc,261326
B8JgHfW8b76TPwHRwPNHq,248443
B9HmMb6jB9M8kWFLH86fT,225917
B9HmMb6jB9M8kWFLH86fT,271264
B9PzLK6qCpDjDpPHmmFdF,695150
B9gmDwNBCkqFHpWgJBmhq,577748
B9jHdDTw8qwQW7DnqdQPn,648193
BB6TLbtFwBCqtH7H7wBjj,518305
BB6TLbtFwBCqtH7H7wBjj,678170
BB7nwJkKWfznpRkt6gcCF,528094
BBTGgCjCWLBN79phhMwrj,612622
BBj7tdpTkLpgrhCrq9qRh,695152
BCBhknzq8gBBhFFFFTGLc,237881
BCBhknzq8gBBhFFFFTGLc,238452
BCBhknzq8gBBhFFFFTGLc,250025
BCBmbhp7nbzkzBHcpzjp7,488364
BCHMTFpN9Nb7JrWh6T6nk,237974
BCHMTFpN9Nb7JrWh6T6nk,238442
BCTfjDwH8QJWtgrNNgk6H,248537
BCpDT6GfzNwKW8qz7WbrN,261328
BCpDT6GfzNwKW8qz7WbrN,275555
BDBWNGBLdhNLcKLQ6dcdw,225047
BDBWNGBLdhNLcKLQ6dcdw,271291
BDBWNGBLdhNLcKLQ6dcdw,549275
BDBWNGBLdhNLcKLQ6dcdw,676809
BDCgz7kkmPCdbGFMhnMr8,275227
BDbLKmLQzJTjHjgJrtLWT,225166
BDbLKmLQzJTjHjgJrtLWT,225329
BDbLKmLQzJTjHjgJrtLWT,271155
BDbLKmLQzJTjHjgJrtLWT,676587
BDqM89MWQr6zKfCk6hkBH,248411
BDqM89MWQr6zKfCk6hkBH,262511
BDqM89MWQr6zKfCk6hkBH,561894
BDqM89MWQr6zKfCk6hkBH,565657
BDqM89MWQr6zKfCk6hkBH,577183
BDqM89MWQr6zKfCk6hkBH,695226
BF7rFRwnNckBK8cMGpKHH,225544
BF7rFRwnNckBK8cMGpKHH,270950
BFWbnQjgKgRBjw88jK8KH,225021
BFWbnQjgKgRBjw88jK8KH,225585
BFWbnQjgKgRBjw88jK8KH,225636
BFWbnQjgKgRBjw88jK8KH,225923
BFWbnQjgKgRBjw88jK8KH,238445
BFWbnQjgKgRBjw88jK8KH,271300
BFWbnQjgKgRBjw88jK8KH,275538
BFczG87kDHQnkhk8FmJnP,695268
BFpBkbT788fWNrCgGcWHt,274526
BFpBkbT788fWNrCgGcWHt,276839
BFpBkbT788fWNrCgGcWHt,612586
BGDgkjjjkjJPtfRndfmFN,248379
BGDgkjjjkjJPtfRndfmFN,567098
BGtcnnDGHpFQJt8HpJLkh,518423
BHKdPc9mGc9CtNCzQJHnF,225600
BHKdPc9mGc9CtNCzQJHnF,271046
BHKdPc9mGc9CtNCzQJHnF,517487
BHKdPc9mGc9CtNCzQJHnF,676823
BJBhJz9Gmjc6fpQjzrDB8,695216
BJNg8JCdrjgzCwM6N8786,502811
BJNg8JCdrjgzCwM6N8786,509205
BJNg8JCdrjgzCwM6N8786,557956
BJqqRDKg9w8pDbbb7Wmpj,612623
BJrdzPnKR6zFhPhpWkLqr,654044
BJrdzPnKR6zFhPhpWkLqr,655926
BJtgTRQQmrbDwrGQMmqm6,454209
BJtgTRQQmrbDwrGQMmqm6,454376
BKJbdNkwdHcnC987TRDwg,676467
BKhhmbmLm67kWdNdBpDPM,488455
BKjJWmhTkQrpQLCcgr8Jb,225134
BKjJWmhTkQrpQLCcgr8Jb,270987
BLCMLHnwnbRKbdhPJ9DQp,517456
BLCMLHnwnbRKbdhPJ9DQp,536214
BM6cWKkWT7zRBLb7P77pg,577729
BM9WbbJkzGzdmtqMcMLJ6,565653
BM9WbbJkzGzdmtqMcMLJ6,577274
BMkwBQtHCCnhhwjTCbLGR,695265
BMkwBQtHCCnhhwjTCbLGR,696111
BNMTzb6WbFTGp7PFnHD6d,237718
BNbrWmM6dzGqMfrLHtbQh,453336
BPHDqTPTT6nKHGjRqjFzR,488509
BPHDqTPTT6nKHGjRqjFzR,489275
BPHDqTPTT6nKHGjRqjFzR,500681
BPLmjtD9kP7DT9mJwbkR9,453210
BPPzktrTM7CqMKmbmmkDH,270508
BPPzktrTM7CqMKmbmmkDH,274437
BPkPddj9wRpjhfhWcb6bw,653921
BQDWRBw9TQDmGFNBHFMfR,248526
BQDcMDQpmhqJfwGDNNMcL,275667
BQDcMDQpmhqJfwGDNNMcL,276856
BQQmhzNRTm7rMzD87cFqR,261343
BQQmhzNRTm7rMzD87cFqR,262963
BQQmhzNRTm7rMzD87cFqR,646349
BQQmhzNRTm7rMzD87cFqR,653821
BQQmhzNRTm7rMzD87cFqR,676760
BQtMNCrD8BHhPdjgmMpMN,653982
BQtMNCrD8BHhPdjgmMpMN,676817
BRQTgW6LNkTcB7MQFWTNL,533489
BRQTgW6LNkTcB7MQFWTNL,537197
BRbggWh7bBGWNgDPP7Rrg,225126
BRdKgPG6pJk8pGT7CWCpB,695183
BRg6rFMmGRn6kPpT96W89,533537
BRg6rFMmGRn6kPpT96W89,537352
BRnbp6GzfhcMNCJjq7GNP,676351
BRpMLJdMBPgfJNJLJWDFg,518651
BRpMLJdMBPgfJNJLJWDFg,518652
BRpW7fcWGrCNrL6F67kkc,237829
BRqmNMWwQ8JzLDFqm9kHF,225656
BRqmNMWwQ8JzLDFqm9kHF,271157
BT8PkTWJLPMRmprqRJJjb,533461
BTJDM7m8qmwQBbqFNK6Fr,648182
BTh7CrHFccLPDQBzLccbw,517445
BWQhCMHmkKGCnHfNQ8jKH,518292
BWnMgK7JcL6p9NDrQJMW7,561939
BWzDHWcRKC7nLCnT9NWnb,676498
Bb9hbFBTRpwg8PfkjPgdw,708192
BbPCr6FPrbC9wdCFMgDFr,677663
BbhMcGn9tRzPq6qdt8f8W,518368
BbhMcGn9tRzPq6qdt8f8W,676695
Bc9QPMHJ7dP6c8mtrhjrQ,248387
Bc9QPMHJ7dP6c8mtrhjrQ,251178
BcJhMTnwWRcdhGHMCpr8H,648170
BcfndcHwnNwgDkzbrCPJF,654062
BczHzGkDc8h997tK8RrbQ,237789
Bd8JQMtjbmwQ7W6GLt7KL,561274
Bd8JQMtjbmwQ7W6GLt7KL,561295
Bd8JQMtjbmwQ7W6GLt7KL,584694
Bd8bgdrphcfzHhTNtbmPr,225831
Bd8bgdrphcfzHhTNtbmPr,271207
BdMBk67WBktQwcBmff9rm,612599
BdPrJgdgHTBcQ6gd7RTGc,633239
BdktjfJkbNJzMfKQ6Mtrd,225133
BdktjfJkbNJzMfKQ6Mtrd,225760
BdktjfJkbNJzMfKQ6Mtrd,270984
BdmMDknJzHtkq6dHDpMFk,518316
BdnFGgLNjHbmMd7jQnjQz,653955
BfCHDqCQHfNgqQGckhq7d,606722
BfCHDqCQHfNgqQGckhq7d,625005
BfJLtP7NqCGQM8m6LGHdq,550316
BfJLtP7NqCGQM8m6LGHdq,551582
BfQnT8rqMhTBmDWCFgdhW,225140
Bfbgtw7tPPWCMgFh8gDmc,517846
Bfbgtw7tPPWCMgFh8gDmc,543032
BfcNQwMHpGNRFpcMczmPW,708933
BfnKt6gbqBFmB6Bw6zGkd,634053
BfnKt6gbqBFmB6Bw6zGkd,636242
BfnKt6gbqBFmB6Bw6zGkd,638042
BgJNbkhqDGJpGGBDCGCdF,275713
BgPLgpRRpkb7bgRMfcL9N,612701
BgPLgpRRpkb7bgRMfcL9N,614547
BgPLgpRRpkb7bgRMfcL9N,664637
BgPLgpRRpkb7bgRMfcL9N,664638
Bh6NHMCNrhdwbHb7CJRb7,488355
Bh6NHMCNrhdwbHb7CJRb7,512726
Bh6NHMCNrhdwbHb7CJRb7,654067
BhFQMNHMHH9ddMH86tqQ9,561890
BhFQMNHMHH9ddMH86tqQ9,660140
BhNdN8jj6GHKjncPhRqzT,517408
BhPz6pPfhwj69gGJTqCPp,453282
BhQ9Pr8pQbhkCmCHG8hhT,533574
Bhzf7NDc9qBcP86RzJjmK,551716
BjHNqL6gfFwC9NQ7hmkP9,676401
BjJDkrf7WQzCdfTwJrgtf,237808
BjKkfgpdLQGfLjTWmBPwk,676272
BjLPLzfr8BdLtTpPQNf6c,676273
BkCG6nzTtpmBmKCfkPrM6,518254
BkFwNf9wHWK8LBdN9b9t6,502864
BkRHdjBwFhwMwmBfDhpfb,676298
BkgQ96BfrtLKmrrnPJwB8,708467
BkgQ96BfrtLKmrrnPJwB8,709345
BkpMHRn6L8dpcgjgrPm9H,502782
BkpMHRn6L8dpcgjgrPm9H,654087
BmFFCfgQNp9CBNJWDNzj6,225075
BmFFCfgQNp9CBNJWDNzj6,271287
BmMFHFgmDWmHn9H7QHBdF,273148
BmMFHFgmDWmHn9H7QHBdF,500719
BnN6JDzQwHnC8NTGPnrJB,677644
BnQtggKJtBNmpqKR7NWBH,237980
BntHbFDb7HmGmNq8wmLCq,225042
BntHbFDb7HmGmNq8wmLCq,271250
BntHbFDb7HmGmNq8wmLCq,533471
BntHbFDb7HmGmNq8wmLCq,537270
BnzFFnTJdw9HP9cP6fqP8,695248
Bpf8fG8p9BdL6Bgmk7K7F,708890
BpjDRjGcMhFQkKQLnLLkQ,225024
BpjDRjGcMhFQkKQLnLLkQ,270959
BqJ76BGQWgFpPddRMQrQc,248475
BqJ76BGQWgFpPddRMQrQc,275533
BqJ76BGQWgFpPddRMQrQc,654073
BqMDcNR8b6m7L7QPtHgTB,502784
BqMDcNR8b6m7L7QPtHgTB,584679
BqTLWjKcLMg88cmd7Hd7n,708914
Bqj7zQj6nRg69nWJpqhdG,453340
BrCKk9JLw8r69fGgNt8BH,533051
BrHCD9dtfmWcwwRGg7PMj,225614
BrHCD9dtfmWcwwRGg7PMj,271058
BrHCD9dtfmWcwwRGg7PMj,676838
BrHTcWTJCgTnGjC7NFcbp,708955
BrJTbrWqKzQRmRLrfbmcb,453421
BrJTbrWqKzQRmRLrfbmcb,476365
BrJTbrWqKzQRmRLrfbmcb,565676
BrJTbrWqKzQRmRLrfbmcb,577240
BrJTbrWqKzQRmRLrfbmcb,577270
BrkH6WNFFTkJf8rkR9jNj,565566
BtFKjW9dLTMfpqcB8jkwT,488488
BtFKjW9dLTMfpqcB8jkwT,654060
BtThQJzWQFwCfzfHWbjdJ,612697
BtThQJzWQFwCfzfHWbjdJ,617901
BtThQJzWQFwCfzfHWbjdJ,676699
BtThQJzWQFwCfzfHWbjdJ,676700
BtThQJzWQFwCfzfHWbjdJ,676701
BtThQJzWQFwCfzfHWbjdJ,676702
BtjHtqNphG79QrFCG6TQ9,261444
BtzBqJcHbCptkMJMBchgQ,237764
BtzBqJcHbCptkMJMBchgQ,238390
BtzBqJcHbCptkMJMBchgQ,557944
BwLkmCpwbHmgKTDdHThfG,692519
BwgjdFCGncmNwKPkrznN7,225067
BwgjdFCGncmNwKPkrznN7,271309
BwgjdFCGncmNwKPkrznN7,653810
BwjpdtTFfBRTJHgKMM6rn,549698
BwjpdtTFfBRTJHgKMM6rn,551520
BwjpdtTFfBRTJHgKMM6rn,555750
BwkHTqtPwKgffkwWJwpCC,695283
BzRFcMpm9fmqgDPNdCRQ9,633323
BzRFcMpm9fmqgDPNdCRQ9,633677
BzRFcMpm9fmqgDPNdCRQ9,676548
BzRQ6f66gRqDbfhkC8TRM,565582
BzRQ6f66gRqDbfhkC8TRM,577226
BzRQ6f66gRqDbfhkC8TRM,676727
BzRzJh9PcztPDn7fhNLF9,517206
Bzd7tkQJqf6MhKpQhDH6r,488486
Bzd7tkQJqf6MhKpQhDH6r,654059
BzhRqCc9TLjNgJ9dKDPfc,518264
BzhRqCc9TLjNgJ9dKDPfc,529319
BzkLdhrmkWpnbDBWNMJhp,533637
C6NjgQKQBjDBcCJFg6cGd,225265
C6NjgQKQBjDBcCJFg6cGd,271088
C6NjgQKQBjDBcCJFg6cGd,273151
C6zqr6WKMwc8MqGjnqRLK,676488
C7NCzqwTbKtcQKjwHRzBK,502744
C7NCzqwTbKtcQKjwHRzBK,503310
C7NCzqwTbKtcQKjwHRzBK,512842
C7PG6mkm7JPNTBWKJwHpt,274394
C7PG6mkm7JPNTBWKJwHpt,274395
C7jcJhrdpQTMfd7F79jK9,225541
C7jcJhrdpQTMfd7F79jK9,270942
C7jcJhrdpQTMfd7F79jK9,497996
C7jcJhrdpQTMfd7F79jK9,676680
C7rGNWzwQJpMRcmLBbbQP,613101
C7zhnMLhctLTpqN7CnrjT,225149
C7zhnMLhctLTpqN7CnrjT,225775
C7zhnMLhctLTpqN7CnrjT,271029
C89BtPGzhFfFBmBtLPJw7,275626
C8KwDBgMJ9rrbpdgkFTNm,654006
C8RCCpMWmdNnF6JW7KQhP,654072
C8dnFRThpKLT7Gkh7TJTm,692528
C8jqfdnRnWRfnnnFrMwFq,551554
C8r9mHpCfPTcgggPdbMLB,248444
C8r9mHpCfPTcgggPdbMLB,653823
C8wdh6HkkQBqknGwzmnDw,612608
CBWFq7pbJbWfwGPNFRwpN,225280
CBWFq7pbJbWfwGPNFRwpN,225361
CBWFq7pbJbWfwGPNFRwpN,225372
CBWFq7pbJbWfwGPNFRwpN,225779
CBc98j9J9PmqRKNdTchgW,502618
CBc98j9J9PmqRKNdTchgW,557940
CBzHmdKBFTmnLKHzWgk86,653979
CChttCnwGwHMcBKm6LhNR,225141
CCwMfr7DptzKNpLPDwtDc,225887
CCwMfr7DptzKNpLPDwtDc,678576
CDLTkCC8RTrwFgLqPjWHc,237796
CDPJ7MNMhpFCmpRn79TP7,648174
CDPwNh676DmWHj7dJzD6N,632650
CDWJGrPLQbrqwkj7mzQ8B,646867
CDWJGrPLQbrqwkj7mzQ8B,655919
CFMcBQt8WGbLtPDqbQHKH,226062
CFMcBQt8WGbLtPDqbQHKH,577745
CFkkCCFjGpQMLrRgFd87W,654080
CFkkCCFjGpQMLrRgFd87W,654081
CGJMGJrWtt9qWQ6zfJHWK,551484
CGLDFnpbfg9LbF7z7GndP,612641
CGLDFnpbfg9LbF7z7GndP,614551
CGPcNWJRc8pnPfCbQHtwJ,225734
CGPcNWJRc8pnPfCbQHtwJ,238418
CGPcNWJRc8pnPfCbQHtwJ,271055
CGhtqrGGT7TL9C89GjF8R,502713
CHDCcjjDjPKfpnR6HmWRR,237969
CHDCcjjDjPKfpnR6HmWRR,238433
CHNL9gtPrf8NhTwLWjT6w,533042
CHNL9gtPrf8NhTwLWjT6w,537193
CHNL9gtPrf8NhTwLWjT6w,537223
CHNL9gtPrf8NhTwLWjT6w,537253
CHNL9gtPrf8NhTwLWjT6w,537282
CJ9PkdfKF78Khqf88zDmM,517469
CJ9PkdfKF78Khqf88zDmM,518246
CJmNCDkwJKGMbhbnjh6Q9,225076
CJmNCDkwJKGMbhbnjh6Q9,225712
CJmNCDkwJKGMbhbnjh6Q9,271285
CKFCLPKmb6nMQW9Jqjdz8,614963
CKFCLPKmb6nMQW9Jqjdz8,614965
CKFCLPKmb6nMQW9Jqjdz8,618092
CKFCLPKmb6nMQW9Jqjdz8,618125
CKGFjmKNk6mhMHThPGmK6,695168
CKPhFMj8GJGRNdKrRnpzG,275731
CKdtt7jhNp8DK9QzCqGkz,225804
CKdtt7jhNp8DK9QzCqGkz,271177
CKgkPBMkGRkNzrDbdRttC,633295
CKgkPBMkGRkNzrDbdRttC,633645
CKgr9QWHWwJQFdBHBqL8G,237790
CKmN6WtD9mjNbMHwdbKMp,518253
CKtFCgnGdwMDBh7dzDqqz,453398
CKtFCgnGdwMDBh7dzDqqz,477242
CKtFCgnGdwMDBh7dzDqqz,614358
CKwppWjqB6NhjDKqcgPjM,502786
CKzzwp7mqrF6C68bPDcHm,654063
CLw8wRQNbjMTbFLR6bQQf,453239
CLw8wRQNbjMTbFLR6bQQf,676600
CMGR6k8cP8rmnMww6JrKK,225873
CMGR6k8cP8rmnMww6JrKK,271068
CMTbqWQL99gDnd8L7tthp,225597
CMTbqWQL99gDnd8L7tthp,238414
CMTbqWQL99gDnd8L7tthp,271035
CMTbqWQL99gDnd8L7tthp,518388
CMbMkj6F86Kj9kPKNBwPN,633250
CMbMkj6F86Kj9kPKNBwPN,634074
CMbWnJbGKW8JdmD7TB8JF,565685
CMfRgznLHg6BGwDLqL9nK,237898
CN9QrzcRcRDrRhPRqJCwk,612574
CN9QrzcRcRDrRhPRqJCwk,616358
CNJjHNFRzNwCmBRJw6mt6,565414
CNNCgwHGzCBKNMHCWhdTR,577737
CNcQBLQccWPfJdd8Dm86g,549704
CNcQBLQccWPfJdd8Dm86g,551481
CNgPdMm79nkPHpnqGQCFd,248391
CNkgfHmrWLL6QDRK8zWzz,695225
CNpTdPFLhRdt6N7qgQqkC,453333
CPGCwntgcMqcqCBLh6nBL,695242
CPNhjTPwJ9W6Mm6cNRFHd,693422
CPNhjTPwJ9W6Mm6cNRFHd,693423
CPgdwbjRGNNfKrgPn6ngL,518269
CQCQjcqCrt7TkdtQ88kLM,226074
CQCQjcqCrt7TkdtQ88kLM,271142
CQLdjjNmHTMfDnqzW6TLg,225690
CQLdjjNmHTMfDnqzW6TLg,270976
CQLdjjNmHTMfDnqzW6TLg,676731
CQRFRLf9kHFWnrmqfFRTn,237855
CQRFRLf9kHFWnrmqfFRTn,238528
CQRFRLf9kHFWnrmqfFRTn,676627
CQbkJKNDtz8TkbPcb6hbF,237845
CQbkJKNDtz8TkbPcb6hbF,238506
CQkQQG8z8z8kQLNm8PHDM,664625
CQkQQG8z8z8kQLNm8PHDM,683212
CQpHCDTdJdmJgn8hGJrgq,517262
CRDtq9LpbDjKKbCkfcC7H,248476
CRDtq9LpbDjKKbCkfcC7H,262533
CRDtq9LpbDjKKbCkfcC7H,618762
CRNw7cJfmDMzMPDKnQgRG,567109
CRNw7cJfmDMzMPDKnQgRG,577248
CRn7J9kmnRCDPDRKbckQQ,633243
CTRdQTjDrHNjCDh9nnDGB,695266
CTRdQTjDrHNjCDh9nnDGB,696110
CTq6Kdn7WcJ87LzrmznkH,533597
CWDdwtBckLgb6gR6KqnD9,708883
CWGFNLDJbWHtLQhW7GtMJ,677620
CWPHzh8wWpWNgwmQWgt7C,609582
CWQPkrNcF7CH6BwDCdtDf,676290
CWzQb9qFn88pbQbfjRnWW,487218
CWzQb9qFn88pbQbfjRnWW,489195
CWzQb9qFn88pbQbfjRnWW,489230
CbJgbPBCGkgwbwkLRPd8m,237719
CbchfKMKBDdQP8wH6zzQq,676420
CbngjC9FTFNdmTGT7ddCT,224954
CbngjC9FTFNdmTGT7ddCT,225145
CbngjC9FTFNdmTGT7ddCT,225767
CbngjC9FTFNdmTGT7ddCT,238377
CbngjC9FTFNdmTGT7ddCT,488410
CbngjC9FTFNdmTGT7ddCT,489198
CbngjC9FTFNdmTGT7ddCT,489227
CcGMKpDNfnzz8mKDqmqnc,537813
CcGMKpDNfnzz8mKDqmqnc,538441
Cd6PTGH6CqTHmt7LQmBMp,261406
CdDbm8CBpkbBRg9d6Hdck,652752
CdFkL9pbDdFj8DKnRHHGn,648161
CdP6DCmhLMzBWKB7tWcNJ,225863
CdP6DCmhLMzBWKB7tWcNJ,271271
CdcPgtHftqzGHjTcWNBJp,652757
CdnTg7KmhKzWpJcd9JHrR,641709
CdnTg7KmhKzWpJcd9JHrR,657475
CfHfrPNdfKGhM7qJjtzQt,237749
CfdKKTqndtGPNzdh6gJ8w,488504
CfjtgbzgrFRD6QPzPdkdW,693426
CfjtgbzgrFRD6QPzPdkdW,693428
CgDzPBKW6pnLgwkgP9DFw,225082
CgDzPBKW6pnLgwkgP9DFw,225705
CgDzPBKW6pnLgwkgP9DFw,647379
CgDzPBKW6pnLgwkgP9DFw,676715
CgNjQcrqDkb7tRMtdkBMJ,708912
CgNjQcrqDkb7tRMtdkBMJ,709339
ChBRBzBFFFMhqj9tp8mBd,694944
ChWC6JfLg9hcmHd9JcMBk,653970
ChbzMDmWzwMD9FRF87cq8,533619
ChbzMDmWzwMD9FRF87cq8,537292
ChgnM7DhdJNqhDRww6Qbz,682854
ChgnM7DhdJNqhDRww6Qbz,705058
Chqpmcpccgmfb7wh7jrdh,237889
Cj6pPn8Tdc7hqrfjrct7q,708990
CjRzTWJcLTzzfkhwCRK7K,517611
CjRzTWJcLTzzfkhwCRK7K,545430
Ck8jCNWQmgKkcmD98bdjG,488432
Ck8jCNWQmgKkcmD98bdjG,489243
Ck8jCNWQmgKkcmD98bdjG,549259
CkHnpRcfgkcrmJqTpDztp,646290
CkHnpRcfgkcrmJqTpDztp,646560
CkHnpRcfgkcrmJqTpDztp,650369
CkRKLHpzHJLkmDdBFJCwM,612635
Ckct9HBQDcCqzRKpnLKRR,225262
CkjpBRMfBFdf6fK6rbdWg,486673
CkjpBRMfBFdf6fK6rbdWg,614051
CkjpBRMfBFdf6fK6rbdWg,618029
CmJqfQdnpC6Htbq7LTrWN,518427
CmLHBGBBhfKTP7ghq8kTL,275642
CmQnkwJDjdtkJwrrJKqwz,248479
Cmf8GkhNpRqdpkwLg9RnK,692524
CmrzJNdGDLzk9RdzkDT8H,653234
Cn8tK9KRm7d9KbcQk6Pqm,693236
CnFqQqpDD6QB89wpppRfw,237823
CnGbng8qnbmcNP96gkWzT,517350
CnGbng8qnbmcNP96gkWzT,521662
CnQgknqjtfWWqnwKNCWHk,502814
CnQgknqjtfWWqnwKNCWHk,509208
CnQgknqjtfWWqnwKNCWHk,557955
CnzHmjrhb7TTzGJppkpfc,453415
Cp7q8KGCNJQDTqDNBGMGD,237899
CpC7qQBbgTjCDJDwWprG7,695244
CpMzgzzqzDH6thBrdGRHM,502878
CpfKgC8NJWLbMkhzFqQ8g,551937
CpgzmBH67WMWJMj9JF8jw,225185
CptjnpckCjtKHPhLPNKBq,261447
CqNB8MLzfCh6tRP6RRMdj,549706
CqNB8MLzfCh6tRP6RRMdj,551521
CqNB8MLzfCh6tRP6RRMdj,551522
CqNB8MLzfCh6tRP6RRMdj,555732
CqNB8MLzfCh6tRP6RRMdj,676637
CqfqDWQc8mbmcdmbrnPqz,676335
CqjGDbBG9WMHfdcpF8fqJ,225171
CqjGDbBG9WMHfdcpF8fqJ,271169
CqjGDbBG9WMHfdcpF8fqJ,708910
Cqk6dND8KnJ6gBjQNQjCq,693051
Cqr7rhqq8hQPPhpHQBCHr,533544
Cqr7rhqq8hQPPhpHQBCHr,537817
Cqwf78hdKQTfgCtbkcrdL,488476
Cqwf78hdKQTfgCtbkcrdL,489242
CrPNmfmJ97gdcPcBtfHzR,275689
CrPNmfmJ97gdcPcBtfHzR,275693
CrRjPfRPBNWJgknJRhHMJ,612669
CrWjLrqtQtppQhQCMt9LH,261408
CrWjLrqtQtppQhQCMt9LH,261409
CrcJtRzFPTCwQ8wQtzpmN,248510
CrcJtRzFPTCwQ8wQtzpmN,255977
CrcJtRzFPTCwQ8wQtzpmN,561936
CrhRqD9BkQGpHpmRN8JwC,653298
Crtn9djMPnRdwjKnhWRpk,225164
Crtn9djMPnRdwjKnhWRpk,271139
CtgLqKpjrGRtLnwbHjd9f,237799
CwHzMDBNQRNdWpMc7phMr,225143
CwHzMDBNQRNdWpMc7phMr,238376
CwHzMDBNQRNdWpMc7phMr,488408
CwHzMDBNQRNdWpMc7phMr,489191
CwHzMDBNQRNdWpMc7phMr,489222
CwJMHg9zGWTRtRFhbWNbf,565420
CwJMHg9zGWTRtRFhbWNbf,577216
CwJMHg9zGWTRtRFhbWNbf,676762
CwgjPFFG8MpkRF8ztzgFg,633229
CwhpPfrRGmdGNkjR6Fg8G,695206
Cww8rKzD9W6Nf7TfwTBwL,225791
Cww8rKzD9W6Nf7TfwTBwL,271117
CzFbG6pFWFPw6fcHHLDp8,565671
CzcCpTjr7dMR96NzwhLdk,609128
CzwrwtC7LkmK6mchdpzB7,565393
CzwrwtC7LkmK6mchdpzB7,565399
CzwrwtC7LkmK6mchdpzB7,577231
CzwrwtC7LkmK6mchdpzB7,584700
D6DtJ7kmNcPBMHWrghGTj,565418
D6DtJ7kmNcPBMHWrghGTj,577197
D6DtJ7kmNcPBMHWrghGTj,584685
D6JbcW8RH7kTQqrp9CLwb,612682
D6fPnQdQ7FKpWDB9ktTJ6,633287
D6fPnQdQ7FKpWDB9ktTJ6,633637
D77NtkfPpRhpwjGbPJd8n,654012
D7hcKhLqRRjk9JjCwGWmK,647373
D8JcCHRDPNWCRtgCMgbtp,690438
D8JcCHRDPNWCRtgCMgbtp,690439
D8Kkjdr8wPKPzcnbqJNnt,676373
D9BrCpJrGhbWC8BwDbkjW,614057
D9N8LLTrcrbm9pk7HnPqN,533635
D9TnG8PWbhKLR8Nc9N6K7,488458
D9hnm7hf7fWbFWtqKbKFb,488371
D9hnm7hf7fWbFWtqKbKFb,489122
D9rHcGbwmfHRQw9CkhHFd,654068
D9zBtmGnckbkJ9TKNQfkj,647429
DBDkGQDnNMDRfMNK7JFWN,238653
DBDwbqjgnpnNfFrJ8Dmhr,273137
DBDwbqjgnpnNfFrJ8Dmhr,277333
DBDwbqjgnpnNfFrJ8Dmhr,676594
DBDwbqjgnpnNfFrJ8Dmhr,690447
DBKDQNcLQkpLWfp7HFB8f,676393
DBKWbWMbrt7WK7KwmNQRL,584709
DBKWbWMbrt7WK7KwmNQRL,585030
DBKWbWMbrt7WK7KwmNQRL,604263
DBKWbWMbrt7WK7KwmNQRL,624617
DBhPCQqjnj6qqd9DtBB7W,517576
DBhPCQqjnj6qqd9DtBB7W,537216
DBhPCQqjnj6qqd9DtBB7W,537247
DBhPCQqjnj6qqd9DtBB7W,537305
DBhPCQqjnj6qqd9DtBB7W,537335
DBhPCQqjnj6qqd9DtBB7W,537365
DBhPCQqjnj6qqd9DtBB7W,537811
DBhPCQqjnj6qqd9DtBB7W,538443
DBhPCQqjnj6qqd9DtBB7W,619719
DC8RfMDzMnthBkWJgmWpQ,225951
DC8RfMDzMnthBkWJgmWpQ,225952
DC8RfMDzMnthBkWJgmWpQ,270952
DC8RfMDzMnthBkWJgmWpQ,270954
DCdPb6ccGkkjwDprnLRPF,237757
DCdPb6ccGkkjwDprnLRPF,238401
DCdRpLqtTFj8Q8gghKppK,533593
DCtpFfTpFgWqgtWkkMQjT,677642
DCtpFfTpFgWqgtWkkMQjT,677643
DDBjrbFWMHqkc7Pkqr6f6,612707
DDBjrbFWMHqkc7Pkqr6f6,624618
DDNkGQ7L9kNzzFthTtTKH,694910
DDTHnwBGLRMwrDLd6bMwc,533634
DFPwWqL9PCzLTKJjDzJzJ,584674
DFrMBQFPRf7hTrcCwrRKd,225968
DFrMBQFPRf7hTrcCwrRKd,271039
DFrMBQFPRf7hTrcCwrRKd,489199
DG7DRnLw6kjDcMGH6hCmg,518307
DGJQcFJGcqDHggpkqRTt8,518279
DGJQcFJGcqDHggpkqRTt8,529737
DGN6wbTkHFhrzGfLjQ6jg,488353
DGNn7nRKwBjzf9f9rmzJM,225814
DGNn7nRKwBjzf9f9rmzJM,271194
DH8zBCdjRpQmLKgbnRF8q,225966
DH8zBCdjRpQmLKgbnRF8q,271036
DHDCCL77FKTkQPTqKnG9B,225206
DHDCCL77FKTkQPTqKnG9B,225339
DHDCCL77FKTkQPTqKnG9B,270915
DHDCCL77FKTkQPTqKnG9B,708962
DHLWgwppG9tBkQkBqHBKB,502777
DHLWgwppG9tBkQkBqHBKB,514110
DHRFRqdNnjCBwF6cfkMhR,565405
DHRFRqdNnjCBwF6cfkMhR,609606
DHfcJWbWWPdKWcGdtWmnQ,577726
DHfcJWbWWPdKWcGdtWmnQ,577727
DHhDFNgTHdTJ7NpWWm8jm,274363
DHhDFNgTHdTJ7NpWWm8jm,477333
DHrjJHjkLLHGd8FPnBrwW,654031
DJDqrcJFQNWHPfPjhQNG8,275687
DJDqrcJFQNWHPfPjhQNG8,676683
DJPrmWbggDQJdhkhgJG6q,677659
DJPrmWbggDQJdhkhgJG6q,677660
DJQQGbkdhhkMkqpDzWwrw,551712
DJr7kwTDTm8MrPrBWn69D,248374
DJr7kwTDTm8MrPrBWn69D,262541
DKMp7DQNwqh6CrkP6G6R7,502855
DKNCGmjBWngRMjmTCbKLr,561900
DKNrgnhnpbKFJLHhKKRRm,677623
DKNrgnhnpbKFJLHhKKRRm,677624
DL7gtdthCmhqGfQq8RJjj,248486
DL7gtdthCmhqGfQq8RJjj,262504
DL9MJCFT6dnwF6njTbWRR,652746
DLCqPPF6cRwMCgdhRBj6F,517601
DLCqPPF6cRwMCgdhRBj6F,545422
DMH8PRWDTmMm6mWtQqttn,486766
DMTFcc8LndtwGkjgMK69D,237945
DMht6KBFhqWNdGBJNL7NB,274749
DMht6KBFhqWNdGBJNL7NB,276818
DMht6KBFhqWNdGBJNL7NB,489208
DN8dWKrTLQzr6H9BJ8kcn,633285
DN8dWKrTLQzr6H9BJ8kcn,633633
DNRzWPmnLQdMTb7MGftNw,225735
DNRzWPmnLQdMTb7MGftNw,229478
DNRzWPmnLQdMTb7MGftNw,271059
DPDqwkWf9krhLLDWpmDwD,453196
DPDqwkWf9krhLLDWpmDwD,549272
DPDqwkWf9krhLLDWpmDwD,676794
DPFPrrNbJmtDHjBLtk6zz,565559
DPFPrrNbJmtDHjBLtk6zz,577212
DPFPrrNbJmtDHjBLtk6zz,577269
DPFPrrNbJmtDHjBLtk6zz,584688
DPh9t9CPG8qjfbPNPbfBK,612611
DQLmKzJKKHKfFWBqQkgCT,647428
DRLzM9pggPjG76K6pFPt7,261341
DRLzM9pggPjG76K6pFPt7,262961
DRLzM9pggPjG76K6pFPt7,646331
DRqd8NPqtJjrKTPNkNzjg,237792
DRqfHtKT6mfqNFRDMdDBp,567111
DTLGtkQ8zNdPQPPfDpg6n,453312
DTNR6KNnBDCBqkczc9PnT,533484
DTPnFNqr9N8NcWNpDDC8B,502835
DTzNKfTmjP6QLP8W8TpdF,647370
DW7LjrR6RwKPhNB8d9CGM,225215
DW7LjrR6RwKPhNB8d9CGM,225319
DW7LjrR6RwKPhNB8d9CGM,270914
DW7LjrR6RwKPhNB8d9CGM,276814
DW7LjrR6RwKPhNB8d9CGM,601121
DW7LjrR6RwKPhNB8d9CGM,647432
DW7LjrR6RwKPhNB8d9CGM,676645
DW7LjrR6RwKPhNB8d9CGM,676749
DW7LjrR6RwKPhNB8d9CGM,708981
DWRBqLngTDmHThkjT6LFn,453212
DWRBqLngTDmHThkjT6LFn,453214
DWcKpdjNKBcK67WpPb9Qf,237701
DWcKpdjNKBcK67WpPb9Qf,238515
DWcKpdjNKBcK67WpPb9Qf,249038
DbFJncpjwQmp8mg99RPqL,237753
DbFJncpjwQmp8mg99RPqL,238404
DbKkp8BjFgtCBGjQCbwjH,225645
DbWLH6QCRngwP6RHftkdK,518421
DbbhCQQgKQfTCtnMzFr6P,237769
Dbhn6rRcrbdRnKbqdPdwh,225302
Dbhn6rRcrbdRnKbqdPdwh,225864
Dbhn6rRcrbdRnKbqdPdwh,226044
Dbhn6rRcrbdRnKbqdPdwh,237697
Dbhn6rRcrbdRnKbqdPdwh,248563
Dbhn6rRcrbdRnKbqdPdwh,257804
Dbhn6rRcrbdRnKbqdPdwh,275679
Dbhn6rRcrbdRnKbqdPdwh,488542
Dbhn6rRcrbdRnKbqdPdwh,529297
Dbhn6rRcrbdRnKbqdPdwh,552033
Dbhn6rRcrbdRnKbqdPdwh,567113
Dbhn6rRcrbdRnKbqdPdwh,617832
Dbhn6rRcrbdRnKbqdPdwh,695280
DbpdPtLqk9zqfp6bdQTP6,225925
DbpdPtLqk9zqfp6bdQTP6,271305
DbpdPtLqk9zqfp6bdQTP6,497999
DbpqBt8Gp8HWg6QMFBBgh,224955
DbpqBt8Gp8HWg6QMFBBgh,225274
DbpqBt8Gp8HWg6QMFBBgh,225514
DbpqBt8Gp8HWg6QMFBBgh,225777
DbpqBt8Gp8HWg6QMFBBgh,271120
DbpqBt8Gp8HWg6QMFBBgh,275635
DbpqBt8Gp8HWg6QMFBBgh,489218
DbpqBt8Gp8HWg6QMFBBgh,633346
DbpqBt8Gp8HWg6QMFBBgh,633702
DbpqBt8Gp8HWg6QMFBBgh,676583
DbpqBt8Gp8HWg6QMFBBgh,676665
DbpqBt8Gp8HWg6QMFBBgh,678583
DbqGjQMfWLNCfd7qGqGht,648162
DbqGjQMfWLNCfd7qGqGht,664850
DbqGjQMfWLNCfd7qGqGht,668502
DbqmMdc6Mw9jGpPQBcwRd,495291
DbqmMdc6Mw9jGpPQBcwRd,511839
Dc8cHfKHFHkg98Pwn6H96,225849
Dc8cHfKHFHkg98Pwn6H96,271234
Dc8cHfKHFHkg98Pwn6H96,273188
Dc8cHfKHFHkg98Pwn6H96,488531
DcFccRh7KttKMbFkHnPqh,612587
DcFccRh7KttKMbFkHnPqh,618018
DcwnhL66BkhqjFcfzwwfQ,653802
DcwnhL66BkhqjFcfzwwfQ,653923
DdH9qjhnPGKnpr9fTfNjb,225273
DdH9qjhnPGKnpr9fTfNjb,225722
DdJT86P9h6tQ77czjkwBc,248422
DdJT86P9h6tQ77czjkwBc,262544
DdKKrgzFQJQz6mJtmKFqN,248441
DdPqNRh6NTPMrgwRRNqwb,676281
DdnDzmhwpNWtCjm7TqFQM,653299
Ddqz6QF9FNMT8qJjjr8Q9,502801
DdtptrGpgDbnbDJgktBtk,561287
DdtptrGpgDbnbDJgktBtk,577185
DdtptrGpgDbnbDJgktBtk,585025
DdtptrGpgDbnbDJgktBtk,695210
DfBdWpFwfWFWcPLMwjG68,248369
DfBdWpFwfWFWcPLMwjG68,262540
DfDQKGMfKrkdtfkJKLQch,676454
DfDQKGMfKrkdtfkJKLQch,676628
DfHHPcLzbncDMhkJgQKKm,609231
DfHHPcLzbncDMhkJgQKKm,618307
DfkBWGW6Wqk8P6NdGjtrz,517731
Dg8tJh9RNQKhFWfqd8qDT,517485
DgHLhRDccpLbjGT9nN8Jm,546704
DgHLhRDccpLbjGT9nN8Jm,550490
DgHLhRDccpLbjGT9nN8Jm,551532
DgHLhRDccpLbjGT9nN8Jm,555747
DgQfj8jGQBWmBQKW9kngT,551722
DgQfj8jGQBWmBQKW9kngT,555759
DgTbtnmDPchPRckcHTjpz,274334
DgTbtnmDPchPRckcHTjpz,276827
DgTbtnmDPchPRckcHTjpz,552526
DgWtHJjggBQdwKWNpMKLz,261422
DghbPmFhwLkT9whJJjL9f,624356
DghbPmFhwLkT9whJJjL9f,637478
DghbPmFhwLkT9whJJjL9f,638041
DgpbP8LBpCffdNgH8t9LB,274757
DgpbP8LBpCffdNgH8t9LB,278930
Dh8tPtFJwkqg8jbGTjNWQ,538459
DhKMQzczm7mmf9HnhWhdL,550297
DhKMQzczm7mmf9HnhWhdL,551494
DhKMQzczm7mmf9HnhWhdL,554311
DhMTNwfDKnwhRqgkPB6gq,567110
DhffBQC7PHwzdJpjTjNBm,489263
DhffBQC7PHwzdJpjTjNBm,490521
DhffBQC7PHwzdJpjTjNBm,495538
DhffBQC7PHwzdJpjTjNBm,501739
DhffBQC7PHwzdJpjTjNBm,677677
DhnFPrT6QqFMWbKMkWGPq,654004
DjB6FNdbDR9f7bLMc9CBM,275735
DjWkHNPRFf8JgdpzGd96L,517198
DjWkHNPRFf8JgdpzGd96L,580606
Djhg6DMpCpFHD9rcPNFrN,225178
Djhg6DMpCpFHD9rcPNFrN,225315
Djhg6DMpCpFHD9rcPNFrN,225519
Djhg6DMpCpFHD9rcPNFrN,225577
Djhg6DMpCpFHD9rcPNFrN,225976
Djhg6DMpCpFHD9rcPNFrN,271096
Djhg6DMpCpFHD9rcPNFrN,585031
DjtKnjrGd6BTjD9LTkqqf,676482
DkcD8cfprKB8RPWLKdMhf,612691
DkcTJhjgpTcfrhDFffL6q,517312
DkcTJhjgpTcfrhDFffL6q,519486
DktMQqLDTqWBGzBnBCrqt,612613
Dm9LL8NBBLmr7qchQ7cpn,611176
Dm9LL8NBBLmr7qchQ7cpn,617925
DmG6qBFhfRpqfBGbC8dnG,677611
DmQPbpRWTzKJcwKLdB88B,648186
DmpnhzMR7WhCgkFWncRkk,517655
DmpnhzMR7WhCgkFWncRkk,518474
DnHbCNhbpDHTJ9GpknKrb,676279
DnJrdtdRJmT7G97h6Qqcb,453296
DnWNQrGqLW69pqRdTDhmT,654065
DnfHnbnMCChJD9zfLbgmJ,518288
DpC7pdbKCcfcgDRCNHkch,551483
DpRWWLNTqjtBtjMjpnm7J,517842
DpRWWLNTqjtBtjMjpnm7J,543030
DpWbbCGtWQJwRhrKr9Cwm,549695
DpWbbCGtWQJwRhrKr9Cwm,551552
DqMQ7mbcWcfL8QjDcCMJr,676399
DqhRkJzzzrN7jH9FbqmRn,502886
DqhggQR7Tcr9jQJ8QRrHd,237743
DqhpdDNnfhtrRH6pcfj8B,695157
Dr8NPdFcFHJzh7rGjbpFw,237820
Dr8NPdFcFHJzh7rGjbpFw,238406
DrDF9kFdf8r9M7chBwcK6,633245
DrDF9kFdf8r9M7chBwcK6,633700
DrMHRGghQK9rb9NdTTKmj,565575
DrQ9nkJKpqLJCr9TgDMNn,565565
DrQ9nkJKpqLJCr9TgDMNn,577218
DrfFF7FFQTbwwcbDckGH9,676422
DtjWNmQLmDmKg6dwzNh7h,261411
DtjWNmQLmDmKg6dwzNh7h,265450
DwhgmJpg6hHzFJPPK6n7T,654018
Dwn89Mq6WGH8QQGhD6hcq,676404
Dz6FcRBNMFdBt9fJPMB7d,275834
Dz6FcRBNMFdBt9fJPMB7d,276811
Dz6FcRBNMFdBt9fJPMB7d,281399
Dz6FcRBNMFdBt9fJPMB7d,677683
DzdfLNnTQbw7t99Bz8KqB,488480
DzdfLNnTQbw7t99Bz8KqB,489141
DzdfLNnTQbw7t99Bz8KqB,489257
F66PN6K8KQGwkcB9PzGjN,237950
F6FCWBgBckkm8pn89TCfn,487214
F6FCWBgBckkm8pn89TCfn,489217
F6g7zmkKfkC6kRGnJf6GK,676328
F6nMWMTR7mjDm9LMjhgpd,502829
F78CPMJgBqhTfNMLM7TH6,536618
F7Btpwc6Cgn79D67Hkbpd,551711
F7mqQWTKzmNmMfgmQbHFw,633290
F7mqQWTKzmNmMfgmQbHFw,633640
F7rQpTDjHFWPgQhcGg7RT,238656
F7rQpTDjHFWPgQhcGg7RT,242131
F7rQpTDjHFWPgQhcGg7RT,246485
F7rQpTDjHFWPgQhcGg7RT,664535
F8BfQTc6BwC9qbDmQzn7g,237998
F8BfQTc6BwC9qbDmQzn7g,238444
F8BfQTc6BwC9qbDmQzn7g,278919
F8hkwqJTR9m8bRKnbr6JB,577766
F8hkwqJTR9m8bRKnbr6JB,577767
F9KLhWk9DbmqRwtRggPjF,488411
F9KLhWk9DbmqRwtRggPjF,489171
F9KLhWk9DbmqRwtRggPjF,495671
F9gtJwgzgM76KghF8jrcq,517382
FB7cMqjrQpWQqFhmPn7Hk,677666
FB87tWPkwcRzmzjLcDfMD,646284
FB87tWPkwcRzmzjLcDfMD,646543
FBWddcQRCcJm9mqLNdwtW,633242
FBWddcQRCcJm9mqLNdwtW,633696
FBWddcQRCcJm9mqLNdwtW,634069
FCJjCLKrKbQ7nhwhHwbHB,225759
FCJjCLKrKbQ7nhwhHwbHB,271106
FCbzNdDDP9jrLfWCBPPdr,609586
FCt7htFCWm9kdFJ9JnqdM,502908
FDdnD9zhdgCkJFTQdLbbp,225256
FDdnD9zhdgCkJFTQdLbbp,271080
FDhnc6LFDpgBcwQGpJwrC,275663
FDktk7t9NkNdLDQQhCPBR,225916
FDktk7t9NkNdLDQQhCPBR,271260
FFGW6Kn6mWFFFWcwkpdHh,261345
FFGW6Kn6mWFFFWcwkpdHh,647417
FFM9wDc8wcmkbhTL8fpCG,518390
FFM9wDc8wcmkbhTL8fpCG,532022
FFrCkdLPFwwTzHJPwcTRC,248408
FG8PKbFmKK7Tgck8BjrdW,633340
FH6ffcgjbnGTRQTtwwWGh,612576
FHLMhFd7rHFC8LqNmLcJR,275652
FHdcQjB7mGbTgzJnmPmhc,677661
FHfhK9rLHDcNCdQJQ79Wh,225686
FHfhK9rLHDcNCdQJQ79Wh,238416
FHfhK9rLHDcNCdQJQ79Wh,271214
FHfhK9rLHDcNCdQJQ79Wh,633269
FJLJfPT9G9rjCCqjGNnrm,237965
FJNBWQGCMNzBKLc6qPC9q,692526
FJjmNKzKjz7PLCpF8Bg8Q,549691
FJjmNKzKjz7PLCpF8Bg8Q,551486
FKCrQMngDF9nMT99qzNjn,261485
FKc7CtkbBDTrzHr7t8DMQ,453408
FLHFkrDTc9RLpNnR8wbK9,533558
FLHmj9MjCgFPBzgFGKRFW,225633
FLHmj9MjCgFPBzgFGKRFW,271126
FLHmj9MjCgFPBzgFGKRFW,561386
FLLL8HKfHMLKWb9GDpHPL,275694
FLfrm7mBczWhFLBTKmBgJ,225632
FLfrm7mBczWhFLBTKmBgJ,271116
FLfrm7mBczWhFLBTKmBgJ,497997
FLfrm7mBczWhFLBTKmBgJ,676546
FLpRPPKtB668jDRD7Gknm,237712
FLpRPPKtB668jDRD7Gknm,238511
FLpRPPKtB668jDRD7Gknm,278916
FLpRPPKtB668jDRD7Gknm,502755
FM6BwCnpcNT6TQCJmqWgf,695275
FM9T9Dg8bj9h9MW7k9HCQ,551703
FMkTCF7CdfJK9Ljfzb7bk,275696
FMkTCF7CdfJK9Ljfzb7bk,565693
FMkTCF7CdfJK9Ljfzb7bk,577268
FMkTCF7CdfJK9Ljfzb7bk,577569
FMkTCF7CdfJK9Ljfzb7bk,676746
FMtqqPTBz8J7KdLNCbzcb,633300
FMtqqPTBz8J7KdLNCbzcb,633654
FNKwLndWDcnRp8T6bjTqT,646466
FPCtrDJKLwTRHh7C6ckd6,518373
FPThjmfgpwBHmGzd66FCF,695231
FPphz9BckqMrmkrpLTN79,275708
FPphz9BckqMrmkrpLTN79,676670
FQ89dPqtqmkWFJDRrrHHg,653944
FQFkLFgp9pJqdd8mQkJTQ,708882
FQFkLFgp9pJqdd8mQkJTQ,709106
FRDf9rPtwMg7MjfK6wWNP,248363
FRDf9rPtwMg7MjfK6wWNP,262499
FRL8RKjcFT9zRbnn8gpTP,226009
FRL8RKjcFT9zRbnn8gpTP,270990
FRTnBzBCRC7TbNhdKLWqW,546695
FRTnBzBCRC7TbNhdKLWqW,546702
FRTnBzBCRC7TbNhdKLWqW,546703
FRTnBzBCRC7TbNhdKLWqW,546704
FRTnBzBCRC7TbNhdKLWqW,546705
FRTnBzBCRC7TbNhdKLWqW,549706
FRTnBzBCRC7TbNhdKLWqW,549707
FRTnBzBCRC7TbNhdKLWqW,549708
FRTnBzBCRC7TbNhdKLWqW,549709
FRTnBzBCRC7TbNhdKLWqW,549971
FRTnBzBCRC7TbNhdKLWqW,550486
FRTnBzBCRC7TbNhdKLWqW,550490
FRTnBzBCRC7TbNhdKLWqW,551462
FRTnBzBCRC7TbNhdKLWqW,551477
FRTnBzBCRC7TbNhdKLWqW,551478
FRTnBzBCRC7TbNhdKLWqW,551495
FRTnBzBCRC7TbNhdKLWqW,551521
FRTnBzBCRC7TbNhdKLWqW,551522
FRTnBzBCRC7TbNhdKLWqW,551523
FRTnBzBCRC7TbNhdKLWqW,551524
FRTnBzBCRC7TbNhdKLWqW,551525
FRTnBzBCRC7TbNhdKLWqW,551526
FRTnBzBCRC7TbNhdKLWqW,551527
FRTnBzBCRC7TbNhdKLWqW,551528
FRTnBzBCRC7TbNhdKLWqW,551529
FRTnBzBCRC7TbNhdKLWqW,551530
FRTnBzBCRC7TbNhdKLWqW,551531
FRTnBzBCRC7TbNhdKLWqW,551532
FRTnBzBCRC7TbNhdKLWqW,551724
FRTnBzBCRC7TbNhdKLWqW,552803
FRTnBzBCRC7TbNhdKLWqW,554170
FRTnBzBCRC7TbNhdKLWqW,554171
FRTnBzBCRC7TbNhdKLWqW,554172
FRTnBzBCRC7TbNhdKLWqW,555732
FRTnBzBCRC7TbNhdKLWqW,555733
FRTnBzBCRC7TbNhdKLWqW,555738
FRTnBzBCRC7TbNhdKLWqW,555740
FRTnBzBCRC7TbNhdKLWqW,555742
FRTnBzBCRC7TbNhdKLWqW,555744
FRTnBzBCRC7TbNhdKLWqW,555745
FRTnBzBCRC7TbNhdKLWqW,555747
FRTnBzBCRC7TbNhdKLWqW,676637
FRTnBzBCRC7TbNhdKLWqW,676638
FRTnBzBCRC7TbNhdKLWqW,676639
FRTnBzBCRC7TbNhdKLWqW,676640
FRTnBzBCRC7TbNhdKLWqW,676641
FRcp7jQfPRK6h8NfrJ77h,708896
FRftJtrB9LzbkMfcJKCmb,631760
FTHfgBjNWbkDzDhCRpjCp,261459
FTnCF8qDgpz9T9LDbpbf8,248506
FTnCF8qDgpz9T9LDbpbf8,262475
FTnGpQhbkrRGWFLwb9TGt,488530
FTnGpQhbkrRGWFLwb9TGt,561384
FWPL69jpWNMf6qgfGWJQp,237734
FWQPHMnG9JDfm7JmC6hJ6,533582
FWdhrBqFCH9nqqmRGPcTL,225750
FWzdtMmz6kCcWBpWDMLmM,237867
FWzdtMmz6kCcWBpWDMLmM,273169
FWzdtMmz6kCcWBpWDMLmM,552523
Fc8bQjfzWBbCMnrzFCwP7,502825
Fc8mPQBjrNq6Fg9LW9RLc,225530
Fc8mPQBjrNq6Fg9LW9RLc,225542
Fc8mPQBjrNq6Fg9LW9RLc,271101
Fc8mPQBjrNq6Fg9LW9RLc,454857
Fc8mPQBjrNq6Fg9LW9RLc,489145
Fc8mPQBjrNq6Fg9LW9RLc,501739
Fc8mPQBjrNq6Fg9LW9RLc,677676
FcJ9DMBN6LLbBJGhJ9Kkt,488470
FcJ9DMBN6LLbBJGhJ9Kkt,512818
FcLnCMGp9RCkzjm8mRR9r,226086
Fccdnhg8DpLB6cTgjFgcw,695155
FcfhgdgwB6BBHjbNHkFtL,533046
FdBq9qFfNpMbk67f7FRFL,453249
FdBq9qFfNpMbk67f7FRFL,580617
FdMpkDBJtRgkrP6zK6rfQ,612638
FdMpkDBJtRgkrP6zK6rfQ,617900
FdjqnMbJH8r9QqtFFmGKM,611149
FdjqnMbJH8r9QqtFFmGKM,618031
Fdn6HgNgF9gtLhHGckWKp,453345
FfGDLQNdtB6rgKNFdtdzD,248488
FfGDLQNdtB6rgKNFdtdzD,262508
FfHKcc6HWkdkbC76BwgqQ,226083
FfHKcc6HWkdkbC76BwgqQ,271254
FfRMHD8fbLP7FjLJdmbtM,224948
FfRMHD8fbLP7FjLJdmbtM,225950
FfRMHD8fbLP7FjLJdmbtM,270922
FfRMHD8fbLP7FjLJdmbtM,517465
Fg6Mc9mLLBCDFdrTpTpTB,275692
Fg6Mc9mLLBCDFdrTpTpTB,278954
FgCfCKNMFC7rRC8r7GMPj,502854
FgPpQpjMRLqL88FKhFPq6,225613
FgPpQpjMRLqL88FKhFPq6,271057
FgPpQpjMRLqL88FKhFPq6,517491
FgPpQpjMRLqL88FKhFPq6,532815
FgPpQpjMRLqL88FKhFPq6,676837
FgRQdMbgkGgJ6RwGjwgHr,692534
FgqfGWQfPqmQFNpn8cPMW,248541
FgzGnMR8GKFpMNMr7DcKH,488478
FhJWwcJKQjbQhHGRcNFTf,533038
FhJWwcJKQjbQhHGRcNFTf,580612
FhJWwcJKQjbQhHGRcNFTf,708884
FhWgTR7RdKBTrfDhPWGrt,500845
FhWgTR7RdKBTrfDhPWGrt,502873
FhmDr7MmkjB9rnmnqdbTd,453420
FhzPFCDrDhK8QbjFRfHLk,502732
FhzPFCDrDhK8QbjFRfHLk,502733
Fj6DCwFDczkFfd7dtnd9J,648183
FjH7WBT6NtmQjrBHBkbTk,517263
FjH7WBT6NtmQjrBHBkbTk,676741
FjJztPpCMmTDPMrjDCNCg,453376
Fk8qndNHLMFmd9HKQgqWb,695274
FkLTfnTqkjBKt9Ch9m8C8,225033
FkLTfnTqkjBKt9Ch9m8C8,270982
FkNKF7G8Tn79TtGrgKNpn,261331
FkNKF7G8Tn79TtGrgKNpn,261332
FkbNjBJDf96DKNfNWk8Nr,551489
Fkndk7fpqjJMjK7MWgwqk,690449
Fkndk7fpqjJMjK7MWgwqk,705723
Fkndk7fpqjJMjK7MWgwqk,709348
Fm6dT9jM6BhLtRphtfrFR,453365
Fm6dT9jM6BhLtRphtfrFR,453368
Fmf8trg9w8B8BBbWrf8w9,238371
Fmf8trg9w8B8BBbWrf8w9,238666
Fmf8trg9w8B8BBbWrf8w9,267834
Fmf8trg9w8B8BBbWrf8w9,502797
FmmqBdRdbrjzcQ7cp6jKq,630338
FmmqBdRdbrjzcQ7cp6jKq,633609
FmmqBdRdbrjzcQ7cp6jKq,662252
Fn8bTWKkJC77cqjfPmkjC,502843
FnPjLR9FPNJzBcJpCf8mQ,612702
FngCwjRtgtcHbcNJnPmJM,653933
Fp6nwdwf88LdLLcTJcFHr,633344
FpCPnCGzzFrgrPpjpFP66,453206
FpRhRwNmrPWrT7chpRJDj,612683
FpzTKHqqhbqgK7zQkJtTk,708932
Fq8bJCMprNbTn6rKbchgB,275675
Fq9Cg9pKGFKrTbfHq9mBb,630342
Fq9Cg9pKGFKrTbfHq9mBb,634588
Fq9Cg9pKGFKrTbfHq9mBb,638044
FrLnt7LBFzJbWTFFWhWQj,561905
Frp76KgppTJBPkQGbJ87J,518277
FrqBWn7PHJgkQr7wHMNjq,552038
FrwgNQ6rgmfkn8DnNwTDH,676324
FrwgNQ6rgmfkn8DnNwTDH,676801
FtFNN8f6NTbJtkPNGMmfJ,225921
FtGCjcNCNGg9MkDMwtKCN,278640
FtGCjcNCNGg9MkDMwtKCN,449743
FtL6dWRqtnwQzBnQGPRhT,653212
FtQwNRWhWwhtbPNWcN8RJ,261315
FtfhP7nqwbwFWPLkBMFBC,237811
FtpGCGDBMdRPgcbb7MTdM,225025
FttqpkcRJMrzDTmzGGhBC,517432
Fw7hr8tGFkDbJkJB8Gjhk,237986
FwDRt9TR7CCJd9NnNBmfP,488404
FwDRt9TR7CCJd9NnNBmfP,489179
FwDRt9TR7CCJd9NnNBmfP,489206
FwDRt9TR7CCJd9NnNBmfP,489236
FwHwtJtb7pmbpjG8RMQ7b,551507
Fwd6jCqPfPh696Kz7gLfW,565675
Fwd6jCqPfPh696Kz7gLfW,577283
FwdNLdm6dDRk6bjk9qwBQ,518291
FwtKQ8HK8JLbHFWbFQDPg,577758
FwwCqJKcNDNMjJn9mTCgg,518649
FwwCqJKcNDNMjJn9mTCgg,528479
FwwCqJKcNDNMjJn9mTCgg,648464
FzJFdPw6hFwTLCkTrPf8p,565655
FzmdMTfjQrhzn8bNBhhDw,225706
FzmdMTfjQrhzn8bNBhhDw,271023
G6CnbFqjfGgKqqqmnCbMh,275748
G6CnbFqjfGgKqqqmnCbMh,275749
G6CnbFqjfGgKqqqmnCbMh,275840
G6CnbFqjfGgKqqqmnCbMh,276817
G6JkJJNJC8NHMMcDKWGf8,226059
G6JkJJNJC8NHMMcDKWGf8,238450
G6JkJJNJC8NHMMcDKWGf8,577743
G6kR7rLFDQDjLrLNLL6tp,612639
G6kR7rLFDQDjLrLNLL6tp,690706
G6kbCqnBzwjhrb88Q6K7w,488540
G6kbCqnBzwjhrb88Q6K7w,489144
G6kbCqnBzwjhrb88Q6K7w,489174
G6kbCqnBzwjhrb88Q6K7w,489261
G6kbCqnBzwjhrb88Q6K7w,489302
G6kbCqnBzwjhrb88Q6K7w,489990
G6kbCqnBzwjhrb88Q6K7w,495532
G6kbCqnBzwjhrb88Q6K7w,565625
G6qbqK8tRPRF7dMhBRf7C,633247
G6qbqK8tRPRF7dMhBRf7C,633724
G6qbqK8tRPRF7dMhBRf7C,634070
G6zJNLBqTJDLhPgDqpT6w,551719
G78pTWjgm7fW77FWfLpkM,453402
G78pTWjgm7fW77FWfLpkM,617947
G7CgnmK9Wt8RNgrDFRBRW,453208
G7MWPzRtWqBpdW7K8MQDd,612561
G7PgmckBqgBGmPgFbCnDP,648180
G7WBwbd7TnnMMp8R9tkMw,609491
G7WBwbd7TnnMMp8R9tkMw,614971
G7bRDqbhCJD76fH77Mfm7,225892
G7bRDqbhCJD76fH77Mfm7,270993
G7bRDqbhCJD76fH77Mfm7,525182
G7zGDHtzjtpPmn6fRLCJr,453302
G8bkfPWkjKCjR6qWKBLFF,518295
G8kKjJCFCz6GMTWhQkdzT,609232
G8kKjJCFCz6GMTWhQkdzT,618306
G8kbQ7Q6wgqdrcQgLGQpP,237993
G8kbQ7Q6wgqdrcQgLGQpP,238466
G9PPQckWnzpDTBpWnt9M8,517840
G9PPQckWnzpDTBpWnt9M8,543028
G9WT8dKmmQFdP7jmtqwqC,453170
G9WT8dKmmQFdP7jmtqwqC,517509
G9WT8dKmmQFdP7jmtqwqC,552013
G9cDhnLB8kWQRgkFcpM8T,275672
G9mhTdpGKD9kzDnBtgdkP,577784
GBDFTmjdTmgRCdHngGWNR,261359
GBDFTmjdTmgRCdHngGWNR,497987
GBLfqjhh9PnPJFJPThWWn,676429
GCBnJqcCCpBHQwzBgdNbh,453411
GCLfdWzwcpjWpnQcQJQFq,612645
GCMJTNF9q7MkjqWGc6zQd,676308
GCQjzHBLkpLKfW89ckp7q,273173
GCQjzHBLkpLKfW89ckp7q,500712
GCQjzHBLkpLKfW89ckp7q,533454
GCQjzHBLkpLKfW89ckp7q,537258
GCRQMpBtqBHWrk68GqnGP,224947
GCRQMpBtqBHWrk68GqnGP,225515
GCRQMpBtqBHWrk68GqnGP,225946
GCRQMpBtqBHWrk68GqnGP,270916
GCRQMpBtqBHWrk68GqnGP,517463
GCTpfzJrrJnnNjMFhHRHF,248412
GCTpfzJrrJnnNjMFhHRHF,257645
GCTpfzJrrJnnNjMFhHRHF,262468
GCWFNNQtKW9JFqJjqtCjP,533603
GCrJthLPkqzBMpRFmnFFK,653291
GDbCgdDrFKCWWthrgD6h6,543930
GDbCgdDrFKCWWthrgD6h6,551491
GDbCgdDrFKCWWthrgD6h6,580648
GFFhw8QtwPpDJWNqJdwCb,237966
GFFhw8QtwPpDJWNqJdwCb,238432
GFMCKpFRhPcGpD9NzhpGm,652750
GFNmBDr67mL9cbfjDdGf9,653295
GFNmknDkQm8tdbNCcWGR9,646283
GFRQBDGRhL9DMtwzKq7CL,225740
GFRQBDGRhL9DMtwzKq7CL,271082
GFRQBDGRhL9DMtwzKq7CL,676687
GFc7t8wNTwC8rCFwrqTfh,250016
GFc7t8wNTwC8rCFwrqTfh,257322
GFc7t8wNTwC8rCFwrqTfh,262492
GFc7t8wNTwC8rCFwrqTfh,677682
GGDBMFMgCgn9wmWG6jMkq,502776
GGDBMFMgCgn9wmWG6jMkq,514109
GGH7Jb9gBH68rFcMCWWcd,502901
GGH7Jb9gBH68rFcMCWWcd,518465
GGLrgHcQbNtpBQDwjLzJm,646461
GH9kGJN7nDbcD9GRbwPNH,225046
GH9kGJN7nDbcD9GRbwPNH,225348
GH9kGJN7nDbcD9GRbwPNH,271289
GH9kGJN7nDbcD9GRbwPNH,273180
GHG6KkBzPkHDnMf7hL7K7,250016
GHG6KkBzPkHDnMf7hL7K7,261453
GHG6KkBzPkHDnMf7hL7K7,262485
GHG6KkBzPkHDnMf7hL7K7,262529
GHG6KkBzPkHDnMf7hL7K7,275838
GHG6KkBzPkHDnMf7hL7K7,278925
GHJbjDGDGhF7B8bLFHrz6,653991
GHJwMBntf9h6wFk7Dfk7j,551518
GHJwMBntf9h6wFk7Dfk7j,555756
GHbp8dhJWHFLQdgCqHmjr,237704
GHbp8dhJWHFLQdgCqHmjr,538472
GHfNcPpwFnQttfmWMDq86,612689
GJBb8BW9zTQ8CkGbzFqmN,225158
GJBb8BW9zTQ8CkGbzFqmN,225505
GJBb8BW9zTQ8CkGbzFqmN,271119
GJBb8BW9zTQ8CkGbzFqmN,708885
GJbRTN6kqNnDtGWzTkdPT,557933
GJbRTN6kqNnDtGWzTkdPT,648473
GJdjP8QBqTFjbpwD7fKkf,225919
GJzhGm6bb6gW8nMBgQRbz,546702
GJzhGm6bb6gW8nMBgQRbz,551495
GJzhGm6bb6gW8nMBgQRbz,554171
GK6TKkztnwHHwqKPrGR9k,517647
GK6TKkztnwHHwqKPrGR9k,518470
GKWhbqnhnR6ztt9gCzmLw,488374
GKfLHFwG6TzTggQRmt9Nr,653380
GKhGdJJjhHfK7N6jFkQBC,226051
GKhGdJJjhHfK7N6jFkQBC,533614
GKqLgtJWc9bCkMBHtBTLF,550314
GKqLgtJWc9bCkMBHtBTLF,551573
GLqfqt8qLhgfwrM6rWckN,646282
GNG6HwgpGmmGwf6nCftpt,551700
GNKLdtBGNh9BrPr9dTm69,270485
GNLcn7HJG7MfhgGMQDPJ7,248519
GNLcn7HJG7MfhgGMQDPJ7,262537
GNPNfqF7phg8dcbCBRjtC,502594
GPRfKmdq6LnRwNQCG8jnR,647330
GQCmNFkh9NCHrf7FNDrg9,612665
GQCmNFkh9NCHrf7FNDrg9,618019
GQDtpfrtDcDkPDFPwjRmf,676302
GQDtpfrtDcDkPDFPwjRmf,677618
GQJqWJwPz8BBnQRjb8ntF,274500
GQkkQFm9FHbRhCkTJm7Gj,694942
GQzfCQbchkDFn7crcnkrg,488362
GRCCwphQgjDcMCzwtWffK,676411
GRJN6ctjz9wPmFn9K7WHn,274390
GRJN6ctjz9wPmFn9K7WHn,276831
GRJN6ctjz9wPmFn9K7WHn,286937
GRqLrz7CNrwQB8RKfqKnM,517738
GRqLrz7CNrwQB8RKfqKnM,518478
GT7Q9m6w7NMRKBGw8g6pf,248383
GT7Q9m6w7NMRKBGw8g6pf,251176
GT7Q9m6w7NMRKBGw8g6pf,262514
GTLKqwK6pfzjdmCgRgd9W,226065
GTNPMFWmcDcDdcJP7WhNd,551702
GTNzDNDpq96bffrF66DPG,633244
GTNzDNDpq96bffrF66DPG,633720
GTWTq8HRqQM9nCCqQcTPD,518308
GTj8JGDq7LfKj8HjpNhmn,551936
GWJzpmmcLCPm6bbfM8zR9,225680
GWJzpmmcLCPm6bbfM8zR9,271187
GWJzpmmcLCPm6bbfM8zR9,489281
GWJzpmmcLCPm6bbfM8zR9,676556
GWf9TFdgmh8qT7JmWNG8c,248376
GWfQC8Lqd9Jz8dnkNdrwt,225738
GWfQC8Lqd9Jz8dnkNdrwt,271077
GWfQC8Lqd9Jz8dnkNdrwt,565668
Gb8JgWdw6LbKBHhMkBw9D,708478
GbCfBtMKHCHWhffJQhfnC,676390
GbLCWhpPJL9Fdh8zk6RMW,225058
GbLCWhpPJL9Fdh8zk6RMW,225368
GcD9dDfgTK8tmn7H8ccTk,502836
Gfzj9pdzzFB6GtfQLr8kK,488370
GgDFFHhLh8Kc7tJK8nBLj,225017
GgDFFHhLh8Kc7tJK8nBLj,270943
GgDFFHhLh8Kc7tJK8nBLj,273172
GgH7CLN7mwL6HtRcjBjqR,611163
GgH7CLN7mwL6HtRcjBjqR,617988
GgRFLW8zdKbNJtgfFTFkp,551641
GgRFLW8zdKbNJtgfFTFkp,618754
GgpnHWbh8m96MdHdCRmnW,248503
GhBpCcmh8kBf9gKNDPz68,565641
GhDWNg68bbPjPMPcGfK7Q,261397
GhWWCbCPqB9FCRQP6zzpm,708970
GjBLFNBbqRDNHcgKcFnnP,656465
GjBwbt7gjn8pNKHWMTmGm,453343
GjDhhCcNjbQcc7Tt9rJkC,612627
GjDhhCcNjbQcc7Tt9rJkC,617927
GkJfHHnhbDNWnfwGNTznm,237959
GkJfHHnhbDNWnfwGNTznm,238447
GkJfHHnhbDNWnfwGNTznm,238490
GkMGqFmbbrpwRCGHJknjt,517652
GkMGqFmbbrpwRCGHJknjt,518471
GkqChmpPNNJKWdGDTnFnk,237990
GkqChmpPNNJKWdGDTnFnk,238489
GmNDLPfF8MFkTqkrbhLnp,676472
GmwDh7pgHwFkGnTTKCL9W,695170
Gn89Bw77qcNMHW6fTCRTj,664622
Gn89Bw77qcNMHW6fTCRTj,664623
GnDRMjpN6tGrNfBzcB89N,676379
Gntgf7CggCQKtzDBJLWLm,225987
GpCFNqmnBGdcrgqPHQMGC,609168
GpCFNqmnBGdcrgqPHQMGC,624996
GpH8Grr9GpG8qD7PPm9Lt,565681
GpH8Grr9GpG8qD7PPm9Lt,577281
GpH8Grr9GpG8qD7PPm9Lt,676688
GpQBzCwwRFCKjWNq8Hgtj,533044
GpQBzCwwRFCKjWNq8Hgtj,537192
GpQBzCwwRFCKjWNq8Hgtj,537281
GpQBzCwwRFCKjWNq8Hgtj,537311
GpQBzCwwRFCKjWNq8Hgtj,537341
GpWJp9RKt7nrzt6dCMnbH,237706
GpWJp9RKt7nrzt6dCMnbH,264819
GpWJp9RKt7nrzt6dCMnbH,502748
GpmN8jcWjbH7fMHd7hWjJ,502936
GpmN8jcWjbH7fMHd7hWjJ,502937
Gq8F9nHbQ6N8rrPzdhJzn,453180
Gq8RtNNrR7hz6QB9gj7CG,237699
Gq8RtNNrR7hz6QB9gj7CG,256168
GqCNMQPtbqzPLdDPpgMMf,654061
GqNTpPW79fHNzj7kB8Kkb,225152
GqNTpPW79fHNzj7kB8Kkb,225783
GqNTpPW79fHNzj7kB8Kkb,271041
GqNTpPW79fHNzj7kB8Kkb,488445
GqNTpPW79fHNzj7kB8Kkb,489212
GqcFmmwLcNfhh7pztGLgt,518251
GqcFmmwLcNfhh7pztGLgt,634087
GqcFmmwLcNfhh7pztGLgt,676709
GrB8WmQjkqnGJhDBwKQtn,225110
GrB8WmQjkqnGJhDBwKQtn,225504
GrB8WmQjkqnGJhDBwKQtn,270956
GrRfK6zQrd8DHzTHFhFfh,248530
GrRfK6zQrd8DHzTHFhFfh,275534
GrRfK6zQrd8DHzTHFhFfh,648069
GtL9zmpkGKMqgBcFfCQgN,533049
GtRc9H8qfcRhrkpqCmhrt,237821
GtRc9H8qfcRhrkpqCmhrt,238407
GtRc9H8qfcRhrkpqCmhrt,238523
GtdbFwh9DGwF76LrNhJrn,488399
GtdbFwh9DGwF76LrNhJrn,488402
Gtz9rhLqmgQNLCBWWrhn6,533456
GwJdwRwJFbjNNWLzCqr6M,248505
GwMRRqcL8rDHFRDTfqWzt,536768
GwMRRqcL8rDHFRDTfqWzt,536816
GwMRRqcL8rDHFRDTfqWzt,537307
GwNppkqrrrfrMgRWhT9rr,237848
GwqcBWBWfNQkW8tzBhfLc,237882
GwqcBWBWfNQkW8tzBhfLc,251173
GzCQMQGTHq66mwH7GbpQL,633355
GzDfCdCfWPNTfP6KkN6pJ,261350
GzTpzLGB99zRcW9w7tKd8,274338
GzTpzLGB99zRcW9w7tKd8,276833
GzTpzLGB99zRcW9w7tKd8,676660
GzWDLbC8WgKLHkgBnQ8mc,645199
H6HqHg669zTz9nb6qGdcg,488536
H6HqHg669zTz9nb6qGdcg,577778
H6HqHg669zTz9nb6qGdcg,695277
H6KCbhR6jqrLJnhjM8GPN,453281
H6WLbh6cgMkhmdqLhQWrJ,551715
H6nDPCh7gTgWLfzGdhHB7,624371
H6nDPCh7gTgWLfzGdhHB7,638043
H6nDPCh7gTgWLfzGdhHB7,653427
H6nGNM7gbPMNpKgnCcgkJ,577754
H7PmnpTDN7WpBw7gtwCdq,695144
H7QCrFP9rhjmdMzPqzkMm,577721
H7QLKkw7fPCLfntKj86qp,653211
H7rF9J86RzTp6dbPjmMRm,502813
H7rF9J86RzTp6dbPjmMRm,509206
H87pKGPFG9qBRFBnR8MTL,237877
H99k8wdCTRgwmHP7ftWt7,552034
H9JwchwDzHrRr8Ldkwwtw,611166
H9hHm8NHT7B6LMrLJ8wbW,225618
H9hHm8NHT7B6LMrLJ8wbW,271302
H9hHm8NHT7B6LMrLJ8wbW,517492
H9hHm8NHT7B6LMrLJ8wbW,676840
H9jP9mrrKwWtGdbnq99dd,502850
H9kPHngR9Dh6j8QbmDkBL,248559
HBMfgJPgbmbWzJrRtJCjk,274732
HBMfgJPgbmbWzJrRtJCjk,274733
HBdG9Cpqgz6nj6D66tJHR,502852
HBpzWTwf7hkB8JC8FgNRG,677631
HCGkgWcrLLkmHFBRbhpdM,248416
HCGkgWcrLLkmHFBRbhpdM,565659
HCGkgWcrLLkmHFBRbhpdM,577193
HCGkgWcrLLkmHFBRbhpdM,695228
HCKWqMfzpnwHL9rrPfKrF,502868
HCR9pfkgzwfMgnwHdt8TP,518285
HCnqWbLnRrbdwP7RcqFrp,708957
HCqwPDFhtdFfGwhFpwW98,237772
HDD8FDbbhgKFmpHBGCL9c,677667
HDJFD6zmgqHN9jfNNMDCD,611154
HDKn8nJQDRBKdgdTcjqh9,237836
HDKn8nJQDRBKdgdTcjqh9,275416
HDKn8nJQDRBKdgdTcjqh9,648067
HDPdWgLqnPCTqDDMKFfM9,225081
HDPdWgLqnPCTqDDMKFfM9,647378
HDfh7R89gWDg8wLLkGz6q,261383
HDkhnPHFCdnwmfMDrmHPN,695245
HDmnNfBFfmgphJMhDCt7T,225654
HDnfHcMqHHBkwtWpgbMPF,453369
HDnfHcMqHHBkwtWpgbMPF,518352
HDnfHcMqHHBkwtWpgbMPF,676728
HF9r7w6kkD9C7Qddqn8kR,641672
HF9r7w6kkD9C7Qddqn8kR,657465
HFHTwwNzfP98TwzjLdFjK,248507
HFHTwwNzfP98TwzjLdFjK,255975
HFHTwwNzfP98TwzjLdFjK,262545
HFHTwwNzfP98TwzjLdFjK,561923
HFHk96nMLCb7djccbnWpR,225060
HFHk96nMLCb7djccbnWpR,271297
HFjQwD77fkMjBDhRKDRk9,676288
HFnfqgNGj6JdDwMjDC7KQ,226085
HFnfqgNGj6JdDwMjDC7KQ,271168
HFtJKqJgR6tQqRNF99gmq,533521
HFtcFTzQwfjNwk89mLRjD,551664
HFtcFTzQwfjNwk89mLRjD,555751
HFwjczQFRKCgTFHdbjdzW,270491
HGKWRtMqN8D6rtGHkb7RB,664618
HGLJL8mtz7JNN9djNW68Q,237780
HGNCdBCQmdRqQGggmrLjg,225130
HGhtMHhF6dqdNccmNK7w8,225628
HGhtMHhF6dqdNccmNK7w8,271084
HHKcFqDJTmCB6bwFzjdcF,487183
HHKcFqDJTmCB6bwFzjdcF,489249
HHLWJzrFMfcnpmN8J6MrC,695173
HHr8zpKf7prKQkmG9L66B,612714
HHr8zpKf7prKQkmG9L66B,629651
HHr8zpKf7prKQkmG9L66B,676605
HHr8zpKf7prKQkmG9L66B,676827
HHr8zpKf7prKQkmG9L66B,690460
HJ9JjdmGt7JdNcJ7MT68w,675365
HJ9JjdmGt7JdNcJ7MT68w,696804
HK8KdHmNDkgcFgTPcdKbD,612666
HK9PTNh6JKQcNK7cqg6Dq,518306
HKqcfqWBCP9T6CHdQRCtn,654042
HKqcfqWBCP9T6CHdQRCtn,655923
HL7qqDC6G6pCMKFFRrNLg,238461
HL7qqDC6G6pCMKFFRrNLg,453328
HLtnkmwmnMJtcPPggGHbF,237742
HLtnkmwmnMJtcPPggGHbF,557947
HMFLP9L76wCJBGGhBKChT,261363
HMMRL8LDTCdzFRpzgTCkz,549697
HMMRL8LDTCdzFRpzgTCkz,551553
HMktjwMDWRjcFTC8gMHGL,261351
HMqtjHBBrQMRpRGjkcPpD,694917
HNFBzNgGjf6JnH9h6PKFJ,631976
HNFBzNgGjf6JnH9h6PKFJ,631977
HNFBzNgGjf6JnH9h6PKFJ,634064
HNGR7BRBnbGMpLd69QG68,502785
HNQqczGWgqmCzqGqnWkwk,453164
HNQqczGWgqmCzqGqnWkwk,517475
HNQqczGWgqmCzqGqnWkwk,551574
HNT9PzL7tQJdKdKP8fNRz,533554
HNT9PzL7tQJdKdKP8fNRz,537229
HP8HBbKwHCRChp7n7MgDB,261389
HP8HBbKwHCRChp7n7MgDB,261394
HPN7nhMQcqfdzzkQh6TjB,677656
HQ9WdqFdnqqgjqHPb8ppH,248384
HQGTg8btKJgCCrhmBGrDN,533546
HQGTg8btKJgCCrhmBGrDN,676723
HQPwgkmgJzK6ncfgQ7QBC,224951
HQPwgkmgJzK6ncfgQ7QBC,225969
HQPwgkmgJzK6ncfgQ7QBC,271078
HQPwgkmgJzK6ncfgQ7QBC,517494
HQkFFfDPwngtdD6LwK7gC,248545
HQpCLnmftkcKMJrjjczGK,617599
HRKwRGWdmgQrf7BGPnzK7,690444
HRKwRGWdmgQrf7BGPnzK7,710569
HRTFfPJmFpCdgpmFPtrMp,653232
HRTwtGRhPJkpHT8fN9DGp,517125
HRtHpngjPbHNKCFMbJw7m,606727
HRtHpngjPbHNKCFMbJw7m,616125
HRtHpngjPbHNKCFMbJw7m,618311
HRtHpngjPbHNKCFMbJw7m,645200
HT8r8mg8rHmbWJthCFHfH,225947
HT8r8mg8rHmbWJthCFHfH,237794
HT8r8mg8rHmbWJthCFHfH,270912
HT8r8mg8rHmbWJthCFHfH,489175
HT8r8mg8rHmbWJthCFHfH,501741
HT8r8mg8rHmbWJthCFHfH,677671
HTF6WHdnfmgHD7pBFhMQL,662248
HTcdhdgt7bhtPBc6NQR7D,237916
HThKrgNFqzhQhcQ8mMpMR,453306
HWDPBPpKBd7kdJdHpbw9t,676366
HWLzjqBjW6KJQ8gJNbRwJ,634057
HWLzjqBjW6KJQ8gJNbRwJ,636245
HWLzjqBjW6KJQ8gJNbRwJ,638047
HWwCcqHRHkB69mfHDdJfk,684315
HWwCcqHRHkB69mfHDdJfk,684316
Hb6ThkhpGRD9K9J6hBLDM,248348
Hbpw6FWPgCtwPKCnW8jMQ,612610
HbzHpFQDj9pBBtDbNKqwC,565577
HbzHpFQDj9pBBtDbNKqwC,577211
HcFDpBjqzK8KBzjF6Tbnp,563801
HcFDpBjqzK8KBzjF6Tbnp,584706
HcTHkbNfWbQNCbNdmnhBB,695238
HckWC8fcRWrtzDGbzkNBJ,518382
HckWC8fcRWrtzDGbzkNBJ,676795
HfC6DCG8tfLwCTmzrwfzt,676277
HfNNH6tjw9PgJ8KHpkpBL,248448
HfTqKQj6gGzCwwdFhdLQL,695213
Hfwh8FM6w6kLD76KtdhKK,612710
HgLNTDb7kMk7MdJrTjn8T,488424
HhFFJJRzq78LdNWPJP88t,536714
HhFFJJRzq78LdNWPJP88t,536804
HhFFJJRzq78LdNWPJP88t,537219
HhFFJJRzq78LdNWPJP88t,664859
HhJtCMW6nLMfzGJLn7g8m,533541
HhTPF8HGRqhFbTT8HnBBh,225975
HhTPF8HGRqhFbTT8HnBBh,271091
HhTPF8HGRqhFbTT8HnBBh,555063
HhTPF8HGRqhFbTT8HnBBh,580620
HhTPF8HGRqhFbTT8HnBBh,617820
HhfPFLHfgBhNMMnMqNRf9,225051
HhfPFLHfgBhNMMnMqNRf9,238379
HhfPFLHfgBhNMMnMqNRf9,271295
HjFKhRGTDGJDk8NGmdFjB,517471
HjFKhRGTDGJDk8NGmdFjB,676650
HjFbJmPHHbLwqfnbPfFML,274407
HjFbJmPHHbLwqfnbPfFML,275719
HjFbJmPHHbLwqfnbPfFML,276834
HjFbJmPHHbLwqfnbPfFML,676658
HjWHLmGhtLQTKjzGRRrdF,648177
HjbGtQFJWLJ6C7ChzRBhf,646465
HjbGtQFJWLJ6C7ChzRBhf,676742
HjgMJg6DrhJqR6fMnp6fc,502795
HkDzFgnhCBGn6K9w7RWtC,248522
HkLqBHQMJDcpJrMh7zhFm,533575
HkLqBHQMJDcpJrMh7zhFm,537346
HkNT7zKrjgzBDp6Mq76Nm,261526
HkTf6CPMRKgDkntFLngDg,275643
Hkdtj7NWwgjL9znCjwM9M,502804
Hkdtj7NWwgjL9znCjwM9M,517123
HmBDfkp8QpWhqNjHfwpPT,275680
HmPP97LtzDb7fPrHPFdLk,453223
HmPP97LtzDb7fPrHPFdLk,478374
HmQ8dbfPL8BLMkJDGGGm8,565554
HmQ8dbfPL8BLMkJDGGGm8,577203
HmQ8dbfPL8BLMkJDGGGm8,584697
HnMKfF8fQMj9KJfhGBkdG,565400
HnMKfF8fQMj9KJfhGBkdG,584719
HnWJDF9KtC8DgPRLtC9z9,677621
Hnc99LmRWtdBFGgrdMNnr,653938
HnrThKwGrgQMmz69wNbBP,647340
HnrThKwGrgQMmz69wNbBP,647440
Hnw87jtbJwdMWMNf8NgPk,565684
Hnw87jtbJwdMWMNf8NgPk,577252
Hp8cr9fLGCnpNCfrgKFJN,633212
Hp8cr9fLGCnpNCfrgKFJN,633615
HpFndzDqQGcQWpzcKjJLc,647405
HpMt88NkhFBNw7fpC6tkN,453410
HpMt88NkhFBNw7fpC6tkN,454852
HpWqFJW8ftTDdzCLK9RkD,453352
HpWqFJW8ftTDdzCLK9RkD,488541
HpWqFJW8ftTDdzCLK9RkD,489262
HpWqFJW8ftTDdzCLK9RkD,489990
HpWqFJW8ftTDdzCLK9RkD,567112
HpWqFJW8ftTDdzCLK9RkD,577257
HpWqFJW8ftTDdzCLK9RkD,695279
HpcmJjndDjCmChMWWDnnc,225862
HpcmJjndDjCmChMWWDnnc,271267
Hpdjj6RbkDfKMmNqQmwTR,237936
Hpdjj6RbkDfKMmNqQmwTR,252656
Hpdjj6RbkDfKMmNqQmwTR,549260
Hpdjj6RbkDfKMmNqQmwTR,676786
Hpq8jQm9H97HbfhBKgctd,225153
Hpq8jQm9H97HbfhBKgctd,225784
Hpq8jQm9H97HbfhBKgctd,271043
Hpq8jQm9H97HbfhBKgctd,488446
Hpq8jQm9H97HbfhBKgctd,489224
HqbJGrbMPHJQWPhN8kcFd,632071
HqbJGrbMPHJQWPhN8kcFd,632072
HqbJGrbMPHJQWPhN8kcFd,636258
HqttnTjTP6NRFhLcmPN89,261433
HrKnbRbWgpztmkCN6DJfR,533583
HrWqnWfcFNdKB7TLnBLtC,226042
HrWqnWfcFNdKB7TLnBLtC,270957
HrWqnWfcFNdKB7TLnBLtC,648070
HrWqnWfcFNdKB7TLnBLtC,676792
Hrt698DhrRNhNtJ8qFN8w,517810
Hrt698DhrRNhNtJ8qFN8w,517812
Ht8qhJWDMHjjMjzqgf6KG,564555
Ht8qhJWDMHjjMjzqgf6KG,565389
Ht8qhJWDMHjjMjzqgf6KG,577202
HtPKB7kWnFRGtqN6RjdRW,502910
HtQhWhjqqqtPNWbzNPjPf,226045
HtQhWhjqqqtPNWbzNPjPf,271001
Hz9KzqHfR7PqfWBqphBz9,653996
HzC8krcLnWNQLrDdHGgCr,261476
HzqwtHgqqtMcCLcCGnQP9,502934
J6bjpTRPwRCmLTMcWTPWH,453404
J6bjpTRPwRCmLTMcWTPWH,453406
J6mDdKqWNHBGLWFW9PQqf,653968
J6wkdw6GbBPtzKqHrWbhC,261352
J7J6PfqbMCBzQDKtrMfCD,274491
J7dDWtnbmLChrkKWfHM6p,248467
J7dDWtnbmLChrkKWfHM6p,262522
J8LhcKQG9z8mnTm6bMnFp,633693
J8LhcKQG9z8mnTm6bMnFp,711434
J8WjCNLBmFtppjBfWqjtW,533534
J8WjCNLBmFtppjBfWqjtW,537351
J9FcLDpkPpWNwfDgBqhm9,577780
J9LLjWpb6hwCtGPgdrg9h,225281
JBC8TcFBdKmzKCRtJngJT,653966
JBFH9nKhtQJdWd9DrKkHz,549684
JBFH9nKhtQJdWd9DrKkHz,551586
JBFH9nKhtQJdWd9DrKkHz,555726
JBKPrLhtDj77ttccNgnqD,225851
JBKPrLhtDj77ttccNgnqD,271242
JBQPqNK9TGWNHD9NKmKTh,609234
JBQPqNK9TGWNHD9NKmKTh,617905
JBQPqNK9TGWNHD9NKmKTh,618303
JBkC6qp77CfhzhkphHMPC,261466
JC99fDzqfnbBCGkMCRhtw,577787
JCRhKzfTd6pJCpdrwL8rt,676260
JCcpbgdrTMnnLdhGJcDGD,647404
JCprRtPfKncrRpBJDBJDF,226046
JCprRtPfKncrRpBJDBJDF,276866
JCpttFGTtgBH7BKwJ6T7r,517848
JDBd7rjPKpDDWWHQFRLND,453233
JFDFLn6NdmhgRFdTDg9Nz,647371
JFKn8JgrMchwh6D6dCQNw,533606
JFKn8JgrMchwh6D6dCQNw,537227
JGKT7tnrTWkdRwpDwdGfd,682876
JGKT7tnrTWkdRwpDwdGfd,701609
JGTWPHkq97qTw6qtMgNHN,502715
JH89Ctbgtj6bFhjNKr9BL,551938
JH8mLKJQjfKTt9Nb7Whf6,664617
JH8mLKJQjfKTt9Nb7Whf6,676761
JH8zBb9R8WgDTGFmjNrRp,694945
JHGDt9dft6zcwHdWrqKqC,708190
JHNhMDgMfMRWKQzwnQN88,225882
JHNhMDgMfMRWKQzwnQN88,238420
JHNhMDgMfMRWKQzwnQN88,271272
JHNhMDgMfMRWKQzwnQN88,676831
JHRhwNCKG97trbQLfhg9j,226015
JJcft9d6mrcTCbwbkQTcB,453331
JJpJbMqqCTKTJGnLfqnd6,248481
JJqgR7zTPJmjWNtnFdQ88,533034
JJqgR7zTPJmjWNtnFdQ88,537191
JJqgR7zTPJmjWNtnFdQ88,542194
JJqgR7zTPJmjWNtnFdQ88,542293
JJqgR7zTPJmjWNtnFdQ88,662255
JKCBqK97kJwmfLrTjK9Qw,453385
JKPFKKFqnLtmctLkwNCmc,551473
JKPFKKFqnLtmctLkwNCmc,553538
JKPFKKFqnLtmctLkwNCmc,676607
JKhQ7hPQnhbqnwpfcBzQh,453349
JKqPrBhgGqjjWjnwBPpJN,633257
JKqPrBhgGqjjWjnwBPpJN,634076
JKqPrBhgGqjjWjnwBPpJN,676552
JMb6zBb6gJ78bJnfCG8wp,694928
JMgPdnR9tCMwwHnMbFDkk,502788
JMzGFRDF8qTWJCLPRfQgH,676491
JMzGFRDF8qTWJCLPRfQgH,704964
JNKHkb76PCwjdkBQRWJGP,676484
JNbQCWttkJgrknfkpKF8p,502887
JNchKhPQf6PpwzgqNQQM9,275699
JNzb6WdcHpPngWH9Gpccf,708947
JNzb6WdcHpPngWH9Gpccf,709351
JPwjprFjTWqcQJdcJLqmJ,676381
JQqp6Ctw7QMLRDMgTnW6g,274394
JQqp6Ctw7QMLRDMgTnW6g,274395
JQtbmKdrD67q9w6pr8rFD,695295
JR8LzTchKj8QmqkCN7GHw,518532
JR8LzTchKj8QmqkCN7GHw,521664
JR9JmbdnQ8mTLfjMHf9n8,502726
JR9JmbdnQ8mTLfjMHf9n8,502728
JRFMjNBpz9H6tmgGWHkrD,237721
JRFMjNBpz9H6tmgGWHkrD,238512
JRFMjNBpz9H6tmgGWHkrD,502759
JRFMjNBpz9H6tmgGWHkrD,514106
JRHmPKJqfrMgNgJj6ngBt,693425
JRNzhJqgLDf7Nr87B9KBT,676296
JRcHqqHkwdJML7wfMRhM7,676254
JRcHqqHkwdJML7wfMRhM7,676785
JRmqMNgWfmdffrT8WKrLf,692517
JTNgbmMDfnz69RKFpjrrR,225889
JTNgbmMDfnz69RKFpjrrR,270931
JTNgbmMDfnz69RKFpjrrR,275543
JTNgbmMDfnz69RKFpjrrR,676544
JTc7kdrn9kHtq7LdJ8pQW,248483
JTrNBd8TcnPmB6KdDmjRN,561279
JTrNBd8TcnPmB6KdDmjRN,587943
JW7fjRH9gMGGLdgQRjNGk,528089
JW7fjRH9gMGGLdgQRjNGk,537812
JWGCCknwHPjTKzpwpnBcJ,275656
JWGCCknwHPjTKzpwpnBcJ,276846
JWGCCknwHPjTKzpwpnBcJ,612588
JWGCCknwHPjTKzpwpnBcJ,618022
JWGCCknwHPjTKzpwpnBcJ,676664
JWhM8H7f8tLhnHtgtGkMn,653930
Jb6MjpJPRLbM99RJC8qKR,488420
Jb6MjpJPRLbM99RJC8qKR,489272
Jb6MjpJPRLbM99RJC8qKR,676532
Jb7Ht9qpJRjRRwQMjJBKH,237722
Jb7Ht9qpJRjRRwQMjJBKH,502761
Jb7Ht9qpJRjRRwQMjJBKH,514107
JbCKcTKNzdcWKMfQwbrdr,225653
JbKPW9kCnmkqTqpBMCMWW,488375
JbKQF8GNNBgDNQzBwkM6J,654026
JbPPdLhqj6mFbd8RmP8Kq,676261
JbQPwq8DkLpDdjHCP9www,561915
JbQPwq8DkLpDdjHCP9www,605067
JbTJprLM9CcMPHwFgL888,225170
JbTJprLM9CcMPHwFgL888,271166
JbTJprLM9CcMPHwFgL888,708909
JbTqngDd8rPbwpJtWc6cf,237942
JbgBc7fQLWMjtWQDhnwkm,551694
JbgBc7fQLWMjtWQDhnwkm,676535
JbhrgT86TGzH9rWPpzHBc,453308
JbhrgT86TGzH9rWPpzHBc,483624
JbhrgT86TGzH9rWPpzHBc,489278
JbrwN8cw6hzWNFg9cMrFH,261374
JbrwN8cw6hzWNFg9cMrFH,261375
JcKjfFNMNnBQDB8NWhm9C,518271
JcNQkPLDwjpL7CWJQTGj8,549685
JcNQkPLDwjpL7CWJQTGj8,551560
JcNQkPLDwjpL7CWJQTGj8,676620
JcNpbqjGjLkFtBNjmtDfD,517405
JccrcTgJrBnTWHqk6GnTP,676353
JckmT8QFTgHWrGCBPNWKh,488441
JckmT8QFTgHWrGCBPNWKh,637489
JckmT8QFTgHWrGCBPNWKh,678581
Jcr8qghhWR9GPwR9GzDJq,453314
JdCmtgpzCdnNWrD7FB7mp,502816
JdNthFgr8LrmfPffWTmGd,248468
JdNthFgr8LrmfPffWTmGd,262483
JdNthFgr8LrmfPffWTmGd,647412
JdRbp7cnCzB8PLFTQ8rLM,226047
JdRffqrPCN9BQRd8gq9BW,653405
JdRffqrPCN9BQRd8gq9BW,653406
JdkJpKTbhNmzgKkBWffjk,676339
Jdmqz8NgGbBJp88BN8TwK,453252
Jdn7kNmFnCNPDRjp7mg9m,653235
JdpQPQQbBNbHqQNhrBNnw,653964
JdprkqCqwCrFdPdr9Hgc6,502884
JdtnzDTQFLMPkFhmpz6BK,708938
JfBCWJdFBcrnhdkjRj6tz,237873
JfGgTRqtGKdzpcQKTrFRf,248533
JfJ7hNnCDL9GDCwfrWBBc,248361
JfdLrjqqCPgLQkrhtFqcz,633336
JfndQHGQ9CTQ8FPcFC6RH,453378
JfqmwhFzQNjrQB8qTGHpN,561893
JfqmwhFzQNjrQB8qTGHpN,563812
JfqmwhFzQNjrQB8qTGHpN,577182
JfqmwhFzQNjrQB8qTGHpN,577238
JfqmwhFzQNjrQB8qTGHpN,604833
Jft78nTNLMwm6KCjzwP8Q,488380
JgFBnrrK6K8qTw8nk9jK9,676293
JgH7RNTPbJkM6Bqc7HJgT,676322
JgNNMtHdhBt6qJFPd8NDR,648185
JgbBkhwf8bRTnJCB6HLrD,225815
JgjRzjfBTL8fhNjMn7bkJ,692532
JhCTzpKz8JCrQGBLBMwnM,654027
JhJWJjwBffmkgq69rfrgC,518337
JhgRJb6nfctWkndbzrgnj,641659
JhgRJb6nfctWkndbzrgnj,653801
JhgRJb6nfctWkndbzrgnj,657481
JhtJmJPBBhtrnzgBNBngL,237745
JhtJmJPBBhtrnzgBNBngL,557952
JjHcGC99TqTf6Mz697hng,551720
JjHcGC99TqTf6Mz697hng,678569
JjKJRwQPTtgpcCcLrDRwF,633380
JjKJRwQPTtgpcCcLrDRwF,633705
JjM6fT8dmFTMdKMpRjqCJ,676304
JjcbfdJBzNznwtrHkDN98,275744
JjcbfdJBzNznwtrHkDN98,276854
JkPgFzHTpzdNfzJCwQCmt,248359
JkPgFzHTpzdNfzJCwQCmt,275537
JkQtdwTJzQ7Bw8g8wNtCh,533494
JkQtdwTJzQ7Bw8g8wNtCh,537206
JkQtdwTJzQ7Bw8g8wNtCh,537298
JkhmjLMQ9h9hfwJprNRMk,676486
JkqmHRmjDr8cm6wcdCkPj,273179
JkqmHRmjDr8cm6wcdCkPj,533458
JkqmHRmjDr8cm6wcdCkPj,537236
JkqmHRmjDr8cm6wcdCkPj,537264
JmQmLGBfp6bRfqBqchfzN,518340
JmQpWjPbn6JmmppNRDprh,225682
JmQpWjPbn6JmmppNRDprh,271193
JmTd86pJBGfrCtpNRCjdn,488376
JmTd86pJBGfrCtpNRCjdn,695260
JnLNPdCz8Fkp6KJ7TMLdj,633338
JnPKNFkPDH7gfw7hQqz7W,237767
JnQ8mtr69DWrhqmrWkJ8z,488434
JnRGGfDChkHqpkHQpr6c8,561933
JnqPMkpqMBFTQhb7RBqdJ,517865
JnzNgM8krkHCW67dfWJLP,633314
JnzNgM8krkHCW67dfWJLP,633668
JpPbKrMTptDdR7BCKqQbC,261378
JpTPzw6fB8bK6JjRpTmPC,551676
JpfWdtWNwHgHJgTNpwptT,237741
JpfWdtWNwHgHJgTNpwptT,238398
JphcWMNPh7tjPkTgKDwfR,561940
JqK88CP9ND6FCGjTGRMgj,261475
JqK88CP9ND6FCGjTGRMgj,676630
JqKMJnbpL76gbCMHj7JPt,453262
JqTFK6frf7P9WngJCg76P,248436
JrjbG9mbwQC8zQcnPRhHg,488412
JrjbG9mbwQC8zQcnPRhHg,489129
JrqgkhzCLT6cDgrhNjnKJ,533550
JrqgkhzCLT6cDgrhNjnKJ,542296
JtCMThrjDDLjGmBbCcpWc,225142
JtCMThrjDDLjGmBbCcpWc,225769
JtCMThrjDDLjGmBbCcpWc,238374
JtCMThrjDDLjGmBbCcpWc,488406
JtCMThrjDDLjGmBbCcpWc,489184
JtCMThrjDDLjGmBbCcpWc,489216
JtPhDg9PkWmHb6jpCCPjz,502725
JtPhDg9PkWmHb6jpCCPjz,512841
JthBWKRDhpngQP6FcKtRR,488511
JtmjqNPR7JcNHJGFNtWNR,454211
Jw6CQTrR7njDNnNMCfNC7,502845
Jw97fMLCLqmLbfc9CmW7R,612612
Jw97fMLCLqmLbfc9CmW7R,617920
JwCWgLd9Bn9dztK9PHKkn,237759
JwFbJDJCkQdfFGLCjQz6P,454210
JwTrbpHfNtCHmMnBmqrtb,488453
JwTrbpHfNtCHmMnBmqrtb,549265
JwTrbpHfNtCHmMnBmqrtb,676582
Jwckb9hTJd6N8jzmzf7LR,275103
JwdBp6DFwFkG9npJ78jbK,633315
JwdBp6DFwFkG9npJ78jbK,633669
JwfGnKbwmrTdnztBM89Wb,453232
JwhRzNPr9KNpMHzP8kWNG,453303
JzK7qqpTrGcddqB9HBnkM,708986
JzRH98DmhDN98PnGR8bcg,648165
JzRH98DmhDN98PnGR8bcg,666542
JzbrzpFDKnwQJfD7h8CkQ,502865
JzpDJJgqRBD7g7qjfFBkW,261441
JzpDJJgqRBD7g7qjfFBkW,273923
JzpDJJgqRBD7g7qjfFBkW,676566
K6CjrfF8bkMCL8WBhfwPc,648179
K6DhzmKQ7HwHDGrnMkMTR,248449
K6NjFFzbnPdFpFCDRLMrK,261529
K6PPGtffFCcGHLNkQbdpm,694927
K6zRWPRdP76bFfKgHw7Fd,653937
K7CMNqCLndJQdztbmmmcM,611151
K7KgTFCHdGNnqTkJfPtTG,261440
K7LtdBPqbcKqQQ9h7GL9k,502925
K7MCKJGwJDzMzgHPbrRDw,612596
K8LjGFFcwN6bTgGrm7cC6,248543
K8qRnknckRfM9fJ9fhrcm,502820
K8qRnknckRfM9fJ9fhrcm,502821
K8qbPC8KHcW77BNH9czcr,676264
K8qbPC8KHcW77BNH9czcr,676739
K9HdghRPpD7mJzfBpmBMP,676392
K9ftdbtRngmNQMLwpWh9d,561928
KB87gnCLWPPqbTzFwrCwM,237875
KB87gnCLWPPqbTzFwrCwM,238453
KBJQtrMQQWfRNdRrt8wdD,708922
KBND9JzTdFwBdtMgMq7Tj,226031
KBdJqh9KgdGzkRTbGDn7W,261427
KBtjQPPRg7PnrKGrCLKjC,676437
KC6KQzjk8FkMhwN7zMKLQ,676395
KCBB8CThnKNQBNGwmrtpn,248480
KCBB8CThnKNQBNGwmrtpn,578350
KCBQJK7dFkKt66K98gkPk,261465
KCBQJK7dFkKt66K98gkPk,268466
KCCLqQp6m8CngWnnQqNrp,694925
KCNwjRzWNtWghDNckgKpP,225641
KCNwjRzWNtWghDNckgKpP,271141
KCRhRBTqwf9mRfjmGnQL6,676496
KCkCjwwFqqmmmzMDRJbdw,676325
KCwnGqDJtnmJfth7fn8Qq,238662
KCwnGqDJtnmJfth7fn8Qq,242132
KCwnGqDJtnmJfth7fn8Qq,264275
KCwnGqDJtnmJfth7fn8Qq,502848
KDfgLjtcbGWjJTqJcgQcH,502900
KFh8LdDmdJdmn9RJc8hhJ,517355
KFh8LdDmdJdmn9RJc8hhJ,517482
KFh8LdDmdJdmn9RJc8hhJ,528298
KGBQtW9fTBCjQpqQTpHNz,517795
KGCccRcdK768czQhpzLPq,453172
KGCccRcdK768czQhpzLPq,551578
KGHgthGPrb9MNrPpNKRpP,518267
KGLtMJpW96RGNDCDf9P7T,488485
KGLtMJpW96RGNDCDf9P7T,489185
KGLtMJpW96RGNDCDf9P7T,654058
KGMH76KLtDChtw8JBqMbJ,248392
KGdgF77WDGGTdJPnfCbtm,565583
KGdgF77WDGGTdJPnfCbtm,577184
KGdgF77WDGGTdJPnfCbtm,676748
KGkThWpJmzJc6hDrhhCbH,653386
KGkThWpJmzJc6hDrhhCbH,653813
KGkThWpJmzJc6hDrhhCbH,666547
KGpj8kWJ9dRHnn7KRcbP8,502918
KGqRPDfRrnPqdj7Cm76fr,225178
KGqRPDfRrnPqdj7Cm76fr,225316
KGqRPDfRrnPqdj7Cm76fr,225523
KGqRPDfRrnPqdj7Cm76fr,238421
KGqRPDfRrnPqdj7Cm76fr,262585
KGqRPDfRrnPqdj7Cm76fr,271100
KGqRPDfRrnPqdj7Cm76fr,708999
KGqmhqzwPDDcr6MNr76gB,633276
KGqmhqzwPDDcr6MNr76gB,636248
KHDc7Tmt7fNcbRg6FDtn8,516550
KHDc7Tmt7fNcbRg6FDtn8,518431
KHDc7Tmt7fNcbRg6FDtn8,662247
KHTgDNP9hmH6BfjKr8FFn,533520
KHTgDNP9hmH6BfjKr8FFn,537325
KHcpQKMtfHB7Cbr7hdCB9,488338
KHcpQKMtfHB7Cbr7hdCB9,489165
KHpc7bwPqmLjMF977CjcR,502806
KHwWtFzhjTgbrJJrkGjFc,237847
KHwWtFzhjTgbrJJrkGjFc,238526
KJCbCnCcqwBdCcCL88Cg8,708979
KJT8g9znGjfbKW9BhHrNc,488373
KKLmtWbhTRtcffWGpz7CN,630333
KKLmtWbhTRtcffWGpz7CN,633611
KKQzqtKwzCTR9z7khM7Bp,533530
KKQzqtKwzCTR9z7khM7Bp,537330
KKRrkTpNjNQB9wmwGCCGF,453422
KKRrkTpNjNQB9wmwGCCGF,476379
KKRrkTpNjNQB9wmwGCCGF,565677
KL6rbKJcpRFhNFLwbkbbg,633275
KL6rbKJcpRFhNFLwbkbbg,636247
KLL7GmCb6Pb9bQqmbm7Nw,518430
KLrGzkPn8QfB6cqNqcN8m,601115
KLrGzkPn8QfB6cqNqcN8m,601116
KLrGzkPn8QfB6cqNqcN8m,601117
KLrGzkPn8QfB6cqNqcN8m,664537
KLrGzkPn8QfB6cqNqcN8m,664538
KLtwtTdQqjdTJNhcQHJhd,237982
KLtwtTdQqjdTJNhcQHJhd,275415
KMChcRLgKq8tLHQwffNpP,652751
KMpjC8BHFrCfjpbNQTGnP,676357
KNC7HLkhjBqq6jMLBJ6fG,225278
KP7QFDQPWfTW9DwmgBJq9,533632
KPBwhdMz8L9BFzTJ9NMtq,708961
KPMtkfh8Dd6Dt9LJjGQLw,226002
KPMtkfh8Dd6Dt9LJjGQLw,270932
KPMtkfh8Dd6Dt9LJjGQLw,676783
KPWKQmMgm7rmM7bfFw9gF,488539
KPWKQmMgm7rmM7bfFw9gF,489143
KPWKQmMgm7rmM7bfFw9gF,489173
KPWKQmMgm7rmM7bfFw9gF,489260
KPWKQmMgm7rmM7bfFw9gF,489301
KPWKQmMgm7rmM7bfFw9gF,489994
KPWKQmMgm7rmM7bfFw9gF,495531
KPWKQmMgm7rmM7bfFw9gF,565624
KPcKCKn8CpthtjNrk6fC8,502799
KPcKCKn8CpthtjNrk6fC8,512839
KPftqbndp9fTd67GqNhzM,248472
KPm87t9nFjpM9jzrM7hzp,237853
KPm87t9nFjpM9jzrM7hzp,276861
KPm87t9nFjpM9jzrM7hzp,676616
KPrJfDdHDTrz6BHRdBFMq,565572
KPrJfDdHDTrz6BHRdBFMq,577177
KPrJfDdHDTrz6BHRdBFMq,577205
KPrJfDdHDTrz6BHRdBFMq,584741
KQhHqHjdrF8cFkRhQDQWq,682874
KQhHqHjdrF8cFkRhQDQWq,701605
KQpFGWBFTN6kKBFwGCwqK,518343
KRLHmjMcJTWNdrHrHqbkt,550310
KRLHmjMcJTWNdrHrHqbkt,551496
KRLHmjMcJTWNdrHrHqbkt,553909
KRcH8Nb8PR8dfC8DTPtpJ,237724
KRcH8Nb8PR8dfC8DTPtpJ,238513
KRcH8Nb8PR8dfC8DTPtpJ,265436
KRcH8Nb8PR8dfC8DTPtpJ,502767
KRf9kpGR6rQKwWCdwJL8b,649574
KTF8r6hgr8f89Gn9PpGn6,275723
KTF8r6hgr8f89Gn9PpGn6,276855
KTHGJMmtDhhmTdbm9zcQC,224957
KTHGJMmtDhhmTdbm9zcQC,225773
KTHGJMmtDhhmTdbm9zcQC,226061
KTHGJMmtDhhmTdbm9zcQC,489200
KTHGJMmtDhhmTdbm9zcQC,489231
KTHGJMmtDhhmTdbm9zcQC,533627
KTHGJMmtDhhmTdbm9zcQC,537209
KTbwfNgmD8J97RzwqhQMD,237970
KTd7wkMzdRch6J8zqtKGR,693424
KTh89nLtmJWQcQQJPwgDW,633319
KTh89nLtmJWQcQQJPwgDW,633673
KTjmk7Th7CGNPfmL6CDnD,488422
KTjmk7Th7CGNPfmL6CDnD,512819
KTzNfrpRnQ7cfgKnwgwFt,225845
KW9mBkBhNqKJMLf6TkNpg,248538
KWNMNMjTzTQMRK7FF9J6T,225959
KWNMNMjTzTQMRK7FF9J6T,271002
KWR8NHg7qbrP9rnbfWPr7,274515
KWR8NHg7qbrP9rnbfWPr7,274517
KWTp66RpbjrmqQPg87jbm,549748
KWTp66RpbjrmqQPg87jbm,551467
KWpp9Jg6QBftjK9HKNNKW,453309
KWpp9Jg6QBftjK9HKNNKW,483625
Kb99nwFrrpTQJTpqN6kCt,695208
KbCmqdmczTM6BRmGhmnLn,693439
KbCmqdmczTM6BRmGhmnLn,693440
KbN76qW8BpGFCBchTLHGh,692533
KbcGqTJFnNLmLWMpfzPbT,633322
KbcGqTJFnNLmLWMpfzPbT,633676
KcbmbJJFzhLKRT6jDjTmP,488426
KccqWCmJhTfHpcNQJfdMQ,261311
Kcp6zfhjQtdpz8PpKfPPh,502889
KcrHDMhMgQNfzHwKnPDgt,518289
KcrNLmMjgffQ6hqBbnBrL,709333
KdMNrGqDGQ9JPMbWjrr8M,225813
KdPWDMfBd8BQp66B9chCQ,248532
KdPWDMfBd8BQp66B9chCQ,262427
KdPWDMfBd8BQp66B9chCQ,512721
KddkfBmzB78rpH6j6CfBC,633292
KddkfBmzB78rpH6j6CfBC,633642
KdtJWqCTGNwRGHbhB8dbq,653947
KdtJWqCTGNwRGHbhB8dbq,666544
KfbJQkFKdWKB66FcqCpHD,225248
KfbJQkFKdWKB66FcqCpHD,271019
KfcLhpjL6Jc6Mr8WTQMdn,453179
Kfqdk6PhqBd9tKM8T8hmN,238459
Kfqdk6PhqBd9tKM8T8hmN,238657
Kfqdk6PhqBd9tKM8T8hmN,258334
Kftw7pDQ88fzDgWpHJpWk,453215
Kftw7pDQ88fzDgWpHJpWk,457321
Kg6pf7HDqczBhNpddC6KH,261316
Kg9LDB97dGzHHMdTCd8R6,261391
Kg9LDB97dGzHHMdTCd8R6,261392
KgHPwMcntCzhc9jm8BM6d,518327
KgPDCHhKBMbLfN6c8kwBJ,633301
KgPDCHhKBMbLfN6c8kwBJ,633655
KggmMRjNjrbRHWRTLjjb9,225657
KggmMRjNjrbRHWRTLjjb9,271159
Kh8MDbwK76BTHkdjzDFTK,453163
KhTmHGFqNFKzPkBdQJDgQ,653236
KhmFwJF7JFP9W9c6C8brQ,551501
KjLnGJk9WwJKDbRtpBRKG,612690
KjQzCrccMrqpFdRPQwthr,518321
KjRNNfzGJJh68Fwk7QmWc,654047
KjdKWBHLWtqdF66zPzRwG,225659
KjdKWBHLWtqdF66zPzRwG,271162
KjdKWBHLWtqdF66zPzRwG,633261
KjfkLJHHPhbFqpqjPhHMt,518394
KjgnpjTfDBhndccFCCDHn,237803
KjgnpjTfDBhndccFCCDHn,533616
Kjjm76jCB6TCdfprGprtD,633302
Kjjm76jCB6TCdfprGprtD,633656
Kk9DrHmqTBkTjdLNQ7MN6,453217
KkWg6P8mDbHM8thqtMJqQ,237903
Kkh8t7dFfWtf7WBRJWNNJ,557936
KkjQW9nDMGL8nRqGK96GD,563814
KkrrmhNQDqWc7WWKMTTNz,274490
Kkz6gDKJRbrTNTpRKggRq,225303
Kkz6gDKJRbrTNTpRKggRq,271218
Kkz6gDKJRbrTNTpRKggRq,618267
Kkz6gDKJRbrTNTpRKggRq,676618
KmMWLT6fF88QdfKTJ9GFf,528302
KmwdjTRNdP6LTTrwm8NN8,549735
KmwdjTRNdP6LTTrwm8NN8,551533
KmwdjTRNdP6LTTrwm8NN8,676517
Kn7f7Dn6KnfF7JW8TMnLz,612624
Kn7f7Dn6KnfF7JW8TMnLz,617926
KnJTJP7KPKfpNC7FNLJB8,533547
KnJTJP7KPKfpNC7FNLJB8,537296
KnwNm8LC9DNpT8wMzDnFn,648166
KpDFLFJMK7zK8PC7gr6nJ,237935
KpDFLFJMK7zK8PC7gr6nJ,252657
KpmrMGn8pRtQnBbdCznbf,275712
KpmrMGn8pRtQnBbdCznbf,676672
KqJPNjpMbNhDNDkL8T8gM,502920
KqkGkTqrW7f8w8TfBhWQm,248464
KqkGkTqrW7f8w8TfBhWQm,647411
Kqmkn6mpNKLqKQdRPjMmt,225586
Kqmkn6mpNKLqKQdRPjMmt,271006
KqtjpgTftPFhRbhwQkcBQ,533499
KqtjpgTftPFhRbhwQkcBQ,537294
KrfHMt9FRGmFqPrRqRrfL,676321
KrfHMt9FRGmFqPrRqRrfL,676694
KrjrwRtnjcK7hNhcBdH9h,453186
KrjrwRtnjcK7hNhcBdH9h,453188
Krn6kqpHkw6JkTwzMqTNk,654011
KrwdmQ7RpjpPhf8Hmg6ct,609170
KrwdmQ7RpjpPhf8Hmg6ct,617980
KrwdmQ7RpjpPhf8Hmg6ct,624998
KrwdmQ7RpjpPhf8Hmg6ct,676651
KtFRrP9HJRGKTJtHrCtwD,453355
KtHkGCQfc6Td7Dg8htCcJ,225154
KtHkGCQfc6Td7Dg8htCcJ,271048
KtHkGCQfc6Td7Dg8htCcJ,488447
KtHkGCQfc6Td7Dg8htCcJ,489229
KtQQggkn6LkFz7dGHNLWj,632645
KtQQggkn6LkFz7dGHNLWj,634071
KtgRgFrrFDpzMQDJLLMwt,502732
KtgRgFrrFDpzMQDJLLMwt,502733
KthQj9HCRMDRfngK88kCw,500840
KthQj9HCRMDRfngK88kCw,502805
KthQj9HCRMDRfngK88kCw,543955
Kw9PPtD6DbnRWtNctNrbD,676253
KwLBJgTd78DwgLWdpqRhN,275655
KwnFBgNNkWthnbL6kC8Cj,226010
KwnFBgNNkWthnbL6kC8Cj,271014
KwphDpWLnJrjGGMGnJc9n,633225
L6FBCMGPMwNfTBBKrhqDT,528095
L6GQFG6PbmFHrGw8fhwMn,633271
L6NBmDrd7jCjf76kgNB8C,533590
L6rgnMGtzqKkLfHdkTPph,533504
L6rgnMGtzqKkLfHdkTPph,537202
L7GjnTRkPzCWDfwjfBj7n,551656
L7GjnTRkPzCWDfwjfBj7n,555752
L7jKNGkRd9WwpN6NQKGbf,225179
L7jKNGkRd9WwpN6NQKGbf,229767
L7jKNGkRd9WwpN6NQKGbf,271182
L8QMPzFdqBBGzD7CNRHQj,565683
L8QMPzFdqBBGzD7CNRHQj,577250
L8wq9HzdqTwM8tLWCRGcR,237733
L8wq9HzdqTwM8tLWCRGcR,238540
L8wq9HzdqTwM8tLWCRGcR,557951
L9QHgTrJMCPMd6DfgDCNr,275726
L9ckNFnGCDh9tQtCg8rm6,502899
L9ckNFnGCDh9tQtCg8rm6,518463
L9p7KwzTpjnpPGqjnDgqn,632068
LB6wBhCKpBWCJqd9tFR8B,676255
LBFrKWRLJkKBgLc9nKmBb,694941
LBLTcF8zccK7mKLcDqgPb,453413
LBzMBqHhtB9Tqqn8PTqMM,248382
LCbjKjHJJd8JJDNWrd6CC,273166
LChfNqqwjw9Njbdntwcz7,248463
LCjKgbbdRKBLnqPnhdncC,653409
LCwpKJ8PMK8HqGKPH7RM6,488473
LCwpKJ8PMK8HqGKPH7RM6,489136
LD76nrjCTwzcf6Qk8cCjW,225162
LD76nrjCTwzcf6Qk8cCjW,271153
LDCrQmNm8bFk8wcCJ6pj9,261517
LDCrQmNm8bFk8wcCJ6pj9,268386
LDHGBdbFRmBcN9DzjqzpD,275225
LF9TBNgmPnzzWbD6FzGRf,611178
LF9TBNgmPnzzWbD6FzGRf,617929
LFBD7NtGwCjpmBCBkkpG8,695270
LFHpbg9HjJqrGt8jHNGHN,533495
LFHpbg9HjJqrGt8jHNGHN,537196
LFHpbg9HjJqrGt8jHNGHN,537285
LFHpbg9HjJqrGt8jHNGHN,561924
LFhRKcJC6fbfQjKdqLqp7,502765
LFhRKcJC6fbfQjKdqLqp7,512843
LFnMwmW9pgdNwzHCtfNnL,533506
LFnMwmW9pgdNwzHCtfNnL,537210
LG8rDGDD9gFGCJnQrjwPf,226054
LG8rDGDD9gFGCJnQrjwPf,533612
LGdLm7LrmzDDnWFRnnw9J,654048
LH7bm7LbWkd6NcPbK6GWC,708941
LHBn8grtppJpC8gBmzfrd,517315
LHBn8grtppJpC8gBmzfrd,519487
LHFcqHMhT7L6wb8RFQd9k,518328
LHkFKd9GfdqN7cR6PgPQG,517837
LHkFKd9GfdqN7cR6PgPQG,518243
LJ9FRbpjJLcpHMM6wk6HW,260136
LJ9FRbpjJLcpHMM6wk6HW,261493
LJ9FRbpjJLcpHMM6wk6HW,517671
LJGBBqfmC7pzLNMWH7wdW,237911
LJGBBqfmC7pzLNMWH7wdW,238485
LJrMwbT9tW99BNDwBKNfr,510040
LJrMwbT9tW99BNDwBKNfr,532021
LJtbJgTpWKcpwLmPRgDMr,518260
LKBWf8BKhgmwngPm7WWtw,275697
LKBWf8BKhgmwngPm7WWtw,676712
LKNtHHFMTDbfMHnGLM9Wm,225866
LKNtHHFMTDbfMHnGLM9Wm,271033
LKTc8bNLczk7p78FwWzTw,225985
LKTc8bNLczk7p78FwWzTw,271150
LKfRzrpqKmjK8zD7CCTMH,237967
LKppkHRwJHjnccLKhNHGG,453367
LKrMGGMMHFKbbcM6LQ9WN,695211
LKtdCkW87n6dJCtKqqkMw,633211
LKtdCkW87n6dJCtKqqkMw,633614
LLJdk7zHFrCth9m68rmf6,617907
LLqCLBMtLJ86PW6CHQFRJ,550303
LLqCLBMtLJ86PW6CHQFRJ,551589
LNtDknLJmNDk6wDhQdQb8,646719
LPNDBTkkJ9gfhfnqrctfJ,503288
LPRLWKpH6RBtzL6Jh7L7z,502905
LPTBztggNdkw8KqdKCwTJ,653990
LPTBztggNdkw8KqdKCwTJ,676717
LPkdwMCjwHHMC6wkHCbRb,261521
LQ8bccmDBnnTLLzJRBb8k,517207
LQDwqpNddrmqQQb8J9dht,612646
LQDwqpNddrmqQQb8J9dht,617923
LQDwqpNddrmqQQb8J9dht,624620
LQFQqtHDnRNhPQ6GP8z9j,225953
LQFQqtHDnRNhPQ6GP8z9j,270962
LQjBwTpQK6MR6LNkpnNPK,237777
LQjBwTpQK6MR6LNkpnNPK,238497
LQjBwTpQK6MR6LNkpnNPK,273186
LQjBwTpQK6MR6LNkpnNPK,533623
LQt7KLBFHmdk7BKwdtD6M,694943
LRT8g7gJKf6RwWLbLmcdd,676305
LRdKLkdKnTJ8CCczKmwzw,261528
LRjFLRLMdzg9fpWDWQwMC,577776
LRqdhhQnNFKCpttQmMJKq,533557
LRqdhhQnNFKCpttQmMJKq,537200
LT6DJwbzTFg8pwp6dGG6M,612595
LT6DJwbzTFg8pwp6dGG6M,617996
LT8HTjjcDkHbFqk6JNq7p,248440
LT8HTjjcDkHbFqk6JNq7p,257327
LTtJknPgn6fpRWcgHkMJJ,453354
LTtJknPgn6fpRWcgHkMJJ,617948
LTzk7nGqnkqRdddd9LRjQ,562483
LWD8GBDqqgnWHmLBzdTh7,646856
LWD8GBDqqgnWHmLBzdTh7,646859
LWWn7QHqCdDCQRFqPKBJM,261491
LWgK7g7ftJ6kWhjg9RQH7,453229
LWqJjmKMRLBbwCJzMwGTJ,237948
Lb7B6FTJbHFtCfcLm9dJh,549687
Lb7B6FTJbHFtCfcLm9dJh,551488
Lb7B6FTJbHFtCfcLm9dJh,676622
Lb7cgqWB6RpKLMH7hJQdN,708996
Lb9qp9DQWRbtkTmdqdNBh,237951
Lb9qp9DQWRbtkTmdqdNBh,238448
LbTNzkLcknj97tLPRqJwH,518380
Lbp8pFhph9wMqMHDw8JWq,248470
Lbp8pFhph9wMqMHDw8JWq,275535
Lc6zkNgRMkjHkLptqBMmF,518311
LcDcpG8KLwjzKkdqwpnHn,709334
LcqN7tjqc8FDhkQ9m6n6N,453383
LcwPJL87FjznLJQjKdhfN,261445
Ld6twwNTNGTcWFw9rRWfh,226057
Ld6twwNTNGTcWFw9rRWfh,511844
LdTTQMN8HhrFjcDrLN6rP,488507
Lf6kGcR7qqdFHCHLnGkng,612672
LfddJTKKb9HwPzHMBH9w9,225309
LfddJTKKb9HwPzHMBH9w9,271203
LfddJTKKb9HwPzHMBH9w9,276872
LfddJTKKb9HwPzHMBH9w9,538444
LfddJTKKb9HwPzHMBH9w9,557939
LfddJTKKb9HwPzHMBH9w9,630088
LfddJTKKb9HwPzHMBH9w9,672195
LfddJTKKb9HwPzHMBH9w9,678587
LgNWtWWTNFLDnWzjbkTqT,677655
LgRfr8GwTMrwtm9HwFJkb,248413
LgtdCQPP7R69PtcwbrHPC,248356
LgtdCQPP7R69PtcwbrHPC,262543
LhDDmCt6MkphNPfdFWrj7,652758
LhN9jPcQHGJ796r79BqGR,631756
LhN9jPcQHGJ796r79BqGR,633646
LhNtnmRzpc7mfbcgDcJk8,453372
LhPHmJ9Wmq6R6RDjDGtwC,551514
LhPHmJ9Wmq6R6RDjDGtwC,554107
LhPbGbqqgcdFhMMJTkHhw,487220
LhRPD8cdgP7LBDjdj7nfT,695252
LjJ9tpDPzKQ8P68jQp7jF,675361
LjJ9tpDPzKQ8P68jQp7jF,676579
LjzDff6gRW8cmMRCn6MpN,518370
LkT9MmTbLGprPFDPNzwfQ,261317
LknHqj6JMJ6CRNpDNBtHG,561389
LkqQpr7QL8KpnqMh7dHpR,518238
LkqQpr7QL8KpnqMh7dHpR,526144
LkqQpr7QL8KpnqMh7dHpR,550714
LktKqzw6D9wQtcctzwKbF,676376
LmKFmh8JznLWB8mTjmRcC,531871
LmKFmh8JznLWB8mTjmRcC,580618
Lmfc89kGcH66W6BRqCfb7,237949
LmkDGKnkq8qHfdQ9jh9nD,502839
LmmNMBnCBtgG6RfWz9rQQ,275683
LngwQzcgtkJQfCQ7PkP9h,549686
LngwQzcgtkJQfCQ7PkP9h,551482
LpGthTWGTT6KK6mg8dqrH,633378
LpGthTWGTT6KK6mg8dqrH,670725
LpKnp8tDfwH9cR7qLGjzc,502862
LpMBqrTz6wcDkpCFPfM68,502877
LpcMH9ftTRHRc9gw9j6hw,226025
LpcdHznLWndg78zmc6RHJ,487174
LpcdHznLWndg78zmc6RHJ,489135
LpcdHznLWndg78zmc6RHJ,489248
LpmdRdBC8QLhFPbPwPg6h,488438
Lq8ktfMh6MPDknk8jGRzr,565652
Lq8ktfMh6MPDknk8jGRzr,577282
LqHg97rKtkDd9BznfDHHB,226088
LqMR9rC9RfztPzqRkhDgB,248424
LqMR9rC9RfztPzqRkhDgB,262558
LqjLWfPCwPRnNCmJzn7Bg,518331
LqpTFf7TmpdtPgf8WtdfQ,633366
LqpTFf7TmpdtPgf8WtdfQ,634084
LqpTFf7TmpdtPgf8WtdfQ,676624
LqpTFf7TmpdtPgf8WtdfQ,676779
LrjRbqHNNKbLGfqDPjp7R,237705
LrjRbqHNNKbLGfqDPjp7R,238509
LrjRbqHNNKbLGfqDPjp7R,264817
LrjRbqHNNKbLGfqDPjp7R,502747
LrjhhdFHqndpWG8d66GJz,273171
LrjhhdFHqndpWG8d66GJz,500703
Lw6p6ntgdBwB7tDPJtDjG,677628
Lw7QfMJwTckhkKbK9Wrhm,533592
LwCDpdzLhqfQCJNBFCMcj,611157
LwCDpdzLhqfQCJNBFCMcj,618078
LwCDpdzLhqfQCJNBFCMcj,676536
LwHFKjjChb9JFQjLmrGMq,563808
LwdKpBTcMk6rLjDwG8r6G,225275
LwdKpBTcMk6rLjDwG8r6G,271123
LwdKpBTcMk6rLjDwG8r6G,275636
Lwdrb8J6bDcNKp67DzWWp,453283
LwghKjpd8Gch7JHrGLMwP,237926
LwtRft6CKgLFgbDKrwTJn,538460
LwtnWk9MBzHk9TK6MrMJt,225912
Lz787nr8ndnM9BrnPtjDC,633729
LzjkDR6QcL9WBztfDTRt9,226071
LzjkDR6QcL9WBztfDTRt9,270945
LzjkDR6QcL9WBztfDTRt9,517670
Lzr8Htn8MrNnMggczHwGd,502780
LzzKmcmdQdKhcJkN7zhB7,226093
M666bDwLtczKGLB7cMfkT,248421
M666bDwLtczKGLB7cMfkT,262513
M67DjmFprnQ9rpr6wjbtG,577736
M6JRMPmrkhRWnW9mhPQwP,695200
M6j9KrDRqMMHwGqw9QLKz,225314
M6j9KrDRqMMHwGqw9QLKz,271241
M6j9KrDRqMMHwGqw9QLKz,552031
M6j9KrDRqMMHwGqw9QLKz,633364
M6nftGgw98wWJqMNWWWg8,708915
M6pzcFzDLQDQLFLqPz9nd,273139
M76qpCDkBRTJwCgbD8qWC,248432
M76qpCDkBRTJwCgbD8qWC,262509
M76qpCDkBRTJwCgbD8qWC,262556
M78m9cmqphb7hgLRWJmT9,551464
M7DR7HgnDFJ8p96tCqDTn,237830
M7gFnB7zpwHWCbzWCWKpd,225157
M7gFnB7zpwHWCbzWCWKpd,225786
M7gFnB7zpwHWCbzWCWKpd,238396
M7gFnB7zpwHWCbzWCWKpd,271075
M7gFnB7zpwHWCbzWCWKpd,489228
M7nPGBJMNj6tbtDgzMNqc,550292
M7nPGBJMNj6tbtDgzMNqc,553466
M7nPGBJMNj6tbtDgzMNqc,557727
M7nPGBJMNj6tbtDgzMNqc,563708
M8HJKTz7QwHTjGtjdHqDM,261524
M8JWqJCWzWJWnbKQ7BjG6,225933
M8JWqJCWzWJWnbKQ7BjG6,647390
M9DL6cPLrKkmDhGpQL7Mg,614959
M9DL6cPLrKkmDhGpQL7Mg,614961
M9DL6cPLrKkmDhGpQL7Mg,615545
M9DL6cPLrKkmDhGpQL7Mg,618010
M9DL6cPLrKkmDhGpQL7Mg,618266
M9DL6cPLrKkmDhGpQL7Mg,676509
M9NHHJLbL9CDLgRjFFzTn,561897
M9QNfBrcmp9zBJhztzDM7,612594
M9TP7nmfQ7FhJQbJfnkRW,647398
M9wDtMRwDFB9chfhJRNWJ,226024
M9wDtMRwDFB9chfhJRNWJ,271128
M9wMDWRkKRKjz7MBLMWLk,647334
MBGNCzRpfLJ6bqMpMzppm,518275
MBRmLcRzPPtFTJndD8FnQ,567108
MBRmLcRzPPtFTJndD8FnQ,676782
MBgNKqpNwzwM8n6KjMtFN,651389
MCf7PDzNkfQQrkwJmL9mp,225817
MCnQLD9M7WTthcfmtJhD8,237739
MCtGBgjzJWb8rPmNPTDWp,225965
MCtGBgjzJWb8rPmNPTDWp,517506
MDPTg8tjBW6CC9gFrGWFQ,533539
MDPTg8tjBW6CC9gFrGWFQ,537332
MDPTg8tjBW6CC9gFrGWFQ,537362
MDhfpQwtDBtKLhT6Cn7f7,275710
MDn7MHgDmW7tJ6tGkG7cz,676439
MFMLnHfwqKpqhKhcHTGHt,488336
MFbG9dt7gfRHbqpNKTJwR,654051
MFbG9dt7gfRHbqpNKTJwR,676617
MFbG9dt7gfRHbqpNKTJwR,676759
MFrJG8G8RgrhkpfkD8KWj,274515
MFrJG8G8RgrhkpfkD8KWj,274517
MGFhzzHdwLqwChD6TLkjk,453166
MGFhzzHdwLqwChD6TLkjk,517495
MGFhzzHdwLqwChD6TLkjk,551575
MGGw9K9QMqmFBjLLTrbhq,518302
MGLnDGFfchbLBBBzHRGFD,261399
MGkPWTqMmP89btPrFNjdh,518272
MHkLpfgkgh7hNwbrTJrDF,226014
MHkPqWbqGjb7FwzdFphLk,708189
MHkPqWbqGjb7FwzdFphLk,709335
MJBz8WMNzRWccphkkbMzc,653408
MJFjT8CfpnpjtWTPgjPQ9,274736
MKtrcnkhWbjBdPDLbBDMJ,453192
MLFcr8MRb7J7mDBzh6Lhk,612637
MLLHrD676q8LL6ngKMb6c,275226
MLR9kCDtWdr7c67FQtNw7,518237
MLc97c6bqmKcPCtNg9M9q,453201
MLc97c6bqmKcPCtNg9M9q,453202
MLc97c6bqmKcPCtNg9M9q,455803
MLfWBpdJqQ8GwRdLqwJGG,647396
MLfgFRDKbTbWj8fBgMrjJ,676292
MLkbJDtPDkLWPNpfwfTDJ,248404
MLtndtdrWkKgdDFD98HCp,488467
MLzWh7MWcDdN8wnwQWwMN,561263
MLzWh7MWcDdN8wnwQWwMN,584687
MMFBJgPGkQR8HwNjpjRwN,226011
MMFBJgPGkQR8HwNjpjRwN,271016
MMpKrnJcBQRmBP9thgWG6,453268
MMpKrnJcBQRmBP9thgWG6,481570
MMpKrnJcBQRmBP9thgWG6,617952
MMzFRrNNFDjrbKDjtpNzL,453250
MNDjrGBMKh8LtjTdhPrfz,676340
MNKMPhrDfjjDqqBJW99jk,693167
MNLgkBbQcz8fQrqzfTjTj,518342
MNRCq9PnNd7FdK6MThH7K,676456
MNTwwGcGgbWBPrnDdKtBb,695271
MNwTgMKtfwcbBTGTLCbzt,225561
MNwTgMKtfwcbBTGTLCbzt,270967
MPwMhPCJgTFpFWTTHfGW9,565571
MPwMhPCJgTFpFWTTHfGW9,587941
MQ6FHQhJGFpMdrFHgfPQD,502890
MQCrDKpjPzkPHDGKztTTr,694906
MQN9FMbnbmGjrndKzFCC8,533595
MT7rdNFQjRncfm9DzmLdH,502803
MT7rdNFQjRncfm9DzmLdH,517122
MTLmmmcPGLhQ9p8z6HbDF,275628
MTjzGdRDGRGGqHmpn6zCH,653390
MTjzGdRDGRGGqHmpn6zCH,653814
MTjzGdRDGRGGqHmpn6zCH,676737
MTkdbnhrJNznC69Jg7NLj,225299
MTkdbnhrJNznC69Jg7NLj,225345
MTkdbnhrJNznC69Jg7NLj,271138
MTkdbnhrJNznC69Jg7NLj,612706
MTkdbnhrJNznC69Jg7NLj,616365
MTkdbnhrJNznC69Jg7NLj,617940
MTkdbnhrJNznC69Jg7NLj,701602
MTrq7nz6z7Gh7wPpKRwRb,488465
MWfDtTFgd8f8zNzQgDJjt,517337
MWfDtTFgd8f8zNzQgDJjt,532015
MbCBHGzbw7DttmDcrkMzB,248542
MbCBHGzbw7DttmDcrkMzB,262455
MbWDqNtrDdJWLWNCNDQpB,502746
Mbrg9P78qm9PGCdPLbncD,695185
Mc6fWtzKjhpfgWd9h99nh,502736
Mc6fWtzKjhpfgWd9h99nh,502737
McBPGzHjMtg9mRHRGPMtL,708891
McHtzkNrnJDfNFNNqCFC8,695187
McR66NfcGM8bnwMGbPL8H,225797
McR66NfcGM8bnwMGbPL8H,271132
Mcffqz8hhNjNgTGMHJwhR,565558
McjPm9GcmnWLq7cJTrPdm,225187
McjPm9GcmnWLq7cJTrPdm,225350
MctmJQnjfD8Nj8qWrCDmK,676327
MdHHgpMCDBkpJFFNh9wqd,552019
MdMgf8jkmJP6gGqNrTqRF,653986
MdmK9dmLDpbC7GFcz6W7C,517884
MdmK9dmLDpbC7GFcz6W7C,663155
MdwP9pznTNRcCR7z7LhgK,453197
MfBtnKK96JRR8Nb7RWMBn,261369
MfBtnKK96JRR8Nb7RWMBn,659613
MfDRbDBGdmNDzQdNhHDqq,609584
MfFH89gTLWnFjfJjF9WFw,261337
MfFH89gTLWnFjfJjF9WFw,261340
MfFH89gTLWnFjfJjF9WFw,647415
MfFH89gTLWnFjfJjF9WFw,676825
MfJzLNc8CpcPLnpqfQGtN,510048
MfJzLNc8CpcPLnpqfQGtN,517459
MfJzLNc8CpcPLnpqfQGtN,518466
Mg77gjkkQbDzcK6cQfBGf,612575
MgKprw8PQjNKC7JDmppHh,641661
MgKprw8PQjNKC7JDmppHh,657177
MgM8rpdGfh97ChtG7RQ9L,488525
MgM8rpdGfh97ChtG7RQ9L,489167
MgfGgqG7wRNbwNGNmjKJr,274406
MgfGgqG7wRNbwNGNmjKJr,276826
MghLPDjq8CfBJ8RzNc7Ft,543928
MghLPDjq8CfBJ8RzNc7Ft,551458
MghLPDjq8CfBJ8RzNc7Ft,554169
MghLPDjq8CfBJ8RzNc7Ft,585033
MgpKjPckTnKBCqnGHmTGc,676389
Mh9bPkdPw6Hf7NCQhTqgp,694914
MhBTRHCCft7RbrMmkwwGw,238665
MhBTRHCCft7RbrMmkwwGw,242129
MhBTRHCCft7RbrMmkwwGw,246479
MhJphRFQWwMc7JpbJQfGt,551723
MhJphRFQWwMc7JpbJQfGt,563311
MhjRwG9PN8QWqkr7bnTHH,275633
MhtpFzdKHmtPPrnLwWhnq,225570
Mj9fkHtdrzzmDw8RNCKmT,533527
Mj9fkHtdrzzmDw8RNCKmT,537329
Mj9fkHtdrzzmDw8RNCKmT,537359
MjHm8rcQpcMfmR9MnbWTK,453243
MjTmkPmq9FdTwjDFBGJKf,708918
MjtP6GFTmC7j96tmLrJ97,624361
MjtP6GFTmC7j96tmLrJ97,634059
Mk6tMhn9RtfkbRpcLL8Ht,453399
Mk6tMhn9RtfkbRpcLL8Ht,617913
Mk8R6DRrqThcpqmPFKnCk,695239
MkJgPht7nFRJFBKCgThrP,518293
MkjQ7zw7Bpc8BMJDnJ9fC,261467
MkwQMWr6GQMDNHdDFgtk9,236525
MkwQMWr6GQMDNHdDFgtk9,238463
MkzmkbbNf7DMHkzMkDrLk,695296
MmJd7JwGC8rjPmLNLPCCW,453285
MmJd7JwGC8rjPmLNLPCCW,453286
Mmwtq8HtKPFpp6TcrF9fM,517807
Mmwtq8HtKPFpp6TcrF9fM,517808
Mn7GCfnN9PJTP9dTGtkdn,565688
Mn7GCfnN9PJTP9dTGtkdn,577272
MnFBFMRFhmwWQLLKQFJQc,633310
MnFBFMRFhmwWQLLKQFJQc,633664
MndFg9bzntzzrFkHNgzfz,561268
MndFg9bzntzzrFkHNgzfz,577273
MndFg9bzntzzrFkHNgzfz,609614
MpFfQjRhkdrL8QhmgbhgM,653213
MpfqmCMGhHCTwgQKRdDGW,551497
Mphbggf6mpBbRJJb6dfgL,633224
MpjDdrJPbQTg9HWknt8m8,237956
MqGBqBNK77NbbzGrBmLFz,533529
MqKhDHHHkLfFrdh7mBzcR,695146
MqKhDHHHkLfFrdh7mBzcR,695300
MqhJWhp7gnBLjtMwzwmm8,528301
Mqj9K8NgJ7LFBwMKWk6L7,261435
Mqj9K8NgJ7LFBwMKWk6L7,265287
MqqQjwqcHRj7WnG96DPMH,612625
MqwKQzHWH9pbKCCrBnzbN,549740
MqwKQzHWH9pbKCCrBnzbN,551549
Mr6TbnRrKTrJWndKh8QwF,502591
Mr6TbnRrKTrJWndKh8QwF,504520
Mr6TbnRrKTrJWndKh8QwF,512837
MrHJtqLPBJqcQnJ9fNk9z,703803
MrNgmfGDfJmF6rcLbFcrm,225263
MrThq7hF8q8BFMhfjtqWh,226084
MrtrMDKjt868mrrb9cjJW,488416
MrtrMDKjt868mrrb9cjJW,489134
MrtrMDKjt868mrrb9cjJW,489270
MrwQKWkmLLgfJcptFmRCc,518262
MtPhfMbKcN8bN7DpPjNHT,237897
MtPhfMbKcN8bN7DpPjNHT,238474
MwBWGN8MdgtBhK7qthRJg,695223
MwBWGN8MdgtBhK7qthRJg,696109
MwMJK9DPnDgKBfjFTFmCW,237941
MwMJK9DPnDgKBfjFTFmCW,238437
MwqB6GDDJFWdmCBtnHPc9,695194
MwtKH7HkBhbtFWTBCbDCm,612712
MwtKH7HkBhbtFWTBCbDCm,618074
MwtKH7HkBhbtFWTBCbDCm,638140
MwtKH7HkBhbtFWTBCbDCm,676601
MwtKH7HkBhbtFWTBCbDCm,676635
MwtKH7HkBhbtFWTBCbDCm,708994
MzRFtCdNMBczjRpGjwwqJ,261451
MzRFtCdNMBczjRpGjwwqJ,561400
Mzq9qrLQtHKjNTgkDqtwB,695162
MzqJQdLGgrHNQnLjMG99B,533457
MzrwNmfRdgLmKjq6ckBdD,248372
N6FgtcT8gMP7PMj7hCkgP,561941
N6LPcMrTJHqQGMctQKWTQ,612654
N6TDqDNWfKfrz6G6jNrQQ,518532
N6TDqDNWfKfrz6G6jNrQQ,518854
N6TDqDNWfKfrz6G6jNrQQ,536218
N6TDqDNWfKfrz6G6jNrQQ,677673
N6bcFGQTBQ7pcWRkWTz8m,502906
N6gfwdhMGJKfG6mzt7RTL,225301
N6gfwdhMGJKfG6mzt7RTL,271146
N6gfwdhMGJKfG6mzt7RTL,617954
N6qKrNNGTDhDB9mWtqWpq,237703
N6qKrNNGTDhDB9mWtqWpq,561405
N6qKrNNGTDhDB9mWtqWpq,676572
N77hdGp96fNQnzc79hqN9,225537
N77hdGp96fNQnzc79hqN9,675349
N7PFFQLkdzRMDhzDWJWwW,634589
N7PFFQLkdzRMDhzDWJWwW,638046
N7PFFQLkdzRMDhzDWJWwW,651129
N7WdmmWqLrgc7hhzmpjbD,676365
N7WzjJdqrn8NTh6f8rDb9,612698
N7WzjJdqrn8NTh6f8rDb9,676515
N7WzjJdqrn8NTh6f8rDb9,676614
N7WzjJdqrn8NTh6f8rDb9,676696
N7WzjJdqrn8NTh6f8rDb9,676697
N7WzjJdqrn8NTh6f8rDb9,676698
N7zmTD6zCgLQQzqWg8fgQ,225204
N7zmTD6zCgLQQzqWg8fgQ,225354
N7zmTD6zCgLQQzqWg8fgQ,270901
N8DMCFHgLPLrn9wQhhTjC,225037
N8DMCFHgLPLrn9wQhhTjC,225336
N8DMCFHgLPLrn9wQhhTjC,271274
N8LCzb9K8GdzMRmNbB6GM,552029
N8LcRHMmCMTbwRNRm9P7q,453265
N8LcRHMmCMTbwRNRm9P7q,481568
N8LcRHMmCMTbwRNRm9P7q,617937
N8WgrfprdwMBzNwgFqmfj,676457
N8hnQ98bBq7GrpTh8Pzmt,502603
N8krkMtHG86TBmG8Fp69t,633251
N8krkMtHG86TBmG8Fp69t,633621
N9BznJBrP8LzDbcJQ9WFj,708913
N9QrfGfPbL9NHPcRT6Nd7,565593
N9RMNzqcJCBQ98hchcLpb,274402
N9gqKRghrpWNHBqnCHt9m,261366
N9gqKRghrpWNHBqnCHt9m,261367
N9gqKRghrpWNHBqnCHt9m,273143
NBHQRhkBP8d99d8Nm96zb,453321
NBHQRhkBP8d99d8Nm96zb,454375
NBHQRhkBP8d99d8Nm96zb,454380
NBKMt6PPm7WNcWf79B7NQ,518362
NBLbpCJJdNCtpKQndQ6nL,518648
NBRB8MLKNqNdcQGwwFKgB,248373
NBcM69zNPL7kFjptNzmWc,248450
NBgwrrNmgPfftdLjbRMfm,248512
NBnFFCH9njbMMhBLc6jzw,261481
NBnFFCH9njbMMhBLc6jzw,268465
NCCwNW9fwRKHbGqnDTjK6,676348
NCG7Gj8FnzJfDbmHQF6gF,565426
NCPg8kRTF8gMFfrpkc8p8,695163
NCTn7FNh8QCgcJnFzHcGK,565689
NDFjzQLjMLL7LzGQNBtGd,487172
NDFjzQLjMLL7LzGQNBtGd,489123
NDFjzQLjMLL7LzGQNBtGd,489244
NDFjzQLjMLL7LzGQNBtGd,676520
NDJfTHzHkWNMz77HPFkgD,226028
NDJfTHzHkWNMz77HPFkgD,262528
NDJfTHzHkWNMz77HPFkgD,500722
NDjHqNJrckK6pjK7LwfMW,225106
NDjHqNJrckK6pjK7LwfMW,225317
NDjHqNJrckK6pjK7LwfMW,225594
NDjHqNJrckK6pjK7LwfMW,225978
NDjHqNJrckK6pjK7LwfMW,238451
NDjHqNJrckK6pjK7LwfMW,271114
NDjHqNJrckK6pjK7LwfMW,275539
NDjHqNJrckK6pjK7LwfMW,676574
NDjHqNJrckK6pjK7LwfMW,690461
NDkNqCchBdrhwz7RCBn77,248410
NDtf9QNdnRFLkjncQDRgM,225030
NDtf9QNdnRFLkjncQDRgM,270970
NFHTRRNdJcMLmdKn6nCKK,453310
NFLNtzkpfQDgdPkHfjknf,565416
NFLNtzkpfQDgdPkHfjknf,577191
NFLNtzkpfQDgdPkHfjknf,577249
NFLNtzkpfQDgdPkHfjknf,584683
NFwCqzTPKgDMPwMdFhbP7,609169
NFwCqzTPKgDMPwMdFhbP7,624997
NG9nKh7TTkLt6qtCJzGjB,453307
NGMpfnrcHzjWtB6bmGC6C,533545
NGMpfnrcHzjWtB6bmGC6C,676722
NGbpwjFhL9rLHN7zKChnW,565656
NGbpwjFhL9rLHN7zKChnW,577235
NGbpwjFhL9rLHN7zKChnW,584740
NGjkmJLnHHqG7GGcGFk69,487388
NGjkmJLnHHqG7GGcGFk69,489247
NGjkmJLnHHqG7GGcGFk69,493522
NGkHQHjzkFqfmGLKmRCpj,238499
NGkHQHjzkFqfmGLKmRCpj,251042
NGkHQHjzkFqfmGLKmRCpj,267832
NGkHQHjzkFqfmGLKmRCpj,677679
NGzjQTd9tDcWJPnrR8PqH,502927
NHCQbrdqqK7FbcWgKnwWn,275695
NHbgwmKj6z9GrPHGPdCDh,565588
NHdBTDcjh8hGJBKPpcgQ9,577759
NHhCjBzmNwbfFMfL7TKf8,487169
NHhCjBzmNwbfFMfL7TKf8,487801
NJJCGNjdCFzrjLqGfL6mR,273112
NJJCGNjdCFzrjLqGfL6mR,690432
NJJCGNjdCFzrjLqGfL6mR,705724
NJcrQWnf8KF9jd7FGDg8p,533618
NJcrQWnf8KF9jd7FGDg8p,537314
NJcrQWnf8KF9jd7FGDg8p,580619
NJkbhctpNJqK9FRDBmzKr,552039
NJnDKMhtRtcWptfC8pwWM,502861
NJnDKMhtRtcWptfC8pwWM,580605
NJzwDLBDqqptTpFQTpkNm,682865
NKBJGDhp7TDQ7CzdQtpJM,646324
NKBJGDhp7TDQ7CzdQtpJM,648076
NKnCpDpncwNQcfJrqTLPz,225920
NKpQT99rMW9DHw6Jjgrq8,275654
NKpphfCpKhWhntbBzBghc,612670
NLLHBkqNPtnjc6NqJ66c7,647401
NLQzm9gf8hckWCdCrC8bp,695290
NLkgcrjgGCQdWqGdg8gpj,225877
NLkgcrjgGCQdWqGdg8gpj,271275
NLqGrKTD8WmMfrFcrwRhc,654029
NM9KMB9gpbC6dQQqKm9kC,518345
NMBKG8cj7JTF6z9FWHhMw,225846
NMBKG8cj7JTF6z9FWHhMw,271227
NMBKG8cj7JTF6z9FWHhMw,488526
NMKbDHWmhh8wcrcPmgnkh,708945
NMKbDHWmhh8wcrcPmgnkh,709340
NMTzJw6qfQ7rBdDpgMCzL,248414
NMTzJw6qfQ7rBdDpgMCzL,262516
NMTzJw6qfQ7rBdDpgMCzL,561902
NMTzJw6qfQ7rBdDpgMCzL,565658
NMTzJw6qfQ7rBdDpgMCzL,695227
NMfPbTgbMbP9pnnCKMQD9,565394
NMfPbTgbMbP9pnnCKMQD9,584682
NMzW9mGgTcFdFQFntwG7P,647400
NN9HKRrHF7JDFfnmdRJ6D,676414
NNF6jp7QzRTLGJwdK7Cdz,226050
NNF6jp7QzRTLGJwdK7Cdz,271030
NNFqk8C7PnFchKpGJMfph,676257
NPGdfQqhRB8krzLLHpzDC,237918
NPGdfQqhRB8krzLLHpzDC,238476
NPjFdzCwz8HKdGkcwLPmw,633279
NPjFdzCwz8HKdGkcwLPmw,633627
NQDNdGfjP6bd8WHP8QNnt,225506
NQDNdGfjP6bd8WHP8QNnt,225886
NQDNdGfjP6bd8WHP8QNnt,261482
NQQdqRGPQtMnf6LGdBJn6,654054
NQWmfLtTzfWhgHqwznD7g,676405
NQch97pRQJKKFBcwtTP9c,533611
NQch97pRQJKKFBcwtTP9c,538438
NQtBMGcTc8mwL9Whpm6RQ,225936
NQtBMGcTc8mwL9Whpm6RQ,271249
NQtBMGcTc8mwL9Whpm6RQ,517631
NQtBMGcTc8mwL9Whpm6RQ,647381
NRHdp6LTtCDKbJngJPCmN,274734
NRHdp6LTtCDKbJngJPCmN,278955
NRHdp6LTtCDKbJngJPCmN,503266
NRHdp6LTtCDKbJngJPCmN,601113
NRHdp6LTtCDKbJngJPCmN,675351
NRHdp6LTtCDKbJngJPCmN,675371
NRb9nNnt9qMMLRqj9R96w,653971
NRhKwHKcm9gnTqDzPpqfk,248517
NTCMFrrQdwdrKLnT8kcfc,453373
NTCMFrrQdwdrKLnT8kcfc,518354
NTCMFrrQdwdrKLnT8kcfc,676729
NTTNLDR97DQMKrFCDz8FT,692511
NTctCqpK7LLrnKr9BnJKq,248427
NTfKzDBrKMPQ8LjGcWn6q,695154
NTnphGB9GCpfrLRQRcNbj,601111
NW7CdmT8JMcMtQdRkpjg6,453357
NWHc8gmFBQMrHFqb67NLh,518273
NWTPMPpLT7TL7qzkBLTHF,225137
NWTPMPpLT7TL7qzkBLTHF,271015
NWbL6RKjbRBKQJphmHDmk,248368
NWf8zDGMgnph8dnzkmng6,695292
NWf8zDGMgnph8dnzkmng6,695302
NWz7896QdrKM7p9nzfCcP,533517
NbbDrzwLMP7CH69PHcWfK,549727
NbbDrzwLMP7CH69PHcWfK,551508
NbbDrzwLMP7CH69PHcWfK,554311
NbddFmpDCff8m7FWk6dnQ,487171
NbddFmpDCff8m7FWk6dnQ,487800
NbqfndrFKCf8HpK9zGMPQ,690453
NcQMQ79gb9P7CTMfWfBz8,225902
NcQMQ79gb9P7CTMfWfBz8,229770
NcQMQ79gb9P7CTMfWfBz8,270909
NcjFG8znGbnFbjcRckFP9,517398
Nct7799R68FjJmTPdkLwc,488528
Nct7799R68FjJmTPdkLwc,489292
Nct7799R68FjJmTPdkLwc,676569
Nd8DdbchbdmFPFgNLRPDD,225573
NdCm9WBnzPthfNNLrNggG,614101
NdCm9WBnzPthfNNLrNggG,614554
NdGdjWwfTnfdWGFL6tRwz,453295
NdGdjWwfTnfdWGFL6tRwz,454268
NdJfHMk8nMjh67drcwMK7,533478
NdJfHMk8nMjh67drcwMK7,537263
NdcgmHW9WJnCHKNfLRhDd,633373
NdkHWNBQkBdTHTt7FTgFz,653297
NdwNmwRFRBQ8hFnrRTJcG,654008
Nfg6BhjddbLDCRHQgLzkf,518338
NfgpHMJczznbc7PJKt7Kw,695297
Ng9LqqDzcwcTmQmDzWzjT,533631
NgGrjfPkc9BMGcrDBKNCT,654074
Ngbkbt7KfrCHnQkTPJRb8,488343
Ngbkbt7KfrCHnQkTPJRb8,489158
NgdLmcdGCGFwQG98dqGwB,275678
NgdLmcdGCGFwQG98dqGwB,276858
Ngf9kPWFqDFPcKrt9hwnq,676398
Ngk6PkmH6JQnfdC9zg8fQ,225624
Nh7kN9dhkWQhjfr7CfKW7,502809
Nhdt8dQ86kQhLgFd8cd8z,278399
Nhdt8dQ86kQhLgFd8cd8z,278400
Nhmj8MBNCmWFC68JkhkNC,225242
NhtzDBJkQ8cFtFkW7NLgf,518249
Nj6B7WzpjfdJCbjq6Mwrp,225088
Nj6B7WzpjfdJCbjq6Mwrp,225708
Nj6B7WzpjfdJCbjq6Mwrp,271235
Nj6B7WzpjfdJCbjq6Mwrp,647388
NjJNnbrqJgdh7MW9wkMWP,453351
NjnLjjpCJhjBm6wGP7pfF,248340
NjnLjjpCJhjBm6wGP7pfF,262461
NmQKTmjkndPjrGGW8bBLk,705415
NmQKTmjkndPjrGGW8bBLk,708903
NmQKTmjkndPjrGGW8bBLk,709347
NmRw7kHM96FTDqDF69qJ9,518299
NmgpFhWdc8zCKPKMBmttP,560451
NmpnLBpB9D6ghMfqNfDKm,261470
Nn6WdqdrNhkFMKNGzkbrB,652763
NnPBTJzJr8PMqGdN9dDtH,237841
NnPBTJzJr8PMqGdN9dDtH,488505
NnPBTJzJr8PMqGdN9dDtH,489162
Nnmtz6GrR6MWMcptb6wD7,225611
Nnmtz6GrR6MWMcptb6wD7,225689
Nnmtz6GrR6MWMcptb6wD7,226021
Nnmtz6GrR6MWMcptb6wD7,271105
Nnmtz6GrR6MWMcptb6wD7,497990
Nnmtz6GrR6MWMcptb6wD7,561330
Nnmtz6GrR6MWMcptb6wD7,676541
Nnr9kcRcQfLQW7pTHkMG8,488390
Nq9dPQ8KmtgWjCczcJQfz,273182
NqMBhfgdBcBmpcnmF7BpP,552016
NqRrPq9RLbrhFrrgzndt8,261344
NqRrPq9RLbrhFrrgzndt8,647416
NqdJLJhMF9r9NnLdppgtK,533519
NqdJLJhMF9r9NnLdppgtK,537349
NqkBRhGqcjNCjBhMq8qpF,517741
NqkBRhGqcjNCjBhMq8qpF,518477
NqpL7k7Gc78Pw6tzMNQwN,690441
NqpL7k7Gc78Pw6tzMNQwN,690442
NqpL7k7Gc78Pw6tzMNQwN,709832
Nqr9cJGNPNKtQqKKrC7Fc,517341
Nqr9cJGNPNKtQqKKrC7Fc,532014
NqrpkQtGmHDTpHHdjWHHb,261507
NqrpkQtGmHDTpHHdjWHHb,261510
Nqzb8D8Kkdw8pjk9R9Wb7,225820
Nqzb8D8Kkdw8pjk9R9Wb7,271108
Nqzb8D8Kkdw8pjk9R9Wb7,488500
Nqzj9MrbgtzjcKdhdGcf8,653972
NrFKWFj7trMRwtfPTzhnd,225649
NrFKWFj7trMRwtfPTzhnd,271149
NrTrgtDHQTLpnHWD9CLp6,561934
NrW7LgbzfgBGPCwhBRkKL,633299
NrW7LgbzfgBGPCwhBRkKL,633653
NrmFkQH9q78BrzKJ8L9DJ,682878
NtGRcJrNgDN6LcQtcN7Qb,633213
NtLDgPBR7HqDqhDzJMHmk,225054
NtLDgPBR7HqDqhDzJMHmk,225517
NtLDgPBR7HqDqhDzJMHmk,225574
NtLDgPBR7HqDqhDzJMHmk,225634
NtLDgPBR7HqDqhDzJMHmk,225922
NtLDgPBR7HqDqhDzJMHmk,271313
NtRJdNDbtJKWHJBPFn7Pc,552037
NtnBPQH6gdBtgKCRmKtFg,261387
NtqJQk8hdRWHTgKMKRWG6,676280
Nw6hkj6NCpWtBN9BcTFcq,551709
NwK66fmnJNBBbTBprQkFG,551557
NwMDbH6HdbCPLbKQCCqDh,695221
NwMtf6bWr68tRnfzzgzmt,695141
NwWCLDRkRhtkT8JrRnFgt,641665
NwWCLDRkRhtkT8JrRnFgt,653817
NwWCLDRkRhtkT8JrRnFgt,657794
NwWCLDRkRhtkT8JrRnFgt,661914
NwfNrcDCKznDRKzdbcpTP,518366
NwfdR79tdkkfRMH7RmjKr,248415
NwfdR79tdkkfRMH7RmjKr,262472
NwwnMqBg9tdRBp9NWHpgf,238530
NwwnMqBg9tdRBp9NWHpgf,238654
NwwnMqBg9tdRBp9NWHpgf,261480
NwwnMqBg9tdRBp9NWHpgf,278926
NwwnMqBg9tdRBp9NWHpgf,453294
NwwnMqBg9tdRBp9NWHpgf,502774
NwwnMqBg9tdRBp9NWHpgf,552843
NwwnMqBg9tdRBp9NWHpgf,552844
NwwnMqBg9tdRBp9NWHpgf,553349
NwwnMqBg9tdRBp9NWHpgf,619713
NwwnMqBg9tdRBp9NWHpgf,619714
NwwnMqBg9tdRBp9NWHpgf,619716
NzHWJJzD6JwJ88LmRTTGQ,682858
NzHWJJzD6JwJ88LmRTTGQ,682883
NzHWJJzD6JwJ88LmRTTGQ,682884
NzHWJJzD6JwJ88LmRTTGQ,682889
NzHWJJzD6JwJ88LmRTTGQ,701606
NzHWJJzD6JwJ88LmRTTGQ,701607
NzHWJJzD6JwJ88LmRTTGQ,701608
NzMLbBFDbWCrRWKbddqGb,654015
NzNGr8RbNhdmHBqNcTqLg,248398
NzNjkqqJgrbPbJpWQ8RWp,248406
NzNjkqqJgrbPbJpWQ8RWp,262453
NzT7pTMkkPCfNr79ftFtG,486562
Nzpgn9HrbNfkzM8CkwCQp,248420
Nzpgn9HrbNfkzM8CkwCQp,275552
P6KMTbdFTMKLgpDzg6Ltp,708892
P768PhtTzKDbp9gCpqtFC,612566
P768PhtTzKDbp9gCpqtFC,629669
P768PhtTzKDbp9gCpqtFC,676528
P7pftB6CpnWmQHcFrdJqQ,261431
P8CJhgBHBcQwFQrK6jzWq,261336
P8CJhgBHBcQwFQrK6jzWq,261339
P8CJhgBHBcQwFQrK6jzWq,647414
P8KJ8nmGmLRgmccLWcz8p,565407
P8KJ8nmGmLRgmccLWcz8p,577180
P8KJ8nmGmLRgmccLWcz8p,577236
P8MBHdhfJLMQ6qdPdWpCL,614059
P8MBHdhfJLMQ6qdPdWpCL,614575
P8MBHdhfJLMQ6qdPdWpCL,617914
P8RBh6qWkwRjcJQMWKNQG,612648
P8RBh6qWkwRjcJQMWKNQG,614549
P8RBh6qWkwRjcJQMWKNQG,618759
P8TDDpgPhhWHncTNcpC7n,453242
P9DWCqqTwtKLnhNzLHnnp,606730
P9DWCqqTwtKLnhNzLHnnp,616127
P9DWCqqTwtKLnhNzLHnnp,618312
P9RtP9QddBCD8QjGFcBCt,708926
P9cr8mkGcJcfgQQQpNjTG,676284
P9zCBnmGGJLqgH79R89Br,705417
P9zCBnmGGJLqgH79R89Br,708905
P9zCBnmGGJLqgH79R89Br,709344
PBFbJTw6qrKRHPHPDCrMT,502734
PBFbJTw6qrKRHPHPDCrMT,502735
PBLrCPQwdHtqcFgWbR9qk,225856
PBhph96BBWgk6khphzBJM,453338
PBkK9jFkGPKGqTwmTwrzW,676449
PBrb69BLQLtMLLQJgBqww,653824
PBrb69BLQLtMLLQJgBqww,666549
PCCtHrqDfnnmwFJwMNGDW,533608
PCLwwwtFMQmLLpj6TD7hj,517737
PCLwwwtFMQmLLpj6TD7hj,518475
PCcMjhHfKKrmH8hR9LQBc,690436
PCcMjhHfKKrmH8hR9LQBc,690437
PDHFDfPrn8TwBGw6h7cFr,237985
PDPbhCGj7twzTP8HGfhBb,533498
PDPbhCGj7twzTP8HGfhBb,537287
PDhbcdqqj7T9HJhGwTwCQ,676306
PF6BCk9FDPwPzgr6PhKw7,261442
PF6BCk9FDPwPzgr6PhKw7,273924
PF8fPNMCGHtNBbQRGqMPK,676459
PFCpzppJRrWggRLgwdPHz,518263
PFJnMWQNfr6jMMzJhjB9H,261327
PFbLkp7H79TMzLwJfGMCp,226003
PFbLkp7H79TMzLwJfGMCp,270944
PFbQN9BfpLzzgrmGMrBzb,225891
PFbQN9BfpLzzgrmGMrBzb,678765
PFgWLDKNLrPHmLFFFJC7W,633306
PFgWLDKNLrPHmLFFFJC7W,633660
PFmgFK9dFr8q6PrpJFpPG,250014
PFmgFK9dFr8q6PrpJFpPG,251171
PFmgFK9dFr8q6PrpJFpPG,254686
PGQMRR7h9kBt98fnhgnNt,633235
PGQMRR7h9kBt98fnhgnNt,634068
PGmLNJTqFnRhJwBgdc698,563810
PHgMJBpk9fJcWNrrnqztz,274398
PHgMJBpk9fJcWNrrnqztz,274399
PHktCwKzLmBMwmCBwb7Cw,225245
PHktCwKzLmBMwmCBwb7Cw,271013
PHktCwKzLmBMwmCBwb7Cw,557938
PHktCwKzLmBMwmCBwb7Cw,645203
PHktCwKzLmBMwmCBwb7Cw,678584
PHz8kWCt6rw6Q6jMgbdQC,225954
PHz8kWCt6rw6Q6jMgbdQC,270965
PJDPmhdhzfMjC6BqnTfRQ,488363
PJDPmhdhzfMjC6BqnTfRQ,489182
PJQgmWWftPgbC9Nz7zzKD,624367
PJQgmWWftPgbC9Nz7zzKD,633698
PJQgmWWftPgbC9Nz7zzKD,637482
PK8zK8ngMjKPzjTLR9zfB,561938
PL9FMwTgW7WnnKfbhRWRG,562512
PLpmc6rb9nqRdNGDczpg7,653837
PMh8LjJm6jmBKfm8FqfkW,633317
PMh8LjJm6jmBKfm8FqfkW,633671
PMm7cqpbBL7wGwbqcqMcz,225753
PMqDKT6PGBHdmFKzcnCFB,225609
PMqDKT6PGBHdmFKzcnCFB,271054
PMqDKT6PGBHdmFKzcnCFB,517589
PMqDKT6PGBHdmFKzcnCFB,676824
PMwLzbCCndFwFww6nrzDf,275615
PNLWb9zzTRkcJ6Dbrg67G,533561
PPhTHwN7HKT6Hj9JNbDmt,646285
PPhTHwN7HKT6Hj9JNbDmt,646547
PPhWjKkrPQmCFfrrWcddD,690445
PPhWjKkrPQmCFfrrWcddD,710573
PPzjfmqjC76wFt8RHT8K8,614054
PPzjfmqjC76wFt8RHT8K8,618079
PPzmrDdFPbkKphtPwrwW7,502898
PQJbFn9m8g7J6BttmD6LN,533609
PQJbFn9m8g7J6BttmD6LN,537199
PQJbFn9m8g7J6BttmD6LN,538436
PQLpnnKFRhCrdMnwgdNHH,645186
PQLpnnKFRhCrdMnwgdNHH,653822
PQLpnnKFRhCrdMnwgdNHH,656571
PQbd6FrtTPTWfWQLT6Gr7,565570
PQbd6FrtTPTWfWQLT6Gr7,587940
PQgjdCTFwm89BmcWP9n7d,565554
PQgjdCTFwm89BmcWP9n7d,565640
PQgjdCTFwm89BmcWP9n7d,577260
PQgjdCTFwm89BmcWP9n7d,584699
PQm7zFjBPCzc68JDd8D6z,275835
PQm7zFjBPCzc68JDd8D6z,276820
PQm7zFjBPCzc68JDd8D6z,286939
PQzMRpfQWLmdbqNQqjWnH,652760
PRDqBbn6d9cWtWjMjptKj,275689
PRDqBbn6d9cWtWjMjptKj,275691
PRDqBbn6d9cWtWjMjptKj,676684
PRNMJn6THmFNCk9h68Bcw,612604
PRNMJn6THmFNCk9h68Bcw,617908
PRh9NpRhN76FHztmTm7nt,261461
PRh9NpRhN76FHztmTm7nt,676788
PRkRJkPDTwbd7RLCKPkNt,631889
PRkRJkPDTwbd7RLCKPkNt,633636
PRkRJkPDTwbd7RLCKPkNt,633733
PRtnhQ68CgRRFJpwkpKbR,237964
PRzqJ97HHdM6f8bLKhGzQ,225904
PRzqJ97HHdM6f8bLKhGzQ,225905
PRzqJ97HHdM6f8bLKhGzQ,270920
PRzqJ97HHdM6f8bLKhGzQ,270921
PRzqJ97HHdM6f8bLKhGzQ,537249
PRzqJ97HHdM6f8bLKhGzQ,549251
PRzqJ97HHdM6f8bLKhGzQ,676764
PTDpbrCQt8NJfgq9fB8cF,237819
PTFnJCdhWD9cFgMMNPqQj,225525
PTFnJCdhWD9cFgMMNPqQj,225528
PTFnJCdhWD9cFgMMNPqQj,225547
PTFnJCdhWD9cFgMMNPqQj,226020
PTFnJCdhWD9cFgMMNPqQj,271098
PTFnJCdhWD9cFgMMNPqQj,488457
PTFnJCdhWD9cFgMMNPqQj,561329
PTR7kfMCdM6TmztT8d7GM,237971
PTR7kfMCdM6TmztT8d7GM,238441
PTbtpLNBrfMq9nNffBmMJ,546697
PTbtpLNBrfMq9nNffBmMJ,549692
PTjbDJpDMHwR6TdJkBLtr,237776
PTjbDJpDMHwR6TdJkBLtr,275413
PTwFjp7bRMhWjwr6dcj68,502895
PWGBRjB7mhQJNkq896RNz,274400
PWGBRjB7mhQJNkq896RNz,274401
PWbNdrFrhPDk99CRG7QfM,561286
PWbNdrFrhPDk99CRG7QfM,578092
PbJPpjMq7L7zQDGnfhm8G,533092
PbTTdKnFz9jptJ7WkbB6K,274410
PbTTdKnFz9jptJ7WkbB6K,275730
PbTTdKnFz9jptJ7WkbB6K,276837
Pbw7BCzT7RnLTqz7R8TgN,453316
Pc9dDNQmwKnmDbgf6jrLH,487380
PcCQGjz68TjzgQrMfRnLQ,695212
PcKQPM7Qw6JQGpqbkDNWD,709834
PchH8H7tWqQMjdRdwTLPR,275703
PchH8H7tWqQMjdRdwTLPR,565695
PchH8H7tWqQMjdRdwTLPR,577279
PdKcNzJNPJgpcF9TTCqm6,275666
PfB8MChc7h7wmW6wgfRBM,502871
PfLGWkcf8RngRHztHDfFT,533047
PgCtkKz6JjJQ9mgKK679T,695147
PgRT6QwWgcLdGhcNLHfmj,453337
PgnDgtR8PgKfMLKHDph8k,502840
PhD7nmCtwWrmPpQ7NG8tz,695182
PhTkFwKHqwmWW8NjCbKHG,225312
PhTkFwKHqwmWW8NjCbKHG,225732
PhTkFwKHqwmWW8NjCbKHG,271257
PhWgpcwRmzjQ6bDcqcPbW,692516
PhqfJGJnp8FkNNqQb9crd,676440
PjpbjQFgwwt6Bc6BcwRr9,676355
PjwhnN8B6FghrjRmGwhnJ,565410
PjwhnN8B6FghrjRmGwhnJ,577189
PkQPFgMNLn69hmMnq7jCC,561281
PkQPFgMNLn69hmMnq7jCC,584728
PkQPFgMNLn69hmMnq7jCC,654076
Pm8jQMDcJhBnT8wj6rwFD,633248
Pm8jQMDcJhBnT8wj6rwFD,633618
PmCBczjbM8CQHRBjmcq9D,550312
PmCBczjbM8CQHRBjmcq9D,551506
PmfNcqdqDJ89QGFqqLjnz,695247
PnMQ8tr9B76DfQQNT6gKb,633370
PnfMD9zp7JgTwTmJTQkwz,518329
PnhGtMCHdMDGwzLj9JGwQ,453162
PnnF9jgBnbK7W67t7KrHG,695203
PnpHhBNBrWPC89LLC8td7,676443
PpF7WhbMCTMBrK9cLtPmR,488396
PpF7WhbMCTMBrK9cLtPmR,489178
PpQBJwQCfFrHzKM9TkcbD,248528
PpQBJwQCfFrHzKM9TkcbD,275536
PpnFdNFq8GrzCqrmDTbcW,517799
PpqRhHJBbdPQQCCDg6kQQ,551541
PpwQBBjqmBbgBrKMPbbBr,225979
PpwQBBjqmBbgBrKMPbbBr,225980
PpwQBBjqmBbgBrKMPbbBr,271107
PpwQBBjqmBbgBrKMPbbBr,271109
PpwQBBjqmBbgBrKMPbbBr,537308
PpwQBBjqmBbgBrKMPbbBr,537338
PpwQBBjqmBbgBrKMPbbBr,580614
PpwQBBjqmBbgBrKMPbbBr,580615
PqNCC7zzLf8kFWDCpj7g6,225165
PqpzLCTzp6Q6JkwqtDPhf,632076
PqtddPd9R76TbBtrChz6d,565591
PqtddPd9R76TbBtrChz6d,577225
PqwWTC8WTQccwfcNwtjNT,237888
PrJkWBKNgtNdzhqhWLGFw,275837
PrJkWBKNgtNdzhqhWLGFw,278636
PrJkWBKNgtNdzhqhWLGFw,278637
Prkf9mwfBCbLDHncK6CPP,275101
Prkf9mwfBCbLDHncK6CPP,276816
PrzDDzhJCLMPdrJDzrrpr,274524
PtBr9hn97WqBzgMqNHzFp,502802
PtBr9hn97WqBzgMqNHzFp,517121
PtCqzqtLLBDWqwFPPKKPj,502885
PtT7qcpC9QCBBMq6mHP88,609130
PtT7qcpC9QCBBMq6mHP88,625006
PtcNWqrmfGgdQmLzBQWtp,648465
PtqHmkzqPMf9KBfk88QrR,546703
PtqHmkzqPMf9KBfk88QrR,549709
PtqHmkzqPMf9KBfk88QrR,551529
PtqHmkzqPMf9KBfk88QrR,555744
PtqHmkzqPMf9KBfk88QrR,676641
Pwqq9mKTNnKBPMrH9NHk6,552035
PzB6NcbhjdFqq7QBgTLgg,517873
PzGjPPLt9cWDqTWCQnzTC,633372
PzdWT6J9q9kMDBkMpjC9F,551657
PzdWT6J9q9kMDBkMpjC9F,551660
PzqrHpPGhk7qzw6Nq9DG6,226033
PzqrHpPGhk7qzw6Nq9DG6,270889
PzqrHpPGhk7qzw6Nq9DG6,561388
PzrMFnfwtKgzMTTLWqRdj,517854
Q6NPtH8N8MJcmBc9pkpHL,551591
Q7JLckkNhtBmRQBKRqnJM,274497
Q7MwD7d9tcbhG9bjm7qQW,676316
Q8R69DNJCThNGkddBPW6k,630343
Q8R69DNJCThNGkddBPW6k,633382
Q8bMrFtWrMrdPC7KtGbFz,577734
Q8bMrFtWrMrdPC7KtGbFz,578822
Q8bMrFtWrMrdPC7KtGbFz,584731
Q8gBqCWH8grgtgN8gdbp7,248494
Q8gBqCWH8grgtgN8gdbp7,262553
Q8zWBnk8WGTkgwzHG8pcp,487175
Q8zWBnk8WGTkgwzHG8pcp,489137
Q8zWBnk8WGTkgwzHG8pcp,489252
Q9B8TDhTdfDLN8ccnBThK,225534
Q9B8TDhTdfDLN8ccnBThK,225719
Q9B8TDhTdfDLN8ccnBThK,271160
Q9B8TDhTdfDLN8ccnBThK,450668
Q9B8TDhTdfDLN8ccnBThK,677678
Q9tHhJBMzdRk6HGC9nBGp,549737
Q9tHhJBMzdRk6HGC9nBGp,551543
Q9wCKDmjFwjdjdL6rkcLJ,453238
Q9wHzF6BQjrjMwmKWBbpn,690446
QBBDQjBmrCk9CR7BG8wmH,225128
QBDrnc9CmJD6BdzzhQGjJ,453396
QBPpDnWkrTkRMnJBkjHLq,561344
QBPpDnWkrTkRMnJBkjHLq,617813
QBdRfJk6kfmbcf6RLDrPJ,612589
QBdRfJk6kfmbcf6RLDrPJ,618024
QBwMd7jJGmz7cFKLRDjHd,533549
QBwMd7jJGmz7cFKLRDjHd,537288
QBwMd7jJGmz7cFKLRDjHd,563309
QBwMd7jJGmz7cFKLRDjHd,676821
QBwTWNc9FMGQfwHRTTdHj,250021
QBwTWNc9FMGQfwHRTTdHj,262531
QBwTWNc9FMGQfwHRTTdHj,454855
QBwTWNc9FMGQfwHRTTdHj,502711
QBwTWNc9FMGQfwHRTTdHj,561912
QBwTWNc9FMGQfwHRTTdHj,565402
QBwTWNc9FMGQfwHRTTdHj,577200
QBwTWNc9FMGQfwHRTTdHj,577256
QBwTWNc9FMGQfwHRTTdHj,695258
QC96CLBjnjN8qPJz7PGBT,275670
QCKJqg6QMPR9pLPBCJQJK,488385
QCKJqg6QMPR9pLPBCJQJK,489120
QCKJqg6QMPR9pLPBCJQJK,489268
QCKRPnMGTCBhwWKN68hmr,676499
QCKrPkcL9crDhmNhQTnPc,631978
QCKrPkcL9crDhmNhQTnPc,631979
QCKrPkcL9crDhmNhQTnPc,636253
QCNfk6P8BPNNwfP7WCczg,517396
QCNfk6P8BPNNwfP7WCczg,676780
QCQmJTff79gRj7bChFTM7,676430
QCpd7ctKhtN7LCP8FqkmP,633321
QCpd7ctKhtN7LCP8FqkmP,633675
QCpfgTGDPgHt89LMDPQNr,453270
QD7K9HmH9g9CLWRPcz87n,237695
QD7K9HmH9g9CLWRPcz87n,502763
QD7K9HmH9g9CLWRPcz87n,514125
QDH7qtJbC6HLbqnGzDBkR,609546
QDH7qtJbC6HLbqnGzDBkR,614546
QDQgkJbfM7Dm8nrm8CDND,677603
QDgDmcwTqJPDctWrbqMLt,225161
QDgDmcwTqJPDctWrbqMLt,271134
QDgDmcwTqJPDctWrbqMLt,708895
QDrMdfMCqDCjTpkBQmdJD,502779
QDrMdfMCqDCjTpkBQmdJD,514111
QDrWjRHBmBWBnJHmmbzRM,225229
QDrWjRHBmBWBnJHmmbzRM,270948
QDrWjRHBmBWBnJHmmbzRM,675376
QDrWjRHBmBWBnJHmmbzRM,678563
QF7w8mPkmCmLGmtzDLDPM,677612
QFHnNNCbhDptJfPMbcmHK,676435
QFJ7cfqhj6TqrwLQQJNFL,237854
QFJ7cfqhj6TqrwLQQJNFL,238527
QFPqG8Wtc6WdDKhn7fzBk,654041
QFPqG8Wtc6WdDKhn7fzBk,654042
QFf8JBQK6HBJ6Tqdzm9HJ,676311
QFg6Qh7ckkNzfhkDrJdrh,248557
QFg6Qh7ckkNzfhkDrJdrh,565692
QFg6Qh7ckkNzfhkDrJdrh,577179
QG8JhRkFBWF7GzrqMnkKq,612659
QG8JhRkFBWF7GzrqMnkKq,676534
QGHNhTQCTGmdJ9FRDbTNC,488508
QGHNhTQCTGmdJ9FRDbTNC,489305
QGHNhTQCTGmdJ9FRDbTNC,500680
QGcNgm9FQLDfT8LtBcGB7,693429
QGcNgm9FQLDfT8LtBcGB7,693430
QGjhRDwJdHr68gtkNqCWm,580649
QGp9LdRwfGKzQnpHrbJtN,611165
QHNfbDkffrKWgwDw7MjwQ,275835
QHNfbDkffrKWgwDw7MjwQ,276806
QHNfbDkffrKWgwDw7MjwQ,281398
QHNfbDkffrKWgwDw7MjwQ,676642
QHNfbDkffrKWgwDw7MjwQ,677684
QHhGzKbHqzz6fgGBhWcKR,275627
QHhGzKbHqzz6fgGBhWcKR,276865
QJKrt7FrgBJqNBhfjbmCP,274396
QJKrt7FrgBJqNBhfjbmCP,274397
QJWNKmgngBdFTwDGmmjCF,533503
QJWNKmgngBdFTwDGmmjCF,537302
QKgbfzgpnzfq7HKgWTzRg,502724
QKhbmNTMMfFNmDkp7gcRd,275736
QLDR6B8G7KPBBTF8C9JKJ,633272
QLFBGCzhjCqFKrPBn7GFN,278399
QLFBGCzhjCqFKrPBn7GFN,278400
QLGJkQKtpmGkqwpTtHqzG,225089
QLGJkQKtpmGkqwpTtHqzG,225695
QLGJkQKtpmGkqwpTtHqzG,271232
QLGJkQKtpmGkqwpTtHqzG,647392
QLGJkQKtpmGkqwpTtHqzG,676734
QLkz9dFQmJGnCtCRLJ9QC,502741
QLkz9dFQmJGnCtCRLJ9QC,502743
QLtPbbtqrQ9hNtWH6jG6t,453341
QMWDbQKHnWCcj8zrpmTMk,271312
QMWDbQKHnWCcj8zrpmTMk,502810
QMpq7DpJhfwJKkBfr6JKF,565673
QMr7k6cBWr6PJNDFFWgFw,632647
QMr7k6cBWr6PJNDFFWgFw,634073
QNjHwWjJFcDtq8KqpHRjP,677639
QNjHwWjJFcDtq8KqpHRjP,677640
QNqdkrjrQND77MrKwwMtm,677632
QPHcwktfpnPBPfqHCDfKw,533636
QPTGQGKCgD6B7fR9Nngdn,693431
QQJMKL7hLRfLcMhQCwTpN,273149
QQMpBBLgqWwtCHqdfRBkR,226073
QQMpBBLgqWwtCHqdfRBkR,271137
QQqkkCLrwB88t8t7w8mwz,695220
QRFzLnNBm8tCqBmKFdQbf,225307
QRFzLnNBm8tCqBmKFdQbf,271224
QRFzLnNBm8tCqBmKFdQbf,489258
QRFzLnNBm8tCqBmKFdQbf,676636
QRhMFtbfPHP67Rmwbzdcj,248485
QT8JfjzmzqRR9MWgtgPLR,225104
QT8JfjzmzqRR9MWgtgPLR,225324
QT8JfjzmzqRR9MWgtgPLR,225579
QT8JfjzmzqRR9MWgtgPLR,225903
QT8JfjzmzqRR9MWgtgPLR,238445
QT8JfjzmzqRR9MWgtgPLR,270927
QT8JfjzmzqRR9MWgtgPLR,497989
QT8JfjzmzqRR9MWgtgPLR,664540
QT9MbtNRBFHRQdGhckjpk,676301
QT9MbtNRBFHRQdGhckjpk,677617
QTCkmrDWzwq6Qq6QczrDn,502913
QTCtQrNNqdCGRr8CFmqcp,633375
QTk8NJWmtGQnw9WFTkkP7,551653
QTkWJ8jqCgbMCTcNpmMmC,612562
QTkWJ8jqCgbMCTcNpmMmC,634088
QTpCnrrjTbQhdRdLBzLzB,533025
QTpCnrrjTbQhdRdLBzLzB,580609
QW7gqb6tmznfRQNnMkWmW,577775
QWftpgJpG9fHpC9MdjzKP,225074
QWftpgJpG9fHpC9MdjzKP,271288
QWftpgJpG9fHpC9MdjzKP,676813
QWgWwdcd8GPj8dCjCmRCR,248390
QWgWwdcd8GPj8dCjCmRCR,262515
QWgWwdcd8GPj8dCjCmRCR,584723
QbQhqwJRFfmcWfjTDqL8t,502882
QbRRGgm9QNjFGchhLkbtF,453299
QbRRGgm9QNjFGchhLkbtF,453301
QbRRGgm9QNjFGchhLkbtF,454853
QbtQ6rBPTTD99TNC7PGRM,261516
QbtQ6rBPTTD99TNC7PGRM,268387
QcJHqRnCpgHQ7KBMHmbWT,275661
QcJRp9NTtCcp6CTBkkGRt,676317
QcgncKTnLcdGKQnwDjqdz,238501
QcgncKTnLcdGKQnwDjqdz,258332
QchDmTfCPjWBL89NWRdRL,502912
Qcj66Pf677BBrkJKWFpPk,517410
QctzddqGNk8RgCTBMWPMN,633298
QctzddqGNk8RgCTBMWPMN,633652
QctzddqGNk8RgCTBMWPMN,633718
QdCcTgDwqq66NHp6qDdTz,274750
QfgfNF9MFTT6PcKqwH6bn,237962
QgFnmwphgLtnNmrHF8B6w,225257
QgFnmwphgLtnNmrHF8B6w,225364
QgFnmwphgLtnNmrHF8B6w,225374
QgFnmwphgLtnNmrHF8B6w,225780
QgFnmwphgLtnNmrHF8B6w,271083
QgFnmwphgLtnNmrHF8B6w,273150
QgJQKQKbPcQRM9BJ9qkGG,676408
QgWLgwcDwzpDdNrRTzDkW,453319
QgkQT8TfFkgPfKbqmF9pb,502718
QgnRKmWk6WG8RhnhRTkNB,633305
QgnRKmWk6WG8RhnhRTkNB,633659
QgqNQGbtcF6NNBMDbDMhh,453174
QgqNQGbtcF6NNBMDbDMhh,453176
QhGTkpkFQbMB7zzTdcKM8,225093
QhGTkpkFQbMB7zzTdcKM8,225703
QhGTkpkFQbMB7zzTdcKM8,647423
QhRMMbB6zPRzJJk7hJQwj,652756
QhRdtFcQmqP8dwqMgHhdL,708946
QhRdtFcQmqP8dwqMgHhdL,709346
QhmRdkQHR9W8JbdmBTW9k,549269
QhmRdkQHR9W8JbdmBTW9k,551588
QhmRdkQHR9W8JbdmBTW9k,555731
QjCCMBLNTHkwzPqmjCTqN,633291
QjCCMBLNTHkwzPqmjCTqN,633641
QjLfPrBc8Rn76HhBcNbhj,237795
QjT7Pt8nTWqtfT6GbrQnJ,274508
QjT7Pt8nTWqtfT6GbrQnJ,274510
Qk8tQfhtfP8mpHgcJBRD6,453358
QkHWwDgWHtWPqbHHrcBLM,261424
QmBfhgrGL6JDrhkn6ccg8,633329
QmBfhgrGL6JDrhkn6ccg8,633682
QmJG8pMhhgzJHgRRJTGb6,653967
QmJTKzcT6dtHwqktKqBFk,611174
QmJTKzcT6dtHwqktKqBFk,614574
QmJTKzcT6dtHwqktKqBFk,618758
QmqN6fJJMnLDjLHKF7g97,489232
QmqN6fJJMnLDjLHKF7g97,489996
QmqN6fJJMnLDjLHKF7g97,495266
QmqN6fJJMnLDjLHKF7g97,501738
QnFfpGtbFWTWCRjMrJnc7,675357
QnFfpGtbFWTWCRjMrJnc7,676648
QnGJNBGBFw98q9n9NCdRW,225026
QnGJNBGBFw98q9n9NCdRW,225522
QnGJNBGBFw98q9n9NCdRW,225742
QnGJNBGBFw98q9n9NCdRW,238443
QnGJNBGBFw98q9n9NCdRW,262584
QnGJNBGBFw98q9n9NCdRW,270907
QnGJNBGBFw98q9n9NCdRW,489201
QnGJNBGBFw98q9n9NCdRW,501741
QnKbrhtk7HFcckCBbFmkt,248567
QnWbfrP7C7ttrrWgtbMcp,225716
QnWbfrP7C7ttrrWgtbMcp,271044
QnWbfrP7C7ttrrWgtbMcp,676810
QnhtjH6jDLQcJThkQgJ7K,248452
QpMtrnpTR8gr7KQGDn6Jk,676406
QqDQKkgCz9TM6HDgFkqcL,553524
QqDQKkgCz9TM6HDgFkqcL,553907
QqDQKkgCz9TM6HDgFkqcL,563858
QqFg7dmp9NTgKcr88p6KG,533598
QqKLnDCDCgnqtz8bzgFRt,225858
QqMdqbNP8f7jj7DkmNMj9,518378
QqNbkbMnDhQrdrBj77Qpr,489147
QqNbkbMnDhQrdrBj77Qpr,492731
QqNbkbMnDhQrdrBj77Qpr,501740
QqNbkbMnDhQrdrBj77Qpr,561331
QqNbkbMnDhQrdrBj77Qpr,676542
QqcPfRmQ9JHzRBmHkWqJp,518391
QqcPfRmQ9JHzRBmHkWqJp,532023
QqfKkBhgJfFFnDLmwcHfL,533602
QqfKkBhgJfFFnDLmwcHfL,678567
QqghkNGDQHkGMRGRt8pDr,248501
QqghkNGDQHkGMRGRt8pDr,262473
QqghkNGDQHkGMRGRt8pDr,561935
QqghkNGDQHkGMRGRt8pDr,565646
QqghkNGDQHkGMRGRt8pDr,577220
QqghkNGDQHkGMRGRt8pDr,577276
QrC9WRqBkFRtzwGCLp9BG,261400
QrHJnzKzpMwgfJMcKQ8Dp,653954
QrKGJL7bHCFKbr9N9MNpm,238667
QrKGJL7bHCFKbr9N9MNpm,242130
QrKGJL7bHCFKbr9N9MNpm,264276
QrKGJL7bHCFKbr9N9MNpm,502796
QrKGJL7bHCFKbr9N9MNpm,561392
QrKGJL7bHCFKbr9N9MNpm,707174
QrQCpQFPnLLPqN8qKgpTp,647341
Qrk8RRBkp7q98qbGDTgDB,695243
QrrLFqPwPhPkqTwqnzCMq,606690
QrrLFqPwPhPkqTwqnzCMq,615602
QrrLFqPwPhPkqTwqnzCMq,617834
QrrLFqPwPhPkqTwqnzCMq,618085
QtH7PBLtrgwf8tLG8HpWD,565579
QtHWQMww79tzzPLJfbQBp,633231
QtHWQMww79tzzPLJfbQBp,633616
QtHWQMww79tzzPLJfbQBp,633692
QtTgrgcKwKqCJ8dc9Mbbb,552027
QtbWQ6Lr8QmMRJHnpkB9L,488340
QtbWQ6Lr8QmMRJHnpkB9L,489157
QwPWQnB7zg7kBPkNT9Mqp,653221
Qww77MgHTjLnBWCJ7NTDp,453195
QzMcw6fdMzggnrQ8M9jbC,225190
QzMcw6fdMzggnrQ8M9jbC,225327
QzMcw6fdMzggnrQ8M9jbC,271198
QzMcw6fdMzggnrQ8M9jbC,676589
R6NHGRHdjzP77nfqbDGHM,676413
R7B9m6hKjCKhRFpfcNzbT,652753
R7K6C9kzFHbpHGLHHFJtg,488443
R7Q6MhPq9nCBT6DhbQMDL,633289
R7Q6MhPq9nCBT6DhbQMDL,633639
R7RwbN6Gw8g79hw7wwPMf,225964
R8JRnKHBzwRGBw8hnrJrg,248495
R8W7dzcQdMj9BNjKQp6bd,653949
R8tkQLNHj6QjtNW968NDf,647376
R99PcjQg9DCkMMcdTW7Hh,565576
R99PcjQg9DCkMMcdTW7Hh,577224
R9Q7mwDPBhRhhgRbtC6dD,275668
R9WwPqkfTJnGhpN8fmnCt,567101
R9dRbDCJbNGLHFctHd9pW,694929
R9kfhcPCFtLGfRWnBnqKT,226035
R9kfhcPCFtLGfRWnBnqKT,270894
RBWKndBPqQHwdWCzPnj8k,653825
RBWKndBPqQHwdWCzPnj8k,654035
RBWKndBPqQHwdWCzPnj8k,654036
RBWKndBPqQHwdWCzPnj8k,676822
RBcRMcBrm89m6pcTDQnP9,606732
RBcRMcBrm89m6pcTDQnP9,615359
RBcRMcBrm89m6pcTDQnP9,617893
RBmR6mwf6mzwwg7nwtGzK,225625
RBnkrB6LWQHFDcD8RjcWT,612651
RCbbcgDkg87qdrBzwpRrD,275724
RCqkLt7cqwdWMNrmFqpc8,502592
RCqkLt7cqwdWMNrmFqpc8,502740
RD7BHJDcDPPKNGPKj7fHP,677647
RD7rFNprgNp9HBwwTTk88,611175
RDTDDzfpjwLc9QrLWhqtB,226087
RDTDDzfpjwLc9QrLWhqtB,271180
RDTDDzfpjwLc9QrLWhqtB,498001
RDcn7fQgNLdCnRwjJ8pPK,676294
RDkP9CqzbwDGJmTg7hrp7,274495
RFF6Bj8MJNDJLQG9kkpq8,275612
RFF6Bj8MJNDJLQG9kkpq8,276850
RFMBB9GfNJQLM6GJkRz9W,502931
RFRrT7hMB7bMJ9jcjzJgj,261479
RFRrT7hMB7bMJ9jcjzJgj,268464
RFdQdrNDp9QHmpffbKFfg,261504
RFdQdrNDp9QHmpffbKFfg,261505
RFmtPCHdfDHpqhLnr9hTD,261448
RGHRQgGJdBhBPgM9Pfgw7,533551
RGHRQgGJdBhBPgM9Pfgw7,537262
RGPqjKtjJdcNLcrb8NGmN,517323
RGPqjKtjJdcNLcrb8NGmN,519489
RGPtLmm7fqBkmPTgNTM7h,237902
RGTFQcwQp66wkFBWJBk6T,275685
RGWMn6WwnDpnmB7HHB7jz,654033
RGd9j6fF9Nn8NFB9B6pfN,549751
RGd9j6fF9Nn8NFB9B6pfN,551542
RGprh7bBDNJBFGQDRtqzB,453320
RGqFf9CnkWKhjMgfrTbdz,517204
RH98bg97nBD6bPmhcPLrJ,653997
RHB7WdBLKPhLTzJHTWJQq,614290
RHLWQrrJnTDMjfMjpf9m8,261488
RHLWQrrJnTDMjfMjpf9m8,678577
RHPQfjcCgDTBLmWrNKGbR,677614
RHgCJmWQWbPNf6pTDknLc,261380
RHjPhrMkPMDrNghTztTzc,518347
RHn8rJBnGbggWjkLcJjJL,517433
RHnFkKb8FKdFzp9rdzGjF,225532
RHnFkKb8FKdFzp9rdzGjF,225689
RHnFkKb8FKdFzp9rdzGjF,270913
RHnFkKb8FKdFzp9rdzGjF,605496
RHnFkKb8FKdFzp9rdzGjF,664857
RHqhRWwFMkFRF9dLMkPtw,237801
RHqhRWwFMkFRF9dLMkPtw,692549
RHrBnDBNJwLh8PDLGBmch,261358
RJ8hnzj6mrwNBmbn6BLLG,237828
RJNjgKCzrKtWJfdqRPMhg,261357
RJgjqhgWBPnfhC76CRLjt,488448
RJgjqhgWBPnfhC76CRLjt,489238
RJjbqnMGDRbB9LMT8LpDk,646463
RJn7qQFgkNz6qR9rwntCc,488433
RKDPjzdGtKWMQnNcHBdF8,237983
RKDPjzdGtKWMQnNcHBdF8,238426
RKDPjzdGtKWMQnNcHBdF8,238460
RKDPjzdGtKWMQnNcHBdF8,275549
RKRN9bHTHCLMrbrzhRN9F,708901
RKW7z89gLBwpKqrWPfgHH,225802
RKbRPkHTBMrQBjf789nwC,225208
RKbRPkHTBMrQBjf789nwC,270917
RKfqhH8h8jnhfC9fcDPmc,676283
RKqGdm6WndJLgwRtTQkpc,533548
RKqGdm6WndJLgwRtTQkpc,545413
RLBLjtFb8gPjJLmTPL9j9,237787
RLDRbkhHqH6DQCjtqPrMQ,641680
RLDRbkhHqH6DQCjtqPrMQ,657469
RLFbbtnr6PH8fKBQmHLCg,453231
RLLnbfp9zC8Fcm9Tn9pQf,677645
RLQrqhLnpqbkKh8qLRtnn,633360
RLgW7JWBFfhtLQddmChnh,237909
RLgW7JWBFfhtLQddmChnh,238468
RLjzjPgc67fWrMNjjLtBm,225202
RLjzjPgc67fWrMNjjLtBm,270900
RLjzjPgc67fWrMNjjLtBm,273142
RMH9HdzcjCWdzLR7qwgbm,487391
RMH9HdzcjCWdzLR7qwgbm,489209
RMcmPNFfqQp6rpn6dkJ9H,517472
RMcmPNFfqQp6rpn6dkJ9H,518247
RMzHL8LcWc9KdMbRPP8CB,531877
RN8gkCHTdn6DLWt7BzNfW,225852
RNCWjkhhdhrHCNRncqznq,656464
RNMKPPRN6zPQnrcLWqzwH,518320
RNTCqkRgmcHbcjjNph96G,453241
RNdgT9tDmGkztGN7zpkRn,533043
RNdgT9tDmGkztGN7zpkRn,537224
RNdgT9tDmGkztGN7zpkRn,537254
RNdgT9tDmGkztGN7zpkRn,537313
RNdgT9tDmGkztGN7zpkRn,537343
RNfgGmc8wHgBrmC6gkqBd,488461
RNfgGmc8wHgBrmC6gkqBd,500728
RNfgGmc8wHgBrmC6gkqBd,634085
RNnkTtQK8QpLJKDTqK97M,488335
RNnkTtQK8QpLJKDTqK97M,489295
RNrdzq87MmgFMG6WPHhhz,612687
RNrdzq87MmgFMG6WPHhhz,617953
RP6pJj9WtwbTT79qdHPkz,225211
RP6pJj9WtwbTT79qdHPkz,225501
RP6pJj9WtwbTT79qdHPkz,226076
RP6pJj9WtwbTT79qdHPkz,246411
RP6pJj9WtwbTT79qdHPkz,270887
RP6pJj9WtwbTT79qdHPkz,518435
RP6pJj9WtwbTT79qdHPkz,601111
RP6pJj9WtwbTT79qdHPkz,675352
RP6pJj9WtwbTT79qdHPkz,675372
RPKmTWBNkJRdCQk79mHPR,708974
RPWBDmM6hG6dk9zMWwr6b,606681
RPWBDmM6hG6dk9zMWwr6b,615602
RPWBDmM6hG6dk9zMWwr6b,617833
RPWBDmM6hG6dk9zMWwr6b,618085
RPjrTRkKNrQHCmd6M6DdC,488347
RPjrTRkKNrQHCmd6M6DdC,676571
RQTzJCzpBPBbNHDRF8DCN,517414
RRBhCdRN8Fj7zw6hQdLPJ,690448
RRfwzgrbMbFGNqppnD8rB,531874
RRfwzgrbMbFGNqppnD8rB,537278
RRfwzgrbMbFGNqppnD8rB,542273
RRwGHgbnNGFT7PDPDwkDG,549689
RRwGHgbnNGFT7PDPDwkDG,551485
RRwGHgbnNGFT7PDPDwkDG,676621
RT8TnMD9BHtJg8Fr6DLRF,695264
RT8TnMD9BHtJg8Fr6DLRF,696113
RTbHRmf96T8Pz7MD7KLc7,609581
RTjbpgTNHN9bKgKNdKwpP,248520
RWDphL6CBKRwDcqCHKfTG,453234
RWHJMQ9jdRHFHKNqcJDMD,651044
RWHJMQ9jdRHFHKNqcJDMD,651045
RWtpgDMGHmDwhwrrKCDr9,550311
RWtpgDMGHmDwhwrrKCDr9,551572
RWwk8hgBdnRdWfjkrfJHt,225542
RWwk8hgBdnRdWfjkrfJHt,225612
RWwk8hgBdnRdWfjkrfJHt,226040
RWwk8hgBdnRdWfjkrfJHt,270953
RbPKWpnNdq7P8nphqdJn6,487179
RbPKWpnNdq7P8nphqdJn6,489124
RbPKWpnNdq7P8nphqdJn6,489245
RbQQFDFMgLp8MrGnzGNLc,708898
RbgFbTMtHzGhq8dmDLwpG,612640
RbgFbTMtHzGhq8dmDLwpG,616351
RbpzqdWTwMQDRTpNhwdtp,609229
RbpzqdWTwMQDRTpNhwdtp,618305
RcNNBLRcBbGCWnNjqzPdQ,653414
RcbDmpjTgR9FJbgqzb8Tq,695229
RchmHdpjFdfQrcKkCn8MP,612563
RchmHdpjFdfQrcKkCn8MP,616359
Rd8NkggL9QCtdLG8Bd8WG,488493
RdDHPzqPQmtJhjpcgcRhh,653981
RdDHPzqPQmtJhjpcgcRhh,676816
RdftGrd8H6WJCkTPtNtGD,225940
RdftGrd8H6WJCkTPtNtGD,271215
RdhQwD68PqftRqmJpjLjp,612617
RdwgJFC9Lq8rmrgG8fjKf,488372
RdzmGtLg9BgTTbC6BjFdk,502827
Rf8CHpzmhJNppCtDDKWDm,225223
Rf8CHpzmhJNppCtDDKWDm,225944
Rf8CHpzmhJNppCtDDKWDm,250023
Rf8CHpzmhJNppCtDDKWDm,261356
Rf8CHpzmhJNppCtDDKWDm,262485
Rf8CHpzmhJNppCtDDKWDm,270892
Rf8CHpzmhJNppCtDDKWDm,502720
Rf8CHpzmhJNppCtDDKWDm,550715
Rf8CHpzmhJNppCtDDKWDm,647743
Rf8CHpzmhJNppCtDDKWDm,647746
Rf8CHpzmhJNppCtDDKWDm,647747
RffddJzMgBmzDwQd6JCnf,695267
RffddJzMgBmzDwQd6JCnf,695301
Rft8fQBq9gz7bRh6BfjRC,565589
Rft8fQBq9gz7bRh6BfjRC,577213
RhP7JKg8zRrqFdMdpGNqF,676286
Rhc9fGptBBhtNFDWbKGW8,549705
Rhc9fGptBBhtNFDWbKGW8,551487
RhgwRgbM8Q8WBdBMTtwQR,517430
RhgzwQqqQ9g9mt8LkBzQm,708989
RhkhMcbkCpRhLmpfqmbDF,641687
RhkhMcbkCpRhLmpfqmbDF,657467
RhmtDg8Qcz8wtFLFQLh98,453253
Rhwctgbpc8DkRWbfPbpKg,694923
RjKRwHmnd9Dh87HHhr9mw,630336
RjKRwHmnd9Dh87HHhr9mw,633624
RjNJbgTJn7bJrjJHBdfC8,275839
RjNJbgTJn7bJrjJHBdfC8,278634
RjNJbgTJn7bJrjJHBdfC8,278635
RjcPtRpbKCD9THck8w7Nw,533480
RjcPtRpbKCD9THck8w7Nw,537271
Rjg6tLjCGKhfGJkcnJFQD,654007
Rjgh7kQCWKkTdChRmWt7w,518290
RjjGjcfnzzmwGGw6DcLWj,533553
RjjGjcfnzzmwGGw6DcLWj,537241
RjjGjcfnzzmwGGw6DcLWj,537300
RjjGjcfnzzmwGGw6DcLWj,549270
RkMDk6MdKNGzhKnnPkLnD,225798
RkMDk6MdKNGzhKnnPkLnD,633717
RkrCbfz9npggPKrTHFN8z,238372
RkrCbfz9npggPKrTHFN8z,257325
RmCnthNDKJ977KcRNmMbg,692547
RmJNprW8pD7hPmcMJ6Q7N,676345
RmJbJDhmdzRFfHhj96G9f,488337
RmJbJDhmdzRFfHhj96G9f,489156
RmJbJDhmdzRFfHhj96G9f,489282
RmJbJDhmdzRFfHhj96G9f,561387
RmRmtQCGDHrktQmrn7KhF,237864
Rmm8PgnzKNNfLcnKh86jd,533569
Rmm8PgnzKNNfLcnKh86jd,537225
Rmm8PgnzKNNfLcnKh86jd,537261
RmpWGrQMtkjKRfd8QqrGJ,548335
Rmqh8trcb8QwBwPkQqPhj,248445
RmwkmHccFCW9T8HNbmBFq,561265
RmwkmHccFCW9T8HNbmBFq,577190
RmwkmHccFCW9T8HNbmBFq,584681
Rn7bzNz8BdmwrcTBkMHM6,549681
Rn7bzNz8BdmwrcTBkMHM6,551515
Rn7bzNz8BdmwrcTBkMHM6,553911
RnBBWkdHbRb6tCRPF8Mpq,237711
RnL78Jfhr8nfnqbgFFQwk,533620
RnL78Jfhr8nfnqbgFFQwk,537303
RnW9QJmpHNcgmnzB9bmLm,612618
RnW9QJmpHNcgmnzB9bmLm,617932
RnbGbqBjNFp8HMNrzKWHp,237774
RnjfWPNBLBd9nGR8RdhnT,453412
RnjfWPNBLBd9nGR8RdhnT,617892
Rp7FC6BPnwwPtMWdhWnJD,612642
Rp7FC6BPnwwPtMWdhWnJD,616353
RpM6tCjLdHHdfWcFbJrK6,502881
RpfpDfqWNgzTTJGFHrFnb,518303
RpjM6dFbhwh7WPQkNLbbF,225819
RpjM6dFbhwh7WPQkNLbbF,271102
RpjM6dFbhwh7WPQkNLbbF,276862
RpjM6dFbhwh7WPQkNLbbF,488499
RpjM6dFbhwh7WPQkNLbbF,489161
RpjM6dFbhwh7WPQkNLbbF,489285
RpjM6dFbhwh7WPQkNLbbF,537814
RpjM6dFbhwh7WPQkNLbbF,561385
RpjM6dFbhwh7WPQkNLbbF,633347
RpjM6dFbhwh7WPQkNLbbF,676558
RpjM6dFbhwh7WPQkNLbbF,678582
RpqBfPnFtnfqfGHkGNWqH,488391
RpqBfPnFtnfqfGHkGNWqH,695262
Rq8CK88DfJfrn9F8BjcLH,708975
RqL9CKpGPF6dMmDBhHDfT,275631
RrBgm8mpnBdCqMgfjDp7z,695251
RrLpMzrnbdgWFJh7D8r6q,653826
RrLpMzrnbdgWFJh7D8r6q,654037
RrLpMzrnbdgWFJh7D8r6q,654038
RrMqgK8fbbhbJMTqcKbdM,261349
RrMqgK8fbbhbJMTqcKbdM,488454
RrjhFCHBwjJHg7PQc6Prk,225593
RrjhFCHBwjJHg7PQc6Prk,225617
RrjhFCHBwjJHg7PQc6Prk,238413
RrjhFCHBwjJHg7PQc6Prk,271022
RrjhFCHBwjJHg7PQc6Prk,517483
RrjhFCHBwjJHg7PQc6Prk,518386
RrrMdb8KPhtNTzKFrRRWQ,561931
Rwgrgc7rDQbtj6KhkfjTb,633311
Rwgrgc7rDQbtj6KhkfjTb,633665
Rz7gTL7CQrDCtn9n87jGK,633341
RzWRHzmjbJP9czPThbzQ6,676416
Rzb9nrQp9GHCt7QwTKK6K,261513
RzdGctLgfrTtr7MWkBwWr,226092
RznwHPTkhd7rfzzJc9dp8,502597
T68MkCWcwQhqChRPKNR6C,577785
T6GTpNNkdNMhBWqfPfK8P,453300
T6b7mmKBRHjBq9TQwfRB7,225894
T6b7mmKBRHjBq9TQwfRB7,270938
T6b7mmKBRHjBq9TQwfRB7,275544
T6hdfgDWQgPTm8RJ8HpfQ,551665
T6hdfgDWQgPTm8RJ8HpfQ,563313
T6hdfgDWQgPTm8RJ8HpfQ,676631
T6w9bHBQFhbH9CbnqcTcz,577741
T7GW8p6RPN7C9Bk8bLWDd,695167
T7LWwwbfhmJMhQrBLKc7F,502623
T8Djg7CtcKNrhdbfBCb8t,611153
T8JFkBdwqccpH6PFCcBHq,533538
T8JFkBdwqccpH6PFCcBHq,537327
T8JJgk7GLGpcDQWWN9RH7,502760
T8JWb9PmhhbtHkRwdPdMQ,248438
T8JWb9PmhhbtHkRwdPdMQ,257326
T8LpTQg8Cqnk7jQgf9FhJ,676407
T8NmK9Tfdr6dJgG6DgQzG,453216
T8NmK9Tfdr6dJgG6DgQzG,457322
T8TC8nQ6HCgPGGLKRhpwh,237884
T8qmHczkFQMWqBMzJWtT6,453381
T8qmHczkFQMWqBMzJWtT6,518377
T8qmHczkFQMWqBMzJWtT6,676756
T9P9nJkNCBqM8dPHkhRhR,695286
TB9k9LLhgLQm7jD9tnNzk,633351
TBHBqQQ8FjFLkNKbGRncf,261353
TBw6LqgGqtfjFjgTc8df8,275727
TBw6LqgGqtfjFjgTc8df8,276843
TCDKdFdzFT6nJnBBRbCLL,238375
TCDKdFdzFT6nJnBBRbCLL,238660
TCDKdFdzFT6nJnBBRbCLL,247602
TCKTLR7jQp6BDTkbdpfJn,586570
TCKTLR7jQp6BDTkbdpfJn,654200
TCPqgq6QMqD9FqJ6DPQjD,676267
TCdgGPCgzDgGCJrwQgdpF,695199
TChD6cjwh6bQmkf7kQFqP,533567
TChD6cjwh6bQmkf7kQFqP,537323
TChD6cjwh6bQmkf7kQFqP,545418
TDCnCP7tnLRMNgHNJPTRF,275653
TDCnCP7tnLRMNgHNJPTRF,533626
TDCnCP7tnLRMNgHNJPTRF,633359
TDJfbQjqKCwLRT7RczDrM,275720
TDLFjnMHgTRGkfnwrFkLh,533479
TDLFjnMHgTRGkfnwrFkLh,537267
TDrmKkRWGKWnqfQkT9QML,561886
TDrmKkRWGKWnqfQkT9QML,565390
TDrmKkRWGKWnqfQkT9QML,565391
TDrmKkRWGKWnqfQkT9QML,565392
TDrmKkRWGKWnqfQkT9QML,577174
TF7Hf6qQMdmGf8wkDdLTL,261468
TF9hTCGJzwkjKNrgjgB6c,502883
TGDrGkM6WHKGtC9HQbzcT,612705
TGJ8mNQ6DnfnLqzH7WMFg,225924
TGJ8mNQ6DnfnLqzH7WMFg,271301
TGJ8mNQ6DnfnLqzH7WMFg,676808
TGKkqC6BBFJnggLzKtDLt,502606
TGPPfm8pTmjLGHjB889bD,225761
TGPPfm8pTmjLGHjB889bD,271110
TGmtp7HrQ86JjWhcMfgrh,624369
TH9GfGKwbnJRcWcgT8Gwc,611177
TH9GfGKwbnJRcWcgT8Gwc,617922
THJWhmjtGRtWfPMRFFkdd,488482
THfGwNNRhtRrDpdtzFhwh,453209
THjm6N9TQgQdbdkpqJnmR,248418
THkdFmjJffhRHdNTPcKmF,248508
THkdFmjJffhRHdNTPcKmF,255976
THmjft8HQNJtD6fcJHKCc,261430
TJdbQPDBpnLGpNmmN7fhg,248396
TK6twQMzpt7pKnRM8bFKn,533509
TK6twQMzpt7pKnRM8bFKn,537211
TKBfNBhjRmp7qF9rMQ9bK,274391
TKDWphdbTMPCrQtMDTmTB,565408
TKNGKNCqH8chr9RwpjkfH,612661
TKNGKNCqH8chr9RwpjkfH,617956
TKNGKNCqH8chr9RwpjkfH,618084
TKR9cWhRJgWjgjjL7kWmf,261321
TKR9cWhRJgWjgjjL7kWmf,273176
TKR9cWhRJgWjgjjL7kWmf,533475
TKR9cWhRJgWjgjjL7kWmf,537230
TKR9cWhRJgWjgjjL7kWmf,549264
TKR9cWhRJgWjgjjL7kWmf,676832
TKbBnD6hMmqHfhDPtmHjL,557935
TKbBnD6hMmqHfhDPtmHjL,584675
TKbRWjjBLJThMmLkTFb6q,225526
TKbRWjjBLJThMmLkTFb6q,225549
TKbRWjjBLJThMmLkTFb6q,225781
TKbRWjjBLJThMmLkTFb6q,226039
TKbRWjjBLJThMmLkTFb6q,270902
TKbRWjjBLJThMmLkTFb6q,585032
TKd8jdfqgWnjdNRBmkKfB,225896
TKd8jdfqgWnjdNRBmkKfB,270906
TKd8jdfqgWnjdNRBmkKfB,275546
TKd8jdfqgWnjdNRBmkKfB,580622
TKd8jdfqgWnjdNRBmkKfB,604849
TKd8jdfqgWnjdNRBmkKfB,676513
TKd8jdfqgWnjdNRBmkKfB,676578
TKd8jdfqgWnjdNRBmkKfB,676612
TKd8jdfqgWnjdNRBmkKfB,676777
TKd8jdfqgWnjdNRBmkKfB,676778
TLGkJ699BFbzQpDKTKj9M,225057
TLfzTNH6GD9CG9fnwzwhb,261413
TLfzTNH6GD9CG9fnwzwhb,265452
TLfzTNH6GD9CG9fnwzwhb,676738
TMBGhtBJMzbWMLPzNJCW9,225685
TMBGhtBJMzbWMLPzNJCW9,238415
TMBGhtBJMzbWMLPzNJCW9,271210
TMBGhtBJMzbWMLPzNJCW9,633268
TMKn79cNDqQp6PJGGrBqj,648188
TMj8cMnKjDbTPMnfTL8tL,676446
TMj8cMnKjDbTPMnfTL8tL,710770
TN6DmN7GK9DtMKd9pnmwF,225063
TN6DmN7GK9DtMKd9pnmwF,225503
TN6DmN7GK9DtMKd9pnmwF,271303
TNGCHzzLBft9q77QhkW9d,518268
TNJz9fCgqmhhLz9rP9tkt,261455
TNJz9fCgqmhhLz9rP9tkt,278923
TNJz9fCgqmhhLz9rP9tkt,453353
TNkkjRT7C7cpJTKbBRfDm,517440
TPJFqgd8n6gkwz7W9QDGm,676402
TPQdbDWdpDjBznGcwfF7g,567099
TPQdbDWdpDjBznGcwfF7g,577233
TPQdbDWdpDjBznGcwfF7g,578941
TPpFGMrKfcLPPKgBrKq7T,518322
TQ7Twhtm6zfkTTHTKdpJK,237690
TQ7Twhtm6zfkTTHTKdpJK,498002
TQ7Twhtm6zfkTTHTKdpJK,648066
TQL89gnkPdTLrbr8HNtgf,612650
TQL89gnkPdTLrbr8HNtgf,617894
TQfK9H977kdtTKN9jGRhh,453386
TR6gqd7DKzPwdLdF9FCbP,248400
TR8gpGqrWD7JrKtjMqKbJ,225971
TR8gpGqrWD7JrKtjMqKbJ,271065
TRjmqFgtPrwmJf9grJR6K,487361
TRjmqFgtPrwmJf9grJR6K,489239
TRjmqFgtPrwmJf9grJR6K,495529
TTGbBdCMpzDM8HhBdJFmf,502896
TTGpGFzh9Kb8RPDDbTmnw,453360
TTdC6bPmz9GFQzqWFJnDC,453409
TTmc9j7H9WLgM9D6NfnbN,653215
TWm6BC9zbHp69FkFNmbnR,225757
TWm6BC9zbHp69FkFNmbnR,271103
TWm6BC9zbHp69FkFNmbnR,676798
Tb79JpdtgFJJwfFCGc9Dc,225293
Tb79JpdtgFJJwfFCGc9Dc,552025
Tb8rJqp6nH9FhDQgNMgpH,226082
Tb8rJqp6nH9FhDQgNMgpH,271258
TbNWLjgL9QKkCMf7FJR6p,453246
TbNWLjgL9QKkCMf7FJR6p,453248
TbgKcWrFRjcpzhF9768BC,531876
TbgKcWrFRjcpzhF9768BC,537214
TbhnTBPLncChnLHTcG7jz,261325
TbqzrzKTnqLjzTPL6PPHM,237922
TctkW8gCmpjnHwQ6dfdMg,453293
TdH7kmMbcGfRPpcGCfFkT,613100
Tdqgbj6LhfPt6HzTHTwFK,647367
TftHKTdmTmqMGK7cRNcCD,676297
TgfHM6NJztn6HpbgjDNMg,533465
TgfHM6NJztn6HpbgjDNMg,537268
TgfHM6NJztn6HpbgjDNMg,549268
TgrNMPfTmLkB9DtNtkccP,517633
TgrQPtPTGpMznMJPJKPGC,656469
ThCWFGk7TfpwDbfPmKCT6,612633
ThCWFGk7TfpwDbfPmKCT6,617928
Thbcg9RW9t8WNfMCpgNmk,225146
Thbcg9RW9t8WNfMCpgNmk,225770
Thbcg9RW9t8WNfMCpgNmk,271021
Thbcg9RW9t8WNfMCpgNmk,517484
ThhTfhmkkjr6DJR8hwQjt,502736
ThhTfhmkkjr6DJR8hwQjt,502737
TjbQ8B7bPdngTrkpGD8bG,708930
TjdM8c7NpJjpjdLDbt7KG,577731
TjwzWpWmkqtGd6WhLCmwN,453168
TjwzWpWmkqtGd6WhLCmwN,517490
TjwzWpWmkqtGd6WhLCmwN,552011
TkCWdhw8pfcpfckC9MLNm,225139
TkCWdhw8pfcpfckC9MLNm,225774
TkCWdhw8pfcpfckC9MLNm,489215
TkhKrkDWhcwTJbHng7TrP,577753
TkhWN8KJQzTkHQkjMwpgh,677610
TkkhfhFwwKKBFRb8TF6cW,237887
TkkhfhFwwKKBFRb8TF6cW,273131
TkkhfhFwwKKBFRb8TF6cW,708964
TkpjjKgfzKLgjRMDJNpk7,695180
TmKrpP8tDg8bmpnqMPtgj,261405
TmKrpP8tDg8bmpnqMPtgj,262960
TmKrpP8tDg8bmpnqMPtgj,275711
TmKrpP8tDg8bmpnqMPtgj,275836
TmKrpP8tDg8bmpnqMPtgj,664860
Tn6HrNTBn7GQJt8pGTLwQ,614060
Tn6HrNTBn7GQJt8pGTLwQ,618222
Tn8F8pBjHjqW7rfPLw9Wg,612571
Tn8F8pBjHjqW7rfPLw9Wg,616357
TnFgmkTHkFTnhCfDCtTwQ,518348
TncBtwwwHQQ7G86qfbgFP,248521
Tp786HHGgNbgmp8NJDtRQ,453417
Tp7nmGfdwmJP7gzgftM9T,502856
TpGpMftp8NQqNQWmLqTRr,676271
TpbW7qkkHqMWdfT9FRn67,551701
TqcHrNkPMppfprqPbDRRm,695241
TqcqHwCjGhFkzkFCthwtd,695174
Tr6LzWfrtqMkKjM7JpHjC,694924
TrQFGjDB6ktDwC6JMcqFT,488442
TrQFGjDB6ktDwC6JMcqFT,489196
TrQFGjDB6ktDwC6JMcqFT,489226
TrRC6WMrRhbCtKzpRQLPM,225620
TrRC6WMrRhbCtKzpRQLPM,225684
TrRC6WMrRhbCtKzpRQLPM,229756
TrRC6WMrRhbCtKzpRQLPM,271206
TrRC6WMrRhbCtKzpRQLPM,633267
TrbtmgBqkrbJJkHhzFKMP,695293
TrbtmgBqkrbJJkHhzFKMP,695303
Trqb96WQpRWK88QHt9WrL,653987
TrtRgRPz7HHwmMTP9dJJd,647397
Tt9bDKwjdn6dLqhGNc9Rc,237842
TtF8Q9WNQqPmJdrd6qp7k,274735
TtJpTpjBbDpPhFb7bzLwD,275625
TtJpTpjBbDpPhFb7bzLwD,281400
TtJpTpjBbDpPhFb7bzLwD,654057
TtJpTpjBbDpPhFb7bzLwD,676713
TtMnqPqJNGgrjmMJ99KWn,225071
TtMnqPqJNGgrjmMJ99KWn,225697
TtMnqPqJNGgrjmMJ99KWn,271293
TtMnqPqJNGgrjmMJ99KWn,647407
TtgGwwdkkjjMHBbMztjrG,502792
TthpPbn8nP88GGghn9wDr,676481
TwBPwf6rM9fKF6Kqg9j8p,237996
TwN6BKbDJDrJBf7DPGcP8,633348
TwN6BKbDJDrJBf7DPGcP8,634080
TwcL67rLrL9CfqgFdPF9t,517615
TwcL67rLrL9CfqgFdPF9t,545431
TwgRkcgHd9bW9Fb8JjwdF,633209
TwgRkcgHd9bW9Fb8JjwdF,675350
Twn68rHRjHKDjmnpDQddH,676275
TwwCRKdKRK7BLDfNWdL7w,676383
W6R6JDdMT8g77qmHJCDhG,274337
W6R6JDdMT8g77qmHJCDhG,276838
W6dTQMgChGpqBdDnrp6g8,612703
W7JrMn9grP86gDnB9Fhng,695240
W7QPrj9bzNgddWCCFFCRw,533514
W7kjMQq9pJGQrBDPhhbgT,225282
W7rtcPqhKrfQd6fFGbGFR,225097
W7rtcPqhKrfQd6fFGbGFR,225715
W7rtcPqhKrfQd6fFGbGFR,271205
W7rtcPqhKrfQd6fFGbGFR,647427
W7wh8hBkTd9ntjtFfqrdz,237804
W7wh8hBkTd9ntjtFfqrdz,533615
W86QwWGnpPRqPmcjKjkrb,225854
W8LHRTQFddrfnG8ptNjHW,533578
W8LHRTQFddrfnG8ptNjHW,537232
W8LHRTQFddrfnG8ptNjHW,537322
W8LHRTQFddrfnG8ptNjHW,537354
W8LHRTQFddrfnG8ptNjHW,676590
W8h8fMQhbjGr6hzDbFmq7,238470
W8h8fMQhbjGr6hzDbFmq7,238503
W8h8fMQhbjGr6hzDbFmq7,238658
W8h8fMQhbjGr6hzDbFmq7,497992
W8h8fMQhbjGr6hzDbFmq7,504713
W8hhkFmqt8rDrBnTfCCPw,248381
W8khCTMWQrNPPPCpH6cgL,453240
W8qgQqqTzWMFFcCCzTLGg,618313
W9B6LwPdtKknpqJ8bKfMr,261428
W9Bqf6HmcQBn9gPcgBF7Q,561932
W9G8Kpb9cNTqNqpm8nJdz,550293
W9G8Kpb9cNTqNqpm8nJdz,551566
W9G8Kpb9cNTqNqpm8nJdz,554174
W9PMtDzWthTBKqBnfLWfb,237857
W9kDJQqdh6k8CGr9gctd6,676336
WBFjTCfmbwHCr8WNmz8RQ,665039
WBf76MHCnCnh87Wt86w9T,533459
WBf76MHCnCnh87Wt86w9T,537242
WBhc98JmWNphkCtcBJbDn,237885
WBpk6grrPj6wP8qgc9q9h,226027
WBpk6grrPj6wP8qgc9q9h,500721
WBrK9WFhTKbzNPjH88KgQ,453221
WCgctGz6KWwfp9Dhd7H7c,225034
WCgctGz6KWwfp9Dhd7H7c,270985
WCgtGGznkpKghPh6LwwzG,275646
WDDHGnJfg7HGgWcnRGrN7,226067
WDJgQgDCwjbKRTJ8BTz8C,454912
WDTM8c7DNBzkphfGWtBkN,517753
WDhGzj9m8MWhkkfRMB7Jg,682849
WDhGzj9m8MWhkkfRMB7Jg,682852
WDqWgDfRpTjWdMdTMM666,261318
WDqWgDfRpTjWdMdTMM666,273175
WDqWgDfRpTjWdMdTMM666,533466
WDqWgDfRpTjWdMdTMM666,537226
WDqWgDfRpTjWdMdTMM666,537260
WDqWgDfRpTjWdMdTMM666,549257
WDqWgDfRpTjWdMdTMM666,676689
WFGKzddHnH99BK6Wqrmb8,225623
WFGKzddHnH99BK6Wqrmb8,225880
WFGKzddHnH99BK6Wqrmb8,238419
WFGKzddHnH99BK6Wqrmb8,271265
WFmqwG7cjpf6QFgpP9gmD,225305
WFmqwG7cjpf6QFgpP9gmD,271221
WFpMMm7wjK9wBmTnRBqHf,676338
WGLcqWkRPGH7THqWjQzd7,261469
WGT7hBTwdkqnp8hGdkGWD,502867
WGdTdNctcb6FPKwfCfpHB,237781
WHLRchgdMH8Bjb8TDngkp,533542
WHLRchgdMH8Bjb8TDngkp,537363
WHLRchgdMH8Bjb8TDngkp,709352
WHmKWhmBrJ8Q7P8FF9GNk,708952
WHq8cwrRDpm99fMJ7MCT8,248349
WHq8cwrRDpm99fMJ7MCT8,262460
WJ6Ph7N8hNj8tbDnPTHMw,565654
WJF9DkbGLF6zWdGFFRFnh,487389
WJJfW7bHMPbfLPbK8Q9Wm,533491
WJJfW7bHMPbfLPbK8Q9Wm,537208
WJbQRdLL9gPWJnjGTtFcT,676349
WJzNjPfQGqdTtjTHQP6rL,533035
WJzNjPfQGqdTtjTHQP6rL,537194
WJzNjPfQGqdTtjTHQP6rL,537283
WKGJ7ktHDWrtCBnC9J7gW,533036
WKGJ7ktHDWrtCBnC9J7gW,537309
WKGJ7ktHDWrtCBnC9J7gW,542274
WKHF6LbqnjdPn6FrHDKcg,237765
WKHF6LbqnjdPn6FrHDKcg,238399
WKHKRfzFkrRhJgwj7BWrb,652748
WKb8wmGL6MRRzwLnzqLBj,557950
WKpW6KJR9RhPrTwj6Gwcw,676432
WLNGdRBzRcLqzhdrMbDG8,549274
WLNGdRBzRcLqzhdrMbDG8,676797
WLRcb8jRrktGNqbttwfWF,695172
WLbcgwmGhWDWgdcbdjgWt,488384
WLbcgwmGhWDWgdcbdjgWt,489118
WLbcgwmGhWDWgdcbdjgWt,489266
WLn8D67P6kfgMj6bmRHhz,518300
WLw6Ft6qgMDH7fwMpNdWR,676434
WLwb8QhpFqc69mcwQGg9n,517752
WMDBhmGwnGHT7MKf7dLdk,226030
WMFB7HjQfN9L7hp7dLqhN,565562
WMFB7HjQfN9L7hp7dLqhN,577208
WMNLQNgmCHD7FwnFFq6dG,633214
WMTq8GLHDK9ztDckQNDDw,630332
WMTq8GLHDK9ztDckQNDDw,633686
WMdnjW6tJT9wKMnjgbHW9,248471
WMdnjW6tJT9wKMnjgbHW9,262503
WMfcGGztRCRgfDdhgKmQc,248423
WMwJ8b97zqNWbjdHqRNRK,632074
WMwJ8b97zqNWbjdHqRNRK,634081
WNp6DbGwLqPchCNDmGq66,225045
WNp6DbGwLqPchCNDmGq66,225338
WNp6DbGwLqPchCNDmGq66,271286
WPRGGkHPnLnLhMPFjjkfF,654083
WPRGGkHPnLnLhMPFjjkfF,654084
WPdnr6nkq86kzNgfjjqtg,614050
WPkcWHhWGzFKcNWQFM7hf,549254
WPkcWHhWGzFKcNWQFM7hf,617814
WQPHQL8cWbfCc68dHrkLK,274758
WQQFCnb8FKJn9HrzCNDmG,261515
WQQFCnb8FKJn9HrzCNDmG,268388
WQnrwMqz7KtLWb9nfzNDf,676492
WQnrwMqz7KtLWb9nfzNDf,705049
WQtbdGwPbtmLmmkRjQzqj,533449
WQzcLfDqKwCFFJMBcddJ6,517468
WQzcLfDqKwCFFJMBcddJ6,559863
WQzcLfDqKwCFFJMBcddJ6,676647
WRGBnNRjPprcPjd67kBqM,551710
WRhC8n6HHNkRn6MjzDHDL,486569
WRkGPfTHMdgBnGtNpBhnp,225915
WRnzTrTkDBdWpC8MnQ7LJ,676262
WRqmkMpqpJPWNmrdPzdpT,225672
WRqmkMpqpJPWNmrdPzdpT,271173
WWPf7JkLnRcmfhdfw8M9g,248509
WWPf7JkLnRcmfhdfw8M9g,262526
WWnjTMBz9qJNpHmNgdRN9,502892
WbWjnqbPBLjTN8rnbHhDD,518365
WbbB7d7qFbb8mW66GNCjn,565647
WbbB7d7qFbb8mW66GNCjn,577266
WbckgKBJq6kBM88nRFGmB,533562
WbckgKBJq6kBM88nRFGmB,537243
WbckgKBJq6kBM88nRFGmB,537272
WbkFQ7Dn6C8WjHp977dzJ,517436
WbmtPhzqpRtfC7rRHgB7k,565415
WbmtPhzqpRtfC7rRHgB7k,577196
Wc9KrwW6FrgLgFz7dqfcq,647374
WcPqTG8pcTQdqTF8WnzGD,612614
WchNMmcctDfbrfJDpMTC8,225666
WdmT8cBmQFfGfdR8hknCT,225287
WdmT8cBmQFfGfdR8hknCT,225363
WdmT8cBmQFfGfdR8hknCT,273184
WfL7bkMHHG7DNGr6fDRWD,533048
WffgNjPNdkz9GB9TRT7RT,676490
WffgNjPNdkz9GB9TRT7RT,704965
WfhcLNHhCBC9kj7wfdqfM,676428
WfqwhCzMFNJrtQdBjn6WN,502622
Wg7zz9866gDH6BmjMNGd8,237737
Wg7zz9866gDH6BmjMNGd8,557954
WgHWK8qbFHRzWFpH9NCWQ,617816
WgJjBtrhDPDrQgnzTtqCT,646718
WgNzKLhLbwpCnMTmLWkhf,502904
WhKb7MKbcDLhGThWGP8hT,502800
WhKb7MKbcDLhGThWGP8hT,503311
WhggpfhhBLDnpKwCkjWDk,682853
WhkHHgjnWgncTLFtLDKjn,225551
WhkHHgjnWgncTLFtLDKjn,270980
WhkHHgjnWgncTLFtLDKjn,528297
WjPK7cb8rwPzthcDtczmj,577749
WjPK7cb8rwPzthcDtczmj,577750
WjTbCjjCgPncF9w7WH9Q8,225927
WjTbCjjCgPncF9w7WH9Q8,271308
WjfRfczmQcbQknfRdD8JJ,653931
Wk8pbbnHPWfp6ndkJb6QD,612713
Wk8pbbnHPWfp6ndkJb6QD,638141
Wk8pbbnHPWfp6ndkJb6QD,676598
Wk8pbbnHPWfp6ndkJb6QD,708993
Wk9cnfJGMJRgWNMm7czwH,225129
Wk9cnfJGMJRgWNMm7czwH,225765
Wk9cnfJGMJRgWNMm7czwH,489213
WkDkrkTDzRnqWBh7WHJfh,225825
WkJPkznH7gWGLmhtcmrrR,517773
WkJPkznH7gWGLmhtcmrrR,517774
WkJPkznH7gWGLmhtcmrrR,580608
Wkg8Fp6Wg7Cnb8rzHGqFh,653919
Wkmf8d6QjLGFqWMF8bcw6,453327
WmjGRT9w9pHtBDc8zQkHB,664636
Wmr8NmHdQCmPCbMBPncTq,654070
Wmr8NmHdQCmPCbMBPncTq,654071
WmzwN8GGDC6dhhLB9NbMc,533576
WnBPzmt9KKqqBpccHPJTG,274408
WnBPzmt9KKqqBpccHPJTG,276835
WnNfc9fJMFnH9DGwFRC9F,693436
WnPNGc8HLQHhbFKFrLkPM,549636
WnPNGc8HLQHhbFKFrLkPM,551475
WnPNGc8HLQHhbFKFrLkPM,554177
WnnC99QDftcbRMNcKKwmk,677646
WnzRKrcc8cLMN8BKPhnck,653965
WpRGpbwRLk8nbpLkDkddN,237826
WpRGpbwRLk8nbpLkDkddN,238409
WpfnDkqH9NqLMtWCfCgnh,549702
WpfnDkqH9NqLMtWCfCgnh,551559
WpmPhMcL97wRCPfz8nzgR,646723
WppPJNLCfdp8kwwjHDgBT,237879
WppPJNLCfdp8kwwjHDgBT,250026
WprpWWNjq6F8BwRrTPFmM,238424
WprpWWNjq6F8BwRrTPFmM,260843
WqDtDMqJhHBhHfdjTRRFb,533026
WqDtDMqJhHBhHfdjTRRFb,537221
WqDtDMqJhHBhHfdjTRRFb,542182
WqDtDMqJhHBhHfdjTRRFb,542279
WqDtDMqJhHBhHfdjTRRFb,549252
WqDtDMqJhHBhHfdjTRRFb,676758
WqTTMjDgKKCp7Lnb7LH6d,537245
WqTTMjDgKKCp7Lnb7LH6d,537276
WqTTMjDgKKCp7Lnb7LH6d,537334
WqTTMjDgKKCp7Lnb7LH6d,537364
WqTTMjDgKKCp7Lnb7LH6d,537810
WqTTMjDgKKCp7Lnb7LH6d,549277
WqTTMjDgKKCp7Lnb7LH6d,550713
WqbqQqpFcbnChCQGT7mpm,676360
WqcGNMjbcfh8kknkfDrpK,549754
WqcGNMjbcfh8kknkfDrpK,551585
WqmtQLDg96n6JTbjD8gjz,518304
WqzwfQcDmgmMBKpwbKzwq,237747
WqzwfQcDmgmMBKpwbKzwq,238392
Wqzz9n7hGCTknBPgFqdTH,533528
Wqzz9n7hGCTknBPgFqdTH,537319
WrQKgDFnmpLc7KmTWRmHj,518282
WrcmbDDzNGLwfGmd9CMmR,653383
WrpTBBHz9Qgf79MwRGtCP,517585
WrpTBBHz9Qgf79MwRGtCP,518266
WrpTBBHz9Qgf79MwRGtCP,532017
WtGmJPqkJc7nWGRBCFwww,518270
WtGtPtHBQMNnjzBdcdLNd,225136
WtGtPtHBQMNnjzBdcdLNd,271012
WtGtPtHBQMNnjzBdcdLNd,556401
WtHNCTfp87TNpG7jLRKFR,609125
WtJmNHdbm8HMRCTQPfF8Q,248489
WtQz7cpTHPLGqtFLFJwjj,517641
WtQz7cpTHPLGqtFLFJwjj,545435
WtQz7cpTHPLGqtFLFJwjj,584680
WwKdgRBmtM6CpRjwM97Lh,692538
WwKdgRBmtM6CpRjwM97Lh,692539
WwzJLfPwhRTkFLDNjJPrk,238457
WwzJLfPwhRTkFLDNjJPrk,238655
WwzJLfPwhRTkFLDNjJPrk,258333
WwzJLfPwhRTkFLDNjJPrk,502851
WwzgnmM8QrrwPpb8m7Mt9,577781
WzgPPdjkL9zHrrqpjHbNJ,237714
WzgPPdjkL9zHrrqpjHbNJ,278917
WzgPPdjkL9zHrrqpjHbNJ,502757
WznLQmk7B6QQKMmT6TJJC,551652
WzzfbKbMHQTF7PHFQgnTM,225785
b6DbmpN6JNfdhNNm86qWW,633379
b7DpNcDrnBrhFD78gQPdD,226032
b7NNmKqCcHRLdbGHBdNj8,237810
b7fJPPc8CtNfr7TFqzqfH,708985
b7h97MzpKF8mNqMr8B9Fq,225576
b7h97MzpKF8mNqMr8B9Fq,271003
b7j6PpNMGdBQndqjMtcHt,612692
b7tLTkWGQtKDhqKG9fjQq,248405
b7tLTkWGQtKDhqKG9fjQq,262557
b7tLTkWGQtKDhqKG9fjQq,561903
b7tLTkWGQtKDhqKG9fjQq,565661
b886KqRJLbpj78kHWMQJ9,274508
b886KqRJLbpj78kHWMQJ9,274510
b8K7Cm8dBKhKTFdwJMNTg,237825
b8QzFkMC9fKfngpQHwNBK,613102
b8QzFkMC9fKfngpQHwNBK,614579
b8WGTGmWNGDdGwCWP7r66,551637
b97gffj66hdGBhpkTQQQt,453388
b9BCgJDp8qDb6zpNtJwfK,453228
b9Hw6NhDgfdQWLDQffTPC,225957
b9Hw6NhDgfdQWLDQffTPC,270991
b9jb87Hf88HzTMTFBRtwB,225308
b9jb87Hf88HzTMTFBRtwB,271255
b9pTrmh7f78CMLGgtTrhB,654009
b9rTHdGpFNRhfDTJL6gzc,248341
b9tmpTgLPfDhD6qDJ7FwD,528303
bBtWcpCjGqkMMkwqwgtRT,226089
bBtWcpCjGqkMMkwqwgtRT,271186
bC8kjBnNK7hHFCRKhnhhH,567105
bCBGzFbQJnMCpTdwRWfK8,518252
bCKDD6gGb8dKzNdprDzff,653807
bCKDD6gGb8dKzNdprDzff,654092
bCLK9nFBJjmHFjLQmL8Kt,612647
bCLK9nFBJjmHFjLQmL8Kt,616354
bCLK9nFBJjmHFjLQmL8Kt,617924
bCTrnKTgwNCWbWrMFDTHr,502823
bCTrnKTgwNCWbWrMFDTHr,514112
bChp6GBR8QhHJLgpzKC6J,237735
bChp6GBR8QhHJLgpzKC6J,238388
bChp6GBR8QhHJLgpzKC6J,557948
bCjWqFfWGjHnrGnPcw6p7,551561
bCqKMLLRmjkM7K9TPKrNb,612715
bCr7BCMzbRDWdBCJfTdTM,488428
bDLGjNdcCcbjdpMMNTF6t,488352
bFDwJwbqJQPJpcnHRjLCj,609237
bFDwJwbqJQPJpcnHRjLCj,618262
bFMkfr79WHCrP6HK6krM6,633367
bFjnrzdmFLkwdBbWHnGfR,237849
bGHDTHMbhKnnkgWBpNzFJ,453224
bGjFwg8ztdMPhnRmdmfRn,664627
bGjFwg8ztdMPhnRmdmfRn,664628
bGjz8pF88jjCfGqbh8FRq,518315
bHRdHqLRCthfzcrffPNQH,225311
bHRdHqLRCthfzcrffPNQH,271213
bJLJDHhK8dfCb8HKp6DmK,248473
bJcbjBkHkqdKmzkBDcWqp,261372
bJcbjBkHkqdKmzkBDcWqp,261373
bK9BLkb6M9JHT798FHgLP,653293
bLHKnQjnH8qwDgMDBRrhP,487157
bLTggK96grfrGWTLqGrqR,695273
bLmknjcbt6Bjn6RTmTBMF,261506
bLmknjcbt6Bjn6RTmTBMF,261511
bMJBmMJt99tBDWrznqMBR,581068
bMJBmMJt99tBDWrznqMBR,581071
bMJBmMJt99tBDWrznqMBR,584734
bMLgLcCJHFbLj6bwqqNRN,611158
bMLgLcCJHFbLj6bwqqNRN,618036
bMdwPwTh7FJBpzbqTctKB,676256
bMq9wnBF99pzRHDq6qNFR,631759
bMq9wnBF99pzRHDq6qNFR,633649
bN6pjwhzgGhMm8brnpPg9,488344
bN6pjwhzgGhMm8brnpPg9,489166
bN6pjwhzgGhMm8brnpPg9,561402
bN6pjwhzgGhMm8brnpPg9,676570
bN7nrfGCGqKNJMWzDNBb9,577724
bNQWmkDDnKgPfpTGmWBQ8,248513
bPGmQFC976CBt9cTGc88t,225220
bPGmQFC976CBt9cTGc88t,225639
bPGmQFC976CBt9cTGc88t,238462
bPGmQFC976CBt9cTGc88t,262428
bPGmQFC976CBt9cTGc88t,270924
bPGmQFC976CBt9cTGc88t,275541
bPGmQFC976CBt9cTGc88t,647434
bPJzLWhH7G7BnHL9fNJw6,453203
bPKFtQtwzWcRjWkFwztdf,563811
bPpNFbJnhrLkgqjMRRFJp,225681
bPpNFbJnhrLkgqjMRRFJp,271190
bPqdbNw8HjNhTcGFGnQrB,488349
bPtqgMTnhqqJcHF7BJJWw,261322
bPtqgMTnhqqJcHF7BJJWw,533476
bPtqgMTnhqqJcHF7BJJWw,537239
bPtqgMTnhqqJcHF7BJJWw,676833
bQ8GJhJQwBd9JRFkcJQqG,604713
bQHRKzBGCWzR8JQnHRKqc,676307
bQMPhRRzw8c6RgGK6crJn,237895
bQMPhRRzw8c6RgGK6crJn,238541
bQPW8LTTB7jJdTjprpGtm,676451
bR7C7tbtGczDWnbDHjTD7,631985
bRKLFbq7gKkdTQnqBmWgC,693434
bRM9LLRrhJ8LLqBrGKCgb,533510
bRM9LLRrhJ8LLqBrGKCgb,537213
bRM9LLRrhJ8LLqBrGKCgb,542285
bRdLNzkL7pJQrQJMDgNqk,518339
bRpJLNLCgwrHrwktkCGPd,654002
bTCfkj7Q8WQKHcnhGqHCr,237802
bTCfkj7Q8WQKHcnhGqHCr,533617
bTtrCGpnGPrnC7pNFt6pw,275702
bbGgprKNzmQPQP9P6CQkL,225839
bbGgprKNzmQPQP9P6CQkL,271233
bbJnkTkktrTJPPwGdWg7h,225266
bbJnkTkktrTJPPwGdWg7h,271092
bbLpjmWJ6cpDGhhgmCBTR,517624
bbLpjmWJ6cpDGhhgmCBTR,533488
bbLpjmWJ6cpDGhhgmCBTR,537198
bbgPwChkMppQBfwfrfTtL,260138
bbgPwChkMppQBfwfrfTtL,261497
bbr8GPmnDkdphMkdpWkcM,488356
bbr8GPmnDkdphMkdpWkcM,489177
bbr8GPmnDkdphMkdpWkcM,489234
bcGWPgwCmKhHWHBQgQgh9,225300
bcGWPgwCmKhHWHBQgQgh9,271143
bcKTRDJpM6bw7KPmKJWtF,708940
bcKbBC6rpD6rTJ8dFLLpN,552018
bcRQrmgfTf9JdHgHJJNNT,708468
bcW6MTgcrNQNWKCMjnWjg,226017
bctJhnLdnWB9tqBJ6nNTN,502771
bczQzLRqRKQpkCBHmTCHf,551633
bdCCWJQKkgjTNrH8PbnwQ,453407
bdCCWJQKkgjTNrH8PbnwQ,617917
bdD7LdLhpgdfLwzCq6jBc,695177
bdD7LdLhpgdfLwzCq6jBc,695178
bfGrrnP6HphFqNwtGCppJ,237702
bfbfWCWnHw6zP7bfrPGdC,248548
bfbfWCWnHw6zP7bfrPGdC,580616
bg7WdCTFT99CBNprwhWP8,248397
bgHQJbkCNNBDT9kKdCW8w,563805
bgHQJbkCNNBDT9kKdCW8w,577773
bgHQJbkCNNBDT9kKdCW8w,584708
bgpJPGPPtgB7BDckBpRdM,453278
bh7RktHmCjjn9mKNmT6QK,518310
bh96L8jp69mNpjcGRCDbj,250013
bh96L8jp69mNpjcGRCDbj,253011
bh96L8jp69mNpjcGRCDbj,254685
bj8NnLLcbrHGcWhfT8JJH,654005
bjKB8W9jG6nDH9Gt6rJMb,274499
bjLbTMgMm6QRWBRrw8chQ,629860
bjLbTMgMm6QRWBRrw8chQ,646266
bjLbTMgMm6QRWBRrw8chQ,646267
bjbb9hfw8BzbQqqqHtCjJ,248409
bjffjnzNfQhdcGKKCWKCd,225677
bjffjnzNfQhdcGKKCWKCd,271184
bjffjnzNfQhdcGKKCWKCd,633266
bjggdCWtfTmLNBzq8Jt9L,261474
bjggdCWtfTmLNBzq8Jt9L,538469
bjpwqRpN6hpdB9gMLWbmW,565427
bjpwqRpN6hpdB9gMLWbmW,708897
bjwkrWNdkhrMrPjMtdRmm,248395
bjwkrWNdkhrMrPjMtdRmm,561911
bkMchLmgcWQfPCf7MtjnF,633277
bkMchLmgcWQfPCf7MtjnF,633625
bkwMDWGMmKTMd9dKQMt76,237978
bkwMDWGMmKTMd9dKQMt76,238436
bmGcLFqnPwP6k88kJH6Bw,695246
bmLJpC7grdNJm9cdfhTTc,248504
bmQzdmzHNfjGj6Qtf9cbJ,631982
bmQzdmzHNfjGj6Qtf9cbJ,631983
bmQzdmzHNfjGj6Qtf9cbJ,633707
bmQzdmzHNfjGj6Qtf9cbJ,636250
bnBcm8CFRhPzFPbNmwbRG,275690
bnCP8zG8wBkghLtnppFqw,533531
bnCP8zG8wBkghLtnppFqw,537321
bnFKRwPzBKMBGRmfLQRwg,261346
bnFKRwPzBKMBGRmfLQRwg,488450
bnFKRwPzBKMBGRmfLQRwg,489183
bnFnGz7gd8tRfQfcmk8nG,533463
bnFnGz7gd8tRfQfcmk8nG,537256
bnHbThztdNdG7g7gNqFj6,695181
bnQmtqDtDLfpqzfLfFqMR,690450
bnQmtqDtDLfpqzfLfFqMR,710773
bndJRd9j7KdFrzkwKngmJ,549736
bndJRd9j7KdFrzkwKngmJ,551540
bnhnjB7ggkRhpfqQHn6D6,502773
bpQN7JWMfcWndWkjWkJwb,488449
bpcWc9DJf9pzfBczMWczJ,502808
bq8bmCkrPKHgb7fMRPkjM,248524
bq8bmCkrPKHgb7fMRPkjM,262555
bqC9n87LnkhrWRTFBjqgJ,614301
bqTcgLnMrzmpGJHFznhG6,261421
bqhGbpG9NhgMcGGKdLwRM,692521
br9CQqckKLHbJmqnrLnfR,225283
brKBKrnCrpggpqBPwbpjN,226075
brKBKrnCrpggpqBPwbpjN,271147
bthDkmzDqLG6dQ6gLprDD,453384
bthMFnn9GbPQBnBT8cNj8,633731
btndHckBR7ffBqCwHRJfD,248515
bwtjtjCqP6wTHtkR9HtGh,546706
bzBJdKw6Brc9KmtcNrJKp,517628
bzPDgqKBRNH7JQjcqWbfk,646318
bzPDgqKBRNH7JQjcqWbfk,653809
bzPDgqKBRNH7JQjcqWbfk,676740
bzkCGg6kcffpBcBhgHrkH,273190
bzrT9j7m9tGmr8BbKKk9J,488378
c6GzLGmQpLLQHMqQBLRNz,533535
c6GzLGmQpLLQHMqQBLRNz,537355
c6fzD8D8LdtQ8cwnqgTgq,502833
c6tgbGMBbR77gJWhJCzhh,487799
c6tgbGMBbR77gJWhJCzhh,488460
c6tgbGMBbR77gJWhJCzhh,489133
c6tgbGMBbR77gJWhJCzhh,621150
c6tgbGMBbR77gJWhJCzhh,676527
c7FDjdpBGckCWwFJJBqFK,237913
c7L7tfCdjwwjb9MQfTNDQ,653387
c7LrgMPzh9mcqbCqM9mmw,533505
c8CdW9QBrMJPh6nwJGJ6Q,551462
c8CdW9QBrMJPh6nwJGJ6Q,552803
c8CdW9QBrMJPh6nwJGJ6Q,554170
c8GP9JNp9PKhcQg7TkBQR,237775
c8tGz8c7GKmBJRLTcQHfJ,518276
c98tqCFBpDpkCNbkkT8mg,633256
c98tqCFBpDpkCNbkkT8mg,634075
c98tqCFBpDpkCNbkkT8mg,676551
c9BtftttMG7WNrKgnfJFt,225893
c9BtftttMG7WNrKgnfJFt,270934
c9BtftttMG7WNrKgnfJFt,489150
c9Nb8bbqQGP7QhnCg76mQ,695253
c9Nb8bbqQGP7QhnCg76mQ,695254
c9TrL6MwcrMKtmTbCHL76,630335
c9cWTPgkgQQJPQDFMJw7W,518346
c9hrdrfn8dNhkBcfQmqWn,633283
c9hrdrfn8dNhkBcfQmqWn,633632
cBJGmpJFKmg9RLDnrtzNJ,237807
cBJGmpJFKmg9RLDnrtzNJ,637610
cBRqwBmLLnnTKt8PKkh7k,695263
cBRqwBmLLnnTKt8PKkh7k,696112
cBbDbtL7FMKjqwNQpkWQ6,261458
cBrmgjgrfDdgTW7g9djcF,676341
cCBDbFWGMWN7QgWFBznbw,565409
cCbqhRbTwGhJnk9zKGLCj,488496
cCncrjr8QBWBmQRnwjPdp,453288
cDBkbnjNDfkWKjqtWL7qq,612657
cDDzQzMWRRDWjQdBC6PqN,225805
cDJpRqfcbpFm8NjnhDfCw,225661
cDJpRqfcbpFm8NjnhDfCw,271165
cDJpRqfcbpFm8NjnhDfCw,633262
cDdGBtFJkhzCrmgC6bmfb,533572
cDdGBtFJkhzCrmgC6bmfb,537316
cDdGBtFJkhzCrmgC6bmfb,537345
cDffzzbmtNH8rNmk9TpQW,225795
cDn9RLz6KTKccHFb8CdrW,653941
cDpMQnr8LwPFGMdgffNb8,225302
cDpMQnr8LwPFGMdgffNb8,225365
cDpMQnr8LwPFGMdgffNb8,225376
cDpMQnr8LwPFGMdgffNb8,226041
cDpMQnr8LwPFGMdgffNb8,238449
cDpMQnr8LwPFGMdgffNb8,261454
cDpMQnr8LwPFGMdgffNb8,271283
cDpMQnr8LwPFGMdgffNb8,273153
cDpMQnr8LwPFGMdgffNb8,502791
cDpMQnr8LwPFGMdgffNb8,517575
cDpMQnr8LwPFGMdgffNb8,518649
cDpMQnr8LwPFGMdgffNb8,561393
cDpMQnr8LwPFGMdgffNb8,618261
cDpMQnr8LwPFGMdgffNb8,653426
cF8ftkLJ8W8jzpTzzGHTc,690452
cF8ftkLJ8W8jzpTzzGHTc,709349
cF8ftkLJ8W8jzpTzzGHTc,710772
cF9RB7PrtgKHQ7FRmcdM9,261512
cF9RB7PrtgKHQ7FRmcdM9,524402
cFgpPh7JLB8jCtrTd6nKG,551713
cFhn8KcQF7jhzkgPfCQRn,237852
cFhn8KcQF7jhzkgPfCQRn,238473
cFpmN9tpMR8cLKDzkNtzz,551705
cGDjfwq76gpNQpWDMtLt9,692540
cGJkkqNfjfkwKDkcqwMBk,633330
cGJkkqNfjfkwKDkcqwMBk,633683
cH7H7wcqh9qtMrNtJ7wdF,517209
cH7LdkrKdFnjP7PLwFDhD,225981
cH7LdkrKdFnjP7PLwFDhD,271131
cH7LdkrKdFnjP7PLwFDhD,275550
cHPKptkbztKtj7bQnWmmP,641669
cHPKptkbztKtj7bQnWmmP,657795
cHPKptkbztKtj7bQnWmmP,661915
cHd8RnCfp9h8MNkQnL9Md,517203
cJDgKwKhP89PKhhhcqrgg,563797
cJDgKwKhP89PKhhhcqrgg,577253
cJDgKwKhP89PKhhhcqrgg,584702
cJPFBnkLWpF7cKKwzRNTq,453297
cJwfJgPHC8M7fQgrMhKHC,612569
cKBWfJd9ttcpKtGrbCJTG,676346
cKRWnQCGq8f8dGKT7G8pF,225038
cKRWnQCGq8f8dGKT7G8pF,225346
cKRWnQCGq8f8dGKT7G8pF,271280
cKbtrKKgB6TQdgwKQRRMp,453391
cKbtrKKgB6TQdgwKQRRMp,617911
cKp6hPc7WTW8Q98cHPM9P,612580
cKp6hPc7WTW8Q98cHPM9P,616347
cKp6hPc7WTW8Q98cHPM9P,617990
cKp6hPc7WTW8Q98cHPM9P,676654
cLFGmrkNKKHNwq8cFFGDT,274525
cLkt677NMWGgPTNCBcJjn,551651
cM6R7TqbFHp76wfPTjrzM,664616
cM7zthPFbLMJ6KQQmB6P9,453414
cM7zthPFbLMJ6KQQmB6P9,617935
cMM8DcmR9zCpcRPwrhbTc,225818
cMM8DcmR9zCpcRPwrhbTc,271200
cMf8rkwkBpMPzWz8NMBKj,225876
cMf8rkwkBpMPzWz8NMBKj,271252
cMpT98cKjcqFfkprHTQgt,633374
cNDwrcdgP7RdhDqDjdknB,225878
cNDwrcdgP7RdhDqDjdknB,271277
cNNm9qpcDKNGdmMgr9htd,510050
cNNm9qpcDKNGdmMgr9htd,517460
cNNm9qpcDKNGdmMgr9htd,518467
cNWLjfmWMbJHbRQkbWDJN,248380
cNbCGczPqzHpKLzTrMMMc,676289
cNbCGczPqzHpKLzTrMMMc,690686
cNbCGczPqzHpKLzTrMMMc,709341
cNjtmFrD8bMPtTfgzmcJf,609197
cNjtmFrD8bMPtTfgzmcJf,625000
cP6jRNBkfK9L8HzGjgpmw,575193
cP6jRNBkfK9L8HzGjgpmw,604715
cPR8tmfTh9wKmwtzbtRKR,634055
cPR8tmfTh9wKmwtzbtRKR,636243
cPR8tmfTh9wKmwtzbtRKR,638045
cPR8tmfTh9wKmwtzbtRKR,662287
cQ88fwLwTCjgPtdCt8FC7,275104
cQD9DmppBQNGqb9CdqCRc,225304
cQD9DmppBQNGqb9CdqCRc,271244
cQD9DmppBQNGqb9CdqCRc,552032
cQD9DmppBQNGqb9CdqCRc,633365
cQbwHf7HLrPGwPhCw88mq,248375
cQbwHf7HLrPGwPhCw88mq,567096
cQbwHf7HLrPGwPhCw88mq,577245
cQcb7dCwJWGt6jMrDdtRz,695234
cQkdbRCNDrm6LmPNWPTHz,261473
cRRDRFWcfMpkDcWtTphFT,517675
cRRgFHmDFNtkNj8RBffWL,270489
cTC7fqqfnrTWzdKpzcKnG,565690
cTFqbDrnD7GwFrJJrfhdb,225079
cTFqbDrnD7GwFrJJrfhdb,225714
cTFqbDrnD7GwFrJJrfhdb,229765
cTFqbDrnD7GwFrJJrfhdb,271276
cTRTRcPz8fzHfqBjHQRH7,248487
cTRTRcPz8fzHfqBjHQRH7,262551
cTRhTc7kkHWQrwpRgtrM9,250022
cTRhTc7kkHWQrwpRgtrM9,253018
cTRhTc7kkHWQrwpRgtrM9,262424
cTRhTc7kkHWQrwpRgtrM9,676826
cTchBtPqMqnNgDGGW89Gp,624360
cTchBtPqMqnNgDGGW89Gp,637485
cTk6wFnMDN7z6WHfDPmrQ,612673
cTk6wFnMDN7z6WHfDPmrQ,618015
cW9DC9PbTtg8nqwr7JcLD,237908
cW9DC9PbTtg8nqwr7JcLD,238483
cW9gnhd9dmMghRfHjzdgF,676266
cW9gnhd9dmMghRfHjzdgF,676691
cWMCP7TF8MkHKQDgjj6jk,225711
cWRWbKczR8N8F6nGBMNG7,502726
cWRWbKczR8N8F6nGBMNG7,502728
cWfNbbz7WB9nfNd8BbcNM,653926
cWfNbbz7WB9nfNd8BbcNM,653927
cbD6dqdgnLGk8zjjQqHCt,225286
cbD6dqdgnLGk8zjjQqHCt,511845
cbD6dqdgnLGk8zjjQqHCt,676835
cbHrfwmLrMjWdhdBtzbff,250023
cbHrfwmLrMjWdhdBtzbff,255978
cbHrfwmLrMjWdhdBtzbff,262532
cbHrfwmLrMjWdhdBtzbff,497993
cbHrfwmLrMjWdhdBtzbff,577790
cbKTjfkmpJCCQcRpKbPCJ,261416
ccMrKMKrqCHDBFcnQFCFB,565574
cdMqrK6rMMDTjHCwBMcqn,518433
cdTzctFmkNMpNK6HzT8nd,275614
cdb8cTqP9MRgwqr7Q6rHQ,551477
cdb8cTqP9MRgwqr7Q6rHQ,551478
cdb8cTqP9MRgwqr7Q6rHQ,554172
cdcnJRkcCzJkDmb7NwnPQ,225961
cdcnJRkcCzJkDmb7NwnPQ,271008
cdpfM6bdKzrfhDf6TTwQH,226091
cdtTLJQBTcPbpc8GWmFKN,225087
cdtTLJQBTcPbpc8GWmFKN,271239
cdtTLJQBTcPbpc8GWmFKN,647387
cdzFBWhFnBfNbH7cMppct,652755
cfcQjNKbBQ6WtGcFRrhHd,645194
cfcQjNKbBQ6WtGcFRrhHd,655920
cgFCqbggd6BNB8kHFWNKJ,533594
cgFCqbggd6BNB8kHFWNKJ,537201
cgFCqbggd6BNB8kHFWNKJ,537347
cgLKkrphHT8RTF9T9cggM,533501
cgPN7GPMwTTwzrwn6fcm8,248469
cgRPcm7Hfj6jMHFKmbMtj,237784
cgbzzLfPLKTTbpdGrnLGP,695282
chD7n8jHMM6brNhDGJtfG,453395
chGgK8FWnBB7dMj8nTRLR,708907
chPNcp7C8zz7FFPhLkMrh,633331
chPNcp7C8zz7FFPhLkMrh,633684
chPp6ddLWdLWWM7fTMLfp,695230
chkQDQ6HN77r7hg8pmkKt,488497
cjBPdpPNhzkzgdRCtKGPG,518265
cjDzkKdjNrGqL9tnDc7zd,250018
cjDzkKdjNrGqL9tnDc7zd,254687
cjDzkKdjNrGqL9tnDc7zd,255974
cjDzkKdjNrGqL9tnDc7zd,391154
cjDzkKdjNrGqL9tnDc7zd,493521
cjDzkKdjNrGqL9tnDc7zd,577788
cjJpkCtJwndP7FwzwDDQc,518312
cjKPgLQmgG9QwFQKWPrrM,612582
cjgpLNMgcd7HBcnJnDJ6j,694913
cjk6KqfdDWCF6pLdpQFdj,274349
cjk6KqfdDWCF6pLdpQFdj,276845
cjpL88F8RRRbwDm8bwqqJ,225865
cjpL88F8RRRbwDm8bwqqJ,271031
ck7p7Kbc97fPW8RTGQD97,453264
ckjckdp6twK8nfwqGch7J,225040
ckjckdp6twK8nfwqGch7J,225334
ckjckdp6twK8nfwqGch7J,271240
ckjckdp6twK8nfwqGch7J,273174
ckjckdp6twK8nfwqGch7J,533469
ckjckdp6twK8nfwqGch7J,537259
ckmHzhDHLgzTzzDgKfWgH,612578
ckmHzhDHLgzTzzDgKfWgH,617941
cm8pHKrnCKB7NtmbjkKBd,653384
cm8pHKrnCKB7NtmbjkKBd,676829
cmCpRmRbNLkdGzbfrJ6Gj,518424
cmCpRmRbNLkdGzbfrJ6Gj,676790
cmFpRgfCJfJWFWPBgc7dw,248511
cmFpRgfCJfJWFWPBgc7dw,262547
cmbfFHBr6hjhrdmNNQGg6,682871
cmbfFHBr6hjhrdmNNQGg6,701604
cmgTkM7PKHKtkLHkJPDPk,502894
cmknRBBPtjNQzhkQPWpcJ,551707
cmqfjzTmDDt9DLCRkLGMC,225191
cmqfjzTmDDt9DLCRkLGMC,225347
cmqfjzTmDDt9DLCRkLGMC,271201
cntcMcbcdWNhmHmN7PKBn,248339
cpF9wnTcmHLtGWND7hbKF,237929
cpF9wnTcmHLtGWND7hbKF,662253
cpWqf8tmzQgqmrPqc9hbM,261449
cq6dc8kNzfPMfDcBNBpHM,695224
cqMtqGpkpQKD6bPB8pT9N,248535
cqRf8LJ6Dt86pRfcDdJ7H,633210
cqRf8LJ6Dt86pRfcDdJ7H,633613
cqRf8LJ6Dt86pRfcDdJ7H,662249
cqk7QPJBgLDdNCnfgMwrH,510038
cqk7QPJBgLDdNCnfgMwrH,517804
cqpqWdPdBWCLfHzrR9rHt,612632
cqtpwmnhMR8bGtcc8qHwB,488394
cr8bTCLKLcfKLDTk7zcWn,612655
ct8dbmGW77wb6TkJwJkFT,238428
ct8dbmGW77wb6TkJwJkFT,453330
ctHW6nkg8WJKJcmqRtTpH,453219
ctP6TMfCKqwK6QpjG7wLH,274493
ctk8ztqbzqLTRGNrQkJwf,676352
cw7GLPjtPFqMHJthzJCbw,631980
cw7GLPjtPFqMHJthzJCbw,631981
cw7GLPjtPFqMHJthzJCbw,633709
cw7GLPjtPFqMHJthzJCbw,636254
cz8WjTHRfmKBGtRfPrCWr,654043
cz8WjTHRfmKBGtRfPrCWr,655924
czMNmPkcRdNwQ87L77gW8,695284
czRC9wmKkRGGrwrhJbNqj,225176
czRC9wmKkRGGrwrhJbNqj,225358
czRC9wmKkRGGrwrhJbNqj,271176
czRC9wmKkRGGrwrhJbNqj,676606
czfMfgfthg6qKLtKBMQjD,529302
czfMfgfthg6qKLtKBMQjD,529304
czpGHfkkmgF6kFCQjfcC8,502716
czpGHfkkmgF6kFCQjfcC8,512840
cztrB96QNb9CqKDgBRwcN,488519
cztrB96QNb9CqKDgBRwcN,492729
cztrB96QNb9CqKDgBRwcN,561396
cztrB96QNb9CqKDgBRwcN,676562
d6WrKcWGr7BHGtWHWT6dt,633352
d6j8cGLBGPRRGnhqdRwB8,453379
d6j8cGLBGPRRGnhqdRwB8,617955
d6j8cGLBGPRRGnhqdRwB8,676539
d77Rnf7QF6pfMd6MNgGtm,565389
d77Rnf7QF6pfMd6MNgGtm,565396
d77Rnf7QF6pfMd6MNgGtm,577259
d7D9nzdhjfKmppBnFdFLm,488403
d7FgThnkGzdhQBPmFgnrn,237865
d7FgThnkGzdhQBPmFgnrn,262446
d7FgThnkGzdhQBPmFgnrn,273170
d7FgThnkGzdhQBPmFgnrn,276829
d7FgThnkGzdhQBPmFgnrn,489237
d7MHfCqtjhKzp6cLRJQCQ,617933
d7MHfCqtjhKzp6cLRJQCQ,618076
d7MHfCqtjhKzp6cLRJQCQ,618092
d7MHfCqtjhKzp6cLRJQCQ,618125
d7MbqP6qdjzHWbbJTzCfF,633223
d7bwjcFhcrtN6btzhrdWB,611180
d8Hz9pLqTcWgzGG6WD6Gz,708888
d8mzLHtQRkT8GWFcgR78H,225676
d8mzLHtQRkT8GWFcgR78H,271181
d8mzLHtQRkT8GWFcgR78H,633265
d8qcmDrkwJ7D6FnMjQDW9,528096
d8qtfb87mk97GKMDPgDKb,225595
d8qtfb87mk97GKMDPgDKb,229749
d8qtfb87mk97GKMDPgDKb,271028
d8qtfb87mk97GKMDPgDKb,518387
d9FtdtrTdngR8nLPQqwmN,565686
d9H6WHrdmRqWRcc7MWzHH,487188
d9H6WHrdmRqWRcc7MWzHH,489250
d9hmf7fcjCNtJM7NGJJWn,453275
d9qKg6JJHbcknbg8zhpbM,577719
d9tCqMqtdwFCmHMbRFGzd,695158
dBcbb7TPrWTwm9q8Mff9L,551536
dBh9zHWmcNHhCHBJjcNWQ,225939
dBh9zHWmcNHhCHBJjcNWQ,271220
dBjPM7HpftQtBRzdTwhQj,676295
dBmtb8rdJtFtKh7Lqjw6r,676330
dD77fLzCjbgCCzMTRCBjt,551564
dDCQHQ9NwDjzrMFDq9wHg,248462
dDJjK9RbrTTMp7cBkgdqJ,225931
dDJjK9RbrTTMp7cBkgdqJ,271266
dDw6tLrTHJMDftM86zRjK,612585
dDw6tLrTHJMDftM86zRjK,617998
dDw6tLrTHJMDftM86zRjK,676659
dFKBHFkn8fDNGmdWktNnJ,708925
dFm9z7KzTbWHCbw9CgN7h,248527
dFm9z7KzTbWHCbw9CgN7h,278644
dGQHwjhbMcCh7QbQQDRJJ,708464
dGQHwjhbMcCh7QbQQDRJJ,708465
dGQMGKjkBHPGpLCQjgm7P,502619
dGqFDHg9FqzfbDcNcLPtP,225908
dGqFDHg9FqzfbDcNcLPtP,270949
dGtzm9PwqTkFGcJwFNzPM,577730
dH8jGBhdrCK7gbf9NhtGJ,549651
dH8jGBhdrCK7gbf9NhtGJ,551476
dH8jGBhdrCK7gbf9NhtGJ,554168
dH8jGBhdrCK7gbf9NhtGJ,676613
dHGPHrcmzW8TJT6m8mrPp,518369
dHHDMCPmjB9nfctGcbfDF,708973
dHJNBgd9MgWfgbnz7WFPm,517400
dHNcBPjwggj8GdFnqbkrD,225907
dHNcBPjwggj8GdFnqbkrD,270946
dJCRQcRmp7mhMTNDRgFN8,270498
dJKCwTcJtrgGFdpDBNg9w,261478
dJbhLJjdgzzQg7rtmnP9k,551646
dJhftDhtgzGRMPCt7btf9,273129
dJhftDhtgzGRMPCt7btf9,500717
dJkKN8JqCpJTtG9TPHM7n,692542
dJkKN8JqCpJTtG9TPHM7n,696464
dJkTjzNPzkH9fc98PJdDk,502602
dJkTjzNPzkH9fc98PJdDk,557941
dKKCNFfnqk9zMLRzdHHgR,693433
dKnLDB7TncwgzFwBf8jfz,225270
dKnLDB7TncwgzFwBf8jfz,552023
dLHqbBN9bkQ6DtLtprJ7g,708972
dLdBfMKhPbj8qppT6LgdL,517473
dLdBfMKhPbj8qppT6LgdL,686343
dLhBfHW9rQGrQHqRrcQqG,225015
dLhBfHW9rQGrQHqRrcQqG,225328
dLhBfHW9rQGrQHqRrcQqG,270935
dMBRGmmzWTNGjDRbRMzMn,632070
dMJht8gmwFJG8cKdpzCnw,225272
dMJht8gmwFJG8cKdpzCnw,225359
dMJht8gmwFJG8cKdpzCnw,273183
dMgNNhpNmBbDpjQHKC8j7,664619
dMgNNhpNmBbDpjQHKC8j7,676547
dMqghRmmRF9DfFnqrBPbP,518379
dMw97RJqc6PgTctzgWWK9,248551
dN67MttzDLBTqmCWdDQ9M,261452
dNCDnH6TKq6bCW8ndKHGn,225092
dNCDnH6TKq6bCW8ndKHGn,225699
dNCDnH6TKq6bCW8ndKHGn,647422
dNDpzGcjHNR6bbRL99RJm,488521
dPBgWTKbQqMpfNBr7zrrL,708988
dPTR67DTztNrb8wdFHnGW,487392
dPbDhHRWLfGK8tDtRNmHg,237851
dPbDhHRWLfGK8tDtRNmHg,238472
dQ9DC6fLBNbBQdrcrKtQW,261460
dQB8pPfdFTDkKJwz9LQbD,225906
dQB8pPfdFTDkKJwz9LQbD,270940
dQR8fwBWNN6HPz7tzBCbk,225830
dQdNWcpTJnKdW7gLNGKL7,676485
dR8hjTth9bHpdLfTBPLNM,274400
dR8hjTth9bHpdLfTBPLNM,274401
dRFbtRTF8qzzBwbqHkWtF,237843
dRp7czHgccGwbFTQjLPCk,653994
dT9zWQdWrRnqwfC7Qmcnp,261501
dT9zWQdWrRnqwfC7Qmcnp,261503
dTJpQ9hGCQBrDGzt6jgCC,502812
dTJpQ9hGCQBrDGzt6jgCC,502817
dTKDHwdcrLNPPb6ktczmR,225822
dTKDHwdcrLNPPb6ktczmR,676679
dTfFbRdN9zLPKfgWd8mmp,565674
dTftJfGFgDFTcPdkFKQGC,551534
dW7KzrHdpwqwffrfBbQbq,453267
dW8jcQzzbnTnQfkBrb7wP,652762
dWbFtRKNWnmPBPpBLrFqF,502872
dbBBGHkdzwBz9QBG8MzHh,676387
dbFjRNnQkD8fRTNJn8pJC,488490
dbKgpPzLgwFdjfrhRmbgK,612631
dbTzPk8nMMBcPzTnnnDRk,611167
dbTzPk8nMMBcPzTnnnDRk,618040
dbWtMTc6H6qKnbwKnLfRc,561378
dbWtMTc6H6qKnbwKnLfRc,584677
dbpfNKKDCMKCPHDkL6BJf,695272
dbrfzmNJ9ccB9CW68pmQp,502772
dbrfzmNJ9ccB9CW68pmQp,504524
dcLgct9B7DmJnG6WbHpQk,248546
dcMMQNzjpzQ76GQPpnQwz,225890
dcMMQNzjpzQ76GQPpnQwz,270937
dcMMQNzjpzQ76GQPpnQwz,497994
dcWdcd8Q6tnPKDT6nKkjH,225148
dcWdcd8Q6tnPKDT6nKkjH,271027
dd7RLKpk8jcWcN8JdQQDW,577717
ddWqPQBnFfqdkkMh87RKw,561922
ddc8cKjhFDgfDQqdpcRjB,517318
ddc8cKjhFDgfDQqdpcRjB,519488
dfzBMM9Tm8Q8jRWdQKp97,248434
dfzBMM9Tm8Q8jRWdQKp97,275532
dgBPpWggJ6wkFQG8t9Jqc,551931
dgBPpWggJ6wkFQG8t9Jqc,618756
dgBTMrWQ8F7gTCt6m7ngM,237797
dhHz8JT9mMD79KJqNWNnB,606700
dhHz8JT9mMD79KJqNWNnB,615605
dhHz8JT9mMD79KJqNWNnB,617836
dhHz8JT9mMD79KJqNWNnB,618086
dhMB8PhdHndJLzwgtF9t7,488463
dhMB8PhdHndJLzwgtF9t7,489125
dhbhdcr8CB6ngRrf9GTgm,502721
dhbhdcr8CB6ngRrf9GTgm,503312
dhfWgpW6bPJrPMcKrFRdt,695215
dhmDDqtfNCPcBnzfTKzrp,503284
dhmDDqtfNCPcBnzfTKzrp,656466
dhwrK7dkJkdwjFBjJWHg9,502599
djwkWbcLBTTbgtNJMHbzP,676326
dkLNjP9DcLhPbQTpdBffW,237910
dkT9ghbNpFJ9qCfrPQq88,453261
dkWqMzLQfPdRHktgJrMK8,502828
dkzRfmwLkcGrgmnzTQzcJ,606720
dkzRfmwLkcGrgmnzTQzcJ,615606
dkzRfmwLkcGrgmnzTQzcJ,617838
dkzRfmwLkcGrgmnzTQzcJ,618088
dmGpmBBdMCt7dTpGHmjmr,695148
dmQ8Fr7wDgKwfw6BLpdzH,261464
dmcWqBfNRjBTbCtfLWtmH,248344
dmnK9rtgp6tmCbN9LR9qQ,225169
dmnK9rtgp6tmCbN9LR9qQ,225332
dmnK9rtgp6tmCbN9LR9qQ,271163
dmnK9rtgp6tmCbN9LR9qQ,708908
dnK9JddMWTf6RgcBWGjn6,611171
dnK9JddMWTf6RgcBWGjn6,614576
dncM8DzP7fJ9JWDqqWfHj,248357
dnhGwzTLMbDMGLfrBgnzz,632111
dp6nprbWWLQwqMdcwW6Wz,647329
dpGmjmrn8CCTKkr8f6KgF,708937
dpLGTBmrFfpKctGmQcHtw,682857
dpPzdRQgfkBRgcHbWMQpt,577723
dpPzdRQgfkBRgcHbWMQpt,584730
dpwPgBFGQpTFjPWNTDdDt,488436
dqMTFcnkTFmRwgHjKFhkz,676471
dqwWnfmK6rdFDd7GgMKfz,676318
drBDmHmGtr8qtbmgztwdH,453377
drBDmHmGtr8qtbmgztwdH,518372
drBDmHmGtr8qtbmgztwdH,676754
drQpPrpDwtQqTLDBNRq7G,237915
drQpPrpDwtQqTLDBNRq7G,238475
drbBwrNtMRPTJ79LBQWWB,488538
drbBwrNtMRPTJ79LBQWWB,489142
drbBwrNtMRPTJ79LBQWWB,489172
drbBwrNtMRPTJ79LBQWWB,489259
drbBwrNtMRPTJ79LBQWWB,489299
drbBwrNtMRPTJ79LBQWWB,489994
drbBwrNtMRPTJ79LBQWWB,495530
drbBwrNtMRPTJ79LBQWWB,565624
drgrrjBH9rz9k67qc6WnF,561250
drgrrjBH9rz9k67qc6WnF,578148
drmRFDLhKw6b7JBJdfWkM,565411
dtg9jMjQFFbmncCBNHjW9,225159
dtg9jMjQFFbmncCBNHjW9,225323
dtg9jMjQFFbmncCBNHjW9,271122
dtg9jMjQFFbmncCBNHjW9,676581
dtg9jMjQFFbmncCBNHjW9,708893
dw8F9WDckzGdK6hhQWnTt,503270
dwfCfQLjJJNLpwrnmhcPt,561377
dwfCfQLjJJNLpwrnmhcPt,565214
dwmnBHf6f8wQBBQwRJdNw,487201
dwmnBHf6f8wQBBQwRJdNw,489251
dwwctGFw9hmcJLrQ7DTFN,248529
dzJfMfd9gL8JjpJ6hNKMk,226095
dzJfMfd9gL8JjpJ6hNKMk,271211
dzMTMbL8qfHbFmCJB8GG7,517431
dzMffTNHqjw8q8jkDjGwD,695186
dzMtpNHjPcPNCFFkrR9QJ,270486
dzP7wmmnGhcPk78jJpwQ6,275732
dzTtNhGMLKzQj8FpPffbB,648187
dzjNwbBR9WMqhDD8mkBnp,676415
dzkNcddzgqbwg8k6KmD8c,225914
dzwfFWGJkBjbWtjK6qbtM,517732
f68hNDr6wCPfJ9c9b7Lqf,641704
f68hNDr6wCPfJ9c9b7Lqf,657478
f6WNBKPkNJzpTBMTfkTHG,654019
f6WQfPKfkjbdj9FpC8zDw,453335
f7Gk6PJDmMhpGpGjpp866,612609
f7Gk6PJDmMhpGpGjpp866,617919
f7TPgGBKhDGFMRhNGBtBw,647375
f7f6TfTFjkgtcbQJ9rhDC,518389
f8B7rM7kBcncrTftJtntn,690451
f8B7rM7kBcncrTftJtntn,710774
f8QrwNNrtgKcB8MwLRQh8,551643
f8QrwNNrtgKcB8MwLRQh8,551645
f8bDMcqJ78QTCBznWpwwN,565555
f8bDMcqJ78QTCBznWpwwN,577214
f8bDMcqJ78QTCBznWpwwN,584686
f8wtgfmb6wRGbJH9bqtRw,237736
f8wtgfmb6wRGbJH9bqtRw,238389
f98CNTJTLWWTgPzmRpmGK,645187
f98CNTJTLWWTgPzmRpmGK,645188
f9C7rd9WgL9b8bgFMrP9h,695142
f9RrDh96NLGChKKrC9JGK,633249
f9gMHQcwjqhbDG8NHrpKK,238000
f9gMHQcwjqhbDG8NHrpKK,278921
fBWjpTwLWrMWRRwdbztRd,676497
fBjC6dqfrGN9TG7Whh9TR,225276
fBjC6dqfrGN9TG7Whh9TR,271125
fBjC6dqfrGN9TG7Whh9TR,275639
fBkzc8fHBKTCqGTJJP8cP,677652
fBkzc8fHBKTCqGTJJP8cP,677653
fBt7wHjJKcKKhftG6cGmW,518298
fC686brzCdJgKGMp6M7WC,502932
fCB6H9HqcnhNkhKjtcG69,518287
fCDfkDQBmt7KR6QL7gmcH,502859
fCNzFrbKLkdgtrnMdp7D8,248498
fCdJGpdcFjfFTQjgmQ8Rp,692536
fCmcQjBCJ9BRGBQDWk9Dw,453260
fCzgQtjJ9Q8gdrPq9t7Wc,248429
fCzgQtjJ9Q8gdrPq9t7Wc,250031
fCzgQtjJ9Q8gdrPq9t7Wc,262519
fDLQ8hHmzqnngwPhBdkNJ,453362
fDMpDJm8JHF7zkQcDq8mn,453291
fDMpDJm8JHF7zkQcDq8mn,647333
fDMpDJm8JHF7zkQcDq8mn,676814
fDMt9jWjpCQKJPQbfcpWg,633381
fDMt9jWjpCQKJPQbfcpWg,633711
fDRTh9GqLf8Hb8QpGbTH9,653999
fDnDDNRg7WC6tfmFgz9LC,225752
fDngpw7GRrGQTN9L8wtTf,676385
fDz7TpcM8GPdLWPCjcnKh,567102
fFHTT7tCd9NDBqn9qCgh6,533045
fFHTT7tCd9NDBqn9qCgh6,580613
fFHTT7tCd9NDBqn9qCgh6,664634
fFHTT7tCd9NDBqn9qCgh6,664635
fGFfbMPbQFn6qKPqCtJdB,612717
fGcBKBjTG9KFzbCmwNLhW,275706
fGcBKBjTG9KFzbCmwNLhW,276847
fGcBKBjTG9KFzbCmwNLhW,676653
fHRbFnj8CDThpRPckFMQB,248531
fHdJPFcMkDBRMTqThPG7w,654003
fHdJPFcMkDBRMTqThPG7w,676796
fHzPHtqP68CcwPG6JGGMJ,694922
fJ6NzRBP9hRRcQLPLTDrf,612592
fJ6NzRBP9hRRcQLPLTDrf,617994
fJ6NzRBP9hRRcQLPLTDrf,676656
fJdjjcFWMpqfCNKpJbNLr,518318
fJjNtpB6PRFbDhM9Brndh,653975
fJpTHprkwHkCQhK9nzFDR,225238
fJpTHprkwHkCQhK9nzFDR,678579
fJzjdQTnDbfNwGCDWCBNK,633215
fKbwfGWzk7zrpWBTNcrjd,648196
fLCJkLgGtkfJd6pBq8fJK,549699
fLCJkLgGtkfJd6pBq8fJK,551516
fLCJkLgGtkfJd6pBq8fJK,561163
fLpMkKFnPn9qGw7LgJhmQ,533497
fLpMkKFnPn9qGw7LgJhmQ,537207
fLpMkKFnPn9qGw7LgJhmQ,537299
fLpMkKFnPn9qGw7LgJhmQ,561937
fMDbBJHTPL7dcMMFNkCCm,641660
fMDbBJHTPL7dcMMFNkCCm,657482
fMN6zwqRJGg7mHLpNJM8C,488346
fMN6zwqRJGg7mHLpNJM8C,489159
fMTD8KtQPbbbfDqLKDDKJ,453359
fMTdMtzzft7bLzG9DpjNc,488503
fMdnz9D9MRDrzMrBFf7Kr,225833
fMdnz9D9MRDrzMrBFf7Kr,271219
fMgQnGBfTgfGdLFMDjDWJ,488430
fMgQnGBfTgfGdLFMDjDWJ,678575
fMrFHR8DtpGQkCcHDCrDM,648178
fNFqtdWLq6tCPnnwjLLWL,225546
fNFqtdWLq6tCPnnwjLLWL,225610
fNFqtdWLq6tCPnnwjLLWL,226001
fNFqtdWLq6tCPnnwjLLWL,270936
fNFqtdWLq6tCPnnwjLLWL,552473
fNGtM6WDcWMR6DcmjtRdw,238652
fNMMHHpLGMCjHh8KQG8nW,225251
fNMMHHpLGMCjHh8KQG8nW,225512
fNMMHHpLGMCjHh8KQG8nW,225730
fNMMHHpLGMCjHh8KQG8nW,271052
fNMMHHpLGMCjHh8KQG8nW,517750
fNWdCp9dwBcCwGtH9F7wT,275714
fNWdCp9dwBcCwGtH9F7wT,276830
fNWdCp9dwBcCwGtH9F7wT,278957
fNWdCp9dwBcCwGtH9F7wT,612643
fNWdCp9dwBcCwGtH9F7wT,617986
fNWdCp9dwBcCwGtH9F7wT,676652
fPRWHBw7cmHgJmmJFBt8W,248365
fPm6WdzfPTdDqG7Q6d6Tc,225078
fPm6WdzfPTdDqG7Q6d6Tc,238384
fPm6WdzfPTdDqG7Q6d6Tc,271278
fPrdbzqrg9NLzGgdMT8L7,237955
fPzhqRh86kP9zhkBKdCjq,577765
fPzhqRh86kP9zhkBKdCjq,678566
fQTg89mpRjTDTRmPGkQb6,502787
fQTg89mpRjTDTRmPGkQb6,526130
fQTg89mpRjTDTRmPGkQb6,561276
fQW6hh8zJtbjJrQMzjkpD,226049
fR8fP8Q7BrTwbtKdzhdft,261382
fRMpqdL8MjMKkPq9rG8J8,224953
fRMpqdL8MjMKkPq9rG8J8,225963
fRMpqdL8MjMKkPq9rG8J8,517480
fTLNzLLwbfCDzGf8cDnTr,237840
fTLNzLLwbfCDzGf8cDnTr,488510
fTRKMfB788NTF7nK7mrR8,225194
fTbpMzhTMBwFNCpGKCft7,225019
fTbpMzhTMBwFNCpGKCft7,270955
fWMNJw87bKTw7PFwcDgGc,624362
fWQbRmQL9nM8TBfkfbCbW,695188
fb7rNjThhmgFtrjmGcc6k,270487
fb7rNjThhmgFtrjmGcc6k,676752
fbKhDHT7dDzFfh7cpBjkJ,225823
fbKwcPnqhWKbTWd6M9Wbc,695171
fbWKm6G9jpPrnL7t7TqDg,248547
fbcKWGrbfkm7tKJkrtgjK,453266
fbcKWGrbfkm7tKJkrtgjK,481569
fbcKWGrbfkm7tKJkrtgjK,617943
fbfLBzMKtdBhJDLbBrPtg,533533
fbfLBzMKtdBhJDLbBrPtg,537331
fbm7LndJccMBQqdCWQmd6,225808
fbm7LndJccMBQqdCWQmd6,271197
fc8jMwTprwnhRbPKDmF9J,531881
fc8jMwTprwnhRbPKDmF9J,536746
fc8jMwTprwnhRbPKDmF9J,545003
fc8jMwTprwnhRbPKDmF9J,645201
fdPTtmjCBrQLfrMFNQb6P,611160
fdPTtmjCBrQLfrMFNQb6P,618080
fdPTtmjCBrQLfrMFNQb6P,676537
fdQ8rf8W6d7KgDhprdm9k,518278
fdR8zN6W8bmtBfmMzTmWg,708923
fdTHJDGRFHhBhjmFKfkHp,237766
fdTzMwFCfWtRTwC6qDMRt,225069
fdfdpDhwBKNpbGPntGkKd,453184
fdfdpDhwBKNpbGPntGkKd,476166
fdfdpDhwBKNpbGPntGkKd,517511
ffBdWzC9BPQk6Cktmk7Dr,237858
ffBdWzC9BPQk6Cktmk7Dr,238529
ffBdWzC9BPQk6Cktmk7Dr,676632
ffKGNQcWnLkfQD7w66MRL,528088
ffKGNQcWnLkfQD7w66MRL,536760
ffKGNQcWnLkfQD7w66MRL,557090
ffKGNQcWnLkfQD7w66MRL,645202
ffNt7P8KbGTzB8NBf9jD8,551535
ffTGRRhMJmDGQQK9WPw6t,237907
fftHpLKh8HbCDnTzgHbjF,225626
fg6fdKmQkGmCgkGprpKRR,695165
fgPwzMt7tqqtN77zFbjzP,533600
fgWtKprkRGWMhWwkCPJFm,261519
fgdcRDCnkGRWgNzJCwchR,226036
fgdcRDCnkGRWgNzJCwchR,489287
fgm7jmdTQgBBcd6JPdjcW,528098
fgm7jmdTQgBBcd6JPdjcW,537190
fgrK7Mbp8qQcbMtQDwk9F,225072
fgrK7Mbp8qQcbMtQDwk9F,271292
fgrK7Mbp8qQcbMtQDwk9F,517632
fgrK7Mbp8qQcbMtQDwk9F,647408
fgtKgMrhTRwMmQqMfg9FH,453183
fgtKgMrhTRwMmQqMfg9FH,476165
fgtKgMrhTRwMmQqMfg9FH,517499
fgtdwK9LKpQLht8bnpG6L,237716
fgtdwK9LKpQLht8bnpG6L,238455
fhmnPQWbBz77qwmWDL6hT,633258
fjQgK6kHbkD6TGbRzJDGf,225942
fjQhNWhnfzCbn8L9d8gjT,453287
fjQhNWhnfzCbn8L9d8gjT,561382
fjQhNWhnfzCbn8L9d8gjT,676550
fjzKPPn6MD6qHWGTbwWtM,664620
fkH7TNCHGQkLWQjC8gBnw,502909
fkJjHhHdB79QkMRRGLRTr,533483
fkJz8TmrMw8zMngz6qQDm,563799
fkJz8TmrMw8zMngz6qQDm,577198
fkJz8TmrMw8zMngz6qQDm,577746
fkJz8TmrMw8zMngz6qQDm,584704
fkrcRbTfRgjF8tpTKPMNH,275659
fn6R8HkftTRfr6dD8Gfgh,551634
fnnhHCfMmz6R8BjbWwRTt,261426
fnrjjBNqBwWQb7PhMtmzC,609493
fnwmJgw6ktTLBrnD7QHFN,676441
fpbDMC7pMtnNHCJrkcTww,653935
fpmdrrdQ9QwCh6bdphJ68,237937
fpnNtrfNGgkh6jbnGzjkt,676375
fq6Pbr7BmJdqbLFqdfdTW,492142
fqCqGRGmQ6QDRJGjrFDbg,518283
fqF87f9FWqhtqnNDkKcBB,225816
fqQ96RtWDpg7Lh6HcjmFk,275676
frFC8JrBBcmKCbDTjLbKc,633281
frFC8JrBBcmKCbDTjLbKc,633630
frQkkTNgtwqhkN6Hgq6cj,247879
frQkkTNgtwqhkN6Hgq6cj,624621
ftMMhmgB7L8mJ7zNR7TMR,225667
ftdRwjTPb9PNhfpfMMkzC,551463
ftdRwjTPb9PNhfpfMMkzC,554173
fw9LtHDQTMHgTrdcK9gP6,453185
fw9LtHDQTMHgTrdcK9gP6,453187
fw9LtHDQTMHgTrdcK9gP6,517570
fw9LtHDQTMHgTrdcK9gP6,555062
fwF67FGHHq7rCKdPRz77f,225868
fwF67FGHHq7rCKdPRz77f,271040
fwGHMG68wcDm6TmkfqC7w,518336
fwHfwDjtckfDmGQQQrKLw,261323
fwHfwDjtckfDmGQQQrKLw,533477
fwLrdwk7MMpphzHTLPCNK,654085
fwNFw9pTWMpgz8t9dCgMD,517457
fzLHhjCCMWFGn9nnhNHwG,565648
fzLHhjCCMWFGn9nnhNHwG,577275
fzzJk9PmQWWNpWN9qWHCH,225935
fzzJk9PmQWWNpWN9qWHCH,271253
fzzJk9PmQWWNpWN9qWHCH,647380
fzzJk9PmQWWNpWN9qWHCH,676719
g69J9qNWrLQRfCbT8D9jk,453393
g69J9qNWrLQRfCbT8D9jk,453397
g6BdLTWJMrQrbR77nnDrf,488377
g6BdLTWJMrQrbR77nnDrf,489193
g6JbT9QmdqT8nQwH8cFCh,225909
g6KGRbQjr8rg7JbnhFRT6,565425
g6KGRbQjr8rg7JbnhFRT6,577195
g7DBTGtKGzCtWWfLKdFcr,261320
g7DBTGtKGzCtWWfLKdFcr,533468
g7bpktwdT6TNqpKwzJHPG,695204
g7hJCTWLMLLjNGWM89PzC,225844
g7hQcmhpwWdKzkj7NtgLp,609580
g87mMPgfPPFTprgJCCkrQ,675356
g87mMPgfPPFTprgJCCkrQ,676646
g89MkbrrTtJkGwFwDKpfB,653960
g8DJ9bCBRCD6hLtGrzkQh,224958
g8DJ9bCBRCD6hLtGrzkQh,225349
g8DJ9bCBRCD6hLtGrzkQh,225366
g8DJ9bCBRCD6hLtGrzkQh,225704
g8DJ9bCBRCD6hLtGrzkQh,225782
g8DJ9bCBRCD6hLtGrzkQh,226058
g8DJ9bCBRCD6hLtGrzkQh,271025
g8DJ9bCBRCD6hLtGrzkQh,676595
g8DJ9bCBRCD6hLtGrzkQh,676626
g8DkCdbjNtDPTMWhDFnNf,634592
g8DkCdbjNtDPTMWhDFnNf,649725
g8DkhdLpGnDhj8WmkqTgr,577728
g8kNtFJgzPzDjzrhChg7D,488351
g97rMMDfMbRgmgfjzgJnL,225174
g97rMMDfMbRgmgfjzgJnL,225351
g97rMMDfMbRgmgfjzgJnL,271174
g97rMMDfMbRgmgfjzgJnL,676596
g99FP9tt8L7dtmfqwDnH8,654025
g9LhkTgkgNBCtwmcPCgdP,226064
g9ckPjGmpNNkmbgChTQNR,237979
g9ckPjGmpNNkmbgChTQNR,238438
gB89PHQzGDwTkP8wM7nwz,261402
gB89PHQzGDwTkP8wM7nwz,676804
gBQnWLRkrTJNGGm7dWPBN,646478
gBWrqJjBJrKJHBCdmBtcC,225821
gBWrqJjBJrKJHBCdmBtcC,271112
gBWrqJjBJrKJHBCdmBtcC,488501
gBdLwdzLq6zrMGbHKpKfw,261386
gBgzTTTb9BCd8wCwhW8jB,488383
gBgzTTTb9BCd8wCwhW8jB,695261
gCgcRpmr76G6zmFgpprRw,261436
gCgcRpmr76G6zmFgpprRw,275554
gDcKMbmQqDqD6mkWBTqq8,225200
gDcKMbmQqDqD6mkWBTqq8,225337
gDcKMbmQqDqD6mkWBTqq8,270897
gDcKMbmQqDqD6mkWBTqq8,708948
gDcLCrcfPQKNNpq8DkMFp,695233
gDhFGHDrPKRwCP6qRF6zd,577768
gDhFGHDrPKRwCP6qRF6zd,577769
gDhFGHDrPKRwCP6qRF6zd,633728
gDhFGHDrPKRwCP6qRF6zd,678572
gDhRftBzcK9cMp7tRmCTB,517870
gDzD7QkWQPMFTHNmGpHbJ,653385
gDzD7QkWQPMFTHNmGpHbJ,653811
gDzD7QkWQPMFTHNmGpHbJ,666545
gFQQLWKpNnLW9TPg86kL7,225289
gFQQLWKpNnLW9TPg86kL7,225726
gFm9BtgB7HbP6CkbjG8gC,575194
gFm9BtgB7HbP6CkbjG8gC,604716
gFpfBH7cRPMKwQ6WNhWC8,708984
gG6NLRhhPKLPh6Q7nJHBT,653233
gG7HktC9HdknC8z8pMGjw,453348
gGFjwC7rpLfpdBWDdQwgn,518313
gGNMr8mcpnDbqBpGLfMrN,237856
gGNMr8mcpnDbqBpGLfMrN,276859
gGmbgrQrzhKpFdtcRTF9h,225222
gGmbgrQrzhKpFdtcRTF9h,225331
gGmbgrQrzhKpFdtcRTF9h,238387
gGmbgrQrzhKpFdtcRTF9h,238429
gGmbgrQrzhKpFdtcRTF9h,270926
gGmbgrQrzhKpFdtcRTF9h,275542
gGmbgrQrzhKpFdtcRTF9h,489121
gGmbgrQrzhKpFdtcRTF9h,562509
gGnD9FWMjp89q8PGwThGr,488472
gGnbNjCkPfRrfc8QTMjgT,502807
gGtb9f6ghPNqrTL7PhcHk,577770
gGtb9f6ghPNqrTL7PhcHk,577771
gGtb9f6ghPNqrTL7PhcHk,678578
gHHKtLnq67JtqNPwgNpr8,261443
gHHKtLnq67JtqNPwgNpr8,273925
gHKL66LFPJ6Jq7qkqFQqn,708899
gHzNJcBw6rtnCgNqfftPz,630337
gHzNJcBw6rtnCgNqfftPz,633610
gHzNJcBw6rtnCgNqfftPz,637490
gJCkLbwKKhftmCtmQqr7r,248457
gJH8NpPRNdFtTbDQTDzHL,551724
gJbTFDQTW7HfKnkpwgLCw,677641
gJg89dTHTbjhQPnnfkMpP,551511
gJg89dTHTbjhQPnnfkMpP,554178
gJnrmh7M9pLPfkfNnzfMk,488405
gJnrmh7M9pLPfkfNnzfMk,489180
gK8d8WKtqrRJKcNhff8Md,453289
gKGT9RtDz7RGgtLWKkhgJ,225163
gKGT9RtDz7RGgtLWKkhgJ,271136
gKQCQDMCGjNqJJDzQ8tbR,653388
gKQKG87JCtBgqDDrcBmcF,502730
gKQKG87JCtBgqDDrcBmcF,502731
gKfz9fDKmTChbm7FmMgjh,237837
gKfz9fDKmTChbm7FmMgjh,488514
gKgfQDwNnGH8GtfL9RkPG,633273
gKgfQDwNnGH8GtfL9RkPG,647575
gKgfQDwNnGH8GtfL9RkPG,665040
gL8GpcfbDWqpFLBdnmHzp,676388
gM8RN6nqLkjHhfTDnRKtK,708193
gMJRbhDCMTJD8NW8H6BTf,676489
gMQ9qN89b76Fz9CwfBf6q,565417
gMQ9qN89b76Fz9CwfBf6q,584684
gMWRNPMTzMTfCqzFGkbTG,676367
gMWcDdjLpcdzMFDTBNpmM,693166
gNMFmq7hhbDCRHHzhRKRK,225086
gNMFmq7hhbDCRHHzhRKRK,271243
gNMFmq7hhbDCRHHzhRKRK,647386
gNPcP7pPgPCh6PCPBh9R8,225989
gNPcP7pPgPCh6PCPBh9R8,271188
gNPcP7pPgPCh6PCPBh9R8,676586
gNckqNrr8FBqDgGh877wQ,225995
gNckqNrr8FBqDgGh877wQ,238422
gNckqNrr8FBqDgGh877wQ,708963
gNqK8KBP7kPKcnpWrmq8p,502778
gNqK8KBP7kPKcnpWrmq8p,678565
gNzpTNpKbgmFnGtzhdTcq,612630
gPkmHM8hGHGdkDTfCdbDP,633294
gPkmHM8hGHGdkDTfCdbDP,633644
gQbKw7QPrQtQ7TTKDfLbb,695143
gQdQfNwNMgDLJfkcNWmhH,633218
gQdQfNwNMgDLJfkcNWmhH,634062
gQztCktdLJmWRdNfPNM6q,695269
gRQQM97BJrfQFQjB8jPzz,695237
gRpHwzjCr7Q6RQwnGTT7t,533564
gRpHwzjCr7Q6RQwnGTT7t,549258
gRpHwzjCr7Q6RQwnGTT7t,676721
gRqjRd9CMnFtj7d8dfjpd,225787
gTFpc8PnjzBtjcJkzcCbt,653985
gTLKtttbcq6CcLMHghJKw,708976
gTNzqJLcQhkLkhBwKrpBQ,225223
gTNzqJLcQhkLkhBwKrpBQ,225592
gTNzqJLcQhkLkhBwKrpBQ,225746
gTNzqJLcQhkLkhBwKrpBQ,225948
gTNzqJLcQhkLkhBwKrpBQ,225949
gTNzqJLcQhkLkhBwKrpBQ,238449
gTNzqJLcQhkLkhBwKrpBQ,270929
gTNzqJLcQhkLkhBwKrpBQ,270930
gTNzqJLcQhkLkhBwKrpBQ,488494
gTNzqJLcQhkLkhBwKrpBQ,489176
gTNzqJLcQhkLkhBwKrpBQ,489202
gTNzqJLcQhkLkhBwKrpBQ,662259
gTNzqJLcQhkLkhBwKrpBQ,662260
gTdJqkNfNt9HgCwbF8PwG,517386
gTdKt8WpBT7m9WpGMQFmw,653993
gTk9tDTjGDw9c9dM87gTR,677627
gW8BgNnBNK8JNCH7DC8cd,502620
gWTPCGnFgDrH9cFnFgg7F,237901
gbKHPCw8zzPmQcKWN9gnC,517849
gbMdbHtkbGnzcfpqHBFBq,275649
gbMdbHtkbGnzcfpqHBFBq,533625
gbMdbHtkbGnzcfpqHBFBq,537324
gbMdbHtkbGnzcfpqHBFBq,633358
gc8brnt6KtTr7wf9hfjrF,248393
gcfNgcdDLzRGCmpfWnKqF,261371
gcfNgcdDLzRGCmpfWnKqF,261376
gcgCpfj86Wq8pMRnjtWpm,648175
gcnq79gmpgkBRdwdGMmTw,488366
gcnq79gmpgkBRdwdGMmTw,489181
gdFrmMtzgg8DcqjN6tfBM,488517
gdFrmMtzgg8DcqjN6tfBM,492728
gdFrmMtzgg8DcqjN6tfBM,561390
gdFrmMtzgg8DcqjN6tfBM,676561
gdK9Qh67JW8FkFB6MWPrC,517634
gdgW96DqcRG69KdjcLBjr,633308
gdgW96DqcRG69KdjcLBjr,633662
gfNtDbBpfqGJPKHGqdJWH,225853
gfrwTGTGJhqjTPKbcd96P,275647
gftbNkkj9bNCBFRpnbdtq,517503
ggGjPCWdGwktGGF8gjbDc,488400
ggGjPCWdGwktGGF8gjbDc,489149
ggGjPCWdGwktGGF8gjbDc,489267
ggGjPCWdGwktGGF8gjbDc,618763
ggMjPPrkLjJJwWPFGdnDq,654010
ghCPQqFqNjMq9cn7nTrzJ,533566
ghzGbkHbQ8cgDFHj9gGKP,565687
gj6QqhDFKF6MtNncFMhmK,502832
gjCWLwWCRRfm6J66cNL7q,517416
gjGhfGCFbTtWRGrfcgMQN,653980
gjgpkHgC6p7HNTPpCJdCh,275231
gjgpkHgC6p7HNTPpCJdCh,275838
gjgpkHgC6p7HNTPpCJdCh,281401
gkBJQ6tmkftT69RrRPRJq,676460
gkBJQ6tmkftT69RrRPRJq,676511
gmKLgjmBKHDRjnCf7Q7kh,502831
gmR7DG76HhtdgwwTqQngT,517489
gmR7DG76HhtdgwwTqQngT,518381
gmR7DG76HhtdgwwTqQngT,676828
gmd8mLNNzBJgQNdhDjCwH,551718
gmd8mLNNzBJgQNdhDjCwH,662124
gmd8mLNNzBJgQNdhDjCwH,675353
gmd8mLNNzBJgQNdhDjCwH,675373
gmwg8fzdNG8rMfrHgD7kw,676332
gnCCKC87FkrLRgfz9dhFf,533638
gnCjFF9rFPTrhTrBcjJGc,533543
gnCjFF9rFPTrhTrBcjJGc,537333
gnCjFF9rFPTrhTrBcjJGc,542292
gnCjFF9rFPTrhTrBcjJGc,676603
gncL7pDCJzDJffqCnGGQM,641685
gncL7pDCJzDJffqCnGGQM,657466
gndDzrf8p9pprWwb6HwtL,261492
gnjKkBhQtpnDgQ6Q6KD9G,225918
gnjKkBhQtpnDgQ6Q6KD9G,271270
gnjKkBhQtpnDgQ6Q6KD9G,549273
gnkkkrwCnGpp7g8JHjFpK,647368
gp98bCGp7DPjk8KTpHqJr,225135
gp98bCGp7DPjk8KTpHqJr,270988
gpbqrrjM8cpnFbm8dLcKz,237833
gpj6g9tmrG7rjGKzBzNpN,275616
gpwqqHDD7DwWNrJPdpzRT,488418
gpwqqHDD7DwWNrJPdpzRT,489271
gpwqqHDD7DwWNrJPdpzRT,676531
gqHqnRkFrm7dmJRDf9kzJ,225994
gqHqnRkFrm7dmJRDf9kzJ,270910
gqHqnRkFrm7dmJRDf9kzJ,273146
gqHqnRkFrm7dmJRDf9kzJ,676604
gqHqnRkFrm7dmJRDf9kzJ,708960
gqJnkdRN8WkHKtFNtPTgN,517481
gqTpfTkztdLpN8W6TpRtR,274787
gqTpfTkztdLpN8W6TpRtR,274788
gqbjwbhDzHzdjzP8WdBCn,652764
gqc6jdDMpF8RNbBhLw9G9,487202
gqc6jdDMpF8RNbBhLw9G9,489140
gqc6jdDMpF8RNbBhLw9G9,489256
gqfJ6k7rFMpbcHMqjDJKR,633368
gqp7pLMMBLrRjGgzDgzT7,694901
gqp7pLMMBLrRjGgzDgzT7,694909
gqwdRLGrnGc9PbBQjMnpk,517797
gr8bpnbjFntzpQjWk9DTh,487191
gr8bpnbjFntzpQjWk9DTh,489128
grtHjPTGHTGG9WkdcktdH,225648
grtHjPTGHTGG9WkdcktdH,271148
gt6TDJd9dG8CcMfwHqdtP,690458
gt9cjT8zwMBHj77R76H77,225796
gt9cjT8zwMBHj77R76H77,271129
gt9cjT8zwMBHj77R76H77,676791
gt9gmN9KWC9cDJNbFH7KN,248430
gtRTcjNQwPdRpHrndrhMq,612716
gtzjLhHGpPmFgcLdpTBFH,275716
gtzjLhHGpPmFgcLdpTBFH,278927
gwLCKHWBWwMwH7McRRDzF,561294
gwLCKHWBWwMwH7McRRDzF,578815
gwnNzfNWWNnk6KRQnp7MW,517879
gwnNzfNWWNnk6KRQnp7MW,663157
gwz9PFtw8TdHG9DDTDctw,273120
gwz9PFtw8TdHG9DDTDctw,273168
gwz9PFtw8TdHG9DDTDctw,274356
gwz9PFtw8TdHG9DDTDctw,489119
gwz9PFtw8TdHG9DDTDctw,489205
gwz9PFtw8TdHG9DDTDctw,561889
gwz9PFtw8TdHG9DDTDctw,561919
gwz9PFtw8TdHG9DDTDctw,562483
gwz9PFtw8TdHG9DDTDctw,676512
gwz9PFtw8TdHG9DDTDctw,676545
gwz9PFtw8TdHG9DDTDctw,676577
gwz9PFtw8TdHG9DDTDctw,676611
gwz9PFtw8TdHG9DDTDctw,676707
gwz9PFtw8TdHG9DDTDctw,676708
gz8JNPJGQNgq66jKkBzbD,225967
gz8JNPJGQNgq66jKkBzbD,271038
gzDGmdfm6gHWctgrcgfKf,226096
gzDGmdfm6gHWctgrcgfKf,261489
gzDGmdfm6gHWctgrcgfKf,268463
gzDGmdfm6gHWctgrcgfKf,271279
gzDGmdfm6gHWctgrcgfKf,517568
gzDGmdfm6gHWctgrcgfKf,517577
gzHcjD7dKLpDfKtnKW8p8,631755
gzHcjD7dKLpDfKtnKW8p8,633623
gzJRqKbNJcdhdrHTjDRfn,641683
gzJRqKbNJcdhdrHTjDRfn,657470
gzLPbbGKHBB9fKJdkGdJg,703884
gzLPbbGKHBB9fKJdkGdJg,703885
gzdhT8FLprLrfPNCdNtR7,546701
gzzft6DHbbNJGGCfCJrz7,565419
gzzft6DHbbNJGGCfCJrz7,577199
gzzft6DHbbNJGGCfCJrz7,577255
gzzft6DHbbNJGGCfCJrz7,578829
gzzft6DHbbNJGGCfCJrz7,695255
h6J7CzPwdkTCKcbK7Jc8T,646735
h6MnCpMCpWw8jn6GL6TtD,517297
h6MnCpMCpWw8jn6GL6TtD,517299
h6kzb7mjjwrhQDDTnnJqF,624363
h6tW6K9N8LRqtbQrJLpgC,694948
h7MzmDDJRnbDwtMjqfcm6,275640
h7NLHrBf7dNmKLN8zqRLn,517653
h7NLHrBf7dNmKLN8zqRLn,518472
h7bnkbFjNTLjdGdCNg8RJ,653932
h7cHBbCqJnRKPFFLHmbHL,261417
h7n8tCF66mwtfWfqLLz87,261347
h7n8tCF66mwtfWfqLLz87,647418
h7zPMnmnnHgbHRhncLJm8,225083
h7zPMnmnnHgbHRhncLJm8,225694
h7zPMnmnnHgbHRhncLJm8,271262
h7zPMnmnnHgbHRhncLJm8,647383
h7zPMnmnnHgbHRhncLJm8,676718
h8P7JrccDgT7kRb67RHPm,487216
h8P7JrccDgT7kRb67RHPm,489192
h8P7JrccDgT7kRb67RHPm,489225
h8WG7GncNP7qN7hnzTdN9,612676
h8WG7GncNP7qN7hnzTdN9,617898
h8WG7GncNP7qN7hnzTdN9,618025
h9LPFJG86fdMPQmqwWNQw,676368
h9NHN8tRGcW6BtF98DJqM,565650
h9NHN8tRGcW6BtF98DJqM,577271
h9W6rrHqhh8p7bzH7tKmH,225027
h9W6rrHqhh8p7bzH7tKmH,225333
h9W6rrHqhh8p7bzH7tKmH,270961
h9jqjKPhPLfwCdgkQ9NBB,533571
h9jqjKPhPLfwCdgkQ9NBB,537240
h9jqjKPhPLfwCdgkQ9NBB,549267
h9jqjKPhPLfwCdgkQ9NBB,676686
h9kdCQ9nn9CGh6CkJmHhH,708936
hBDtCDkPFDtWFTm9hGJDq,565568
hBDtCDkPFDtWFTm9hGJDq,577176
hBDtCDkPFDtWFTm9hGJDq,577232
hBDtCDkPFDtWFTm9hGJDq,584739
hBNhqr7gCLz6QMzBDLk8F,651048
hBNhqr7gCLz6QMzBDLk8F,651049
hBNjTCpMptr8QmFbPHjN8,533473
hBpbr8Rkc89bfNLHhwMR8,261401
hBpbr8Rkc89bfNLHhwMR8,676803
hBqjdnFmnpdFC8wpQGgfB,633690
hBqjdnFmnpdFC8wpQGgfB,659608
hCT6MJC6bWrdHTmCjJfF6,633241
hCc9J9k6MLJPh7rgzRhwg,611155
hCc9J9k6MLJPh7rgzRhwg,614975
hCc9J9k6MLJPh7rgzRhwg,618032
hCc9J9k6MLJPh7rgzRhwg,676521
hCkjMgHBTtbPccM6FfKmL,561283
hCkjMgHBTtbPccM6FfKmL,585024
hD7Tgjzp9pwjttPmcFttW,237692
hD7Tgjzp9pwjttPmcFttW,511842
hDrLpdTjwKDFkzpkMd7bH,708953
hDrpDgFFTLFGDTHrBCfzC,237773
hDzHTgkgGfqFCn8mmR9M6,453403
hDzHTgkgGfqFCn8mmR9M6,453405
hDzHTgkgGfqFCn8mmR9M6,482369
hDzHTgkgGfqFCn8mmR9M6,489117
hDzHTgkgGfqFCn8mmR9M6,489233
hDzHTgkgGfqFCn8mmR9M6,501737
hDzHTgkgGfqFCn8mmR9M6,617890
hDzHTgkgGfqFCn8mmR9M6,662257
hDzHTgkgGfqFCn8mmR9M6,662258
hFFjjMfRw6J8KhBC7Tdzj,237720
hFdDjPwdMw7dd678RzRPH,653962
hFfmQg8Rc6gttfrhzpcPh,695179
hFhjbTW96DmWQPBP8C8HF,225655
hFhjbTW96DmWQPBP8C8HF,262527
hFhjbTW96DmWQPBP8C8HF,271154
hFhjbTW96DmWQPBP8C8HF,676568
hFtq9BPKqRgdTGQF9mpRN,695149
hGWwgMph6rFkMJJKq8Bqq,708191
hGgJfbfTpknpFCTCgQCzw,237995
hGgJfbfTpknpFCTCgQCzw,238446
hGrNPzMgNPK9zJ68bk987,653379
hGrNPzMgNPK9zJ68bk987,653815
hGrNPzMgNPK9zJ68bk987,666550
hHQTDb7NM76rqHD7gGMzz,275707
hHTFWRhbq9F7CwwbQqNQ8,656464
hJDM6fWpRRf6jLqrW8KRr,606692
hJDM6fWpRRf6jLqrW8KRr,615605
hJDM6fWpRRf6jLqrW8KRr,617835
hJDM6fWpRRf6jLqrW8KRr,618086
hJbgjmKWm7PKWGrrRhMf6,533604
hJbgjmKWm7PKWGrrRhMf6,678568
hJdQ9Bfwm8Fz8kdtzHHqL,225259
hJdWJJWrBzNBBFz9BCJDw,555132
hJdWJJWrBzNBBFz9BCJDw,565595
hJgFfDPRWWmknCPnHCrrL,652767
hJkWQRCjndN6DnFpWnmdt,676391
hJt6FwT8mhQbcWQLzgHMT,225244
hJt6FwT8mhQbcWQLzgHMT,225724
hK7djfn8zbWwdnmhzhJBh,225080
hK7djfn8zbWwdnmhzhJBh,225692
hK7djfn8zbWwdnmhzhJBh,647377
hK7djfn8zbWwdnmhzhJBh,676714
hKGMtQDHtqLhzg8Lzmjmc,225693
hKGMtQDHtqLhzg8Lzmjmc,271000
hKdWPHqc8bLM9Nkbwmncc,237778
hKdWPHqc8bLM9Nkbwmncc,533622
hKdWPHqc8bLM9Nkbwmncc,537237
hKdWPHqc8bLM9Nkbwmncc,537293
hKhfnNtkWGHNfWNmdFPCn,488350
hKhfnNtkWGHNfWNmdFPCn,489160
hKhfnNtkWGHNfWNmdFPCn,489284
hKkwwcJqJn9gdfRzgbmcF,248553
hKpL79WLFdLkgBhmhtdQJ,633337
hLpJwQM8kntLtkwcqdrrF,695222
hMBwBfHp8F7rBbMTwH9Kz,248401
hMBwBfHp8F7rBbMTwH9Kz,262471
hMQTg6qwCLqnHBdGbP6wH,225070
hMQTg6qwCLqnHBdGbP6wH,271310
hMcDLGCLj6b8dLHmbmjtq,676344
hNMR9pM9djfm8m9FHdmRb,654086
hNbHKGgQDmpBmQWDDTnkR,653977
hNdDhKhhpGwKTCT7wMRCp,551933
hNjPMTLPRdKr6JjTRMCnd,261348
hNjPMTLPRdKr6JjTRMCnd,488452
hNjPMTLPRdKr6JjTRMCnd,489189
hNkCtbWQNhtGkb77cFzhF,517819
hNkCtbWQNhtGkb77cFzhF,518239
hNkccNq9LrkjCNwnfFcfh,502860
hNtpt77b8dGgTbkCqzCLB,561280
hNtpt77b8dGgTbkCqzCLB,577242
hNtpt77b8dGgTbkCqzCLB,587942
hPQ9NCmMKDdgMkzpkpGb6,533563
hPQ9NCmMKDdgMkzpkpGb6,537815
hPWBFwq8Nmf96PM87BF6t,275641
hPWBFwq8Nmf96PM87BF6t,676663
hQGwctG9wQDRPbNzJWTnW,551490
hRLzQChgG7cPDkkhhC6MM,695294
hRMhmf8qkn6pR7TWQLqgb,251239
hRQFwWPRMpJrgj8NTmbCR,695236
hRRgnn9nCqGDpqQNHhwJm,648194
hRbLKmtGT7DJQqr9Q7MNN,225972
hRbLKmtGT7DJQqr9Q7MNN,271067
hRgD9BRWCc9jK9wdPnBC9,708971
hRnmhw6LKLJCh9MqM8RPq,676394
hTMnFLppC7Pjdk6hq8nWb,225118
hTMnFLppC7Pjdk6hq8nWb,270974
hTQgmpCHwLFgQnFbgf6tC,675367
hTQgmpCHwLFgQnFbgf6tC,676685
hTcPj7fQfqChgCnpMCDPB,225937
hTcPj7fQfqChgCnpMCDPB,271247
hTcPj7fQfqChgCnpMCDPB,517637
hTcPj7fQfqChgCnpMCDPB,647382
hTcPj7fQfqChgCnpMCDPB,676720
hWTwmwHfMg8PfTFRffBqz,248386
hWTwmwHfMg8PfTFRffBqz,262469
hWW6zdd6hQ7CwbBt6wc7d,651051
hWW6zdd6hQ7CwbBt6wc7d,651052
hbBHDjCJqMw9cJzRjNchC,565406
hbBHDjCJqMw9cJzRjNchC,577223
hbBHDjCJqMw9cJzRjNchC,577278
hbBHDjCJqMw9cJzRjNchC,609610
hbKPmFcFKbFq6DW9bbtBK,676436
hc9pkdhJ9qW6H7grMcjCR,708887
hcPBRGtmCKRBDMFBTJFbT,651054
hcRgHbGGNmwCTQMBF6CQh,453189
hcnpwrf6Brdq9rjc9TCJ7,502727
hcrwmGkbzW8zBft77cKpj,225982
hcrwmGkbzW8zBft77cKpj,225983
hcrwmGkbzW8zBft77cKpj,271145
hdBzQDmLW99WzrRmgqBcg,225990
hdBzQDmLW99WzrRmgqBcg,271191
hdBzQDmLW99WzrRmgqBcg,273145
hdwcfGdrfcJ9bK78tPgRW,225958
hdwcfGdrfcJ9bK78tPgRW,270999
hfMFhLPRrGcHDGr7cGqBm,453244
hfTBtd9wKBC6TzhCqQ6mn,677626
hgWGqgpQTdRHtTKcWpjkw,633376
hgWGqgpQTdRHtTKcWpjkw,634086
hhQwdkFWGnMzRtpDBTzQ9,237762
hhfqThRH8RttBMmDMr7H6,518286
hjJWd6qdQtWHcnrT8FWnM,261463
hjMQGwKgDTh8LzFdnk8Rg,561243
hjMQGwKgDTh8LzFdnk8Rg,561247
hjMQGwKgDTh8LzFdnk8Rg,584691
hjMQGwKgDTh8LzFdnk8Rg,664536
hjggcdqWwpwNKCrTBj6J7,274330
hjggcdqWwpwNKCrTBj6J7,274331
hkmQgBRgHRJJh6jmzGW8G,517734
hmNrmWJFJzgW6PDFGLBHM,676452
hmdFwhcDWLWTfL7MwkhPp,654050
hmgMzMGKkrgdQKkJdF7GQ,695250
hmh7T87jmwTmpfdbdjBFR,225991
hmh7T87jmwTmpfdbdjBFR,271195
hmr8mCTP6dhctND9KcFjp,633318
hmr8mCTP6dhctND9KcFjp,633672
hmwDMcWw9jwmjmpk8rBjR,561909
hn6Jp8hBLgpwRPd8gNnN7,248342
hnDrHbrPbqpmKb6LDdGD9,676369
hnJmqBJqmdmw886QMF6n6,248561
hnhmF8pkDjHM8HBKjKH8G,552014
hnhmF8pkDjHM8HBKjKH8G,683211
hnnpkTnnFPR76kw7qg7mr,274745
hnnpkTnnFPR76kw7qg7mr,274746
hnrFMm8w7tLpTtbMjHHK9,275608
hnzRDH86Qm9PGp7PJ9qPG,261477
hp6NPdQkGkWhrwpd7JWTF,226094
hpDRrFTHdkKD9gJW96ChW,453213
hpDRrFTHdkKD9gJW96ChW,457320
hpMnhtBmjM7zFBTDMkf87,225510
hpMnhtBmjM7zFBTDMkf87,225800
hpMnhtBmjM7zFBTDMkf87,271172
hpQCHKmzQGrjhJFJR8pBP,633326
hpQCHKmzQGrjhJFJR8pBP,633679
hpjt9GGTdQKf9t6RC6tCk,518358
hpqCzzRJJHRhkWLcL8QDh,551480
hqP98JGRBnqGr9QnPCmHC,632648
hqP98JGRBnqGr9QnPCmHC,633619
hqP98JGRBnqGr9QnPCmHC,662251
hqdkcKzDpMTrNrNjKPk7n,225567
hqdkcKzDpMTrNrNjKPk7n,270995
hqnLfCpjbMKBrjTHQNRfk,577764
hqnLfCpjbMKBrjTHQNRfk,584747
hrDjqDGGDc8QBdbwpgKzH,225943
hrH8MTCmLwnnJHhdNggMP,565649
hrH8MTCmLwnnJHhdNggMP,577277
hrPnGKq9czRctFqJqWknC,453177
hrPnGKq9czRctFqJqWknC,551569
hrRRtK6qNccfpgphQJwMd,647338
hrRRtK6qNccfpgphQJwMd,647339
htRtFwB8MhppFMqwLnNzK,561404
hw6qHfWdqQGfRPfKJMgR7,250014
hw6qHfWdqQGfRPfKJMgR7,255973
hw6qHfWdqQGfRPfKJMgR7,262423
hw6qHfWdqQGfRPfKJMgR7,677681
hw9HLQQjJ9nzWtBGFzWgc,488413
hwD7gkp8L8WgQjjdGPdtD,654032
hwD7gkp8L8WgQjjdGPdtD,666546
hwFjtcMfQHTbj6whzfhk6,275658
hwFjtcMfQHTbj6whzfhk6,276867
hwJJhrDhBFrkWr678FMrL,676299
hwJJhrDhBFrkWr678FMrL,677615
hwJmzPDqWwfPPRBDqDQm7,653945
hwTCzg9hgmBpj86czpKMq,225827
hwTCzg9hgmBpj86czpKMq,271202
hwbWNb8gDkQ7nrWwG6kWp,237972
hwbWNb8gDkQ7nrWwG6kWp,238434
hwbbCj8CLCtFCrtDqtJNC,502600
hwhRPmcc9nMh6tTjLz6fw,453304
hwnbrjRKLGTmzF8wf6QDH,453370
hwnbrjRKLGTmzF8wf6QDH,517470
hwnbrjRKLGTmzF8wf6QDH,676649
hwndKRTjTJtn9FwFhMNWK,237835
hww9qcDJ9r99NFhL6ctBd,453235
hznLkw6NwCdwhnH9KbKdF,612679
j6CmmkDpqRc7nKtL9Hkc7,676425
j6FKJDDDkHzjKrjN8FkdW,502911
j6W8wLDwB8B8QQkGKQNdz,226098
j6W8wLDwB8B8QQkGKQNdz,271217
j7BJG8MGn8DCGfjGwckkb,577720
j8LdzKwQwGdHJffPKcntM,708951
j8dKbzJP7kqP96rpMMLMJ,708983
j8jNwqCDtMqHPbCrnLcbf,225956
j8jNwqCDtMqHPbCrnLcbf,270972
j8jg6Htq98C6ChrtPMhhJ,612628
j8jjnw6NmpTpf9cWThfgg,225065
j8jjnw6NmpTpf9cWThfgg,271306
j98tFFFhRFtLffgcWMp9W,549749
j98tFFFhRFtLffgcWMp9W,551469
j9DCRLfzFKbQzprNRw8Ld,237923
j9DCRLfzFKbQzprNRw8Ld,238487
j9JKbN6mfRQRdDfQPnR76,676361
j9NnkHbJbdLdDLg9QtPht,612674
j9QzcDTJGBRJgntCrH88m,248514
j9QzcDTJGBRJgntCrH88m,262481
j9QzcDTJGBRJgntCrH88m,262548
jBMwChDGmJjp7GrhnzdwQ,633293
jBMwChDGmJjp7GrhnzdwQ,633643
jBMwChDGmJjp7GrhnzdwQ,633694
jBbnKk8wHjT9GG7fMzkdJ,577760
jBcWwLwbkkMjtgW7pTW8J,274809
jBcWwLwbkkMjtgW7pTW8J,275606
jBnLmTGRRPcCF9hpccHHT,453298
jBtHRMcRntDhhGzKtzKFB,517598
jBtHRMcRntDhhGzKtzKFB,545437
jBtfGzCwLCCTGrtzKPRJW,225247
jBtfGzCwLCCTGrtzKPRJW,271017
jC7KWzhP9jMrPDNCHJWtk,565390
jC7KWzhP9jMrPDNCHJWtk,565398
jC7KWzhP9jMrPDNCHJWtk,577230
jCLhjJp9PcgJFQHQfLQrf,274336
jCLhjJp9PcgJFQHQfLQrf,276842
jCrd8h9kPW8rJ9KwgRr8L,225156
jCrd8h9kPW8rJ9KwgRr8L,238395
jCrd8h9kPW8rJ9KwgRr8L,271073
jDD7pNJQw7B6DJf6ChRtB,237760
jDD7pNJQw7B6DJf6ChRtB,238397
jDD7pNJQw7B6DJf6ChRtB,557937
jDKTTwddjQzNWmHkTwDQb,248442
jDKTTwddjQzNWmHkTwDQb,257328
jDPCKWMC9wbhQHtDj8fzM,632653
jDPCKWMC9wbhQHtDj8fzM,633628
jDPCKWMC9wbhQHtDj8fzM,633722
jDPdqfjkbzLjMGk6nPPgn,646474
jDPdqfjkbzLjMGk6nPPgn,676730
jDjbmKWW9RHJwwncKDDfK,453171
jDjbmKWW9RHJwwncKDDfK,517486
jDjbmKWW9RHJwwncKDDfK,551577
jFM7t8H8pfwFdTJc7qb8b,453315
jFP6BqHQnT7tnrw7Fw9hh,237958
jFTctWqJnnwKqbbdphWjQ,652761
jFpwffNmqGB8nTHt7mzp9,629873
jFpwffNmqGB8nTHt7mzp9,646458
jGBBjz7wKwnLPrnMBRBht,551592
jGhw79gfQJqcWcLnFtjGL,708954
jGn7mnKcjTLRfgQH9kChJ,633237
jGnwnDCjNggQncMQcfMbm,248453
jGnwnDCjNggQncMQcfMbm,647420
jGpmP7RtNPqn6WnmJkLwQ,677654
jGzKJnCwkjfHhPhRzk7gj,275682
jGzKJnCwkjfHhPhRzk7gj,676682
jHHWGcnRpjzF8NMMKmdfF,648168
jHLRPPQDpFDLGHJkPKQtz,248428
jJQ8KwFgn6cPHpLjfgRjr,612590
jJchLwfJKhdhk8Hw7R6KP,225836
jJchLwfJKhdhk8Hw7R6KP,271228
jJdBmPDP6DkFFwwDG6wNg,694949
jJhngckczLmdhGHBKPkrB,653942
jJk6BgzffjFcwnKdrK6JN,551562
jKhMgndCGwjzKLHQMM7Cj,502789
jKhMgndCGwjzKLHQMM7Cj,517124
jLqRGt6GqBn9NbHrzbKKm,517630
jMMDM8cd7Dc8LdWWN7GzR,624364
jMMDM8cd7Dc8LdWWN7GzR,637484
jMq8ttGz9DCqPMjQRRmdF,565594
jNHCpjQbFbfjnj8KD9rjg,225828
jNbd7cDQccq8zTwgTT8Rb,488495
jNbd7cDQccq8zTwgTT8Rb,561380
jPD7Qr9HHgnr6BrLCpFBK,275686
jPMgW9kwNF8Cj69gwJntt,261312
jPMgW9kwNF8Cj69gwJntt,661997
jPRhzznmc6gRHTJKmcRfr,502921
jPfMCnKDptNbCbp6T96dT,488464
jPfMCnKDptNbCbp6T96dT,488796
jPfMCnKDptNbCbp6T96dT,489146
jPfMCnKDptNbCbp6T96dT,489264
jPhJQqDbHFbnGHFPNmntR,225811
jPhJQqDbHFbnGHFPNmntR,271189
jPkRMNrnkLg7kJhhDRjFK,275684
jPmQzcTkTDjMfbGHpdnr9,614299
jQmQWTMMdzJgk69cJNj8j,248364
jR6fBL9G8hzwjFpmbLdwW,275610
jR6rqDqWjjg79LTCFHMNQ,248378
jRGGnkWgcLPMMQ6D7bdnk,517740
jRGGnkWgcLPMMQ6D7bdnk,518476
jRKRwjgNT8QKhtPLqTnbW,653381
jRmPPnCdbT97fBdhK9jhq,601113
jRwfcNHdwMF8wPwzGFdFd,225874
jRwfcNHdwMF8wPwzGFdFd,271246
jTqt98GgKKrwBWjpRCpB9,653382
jTqt98GgKKrwBWjpRCpB9,653816
jTt8B8LqdBkCkwNwbGW8n,502846
jW9czbpr7pQHgHwcq9dNH,533023
jW9czbpr7pQHgHwcq9dNH,537250
jW9czbpr7pQHgHwcq9dNH,542263
jW9jRfpRdt7tWjpdNCTCz,531878
jWLtJzRFkTRqPDkwT7T6N,577742
jWrgGqDQrJcHQ8PF7htmc,502897
jWrgGqDQrJcHQ8PF7htmc,518462
jbDgmHNWr6GGD6GqmBCTf,248352
jbKCqbHCCkqMKKQfrDRwT,502834
jbKCqbHCCkqMKKQfrDRwT,514113
jbmgCjPjGMC9g6688q8RM,695159
jbpNpCbdRQh9bFqg9Mjh6,518325
jc7QRqTTh6cccdTjFmBf9,225651
jd9pfjNMhtjPhWPKqdnpg,225938
jd9pfjNMhtjPhWPKqdnpg,271223
jdKRbHgdf6Dwcw7dwHHjh,549690
jdKRbHgdf6Dwcw7dwHHjh,551587
jdKRbHgdf6Dwcw7dwHHjh,555728
jdLb9qCbwmwjj9N6rNrnn,225151
jdLb9qCbwmwjj9N6rNrnn,271034
jdkmHT8QfQmMbPLBHPrHJ,708980
jfHbfHfWB7KPd8NTmqDd9,518296
jfMpJKPFjR6kCpQnFJQdJ,614300
jg7dz6tkjTTqgmcNQbLRW,641708
jg7dz6tkjTTqgmcNQbLRW,657474
jgC7fqfp9rGLjPdJQNRBM,237723
jgC7fqfp9rGLjPdJQNRBM,238519
jgC7fqfp9rGLjPdJQNRBM,502762
jgC7fqfp9rGLjPdJQNRBM,514108
jhHRPW9NgMWC66TRC9G8d,614294
jhPjMTDtrz9MqcwFkQrkL,565404
jhPjMTDtrz9MqcwFkQrkL,577209
jhPjMTDtrz9MqcwFkQrkL,577267
jhPjMTDtrz9MqcwFkQrkL,609603
jhTpW6FqWNmdHzcHd9j8B,676464
jhcWTqd8Thf6gwbNGKqwh,653237
jhcWTqd8Thf6gwbNGKqwh,653238
jhhhz6KGqJtTdjBhLTF7B,533024
jhhhz6KGqJtTdjBhLTF7B,537220
jhhhz6KGqJtTdjBhLTF7B,542265
jjbWn8gPgq9nzqTHpNr8h,261415
jjrTzdzpWGzMQpFcnfhKN,275737
jjzTRHWhnQT7M7FwKjjpq,237788
jk9DMwtQDGFNpG7CBghpw,225029
jk9DMwtQDGFNpG7CBghpw,270966
jkHLWfcKGCHnmgFtjrJkr,567107
jkPdKzd9rfgc7W87rjr6r,533472
jkPdKzd9rfgc7W87rjr6r,537257
jkbMCtNCWghQGKqkDtGQr,561899
jkbMCtNCWghQGKqkDtGQr,584726
jkdq8cLQJQjrgGcLmPzM6,676312
jkmgRnFz8fWcbWfGKwQzq,502919
jknWRcgGTGL9hpnMkQCzp,237894
jktJDQ97DD6rnkQjhNdD8,502742
jkwfjdcDbhRnDrPWDnwT9,489116
jkwfjdcDbhRnDrPWDnwT9,495536
jkwfjdcDbhRnDrPWDnwT9,501738
jkwfjdcDbhRnDrPWDnwT9,517126
jkwfjdcDbhRnDrPWDnwT9,614357
jm9pR68kPHDjmkLRcJq9p,694931
jmNMNj8FrgJCR8dCcbmTr,612694
jmNMNj8FrgJCR8dCcbmTr,618048
jmNMNj8FrgJCR8dCcbmTr,618309
jmNMNj8FrgJCR8dCcbmTr,676530
jmdFFT8D6MhJWJLRbz6dt,633312
jmdFFT8D6MhJWJLRbz6dt,633666
jnR9QPhTfLmGWF7TPTQgp,648471
jnptttBbHJCwHBC99PMkF,261438
jpWjmrzckFnCzG8tFMppt,546695
jpWjmrzckFnCzG8tFMppt,549708
jpWjmrzckFnCzG8tFMppt,551528
jpWjmrzckFnCzG8tFMppt,555742
jpWjmrzckFnCzG8tFMppt,676640
jqRDtJRT9rF7rwC6pdfJD,275836
jqRDtJRT9rF7rwC6pdfJD,276813
jqRDtJRT9rF7rwC6pdfJD,279254
jqRDtJRT9rF7rwC6pdfJD,552496
jqRDtJRT9rF7rwC6pdfJD,676643
jqpfzHrQb9QC8BptMgLQJ,237740
jqrFDnJPwhw6bcQCcrLQT,632067
jqwmB7FLCpBPgTJz9ztGJ,631885
jqwmB7FLCpBPgTJz9ztGJ,631886
jqwmB7FLCpBPgTJz9ztGJ,634065
jrBknpNwPbrNbzmfKMnKw,551635
jrGCfgFzjRwjWMNCCPzmc,633713
jrGCfgFzjRwjWMNCCPzmc,636255
jrGCfgFzjRwjWMNCCPzmc,636352
jrGCfgFzjRwjWMNCCPzmc,638049
jrHMpbmnF6Hh97PffFzG8,487393
jrJHMtHfhk7bGFqhNkD8K,676397
jrQcdHwPDPTt8PWTdNLqk,502953
jrQcdHwPDPTt8PWTdNLqk,517559
jrQcdHwPDPTt8PWTdNLqk,543027
jrRgGDGgCCbTG8gkfgJjb,518326
jrcdWNnMQCtrjQqKjd9Fw,250021
jrcdWNnMQCtrjQqKjd9Fw,262531
jrcdWNnMQCtrjQqKjd9Fw,454854
jrcdWNnMQCtrjQqKjd9Fw,502710
jrcdWNnMQCtrjQqKjd9Fw,565401
jrcdWNnMQCtrjQqKjd9Fw,577228
jtJnCFHwQf7w9hwzbBtQt,261487
jtJnCFHwQf7w9hwzbBtQt,262959
jtjBwktMzPCDdwFgKtWT6,502857
jtjBwktMzPCDdwFgKtWT6,504521
jtk8JgcJHLBK9kqdNf7FG,453237
jtk8JgcJHLBK9kqdNf7FG,676588
jw6p7dcmQGwMF86LfJrbF,237850
jw6p7dcmQGwMF86LfJrbF,238471
jw6p7dcmQGwMF86LfJrbF,238525
jwDzJCPgGpnn6QgPJkNTH,664631
jwDzJCPgGpnn6QgPJkNTH,664632
jwTLJMTw6FMzm6KrTGzkW,654078
jwTLJMTw6FMzm6KrTGzkW,654079
jwWWMBhk9KQdTDBgCLKKj,676377
jwrDJnLHdGdWnWNMd6RnB,248477
jzkqdWBRMj7Hp8hQj8tDp,648172
k6CHfQ7NKhD8f7kPPhBdK,634595
k6WKFM77fCwDqKTTBBDmK,248458
k7CQWQNw7LjqTcGB8gDTq,533041
k7CQWQNw7LjqTcGB8gDTq,537312
k7CQWQNw7LjqTcGB8gDTq,537342
k7MhcFckGBzRHjNQ6WhMR,676258
k88LmRGmH9bD7PNrKhNK8,270496
k88LmRGmH9bD7PNrKhNK8,676725
k8CgTdPKWcmLb78HKgHjk,565428
k8CgTdPKWcmLb78HKgHjk,604714
k8d9d7n7fJRwkRDWG7Kcn,274752
k8d9d7n7fJRwkRDWG7Kcn,489235
k8mnLNbhrPPrtF9W9jbnH,225225
k8mnLNbhrPPrtF9W9jbnH,225320
k8mnLNbhrPPrtF9W9jbnH,225638
k8mnLNbhrPPrtF9W9jbnH,270893
k8mnLNbhrPPrtF9W9jbnH,647437
k8wMFCFHtGTtTRfnzKGqQ,225835
k8wMFCFHtGTtTRfnzKGqQ,271225
k8wMFCFHtGTtTRfnzKGqQ,676815
k9pcRP8zH6Ldz8dNMWtHk,708902
kB67fM6fFzGPc79Mqrn9Q,502928
kBGMnLgMjhm9DPqzNCWwb,612565
kBGMnLgMjhm9DPqzNCWwb,618081
kCHmfqF7QQHKTczPTgM8z,275099
kCKqHQb8W96FJTWqnNhCj,502768
kCbPmp8tjpdK8BFq9z9wQ,274393
kCbPmp8tjpdK8BFq9z9wQ,275759
kCbPmp8tjpdK8BFq9z9wQ,276807
kCbPmp8tjpdK8BFq9z9wQ,280873
kCbPmp8tjpdK8BFq9z9wQ,676448
kCbPmp8tjpdK8BFq9z9wQ,676662
kD798qm7kWr9fhCLM9dDm,533630
kD798qm7kWr9fhCLM9dDm,536258
kD798qm7kWr9fhCLM9dDm,708997
kD7jpPzWkNtFz6LTkk8HQ,614360
kD7jpPzWkNtFz6LTkk8HQ,616349
kD7rTHdWjpwfWR9mw8qG7,517866
kDCzjqmjjMT9hdnJTfRJb,612653
kDCzjqmjjMT9hdnJTfRJb,617896
kDCzjqmjjMT9hdnJTfRJb,617977
kDCzjqmjjMT9hdnJTfRJb,618016
kDCzjqmjjMT9hdnJTfRJb,676514
kDgcBghDT7wRQwQWmpWRb,274411
kDkpNHC97jqcRDTr9CcCj,488342
kFW8PcC89jw6rGKkhfpBt,225794
kG8dtfK6bQqncJjNm6wNL,502596
kG8dtfK6bQqncJjNm6wNL,514115
kGTBzfhL8Kr67NPjMWwK8,261414
kGnRg6Kgz9P68LnjncPGj,488361
kGqgWbR9dbWjWQNC6JCCm,654069
kH9PnLPwkjrBjBPWR7FBq,488532
kH9PnLPwkjrBjBPWR7FBq,489164
kH9PnLPwkjrBjBPWR7FBq,489288
kH9PnLPwkjrBjBPWR7FBq,561401
kH9PnLPwkjrBjBPWR7FBq,676567
kHP6QW9GNhJzkDjq7nGpk,517493
kHP6QW9GNhJzkDjq7nGpk,518333
kHTFbHM7GGctRFhMm8hBg,453280
kHhNjTJT9tjGbTC8pjMqH,275622
kHmRR6Q7mJPjQgdQJcjpQ,531880
kHmRR6Q7mJPjQgdQJcjpQ,536749
kHmRR6Q7mJPjQgdQJcjpQ,537277
kHtKHFpcQzRfhtQ8WGBzF,237782
kJDpLCpqNQ6wCC8g9nFHB,653411
kJJJmpKfCzqkzCM9DW9Nw,237870
kJJJmpKfCzqkzCM9DW9Nw,276822
kJNj9QRmJzpTNrrdn98rn,261462
kJdRmr6CLhJ9LznJkmcJb,502734
kJdRmr6CLhJ9LznJkmcJb,502735
kJhgfCfT9nhBbdDPndnJR,676477
kJngGmGgbGgKLLJPJKQbg,488456
kJzkbhWtqDJcCD6ngwkBH,641706
kJzkbhWtqDJcCD6ngwkBH,657471
kKGTFjLBcLrKRcJzHRRnQ,653946
kKGgdbFMjjhBjggrzwzkM,225984
kKMdmTCkGRNTMHHRDznLQ,565642
kKWd9BMLq8LnWhMm7gqN8,676270
kLWrkbbDknfq8fR8TgHnL,695192
kLbJBc8mpCQPMf8bmKchp,676342
kLgnHP8nHtnMwHfqN9zkp,695184
kLzphMK8g6dLhFRf7Tdph,502879
kMB9htzpJkJjKrWpPFF8R,502874
kMHrRGnggnJtkzk7PhbH8,226068
kMHrRGnggnJtkzk7PhbH8,271099
kMHrRGnggnJtkzk7PhbH8,565665
kMKLhqckbrTHBk7HbNLpJ,248459
kMKLhqckbrTHBk7HbNLpJ,262502
kMRjHHLzPtgLw7j7PmQqf,225899
kMRjHHLzPtgLw7j7PmQqf,270947
kMRjHHLzPtgLw7j7PmQqf,454212
kMRjHHLzPtgLw7j7PmQqf,584721
kMRjHHLzPtgLw7j7PmQqf,612718
kMRjHHLzPtgLw7j7PmQqf,614533
kMRjHHLzPtgLw7j7PmQqf,675355
kMRjHHLzPtgLw7j7PmQqf,675375
kMbtCPhmRMRr9fJnGRtPj,646288
kMbtCPhmRMRr9fJnGRtPj,646556
kMcJmLgJPhnbtBkWkPH77,612700
kMjgjn9M78JbkDGbgPPzk,487185
kMjgjn9M78JbkDGbgPPzk,489253
kNBgrQWKRDrDb97mWjKpz,533532
kNBgrQWKRDrDb97mWjKpz,537326
kNCRpnpttdTCbrWkzkmfQ,565424
kNggzqkBtLWRqfhFCMbfQ,633216
kPNdhpwdWLw77zLDKfgdr,561929
kPPR9hbpbgQJMMNqLPFfB,518284
kPPR9hbpbgQJMMNqLPFfB,529739
kPcbRhDr7B8cmkW7wgdMj,225184
kPcbRhDr7B8cmkW7wgdMj,225325
kPfFLfQ8phzz6tpjd9gMb,237880
kPfFLfQ8phzz6tpjd9gMb,238412
kPfFLfQ8phzz6tpjd9gMb,251172
kPfFLfQ8phzz6tpjd9gMb,708916
kPjnwgCd89bhDLPFqqrPW,676403
kQ6FBdQthJqphzBCzPcB9,633236
kQKHchJfQHNR7zbbBPQCR,533462
kQRmk6tcgNqLqhd887DBB,518364
kQcrWWddhc7qJJrtdpggp,551647
kQcrWWddhc7qJJrtdpggp,618755
kRPqHdCckKBKfRwjbfzNT,225527
kRPqHdCckKBKfRwjbfzNT,225552
kRPqHdCckKBKfRwjbfzNT,225729
kRPqHdCckKBKfRwjbfzNT,226078
kRPqHdCckKBKfRwjbfzNT,271156
kRQ88r9HmhDhfwFr8R6Tz,676417
kRRdnfWFfdCmmKTnjmzNk,225629
kRRdnfWFfdCmmKTnjmzNk,271087
kRRdnfWFfdCmmKTnjmzNk,453390
kRRdnfWFfdCmmKTnjmzNk,517375
kRRdnfWFfdCmmKTnjmzNk,676750
kRTgFbnKzr6NPC6WFcQQh,676374
kRfJmWQQmDCrHtkFtmLQt,676409
kRwtJCMHKNcKNrdk8LFnC,695298
kRzbQwnrjfkgzbncc9QQn,647431
kTKcmGwRgtjQcGFRRG6fT,632643
kTNFffN8hnrk7cr8zNkQP,641705
kTNFffN8hnrk7cr8zNkQP,657479
kTNdJ7FzJFNzgLpBWgTPM,248552
kTzjGBrWbwncJCt7wLTrH,273113
kTzjGBrWbwncJCt7wLTrH,690433
kWCjCDmt6k6Rq7bkf7pGr,237707
kWCjCDmt6k6Rq7bkf7pGr,238516
kWCjCDmt6k6Rq7bkf7pGr,264818
kWCjCDmt6k6Rq7bkf7pGr,502749
kWMK7khntdgCmPBhqmkJ9,510051
kWMK7khntdgCmPBhqmkJ9,517461
kWMK7khntdgCmPBhqmkJ9,518468
kWhWddrDGGh6fpqFrFB6j,633307
kWhWddrDGGh6fpqFrFB6j,633661
kbKrbhCMmgKghWMMpWMh7,248540
kbTJ7t7MLfLRNprLbJQRQ,565421
kbTJ7t7MLfLRNprLbJQRQ,676763
kbdzm8R7MHCpWC79RdTGH,226000
kbdzm8R7MHCpWC79RdTGH,238478
kbdzm8R7MHCpWC79RdTGH,270928
kcCW9ztqdpRtmqtM7h8kB,533460
kcCW9ztqdpRtmqtM7h8kB,537255
kcGqqmnbcLKkFDNCnqbNh,261398
kcHGCkMphHJwgcNd7jJcz,561907
kcWTWNfgMCjmWT9BNKwmJ,612677
kcf6QQMkQC8Mw9DBk78KN,614953
kcf6QQMkQC8Mw9DBk78KN,614954
kcf6QQMkQC8Mw9DBk78KN,615559
kcf6QQMkQC8Mw9DBk78KN,617973
kcf6QQMkQC8Mw9DBk78KN,622969
kcf7qcRNnNdCk8NL9N7NJ,676303
kcj8HPFjdMwbgFTNw7GmJ,612675
kcj8HPFjdMwbgFTNw7GmJ,617902
kdLqQ7BbpnTnCkJ9LzPTT,646469
kfCPfkdm8jrFqmHMNGj8h,453198
kfCPfkdm8jrFqmHMNGj8h,500730
kfQHGNNdKjPpG8nWkfB9P,609236
kfQHGNNdKjPpG8nWkfB9P,618302
kfWGwJwjNHRWdtNtLrrhn,453257
kftPnNkrBLJ7rPmFGgQCm,225529
kftPnNkrBLJ7rPmFGgQCm,225533
kftPnNkrBLJ7rPmFGgQCm,270925
kftPnNkrBLJ7rPmFGgQCm,482366
kftPnNkrBLJ7rPmFGgQCm,664853
kftPnNkrBLJ7rPmFGgQCm,677674
kg7JPwP7pDg9wGqqQ76HT,614254
kg7JPwP7pDg9wGqqQ76HT,675354
kg7JPwP7pDg9wGqqQ76HT,675374
kg7JPwP7pDg9wGqqQ76HT,696181
kg8PPbzPQHbJBccCwwh6f,676410
kgNHt6z9pwBJLNLKqNc7c,692509
kgTjdTtWrFMCqpHh9mn8C,225306
kgTjdTtWrFMCqpHh9mn8C,271251
khP7tT6NRCgzjJMWB8JHm,237893
khP7tT6NRCgzjJMWB8JHm,238465
khPW7Md6ncCCq9z7JGCqh,225209
khPW7Md6ncCCq9z7JGCqh,225356
khPW7Md6ncCCq9z7JGCqh,270919
khhbD7jztHMLmBGbqNdgf,654001
khhhLhCrTWF7FJzn6KMkp,676370
khj76ndGTj7gDDQNwzjqw,518301
khm9tznHm9dhKz9kWpCQt,261324
khwtPrnQkQFfNBccCczht,551714
kj7CLmtKN9BmpmkcT6zMm,502876
kj7bRzhn8wTj7CMJTtdDn,565561
kj7bRzhn8wTj7CMJTtdDn,584690
kjJTFcHjQdjkfFNr8kRQw,653958
kk9mFcfzzzPL6RH9tcBw8,561910
kkcHdRDmJT7pHqPzMRRwp,237800
kkfTJq9f9rMqbkPkbJm8R,633220
kkhCct7WNWmNKWrQN8NjB,676419
kkw8H7tTjGHf7kqbDt8jL,275657
km9fGmwfBqRwGhccLtgJm,676300
km9fGmwfBqRwGhccLtgJm,677616
kmP89HM9Rq9WdwgCbCC7q,614292
kmP89HM9Rq9WdwgCbCC7q,616364
kmWDHgcj8hrqMgrtJ6dwW,237947
kmWrWK6PhLjLdr86QDDWP,225888
kmWrWK6PhLjLdr86QDDWP,538446
kmz8jrQKpgQbqpTJFzJ6N,225872
kmz8jrQKpgQbqpTJFzJ6N,271063
kn9MM8LWgKN9WdmCWJjWG,275630
knDjRzfw6mfHn6fG9WnhJ,577756
knGQQqjCfQqzWj6JjN6CR,695256
knGQQqjCfQqzWj6JjN6CR,695257
knKbmDwjgK9qD8rmJNTQq,633343
knQ7hzFBj6fFLH9LTd8MD,695145
knQ7hzFBj6fFLH9LTd8MD,695299
knbbJdFrQgDbdzh8r8hTd,533518
knbbJdFrQgDbdzh8r8hTd,537360
knzHtdhJNF9wrJgzWmwMW,653410
knzHtdhJNF9wrJgzWmwMW,653818
kpbCBbCmP8KqqggdhPRtj,237751
kpbCBbCmP8KqqggdhPRtj,238393
kpbCBbCmP8KqqggdhPRtj,557943
kqMJRRjLHfnPFBL6nDHPc,237822
kqkwTjFqGH99hzDwWJN98,248346
kqkwTjFqGH99hzDwWJN98,253020
kqkwTjFqGH99hzDwWJN98,262457
kqndgG6wmB6CLq6FqfjJ9,275651
kqndgG6wmB6CLq6FqfjJ9,276853
krRzDjQr7CKM9wWkGgLpg,518376
kt98RmWMpHzwR8R6Hrccq,612644
kt98RmWMpHzwR8R6Hrccq,616352
kt98RmWMpHzwR8R6Hrccq,617921
ktRRh7cTpqgTzFRg8HJK6,225298
ktRRh7cTpqgTzFRg8HJK6,225728
ktRRh7cTpqgTzFRg8HJK6,271133
ktngNfHpLWzFFqzbFCFct,551471
kwFthgt77zLzFDmBw7k6W,488341
kzBc7Bmrk7TfHNwhQK6Lj,634587
kzBc7Bmrk7TfHNwhQK6Lj,638093
kzPMkNT6bGwHTdGCqGBBj,612567
kzPMkNT6bGwHTdGCqGBBj,618082
kzW8BKdWcm9LwtTCTdqRK,225255
kzW8BKdWcm9LwtTCTdqRK,271076
kzW8BKdWcm9LwtTCTdqRK,276868
kzW8BKdWcm9LwtTCTdqRK,512824
kzW8BKdWcm9LwtTCTdqRK,517723
kzW8BKdWcm9LwtTCTdqRK,528478
kzW8BKdWcm9LwtTCTdqRK,612708
kzW8BKdWcm9LwtTCTdqRK,678589
kzcjwdh7jFzjBtQTp66Dz,275637
kzcjwdh7jFzjBtQTp66Dz,276848
kzzwCj8LJwfMf9MTntgtt,275834
kzzwCj8LJwfMf9MTntgtt,286940
m68hqbdgQGTzgFzJhBgTt,237814
m68hqbdgQGTzgFzJhBgTt,238521
m6KTfwtJkzqRLKFtMFjBn,502751
m6TdpWNzf8mTDPrMNbN9q,275743
m76gcHbBbBpjQnJgHpbQq,225934
m76gcHbBbBpjQnJgHpbQq,647391
m76gcHbBbBpjQnJgHpbQq,676733
m78fRjCfRBzTwhbrdDBBc,648269
m7NGBRdNftTh9ntBzppbB,561887
m7NGBRdNftTh9ntBzppbB,565393
m7NGBRdNftTh9ntBzppbB,577175
m7NGBRdNftTh9ntBzppbB,584673
m7NGBRdNftTh9ntBzppbB,584698
m7NGBRdNftTh9ntBzppbB,659611
m7QtkDW9dbfgKbkWcbR68,653804
m7QtkDW9dbfgKbkWcbR68,654090
m7RgJMCMttCkwRGdBMrGP,708473
m7ThmjJFr8DhTq96q9BJc,453169
m7ThmjJFr8DhTq96q9BJc,552012
m7WjNjrtmfKdLfqPLWDHw,533482
m7WjNjrtmfKdLfqPLWDHw,536738
m7WjNjrtmfKdLfqPLWDHw,556972
m7hWTmtRzJnrtqtfLLR6M,606729
m7hWTmtRzJnrtqtfLLR6M,615357
m7hWTmtRzJnrtqtfLLR6M,617972
m7nLdbTgfJKmdQrmCDTcq,641703
m7nLdbTgfJKmdQrmCDTcq,657477
m7p7hTRTHwWpBMrpW7HzD,676329
m88wRCQJRQjpjcK8D77fm,275617
m8D6pkbQNGJqRRJTkGkCT,453322
m8GfTFCJ9DkNWwmJbKBth,612696
m8GfTFCJ9DkNWwmJbKBth,617975
m8MzjMMWBw88jJj9gt9Qj,634586
m8MzjMMWBw88jJj9gt9Qj,638041
m8MzjMMWBw88jJj9gt9Qj,656470
m8qP9TTpMfdKndW7wN7M7,546700
m8qP9TTpMfdKndW7wN7M7,549757
m9KtRPwMhWCwt8Gfp86cn,561906
m9tj8WGNNjQPt8wjMqFFf,551524
m9tj8WGNNjQPt8wjMqFFf,551525
m9tj8WGNNjQPt8wjMqFFf,555738
m9tj8WGNNjQPt8wjMqFFf,676639
mBBqLnhkqmdBbQKnq7DMF,517344
mBBqLnhkqmdBbQKnq7DMF,532013
mBhNRNw6CMrF8trKHgtCC,453178
mBhNRNw6CMrF8trKHgtCC,551570
mC76qgRmwnBBqMkgTTfJ8,518280
mCCnJrJQkqJ7KfqKNHGnc,238423
mCCnJrJQkqJ7KfqKNHGnc,251046
mCCnJrJQkqJ7KfqKNHGnc,267836
mCCnJrJQkqJ7KfqKNHGnc,677680
mCrNQktkbzMwG6fBR7TzP,237999
mCrNQktkbzMwG6fBR7TzP,278920
mDRkDQmFkG6BhJrpqmRwr,488523
mDdzHTPPwKp6NfdR8PjBP,676287
mDmCFWkbbbfR7dD87Fnc8,225673
mDmCFWkbbbfR7dD87Fnc8,271175
mFNK7nKtRMLWdHJzrngNb,453375
mFQfCDptGgjpTkDmdH6FP,225720
mFQfCDptGgjpTkDmdH6FP,271051
mFQfCDptGgjpTkDmdH6FP,676811
mFdkTGPQDnWjLB9Tgmdmm,225031
mFdkTGPQDnWjLB9Tgmdmm,225335
mFdkTGPQDnWjLB9Tgmdmm,270973
mFdkTGPQDnWjLB9Tgmdmm,676802
mFpKJrtphdgPmTDK7T7PJ,632654
mFpKJrtphdgPmTDK7T7PJ,678574
mGJzBdWQ7W7FHH6QnLzNj,633309
mGJzBdWQ7W7FHH6QnLzNj,633663
mGmcTdzdtkJWq8D8Tnrgj,612601
mGnLtgpdjnhKbGFhzBnrj,502822
mGqzLzjTgNjr7qJGMTjtW,453193
mHBtPppktRTkWpnf69dHj,561264
mHBtPppktRTkWpnf69dHj,561296
mHBtPppktRTkWpnf69dHj,584692
mHLBRgG6qwPR8kznTh8Kd,692529
mHLrBTFFnBz7kWHFDbj6t,708931
mHnppNNqw9hMncFgCJdCB,517474
mHnppNNqw9hMncFgCJdCB,529187
mHqPTDJhBrhWtLCrRBWbf,695175
mJGB9zwRwKTg7zhpbPRnP,236527
mJGB9zwRwKTg7zhpbPRnP,238464
mJKcWjzzzGmbTchphggNT,676473
mJbdJCLQD9jgQRMPjBrLB,488427
mK6zddQhzHTpR9Jnw8chw,551661
mKGPnwbkjcGbmPn7JJNBF,676442
mKPhjBjD8Nq9n8c68WmWQ,261429
mKPnFPDQQW6DJjfktTKm7,261360
mKhjrDrWRrQRrTBjQPw8B,533523
mKhjrDrWRrQRrTBjQPw8B,708943
mLGDzNdDjfN9CFc6zNntW,275688
mLQbHGnCHtLpmJh6LWLbP,695232
mMbkbwz6rkpPTLcjthNJT,502830
mMzzGF76cFfFHJQJTFcnB,612671
mMzzGF76cFfFHJQJTFcnB,618073
mMzzGF76cFfFHJQJTFcnB,618308
mMzzGF76cFfFHJQJTFcnB,676533
mNTC7Tzb7hhKr6FMtbK6B,565423
mPJPLJJrjTgtK9PkhWCqb,488345
mPJPLJJrjTgtK9PkhWCqb,489169
mPJPLJJrjTgtK9PkhWCqb,561403
mPWjQbHQmbd8nr8jWdhJH,533536
mPWjQbHQmbd8nr8jWdhJH,537361
mPjzJQcPgCcjqgqjCPzLH,653415
mPqMgTrrpbgkWPFBDwwzQ,502790
mQTLKRNWqhbJRtNNdWHHj,237738
mQTLKRNWqhbJRtNNdWHHj,538471
mQTLKRNWqhbJRtNNdWHHj,676836
mQgfBCzjFB6qBJfLhK8dd,708977
mRCfW6wBLjzRzjnNrKqQn,533039
mRCfW6wBLjzRzjnNrKqQn,537340
mRCfW6wBLjzRzjnNrKqQn,542262
mRCfW6wBLjzRzjnNrKqQn,556407
mRCfW6wBLjzRzjnNrKqQn,709331
mRCfW6wBLjzRzjnNrKqQn,709332
mRMLQ9PM6rhFMcMKWdcbm,561379
mRfzmrQ6n6H8CgfpkgR8F,502826
mRgkGjNqnHPpwcwzwLwHJ,692546
mRhKjfhKd6K6DPB8f6Twg,261525
mRhKjfhKd6K6DPB8f6Twg,517749
mRhcrTprzbbdTbB9gdTHw,533599
mRjQC9fPztGKb7NJ68gkc,533452
mTCJbPqB8m8hRTcQCHD7t,708950
mTPMbhpLLtDP7TmtwpthR,453220
mTTtKd67JQmpbbkTrCgC6,502903
mTWd9JgNqM9bGj9H87Jpq,565669
mTWd9JgNqM9bGj9H87Jpq,577234
mTWd9JgNqM9bGj9H87Jpq,577263
mTWd9JgNqM9bGj9H87Jpq,584743
mTbD9zFpgmNQc7qzmfG8M,646286
mTbrkkQFPRjRGNJMPtF7Q,633259
mTdJmRRRjjqGBGbPHLcRq,488479
mTf6RCrQ8NpGBBdbC6dQj,613096
mTf6RCrQ8NpGBBdbC6dQj,614581
mTf6RCrQ8NpGBBdbC6dQj,618757
mTpzzz7FRDn6pfwQkQtRw,634056
mTpzzz7FRDn6pfwQkQtRw,636244
mTpzzz7FRDn6pfwQkQtRw,638047
mWQtWfkKC6hchJcQ67Mpt,518361
mWbfgWG7j8CdTtKHfJgJr,676310
mb9NWzptP6Cnzk9tjMP8f,653389
mb9NWzptP6Cnzk9tjMP8f,653812
mbF7WMCnnpGHh9bwBwBKf,225843
mbF7WMCnnpGHh9bwBwBKf,271199
mbNRPd7D9TN76C8wbBRrL,633219
mbNRPd7D9TN76C8wbBRrL,634058
mbtPRkBfzdTWWGGDFGmPB,551717
mc7J7CkCptbQQttbfJGMt,273152
mc7J7CkCptbQQttbfJGMt,273191
mcF6F69HgBntfh7QKkHWw,275664
mcWPGtmMHtkG7RrMpnKgq,624370
mcWPGtmMHtkG7RrMpnKgq,637486
mccHtdK6wgfhL6g98CKMT,549728
mccHtdK6wgfhL6g98CKMT,551509
mccHtdK6wgfhL6g98CKMT,554312
mcgDWKjwLQ9thKbjmqBJG,653961
mdKJt7RCqRRrW6PbnJztL,662254
mdLNBgt6kTMfdG9c97jP9,646289
mdLNBgt6kTMfdG9c97jP9,646557
mdLNBgt6kTMfdG9c97jP9,650368
mdMHPhNzNwbQnHLrgLccp,517743
mdMHPhNzNwbQnHLrgLccp,518481
mdhBmNB8JHPmK9KzKg7D6,502893
mdtMRhRMbMkBRntzQzcbJ,635614
mfbBCQnMpDR7PMbkgF9RP,275741
mfbBCQnMpDR7PMbkgF9RP,676745
mfdFLWhQGLtTmGzqhrHtp,237786
mftrgDLcgF69QrzBgK6HB,694930
mgDTDhJcfztFMhLrtcpBF,677662
mgJnLbfjqBDtWrdQHgTw8,248431
mgbKnbTJP7Tj6kBFmgrLJ,653983
mgbKnbTJP7Tj6kBFmgrLJ,676818
mgcdBrjHkNTmKKjwnJKF9,533028
mgcdBrjHkNTmKKjwnJKF9,537222
mgcdBrjHkNTmKKjwnJKF9,537252
mgrmPqRmdHfMbptFfDcbC,284987
mhDbfFjrccQgTtFbcBMkz,565580
mhDbfFjrccQgTtFbcBMkz,676726
mhLrKM6RbWGGHNrTGjtMw,225810
mhWb9WptjzMQtB99PWNBr,633232
mhdJ9hGfrqrKPzgf687RG,653412
mhddn6pK9fJTpdqWP67tL,237920
mhfCHdrC7Bb7rPBwbfqtf,653992
mjBQKcDzJp8dwN6wJ7f6M,248360
mjBQKcDzJp8dwN6wJ7f6M,262542
mjFjGKmpGbTCnrJR6fN79,453255
mjFjGKmpGbTCnrJR6fN79,453256
mjKPwTWCd7MTFkBpg6QzM,225806
mjKPwTWCd7MTFkBpg6QzM,271183
mjNzmGNmrGQL8gtn76JBq,453292
mjprN8T6mMh9pcWCmgPrN,692523
mjprN8T6mMh9pcWCmgPrN,705056
mjww7bNnkN6g7DtDfRcmW,225254
mjww7bNnkN6g7DtDfRcmW,225373
mjww7bNnkN6g7DtDfRcmW,225513
mjww7bNnkN6g7DtDfRcmW,271056
mjww7bNnkN6g7DtDfRcmW,517751
mjww7bNnkN6g7DtDfRcmW,556974
mjww7bNnkN6g7DtDfRcmW,633735
mjww7bNnkN6g7DtDfRcmW,708992
mkDw7d9PKRDtJT7bCCRjh,225556
mkDw7d9PKRDtJT7bCCRjh,518654
mkTDPKqkm7cprrDzWbF9z,517791
mkTDPKqkm7cprrDzWbF9z,580607
mknwdmQhzHPbhmdtNqMfj,676516
mkwdBRzRGWTQzwwJzqRbG,695218
mm6rHKbCkKKfD6h6tCMcK,653953
mmMwHD8tLPdGBDtnCgWkR,517844
mmMwHD8tLPdGBDtnCgWkR,543031
mmtHRdGFhPtwR8LF8tq6p,225022
mmtHRdGFhPtwR8LF8tq6p,270951
mnBtJdtHfCCzLtdkbJqKz,561898
mnDGzj8JLF997nnwpFpBH,225036
mnDGzj8JLF997nnwpFpBH,225369
mnDGzj8JLF997nnwpFpBH,271010
mnFrMd8TfpRFw7zrQ7b8B,653300
mnLRJkkw9HjGbDRGwTmgh,237976
mnWKB7zj8BMrjP6MrqkfG,708927
mnhNFLR7HKQHf8KNpnFB6,502891
mp8HwB7fRRz7wK9fRrTmw,695191
mpCqjNRwttQWMNRFFFhtD,248385
mpCqjNRwttQWMNRFFFhtD,251177
mpNCNfJnPMdk9bgrkj8bB,634052
mpNCNfJnPMdk9bgrkj8bB,636241
mpNCNfJnPMdk9bgrkj8bB,638042
mpTmfWDrzmTzJbjbwqGth,487187
mpTmfWDrzmTzJbjbwqGth,489127
mpTmfWDrzmTzJbjbwqGth,489246
mpzTpgpKkq6TDRT8JK7fF,675369
mpzTpgpKkq6TDRT8JK7fF,676655
mpzgL9GqgdGMPdGMnDKrw,676363
mqMmPJg9kbn7gBJfzkwqH,237815
mqR8pjFLG8mK6km6KBTFh,654030
mqjq8Pk9hNz6gK8bck9Hm,653936
mr9jJffnHHHcrG9p8fdMP,695161
mrHRpJzKbQPN9TnLb6mjd,612693
mrHRpJzKbQPN9TnLb6mjd,618083
mrnPzLtk7hmh6qnznHRzK,502841
mrrwW6wDFJRfctKLrfkTK,225094
mrrwW6wDFJRfctKLrfkTK,647424
mtJLcqGChkjz6FTmL9pKT,275705
mtJLcqGChkjz6FTmL9pKT,676615
mtNFHNGDQcCQzfcCGqgHP,695281
mtQhLfLDgTzMpFdJgt88C,654000
mtQhLfLDgTzMpFdJgt88C,676747
mtTHBQB9qrJDzrMpJtfRw,502738
mtTHBQB9qrJDzrMpJtfRw,502739
mtdP6wgpMpd6LJbpJ79TM,612634
mtdP6wgpMpd6LJbpJ79TM,617897
mtdP6wgpMpd6LJbpJ79TM,617974
mtmwgMQkDf6BgBGNGJHRF,694946
mtrtdmqhkkjnQNNk7kFr8,653963
mwBrbdjPn7h8nPpCNzpMR,624365
mwBrbdjPn7h8nPpCNzpMR,634063
mwBrbdjPn7h8nPpCNzpMR,636351
mwKQwF9C99qwcj9M7bpwd,561904
mwWD7hrDkKWWkDdchGbc9,225622
mwWD7hrDkKWWkDdchGbc9,225733
mwWD7hrDkKWWkDdchGbc9,238417
mwWD7hrDkKWWkDdchGbc9,271053
mwWD7hrDkKWWkDdchGbc9,676793
mwWqPrQzL7fmQkzCFfttc,609579
mzKLGwTBmFHFd8KNdPQ7n,546705
mzKLGwTBmFHFd8KNdPQ7n,549707
mzKLGwTBmFHFd8KNdPQ7n,551523
mzKLGwTBmFHFd8KNdPQ7n,555733
mzKLGwTBmFHFd8KNdPQ7n,676638
mzgjKKhK8DFNCTtfTNrGk,518385
mzgkQrfmk8LtFjnQzQqgM,611169
mzgkQrfmk8LtFjnQzQqgM,618038
mzzkQRbJp8KjGcw6M8z6j,653978
n6fRnMQh7NKBzqLKMMK68,548340
n6jb6thTHT9TpcTdRjdQm,533607
n6kmDfMCtWLDjQ7jgKW6z,225621
n6kmDfMCtWLDjQ7jgKW6z,271079
n6kmDfMCtWLDjQ7jgKW6z,676842
n6twqPttCHFQnTLKBfzKz,677665
n7Qn88BQPmjpPRpdz88gm,646460
n877nqgWkLDfjQBwM7DM7,488520
n877nqgWkLDfjQBwM7DM7,492730
n877nqgWkLDfjQBwM7DM7,561397
n877nqgWkLDfjQBwM7DM7,676563
n8rcTcmmLzzwTWHCwgtRP,225898
n8rcTcmmLzzwTWHCwgtRP,270911
n8rcTcmmLzzwTWHCwgtRP,275548
n8rcTcmmLzzwTWHCwgtRP,580646
n8rcTcmmLzzwTWHCwgtRP,604853
n8rcTcmmLzzwTWHCwgtRP,676767
n8rcTcmmLzzwTWHCwgtRP,676768
n9FtLHDg97rfrTNJDMBG6,617584
n9FtLHDg97rfrTNJDMBG6,617933
n9FtLHDg97rfrTNJDMBG6,618076
n9FtLHDg97rfrTNJDMBG6,618124
n9MjKgmBg8mjqF9hThqcG,261432
n9NTHWCRGQq9gMFwfcg6C,577716
n9NTHWCRGQq9gMFwfcg6C,654077
n9r77QwMzdWJmnfhPLN9J,225998
nBFJ7C89G7d8kd7NgNGkG,237817
nBTzTMQBBmg9qTBCQkP8F,653995
nBf66Gt7ghRTqhn7nNqKh,502756
nC6bfnQB8FMqmR7njpDkh,502595
nC7DHjMkPCgnPbjPdCTdj,226072
nC7DHjMkPCgnPbjPdCTdj,270941
nC7DHjMkPCgnPbjPdCTdj,275551
nCKMcTCR7mjKgkhQk7TWc,488440
nCKMcTCR7mjKgkhQk7TWc,489190
nCKMcTCR7mjKgkhQk7TWc,489220
nCkGmQKJwMhgGgKWNWbGH,250024
nDH7rpttjqDt8Nb9zD768,654016
nDLtfLWzrmGBGbB8mFdDw,614053
nDRLcpRzFHdnFKTfqz6z7,552009
nDWTKLbTdknK7Rfbp8mPM,225850
nDWTKLbTdknK7Rfbp8mPM,271238
nDWpQJCqCqHJM6WbhD7GN,248497
nDkh8FDGwNNpLghj6grmK,577786
nDzNGcF9bfPwfHrztkHdL,631758
nDzNGcF9bfPwfHrztkHdL,633648
nFBgGfC6HwTwNFCgmnCRn,275233
nFFr6KgcT7gWPgbfRQQhW,248446
nFFr6KgcT7gWPgbfRQQhW,262484
nFFr6KgcT7gWPgbfRQQhW,647419
nFJpHkbfmgjNBpC8CmKzK,237968
nFJpHkbfmgjNBpC8CmKzK,238440
nGCNDPFfPdhBFqBQBPWwk,624366
nGCNDPFfPdhBFqBQBPWwk,637481
nGFNqP9BddjFmfBNcQGpq,225879
nGFNqP9BddjFmfBNcQGpq,271281
nGGbCMQmmdwqdhW8QGPbF,708956
nGGg68Dh6CFMNzbcLHCnT,653984
nGHhHDgKmGgb7gjwWjHJF,226043
nGHhHDgKmGgb7gjwWjHJF,270994
nGQcDzcjQ8gw8HGzwCGnF,225295
nGQcDzcjQ8gw8HGzwCGnF,225793
nGQcDzcjQ8gw8HGzwCGnF,552026
nGkpNDKckjzwbzBqM7N8f,453199
nGkpNDKckjzwbzBqM7N8f,453200
nGrcRt9KdKDnhRbd7WjdP,708987
nHTP6hGgLz6zfpdFH9Fpt,225250
nHTP6hGgLz6zfpdFH9Fpt,225362
nHTP6hGgLz6zfpdFH9Fpt,225511
nHTP6hGgLz6zfpdFH9Fpt,225762
nHTP6hGgLz6zfpdFH9Fpt,271049
nHTP6hGgLz6zfpdFH9Fpt,517747
nHTP6hGgLz6zfpdFH9Fpt,544173
nHTP6hGgLz6zfpdFH9Fpt,676602
nHTP6hGgLz6zfpdFH9Fpt,708991
nHTRFgmcjhjRWrN9jWn9k,248516
nHTRFgmcjhjRWrN9jWn9k,262549
nHTwDwq8BDnkdPrc9c9bW,641684
nHTwDwq8BDnkdPrc9c9bW,653820
nHTwDwq8BDnkdPrc9c9bW,657473
nJMKbnPpBCWztRhwhngTw,633620
nJMKbnPpBCWztRhwhngTw,634590
nJfhFcQjghnHnfbGkd6jW,275239
nL9rPDJLqLM9dBndmpn6L,634594
nL9rPDJLqLM9dBndmpn6L,649727
nL9rPDJLqLM9dBndmpn6L,676743
nLGBDgFP78ChRnBtmPbHD,225619
nLGBDgFP78ChRnBtmPbHD,271071
nLGBDgFP78ChRnBtmPbHD,517582
nLGBDgFP78ChRnBtmPbHD,676841
nM8BHGHd9qLGTPgwtWzkJ,225228
nM8BHGHd9qLGTPgwtWzkJ,225518
nM8BHGHd9qLGTPgwtWzkJ,225575
nM8BHGHd9qLGTPgwtWzkJ,225739
nM8BHGHd9qLGTPgwtWzkJ,225945
nM8BHGHd9qLGTPgwtWzkJ,270898
nM8BHGHd9qLGTPgwtWzkJ,488484
nM8W6pkg66hWdcq7LpNgf,693432
nM9GmbLjcNCPLTjfBH7fk,612573
nMRtfcbTWpppMnBJ6R8qr,275629
nMRtfcbTWpppMnBJ6R8qr,501427
nMfgFcrcDq7KRfmMzrrh8,248534
nMfgFcrcDq7KRfmMzrrh8,262536
nNKq8rmjRrnwqK7DdtkPr,695205
nNnqFQD7WfGFGRnrMw8nh,633221
nP6cCbptBCkzLqKfPrKNb,677609
nPNcp7BDrghp6dLPfHnNp,478237
nPNcp7BDrghp6dLPfHnNp,479360
nPdtpJ7BgkdccWhMGttWr,225052
nPdtpJ7BgkdccWhMGttWr,225367
nPdtpJ7BgkdccWhMGttWr,225602
nPdtpJ7BgkdccWhMGttWr,238380
nPdtpJ7BgkdccWhMGttWr,271296
nPdtpJ7BgkdccWhMGttWr,273187
nPdtpJ7BgkdccWhMGttWr,538440
nPdtpJ7BgkdccWhMGttWr,549276
nPfKdqt8wHnfLqdFNHKFH,533540
nPfKdqt8wHnfLqdFNHKFH,537353
nPfKdqt8wHnfLqdFNHKFH,709342
nPmkJGtLgnfFnWgcKqgq6,275671
nPwjcRFWBmzNQWM6BMcgB,225834
nPwjcRFWBmzNQWM6BMcgB,271222
nQ6G8zFmGCBTwznGrfzhJ,708911
nQ7gd6zCtctmGrkMDnKGk,225941
nQ8twtLDzDb9JFmDCdG7j,237761
nQ8twtLDzDb9JFmDCdG7j,238402
nQ8twtLDzDb9JFmDCdG7j,557949
nQLzhKtPNctwzTqMNf7LJ,632073
nQLzhKtPNctwzTqMNf7LJ,633617
nQLzhKtPNctwzTqMNf7LJ,662250
nQMFLbtnFwQJhgzFMMcrd,248491
nQnDqffcNrfCcFc7RLHwc,708900
nQpD6DkRrkPWthN78mh8P,533453
nR9RFbHQBGnNffDLqhfLB,225718
nR9RFbHQBGnNffDLqhfLB,271047
nRDPrpfRT9gGCWf9K8nBT,248484
nRDPrpfRT9gGCWf9K8nBT,262480
nRGKwwb7q7HQnfGQLr6gp,517205
nRKmkHTJRpnDWndNgfTwk,225670
nRKmkHTJRpnDWndNgfTwk,271170
nRKmkHTJRpnDWndNgfTwk,676555
nRPwcrgmmKKKtqgdFW8jd,653201
nRPwcrgmmKKKtqgdFW8jd,653202
nTMBkFzPMg6TtPkF6kBgQ,677606
nTWKhGp7pwKwMmtFnB8hc,651046
nTWKhGp7pwKwMmtFnB8hc,651047
nTqfpprmJbKkPMdNbdhRg,225627
nTrqQhGFhgg6HJGBWgjmq,237931
nTrqQhGFhgg6HJGBWgjmq,238494
nTrqQhGFhgg6HJGBWgjmq,273181
nWGwFLz6GwBmkCL7mkCqr,518425
nbJdjHJjHRjNNQhdpCrDF,518367
nbKRgzWzF87HzTG8TWMBw,225232
nbKRgzWzF87HzTG8TWMBw,270977
nbLtg9mnTztkwRwnf6BL7,677630
nbrrFPNWzgzMqWwPdT8dB,453258
ncDWFWLcMDM9ngWMWpJtr,453323
ncc6tmdrfHgnz9DhPqnwC,451147
ncc6tmdrfHgnz9DhPqnwC,453284
ncdtKzpTdWBQLQq8bqtKk,676470
ncw9gNCtknnPLww6gGzGC,703886
ncw9gNCtknnPLww6gGzGC,703887
ndKnMFtcDt8JmPFD6bfbk,510033
ndKnMFtcDt8JmPFD6bfbk,532016
ndKnMFtcDt8JmPFD6bfbk,538653
ndg9MJNHtTFG6BQqK7Lgz,548337
ndkdtQQH6CGf9zhdGqgcW,647395
nfNQF8fT8Lf668dWP9DB6,248474
nfWLDhWBqKhGMtQMKFjdm,654052
nfhcD8HGDHLDNCGhfLnKK,551704
nfmPR87fzQhMLrPCdFTzD,225737
nfmPR87fzQhMLrPCdFTzD,271074
nfmPR87fzQhMLrPCdFTzD,565667
ng9bzdmgC7KjJKR87Qn8B,275618
ngDCfBTHCC9RGG6mQFcQp,225826
ngQmpGCLgQBbmwzpwgfcp,677613
ngQmpGCLgQBbmwzpwgfcp,690687
nggPgQmcj9hBWttfDrKtn,510045
nggPgQmcj9hBWttfDrKtn,517462
nggPgQmcj9hBWttfDrKtn,518469
nh8bCzbkjmR6hPkTCFLrz,647336
nh8bCzbkjmR6hPkTCFLrz,647337
nhf89Hr9rJkp9qDjDCCpt,275621
nhf89Hr9rJkp9qDjDCCpt,654055
nhqPkqkWqbcjBCWG6RrFq,549747
nhqPkqkWqbcjBCWG6RrFq,551466
njDMNcdpbzTGfhDQmFPdq,518257
njTt7R6g7QzNHm96wQQDb,237917
nkBnGcCDpf9KHChtrrN6b,614302
nkBnGcCDpf9KHChtrrN6b,615757
nkBnGcCDpf9KHChtrrN6b,617199
nkCCKCB8ftPdMCHHWHWtk,225014
nkCCKCB8ftPdMCHHWHWtk,225502
nkCCKCB8ftPdMCHHWHWtk,270933
nkCCKCB8ftPdMCHHWHWtk,562512
nkMztM7pPg8mQGhMzKqtj,261333
nkdkGCftLDqNPHKLJ8kDN,237886
nkzJhG8dqtwdMBBMFM8Mt,237793
nkzf6zG8JPJgGkt7N66RP,453225
nkzf6zG8JPJgGkt7N66RP,478375
nm7BLnWdtjqGqfJ868NbW,692525
nmGPgfcDFHDb8gkndLkfM,517855
nmc8wLKtTmPhJFb7FH8BG,612678
nmc9fgdkRkcdJN6QwMTnT,692527
nmkkNMhcPwJqzMjBRhPhh,226097
nmkkNMhcPwJqzMjBRhPhh,271216
nnFHwzGctzmqqwMTrfBpQ,505074
nnHDmPJLGkjdkwkTRPjRg,453254
nnJzbrqgGRnJ8bbLjQPtN,226038
nnQpNFFKqfMwJbRQ6brJ6,633377
nnQpNFFKqfMwJbRQ6brJ6,670724
nncFJBw6FFnMfkfrFnWwR,275673
npDPz98H6BnJGDzHBmdGk,517645
npDPz98H6BnJGDzHBmdGk,532124
npt7bHwQtJJr8wKKgB79N,695197
nqFNHFqP79nMk7TKM9r8T,275609
nqLhpPdNcfDcWHgLkQrM9,502847
nqbttmdCrgTbFBjJBzLtz,682859
nqbttmdCrgTbFBjJBzLtz,682861
nrMg9kDMg9KwBPPtJLJph,272386
nrgkNJFCNRwKmHPWhqDqg,237900
nrgkNJFCNRwKmHPWhqDqg,238481
nrj7b7pBJCfDBqC7MgkN7,675368
nrj7b7pBJCfDBqC7MgkN7,676744
nrwKjjNcwNLF9KwWNLmHP,632112
ntNzmrhJNcwpc9pbjbFmL,488444
ntkQpCD8QdNG6KMNchJNw,453423
ntkQpCD8QdNG6KMNchJNw,476380
ntkQpCD8QdNG6KMNchJNw,565678
ntr99CMKDbhqRkBRFMbJN,237883
ntr99CMKDbhqRkBRFMbJN,251174
nwCQmwCJLFCtDCBtH8mfD,533579
nwCQmwCJLFCtDCBtH8mfD,537328
nwCQmwCJLFCtDCBtH8mfD,537356
nwNfL8wPDtKW9jCFktCBL,248499
nwNfL8wPDtKW9jCFktCBL,565644
nwNfL8wPDtKW9jCFktCBL,577265
nwqRtHp9hhnB9RQgQLkpd,518294
nwtQNgqNfgLQwFCnJDpwB,692531
nzDWrNMqGWgmJfgJhChNb,225578
nzDWrNMqGWgmJfgJhChNb,225616
nzDWrNMqGWgmJfgJhChNb,226080
nzDWrNMqGWgmJfgJhChNb,271164
nzDWrNMqGWgmJfgJhChNb,497991
nzDWrNMqGWgmJfgJhChNb,676732
nzRWpgWz8fR6ChrGQWWdm,517745
nzRWpgWz8fR6ChrGQWWdm,518483
nzhkqMtnDtP7HP8NRWpTP,633252
nzhkqMtnDtP7HP8NRWpTP,676560
nzwjQnhrKth6NkJHKHKnD,611168
nzwjQnhrKth6NkJHKHKnD,618028
p6DK6rNGjz8HrpwNmCgQL,612603
p6PjmQ69L8rmnHwCQ8DzQ,226018
p6Q8Fw6T7dfBwGGpwQDrq,533522
p6Q8Fw6T7dfBwGGpwQDrq,537350
p6Q8Fw6T7dfBwGGpwQDrq,708942
p6Q8Fw6T7dfBwGGpwQDrq,709337
p6cgRTrMmWfjk6hCLH9Jt,517800
p6nMGj9fLB8p9HFDhrJRP,550313
p6nMGj9fLB8p9HFDhrJRP,551567
p76hRkCFwWPHGjzNmD9PP,237912
p76hRkCFwWPHGjzNmD9PP,238469
p7CLrzj7kGMtt8cLfMdqT,517654
p7CLrzj7kGMtt8cLfMdqT,518473
p7QGFtHCDtj6b8r6wLFwB,517479
p7QGFtHCDtj6b8r6wLFwB,518259
p7QGFtHCDtj6b8r6wLFwB,529318
p7gwqttrJdHDgWjpCHhtk,517496
p89Wnh7dDNTLmhGjhMkKD,517620
p89Wnh7dDNTLmhGjhMkKD,533486
p8tbQ7KL7G8RwQTtdKnNH,487390
p9Mw8DBq9hPqKnPRrwCHz,533485
p9ccrThgrP8Jt6JNkcTGM,692512
p9pFJWk6TCzMCLKPB68KG,624372
p9pFJWk6TCzMCLKPB68KG,638050
p9rcH7g9C8Gt8WbPHbPWg,577774
p9rcH7g9C8Gt8WbPHbPWg,705722
p9zgQpWmbgkWdmMFFTJHh,612662
p9zgQpWmbgkWdmMFFTJHh,616361
p9zgQpWmbgkWdmMFFTJHh,676524
pB7j8qpB8jcJ98N9MWz8Q,653296
pB8QJrtrPdHMmGrLpNNHL,488359
pB8QJrtrPdHMmGrLpNNHL,500688
pBBtgw6Ft8RrfLHrjnnp6,561292
pBBtgw6Ft8RrfLHrjnnp6,578813
pBLw878jHjmLBLBbtpk6W,226081
pBLw878jHjmLBLBbtpk6W,271261
pBTGtg7LJbjTBWDGQDknH,611179
pBTGtg7LJbjTBWDGQDknH,614550
pBffPpq7LKCWd7FghCcPL,261379
pBjNr7MRTR6L7LMKT8j9d,533584
pBjNr7MRTR6L7LMKT8j9d,537297
pBjNr7MRTR6L7LMKT8j9d,676724
pBpLPQ7kg6mkBpNMMPdCD,225013
pBpLPQ7kg6mkBpNMMPdCD,675348
pBqmnbbKD6HPhw9gkrwwt,676372
pCDQncQ7WrwtmPrmgjQjQ,225224
pCDQncQ7WrwtmPrmgjQjQ,225326
pCDQncQ7WrwtmPrmgjQjQ,225749
pCDQncQ7WrwtmPrmgjQjQ,270888
pCDQncQ7WrwtmPrmgjQjQ,273118
pCDQncQ7WrwtmPrmgjQjQ,561888
pCDQncQ7WrwtmPrmgjQjQ,561918
pCDQncQ7WrwtmPrmgjQjQ,647436
pCbzCcWBdprHzJk68tGWB,549753
pCbzCcWBdprHzJk68tGWB,551545
pCdJMzmgBMD8Mt8qhM7nC,248355
pDcNGgGpPKKtj9wkD7jQR,692522
pDpQ79NgQN6MQtz9zQrCW,551479
pDpQ79NgQN6MQtz9zQrCW,553910
pFLwpNDCLLMNtd7rRqNMf,488439
pFdwP78gRGn89wqbB9prr,653292
pFgDCjG98QkNLjGpgB7PH,676364
pG9mTDdBkd7gPmGkPhpGd,225297
pG9mTDdBkd7gPmGkPhpGd,271130
pGDD7t8RQzK7gdJkjdhdQ,261370
pGDD7t8RQzK7gdJkjdhdQ,261377
pGWLw8bBqKqTQHnrhg6b6,453227
pGWLw8bBqKqTQHnrhg6b6,478376
pGjHRdgF8BLTDGtjLJGgh,237725
pGjHRdgF8BLTDGtjLJGgh,265438
pGjHRdgF8BLTDGtjLJGgh,502769
pHCcrc7zRQnTFLfqcpgjd,517357
pHCcrc7zRQnTFLfqcpgjd,528299
pHgFMqh8jQ6QNGKmNr67Q,261472
pJ9nmwqTCCHnPdCKhmCpj,695195
pJgqNQCKBhKhr9rTrj7Dp,261354
pK8JkmbJz7PNtMJCLPTHN,632069
pKQkqkQhCrTkJtgCHH768,453269
pKWdTpTngjM9dBzTbhjPK,261434
pKdGGghdpnBCzrjwPmkPg,248500
pKdGGghdpnBCzrjwPmkPg,262552
pKdGGghdpnBCzrjwPmkPg,561927
pKdGGghdpnBCzrjwPmkPg,565645
pKtKBmHB8P6Nwr8TP7p6D,633217
pKtKBmHB8P6Nwr8TP7p6D,634061
pKzcGJ6MbDD7pBM6HNJpf,237696
pKzcGJ6MbDD7pBM6HNJpf,502764
pKzcGJ6MbDD7pBM6HNJpf,514127
pLDmjKLjJzFBWNqTFnRwb,248461
pLDmjKLjJzFBWNqTFnRwb,262482
pLDmjKLjJzFBWNqTFnRwb,647410
pLKmGWGTTQdcHmhckhcNh,677619
pLLbKwrPTTKBgzbQB6mhT,248525
pLT6mqkb86GG9jHh8kFRp,225508
pLT6mqkb86GG9jHh8kFRp,225631
pLT6mqkb86GG9jHh8kFRp,271113
pLbjgzrzbGMwcd8mbRcRG,561290
pLrkq7WBQfk9LjdzLHNBw,612686
pLwDDWbJgbKkQCpzDrc7Q,275748
pLwDDWbJgbKkQCpzDrc7Q,275749
pLwDDWbJgbKkQCpzDrc7Q,275840
pLwDDWbJgbKkQCpzDrc7Q,276817
pMKqgFjgdR8rmMKpdjP7q,517629
pN9zPNQfc6GGrwdgMBLkj,238668
pN9zPNQfc6GGrwdgMBLkj,239231
pN9zPNQfc6GGrwdgMBLkj,244349
pNJQBp68dnBdTNhpKkhch,565590
pNJQBp68dnBdTNhpKkhch,577219
pNJRPDHg7LnKQWhNctPkD,654021
pNQrNGQ9HK6jDRJLDrgqj,261403
pNQrNGQ9HK6jDRJLDrgqj,676805
pNc7mQN79mQRRB86pnwGt,654082
pNjR9CjBG6nHqJ9kdMQmJ,248560
pP7GCzgTjQPMNLBFfRbBw,274494
pPQNFMtqrp9MCFnr8RKW8,653998
pPgMnD6hBcnm8gcdHL79J,632644
pQNwNwRMwLPkfq96NB7GP,654034
pQRPKrhwqLmmQThgJbL7c,708477
pQfGDbkf79Rm8tnt6hLgR,225996
pQjcMbpRPhTG8DkHftnK9,676495
pQzndWKCf7PkBDGrrbGGp,533556
pRffgdg8BcqHjP9FfppLP,225910
pTBgkLTM6mFMCJwwt6Fwn,676268
pTJRQBLb8phGGHPHgwdQk,651390
pTJRQBLb8phGGHPHgwdQk,654528
pTkGCNJD989J9TkqLnfRb,453394
pTpGTC8NqrJwRnMwqh6zR,518383
pW9RcR7zcbrJDfgGFdrgR,565403
pW9RcR7zcbrJDfgGFdrgR,577227
pW9RcR7zcbrJDfgGFdrgR,584701
pWGjB9PckfFJgNBppfbfT,488395
pWGjB9PckfFJgNBppfbfT,488415
pWf6dmb99RqhghkdKGgT8,502819
pWf6dmb99RqhghkdKGgT8,557953
pWjWpGdCjTKHFDh9FJCrQ,695193
pWrWWhfjfTWPKMbdTWQHT,565563
pb9kwPfCFccrmCDgGq7bJ,225090
pb9kwPfCFccrmCDgGq7bJ,225700
pb9kwPfCFccrmCDgGq7bJ,271229
pb9kwPfCFccrmCDgGq7bJ,647393
pc7tf6hwQmpPJnngCLdhT,551563
pdCLkLqDkmFhBtp7MFMfP,517466
pdCLkLqDkmFhBtp7MFMfP,559831
pdJnb8zmwpRcmqbcH7JTH,275718
pdJnb8zmwpRcmqbcH7JTH,676784
pdMgMzHwDgBpCNjD7WGLD,453347
pdMgMzHwDgBpCNjD7WGLD,502793
pdMgMzHwDgBpCNjD7WGLD,559094
pdQGjBWQgfnrqhhLDGMkC,648192
pdW9W9GphNLfdHDHNBW9g,237921
pdW9W9GphNLfdHDHNBW9g,238480
pdfbRhNQ7rBq8r8HfcBbt,275717
pdwzQtmTgqMnFqkPQKNhq,226026
pdwzQtmTgqMnFqkPQKNhq,271144
pfDBLzzWKNGPrMmQTRw66,453204
pfNbbR8kGzBCDCMnFLmNH,237754
pfNbbR8kGzBCDCMnFLmNH,238394
pfNbbR8kGzBCDCMnFLmNH,557942
pfR8W7qrNLmgF6G6wtTff,248347
pfR8W7qrNLmgF6G6wtTff,253021
pfbmHDDCBzPj7kPKLHtJj,551512
pfbmHDDCBzPj7kPKLHtJj,554167
pgCtKBCMMg6wmhBQHB6Tq,677622
ph6zmRnbqhCtD7T7FwpdB,659610
phCFwdjG8dKDCmr7d7F7M,248362
phNWtHpDC6BQhhbKT79HT,676469
phPFrDkRwGDrqrwq8M8T6,237783
phPFrDkRwGDrqrwq8M8T6,238378
phPFrDkRwGDrqrwq8M8T6,238504
phPFrDkRwGDrqrwq8M8T6,545772
phtD8RM6rJ6FWPFwFwkzg,453167
phtD8RM6rJ6FWPFwFwkzg,551576
pj8DmGTHp6bDzpLdz968F,488512
pj8DmGTHp6bDzpLdz968F,489163
pj9cPfwPz7mHkdwHhbdpf,565584
pj9cPfwPz7mHkdwHhbdpf,577192
pjpcnH9bKnGR6KFCFGz6Q,550486
pjpcnH9bKnGR6KFCFGz6Q,551530
pjpcnH9bKnGR6KFCFGz6Q,551531
pjpcnH9bKnGR6KFCFGz6Q,555745
pkLRWtNDtBTQH8fkFJ8hb,612597
pkLRpwfMwHKhkdBGJmFW6,237977
pkMGCRh9fDT98dRgnQF8W,225900
pkcqdDCpcChQnPJP6bHmB,676475
pkqN7kDrFhHhDrBmb7bhr,502837
pmfpWCMWmppfjkQJpTKqC,676424
pnDhdJwLcgC8zgTmK9Tkw,695198
pnfqGpznd7LM8JQHQJfPB,551675
pnjKtMh8BcRHL8NJkFWpL,630334
pnrmmPMcwr7twfKQnHhcm,612615
pnrq67PgHWrKbHNDbhLWc,677669
pntf8jrgBbNzC8jBkChDJ,237933
pnwGDgknLbHc96Ghg8f67,682833
pnwGDgknLbHc96Ghg8f67,682839
pnwRgqpdgHJCwh7QMbzwT,577763
pnwRgqpdgHJCwh7QMbzwT,584745
ppcfhRgNk9GH8QWRpMbdt,488397
ppcfhRgNk9GH8QWRpMbdt,489210
ppcpmnFc99GT8bbwbCBth,261313
pptHzNLNnz6wnCMFqBgG6,633280
pptHzNLNnz6wnCMFqBgG6,633629
pq96Kr6wpqctKgCCQRL9z,274409
pq96Kr6wpqctKgCCQRL9z,275725
pq96Kr6wpqctKgCCQRL9z,276832
pqPKGCqKntcTpQRjGwLpF,275739
pqtLFGFhtmWgjMTMHDJLQ,676463
pr6zf8H8GCPTRBHzWFQn8,708969
prMJkPd8w9KQHQ9BjgMmG,551459
prMJkPd8w9KQHQ9BjgMmG,555066
prmFpdjrdCqD9hDmHTfPK,261499
ptW6MqBGczWDtTKnmrLFH,248345
ptW6MqBGczWDtTKnmrLFH,253019
ptffGM7RrcMzNz7dLtPp8,647403
pwFkWbwFjKnnhTNQzgLJK,488334
pwFkWbwFjKnnhTNQzgLJK,489154
pwFkWbwFjKnnhTNQzgLJK,489279
pwFkWbwFjKnnhTNQzgLJK,676554
pwMHKpWQbDFMbH8pm77qd,675359
pwMHKpWQbDFMbH8pm77qd,676575
pwfB8pHmJRDD8CfP8mTbr,261310
pwjrCwDQn9Tb7MgRRRnGf,700811
pwm6CghHCThJBr8WPNd9r,488339
pwm6CghHCThJBr8WPNd9r,489168
pzBQ8dDpb78qTW8RwGbPJ,226008
pzBQ8dDpb78qTW8RwGbPJ,270986
pzRnkq7DmN7n6DhwpH7jL,676447
pzRnkq7DmN7n6DhwpH7jL,710771
q68ThQwdMntNzPqwkwhC7,518350
q6DTC9d8krW76gpTCpfmg,488392
q6JzqgbQgM8DB8tgcfc6B,633324
q7GfHcHBpWqCbtghcpnTj,225926
q7GfHcHBpWqCbtghcpnTj,271307
q7QqrKP8wnWdwdptDwHfP,518309
q7RgDrnHQD8zhhqFhMCFn,565581
q7ctPDWzHDk667rcJW9TL,225150
q7ctPDWzHDk667rcJW9TL,225776
q7ctPDWzHDk667rcJW9TL,271032
q7gj97HJJJD7Kkbk8PkBp,694911
q7wHrf9PJpkmfdBQWQBzz,237700
q7wHrf9PJpkmfdBQWQBzz,238514
q7wHrf9PJpkmfdBQWQBzz,270768
q87bjWTPpRz8LHrN8drrd,518363
q8bTDr6MqMQK6GPrKJRQb,551584
q8bcn97LGDDMCWB7P69cJ,676426
q8rqGffz6jP9D7w8DbkcL,248403
q8rqGffz6jP9D7w8DbkcL,262449
q9GwnnJTPk9KpPNdpW6wL,695156
q9r9fMjDdFnT6Lq88pcj6,676337
q9rhJWLhqmFgpRdrb6LGM,548343
qB6nBWTRKkJWQrmNRNN8t,502869
qBLKg67dFpCD8mWdbW9Qq,675366
qBLKg67dFpCD8mWdbW9Qq,676820
qBMWrpjH8JGrk6Tw7FrHL,647430
qBRhRDtgwwmgTb68dqTQW,273189
qBRhRDtgwwmgTb68dqTQW,500714
qBfKKnkJT8hhtwHqnHfpG,237713
qBqzbKjQwMKKnBtM7GJGH,677629
qCDqQNmzPzM8DfbRPBqWj,225122
qCDqQNmzPzM8DfbRPBqWj,270981
qChkdKF86TQpR6ctdDhRw,533455
qCj8gpDLNQpKTNfhM8jbL,517464
qCj8gpDLNQpKTNfhM8jbL,518244
qCwM6LGq87rrqGQFk8rKG,261330
qCwM6LGq87rrqGQFk8rKG,262966
qCwM6LGq87rrqGQFk8rKG,275553
qCzFmGMk9nBPJPWMwdL97,609585
qD7tKdD8zMjjRBmhhRmGm,453313
qDPLzntJrMhgwd86gTN97,612568
qDPLzntJrMhgwd86gTN97,616356
qDPLzntJrMhgwd86gTN97,676523
qDc8bfW6zw8HrDpgdJcJz,533450
qFhpqb6pJPNNg7mBRPTMh,551544
qFzrQChhnbgNcnQ7d9tKW,609233
qFzrQChhnbgNcnQ7d9tKW,618269
qGKR8rcj7wrHQdF6kBwmk,518297
qGKpfJNFKgrQqDrwLzqdQ,653827
qGKpfJNFKgrQqDrwLzqdQ,653925
qGKpfJNFKgrQqDrwLzqdQ,666551
qGLzQjzncCQztM6QrtwPn,225885
qGLzQjzncCQztM6QrtwPn,271007
qHRGLQzBMMQ8hcqPJdM9W,261484
qHT6BFpP7DTCFHwGz6hDR,549738
qHT6BFpP7DTCFHwGz6hDR,551537
qHchQQKQNHj6mWgrcR96W,565679
qHchQQKQNHj6mWgrcR96W,577241
qHhMBcQcgBKK7GgzrjGrQ,690459
qJ7GMMpjmGBpPKLHcnJc9,708886
qJ8HCWnpHbPRGRGpt86Cb,238668
qJ8HCWnpHbPRGRGpt86Cb,239230
qJ8HCWnpHbPRGRGpt86Cb,245409
qJTKdmdtgwgfgPFLtWpNj,275232
qJTKdmdtgwgfgPFLtWpNj,617818
qJTtff8cWtnkLngCdnfGt,695196
qJTwtcgqMDCBwTqNWjNHJ,225807
qJcckjdDhr8gK9nTnpTFC,275728
qJfJ7wBLmBtGnBpqQttNK,453387
qJfJ7wBLmBtGnBpqQttNK,617909
qKNBCCbrmp7W96dbb8gFb,517208
qKWKLWtD8fBWHrRbKrwkT,274403
qKcPMkLrbMpqn9Nck97WL,261514
qKj6WNWcF9RtfbwRRNnbT,565680
qLMgQQ8rj8fBDQQLjLMDJ,225988
qLNqpbKwBJPMLz9TTDHdW,561930
qLbkgfKHC7bFpQhKbNdCw,546698
qLjtfh8FGb6JCLpWPc7Ph,633356
qLttRBczGdzDtWNtFTGMn,645191
qLttRBczGdzDtWNtFTGMn,655922
qLwNCBR9FCfnnPtPjkWNp,261527
qMBpL7WdHmD7rgtMwQpfR,611171
qMBpL7WdHmD7rgtMwQpfR,614955
qMBpL7WdHmD7rgtMwQpfR,614956
qMBpL7WdHmD7rgtMwQpfR,617895
qMBpL7WdHmD7rgtMwQpfR,618178
qMGgBkKkjCT6cFgJjqnwQ,633282
qMGgBkKkjCT6cFgJjqnwQ,633631
qMHcbmnLmdDfBkNWhkPdN,248389
qMHcbmnLmdDfBkNWhkPdN,262447
qMJTpNtk6pbwMTqkRzhRG,225790
qMJTpNtk6pbwMTqkRzhRG,271115
qMMm8Ldtfhn8Lt8LdHwNB,275665
qMMm8Ldtfhn8Lt8LdHwNB,276852
qMNzBQBKDMgnGpTfGgKkP,606673
qMNzBQBKDMgnGpTfGgKkP,615357
qMNzBQBKDMgnGpTfGgKkP,618008
qMNzBQBKDMgnGpTfGgKkP,676508
qMpdhqQqktTKQHcQJ8f6B,533030
qMpdhqQqktTKQHcQJ8f6B,580610
qMzCjGnnHpbqRJPtJfp6T,551708
qN9rt6FWmjTRwNC9cTrPW,237726
qN9rt6FWmjTRwNC9cTrPW,238520
qN9rt6FWmjTRwNC9cTrPW,265437
qN9rt6FWmjTRwNC9cTrPW,502770
qNjkhDfW8htQBMqmCbW8M,275644
qPCk966FkDC7zpqffQpqD,533464
qPDJLjQBMWtW8fJ8Kdznp,694926
qPpWLgMftfnqDktRHcCWB,237832
qPrPznRzbC6tGqw69CpT6,261384
qPtfkpzfNL8qGRFBWQN7D,653988
qPtfkpzfNL8qGRFBWQN7D,676716
qQ9JC8BtngfRq7n9pqpKM,517618
qQ9JC8BtngfRq7n9pqpKM,545434
qQ9JC8BtngfRq7n9pqpKM,584678
qQ9TfqhWK967WMGdfQRLK,225642
qQ9TfqhWK967WMGdfQRLK,271124
qQKjHgDgPhRzrhQTkTf7N,612564
qQQr98pt8gmgGdttPNTH7,517590
qQQr98pt8gmgGdttPNTH7,518335
qQRkbt6WDKDMNbMRrqPC9,551550
qQbcdmqJw9tPqqDBnDpH9,518332
qQpfrfHQMP8ND8NjBK6pM,488492
qR8DkwWmrqGqzd9BbCDbH,654064
qR9dqP7WCqkzp69ctCNcp,517836
qR9dqP7WCqkzp69ctCNcp,518242
qRCfPWjnmP9kMwczzqBcC,225084
qRCfPWjnmP9kMwczzqBcC,271259
qRCfPWjnmP9kMwczzqBcC,647384
qRKjzf8nTgdBt8BMMgRPJ,653924
qRbQCrnwpWm7mtbfpcFn7,274398
qRbQCrnwpWm7mtbfpcFn7,274399
qRcQbB7TW7kzt66g7cKMM,551558
qRkrJ8t9RgGhDgpMpBBFd,533029
qRkrJ8t9RgGhDgpMpBBFd,537189
qRkrJ8t9RgGhDgpMpBBFd,539763
qRkrJ8t9RgGhDgpMpBBFd,542272
qRkrJ8t9RgGhDgpMpBBFd,651134
qT78mFRmt9KQfQdGwfnJD,275745
qT78mFRmt9KQfQdGwfnJD,275757
qTJLpcMt6WFTDHRgD87tw,550302
qTJLpcMt6WFTDHRgD87tw,551580
qTWFgWrznmRnFtJH9hwcd,647372
qTbnWfWzCJMrcf8BqjNqg,248351
qTbnWfWzCJMrcf8BqjNqg,262538
qTcLJRLFGGTnwnJTthbDq,611150
qWzngwMHHKwBJT6BKkF9r,633342
qbMbJK7pFpcktB8zPdrwg,248556
qbMbJK7pFpcktB8zPdrwg,262456
qbdmChqm6wjCBfCFf6FMg,518422
qbfHLhfMncWkw8bbhDgJD,633361
qbjpM6PbCPWjjQTfdt9TM,225993
qbjpM6PbCPWjjQTfdt9TM,270905
qbjpM6PbCPWjjQTfdt9TM,708959
qbkqDjRTCdJznpTWt8j67,632649
qbzLPGM6RCTWWhGKdnCNf,225792
qbzLPGM6RCTWWhGKdnCNf,271121
qcTNqDCwM6jHP7QjBb7tN,225855
qdDLqzd6FfmjfPGHLD6NW,577715
qdDLqzd6FfmjfPGHLD6NW,578821
qdDLqzd6FfmjfPGHLD6NW,584729
qdLHRPTdGkw6TjpMjPTW7,532468
qdLHRPTdGkw6TjpMjPTW7,536713
qdLHRPTdGkw6TjpMjPTW7,549250
qdLHRPTdGkw6TjpMjPTW7,557091
qdbgkqgpTRMQQPr7jcdQL,533633
qdjcJLJKQBCRLnkpfrPPb,237806
qdzb6znQFtcJHcPNnkFF7,612699
qdzjnDqPpGjnHHqPgzmQC,551607
qdzjnDqPpGjnHHqPgzmQC,618753
qfFQbdJPqGhjD99dLC6gD,225050
qfFQbdJPqGhjD99dLC6gD,225341
qfFQbdJPqGhjD99dLC6gD,229750
qfFQbdJPqGhjD99dLC6gD,271294
qfgqjM7QnmJKDnPkmgHTw,518395
qftcQd6NJhpQkfCczqLF7,664629
qftcQd6NJhpQkfCczqLF7,664630
qg77MwwLDDmNPnWmtjLPh,487190
qg77MwwLDDmNPnWmtjLPh,489139
qg77MwwLDDmNPnWmtjLPh,489255
qgBwpjpHqRJFddcwwbCK8,226055
qgBwpjpHqRJFddcwwbCK8,271066
qgzjH8rNPpg6Jb6PgzggC,237844
qh69zwgzjzDtjgTLN8c7P,612685
qh69zwgzjzDtjgTLN8c7P,616362
qh69zwgzjzDtjgTLN8c7P,617916
qh69zwgzjzDtjgTLN8c7P,617938
qh6Ww9QDjpGFfHG8gJgb7,237744
qh6Ww9QDjpGFfHG8gJgb7,238391
qh6Ww9QDjpGFfHG8gJgb7,557945
qh8pckPwPHDHtPFj7tztn,225932
qh8pckPwPHDHtPFj7tztn,647389
qhPfDmWPHpHT8gpFmNkkr,224956
qhPfDmWPHpHT8gpFmNkkr,226048
qhgBBWfkQcrgzKMTqQ7RC,648195
qhkDp7nLqrh6PDNW7QtMq,248419
qjmwqndpkqntDpKCcTcbp,647366
qjqqRn6kHWHGz6PQGWd7z,502772
qjqqRn6kHWHGz6PQGWd7z,504524
qkLmDfFnGLhCCFtHPtLj7,261483
qkLmDfFnGLhCCFtHPtLj7,552495
qkQLJNc7RM6LcztMdbrfz,561288
qmQ6tmqFznzMnf9dcDRcF,453173
qmQ6tmqFznzMnf9dcDRcF,551579
qmgKfChbmD6w66dbDz7K6,237934
qmgKfChbmD6w66dbDz7K6,252658
qmrkpcDjBHQb9g6pqCFMd,653976
qmzNwRPnh8gkrdKdLwCbt,225234
qmzNwRPnh8gkrdKdLwCbt,270960
qmzNwRPnh8gkrdKdLwCbt,525183
qnKjmr6mDJDGbhn6mQdkp,611170
qnKjmr6mDJDGbhn6mQdkp,618047
qnr8rHRmfzBbrgbjM9GjG,632651
qp7f9b6WNBmRWJfPbKtDm,577738
qpnnMW6TWQPQqMLqrbD8d,631757
qpnnMW6TWQPQqMLqrbD8d,633647
qpqwfj8MqTkWLqpbDgrd8,676384
qq8NfJ7zgchWbMfM8BJBG,237869
qq9JDbPD9HrD7wG7CWbKj,237816
qq9JDbPD9HrD7wG7CWbKj,238408
qq9JDbPD9HrD7wG7CWbKj,238524
qqDbjmjjfHK9d8KJ8PcGm,645197
qqDbjmjjfHK9d8KJ8PcGm,678171
qqhLtH6j9JNr7g6NHzCHR,708966
qqzmLCbJJ6nwQGtzrJMcL,225883
qqzmLCbJJ6nwQGtzrJMcL,270998
qqzmLCbJJ6nwQGtzrJMcL,633345
qr8WW79Hrfcj8DkpKzRfd,225847
qr8WW79Hrfcj8DkpKzRfd,271230
qr8WW79Hrfcj8DkpKzRfd,488529
qrNWkLCjtjGd6pztdtcQb,488354
qrNWkLCjtjGd6pztdtcQb,489197
qrRLQz7cjpKL6dGrjnbDp,248492
qrRLQz7cjpKL6dGrjnbDp,262525
qrRLQz7cjpKL6dGrjnbDp,561381
qrRLQz7cjpKL6dGrjnbDp,634078
qrRLQz7cjpKL6dGrjnbDp,676549
qrgHbhCHptKd9Lj7hzDQQ,653805
qrgHbhCHptKd9Lj7hzDQQ,654091
qrhLKPQDzcR99cHLz7jgq,502741
qrhLKPQDzcR99cHLz7jgq,502743
qrzhp6bWn7rbTFt9fHw7k,632652
qt6KzpDJ8JKfc9wNzgbmW,454208
qt8PTt8T8bzqm9jFJ8c8F,676538
qtGQDP6NNRnFFgNhKjCkd,646280
qtGQDP6NNRnFFgNhKjCkd,646281
qtJwHkr8WgjHJcC9gNPGj,695160
qtnfPdFjH8RTzn6DhHzfC,518375
qw9LBP66tDQBHwRcgTTjg,225062
qw9LBP66tDQBHwRcgTTjg,225370
qw9LBP66tDQBHwRcgTTjg,271299
qwHFTzdTJW6mjr8hmtnWp,612656
qwHFTzdTJW6mjr8hmtnWp,616360
r6GJMftwgdpDGrfbwkprz,237997
r7GmThKTHQtDW6RcFbdPR,612572
r7J9m7TcMRndwCLRTKBjN,654024
r7dKM6g7knTpRG9fg9rGP,226016
r7fBPzjnf99MPwFc6F8b6,565592
r7fBPzjnf99MPwFc6F8b6,577215
r7fBPzjnf99MPwFc6F8b6,584696
r7ztTzKJCzDWphMcdPQcD,237717
r7ztTzKJCzDWphMcdPQcD,238454
r8Bq8zBCNdzGPkmMcr6QL,238425
r8Bq8zBCNdzGPkmMcr6QL,238539
r8Bq8zBCNdzGPkmMcr6QL,238663
r8Bq8zBCNdzGPkmMcr6QL,251238
r8TWKrQFMwGwD976H6LN6,225571
r8Tw7FhnRPfndW8kWB7Rr,577711
r8Tw7FhnRPfndW8kWB7Rr,578820
r8fjLMCFnQhFrRjwpMTgK,261420
r96wGNm66Fft8RcWcQj7f,653948
r9GQj9McpQbr8Jf9jhkch,453182
r9GQj9McpQbr8Jf9jhkch,476163
rB8rmFM8LLnw7BNFPbNtW,261395
rBJ7nHKTc9W6d6P8hK7BQ,633240
rBMdcdDm68TGL6qp6JbKf,275619
rBMjbzt9h6cKWqz6JmCTc,225227
rBMjbzt9h6cKWqz6JmCTc,225640
rBMjbzt9h6cKWqz6JmCTc,225756
rBMjbzt9h6cKWqz6JmCTc,262501
rBMjbzt9h6cKWqz6JmCTc,270899
rBMjbzt9h6cKWqz6JmCTc,273123
rBMjbzt9h6cKWqz6JmCTc,489151
rBMjbzt9h6cKWqz6JmCTc,489269
rBMjbzt9h6cKWqz6JmCTc,561891
rBMjbzt9h6cKWqz6JmCTc,561921
rBMjbzt9h6cKWqz6JmCTc,647439
rBz7GBhR7FPkbzKwRWmdp,633284
rBz7GBhR7FPkbzKwRWmdp,633634
rC98Cch9DNGTfpggrNBh6,273144
rC9hRJc8GLMpncbLwkn8q,453363
rD7Jt7QKft9cPBKgjmTNq,248496
rDLHG8PWgWpbJ87hRd6fD,248466
rDbWdFWLzh9Q8KFmg9jnj,502902
rFBm6FppdwTJDPRbrgqcg,453334
rFQzCPdqFTwbhn7jMKkjg,275709
rFTttdrTGWGwd8dbpfN6M,488423
rFTttdrTGWGwd8dbpfN6M,488425
rFpG8LW6fRmGgJ6dpWj8Q,653950
rFtnRCDzmJrrJwfJfWnFC,633316
rFtnRCDzmJrrJwfJfWnFC,633670
rFtwwctDWPnQc7Wwtf6J6,676494
rGc7TPKW7CDRmPRCLg6Jd,226069
rGc7TPKW7CDRmPRCLg6Jd,654088
rHG9qHMLWbk6t68GkJ7Mw,676427
rHQbwp8qrzCcfGm9GQFqp,225840
rHQbwp8qrzCcfGm9GQFqp,271192
rHQbwp8qrzCcfGm9GQFqp,278915
rHQbwp8qrzCcfGm9GQFqp,524401
rHQbwp8qrzCcfGm9GQFqp,678586
rHQbwp8qrzCcfGm9GQFqp,709268
rHt7wrBkFcGCKBNq8BckW,565560
rHt7wrBkFcGCKBNq8BckW,584689
rJd6rP8HgrgcfzDBT8bWB,237824
rJd6rP8HgrgcfzDBT8bWB,238522
rJjFGmMcKmWCPdkdtmQLN,275691
rJjFGmMcKmWCPdkdtmQLN,275693
rKb97mmPGtmm9R9dMDW8d,633328
rKb97mmPGtmm9R9dMDW8d,633681
rKcfc9TTdwWgLrqtWJ67N,533474
rKcfc9TTdwWgLrqtWJ67N,537269
rKcfc9TTdwWgLrqtWJ67N,549271
rKp6tbNNd6qzQcJrqL9fG,237954
rKwFK8LDKhPht6b9pNF7P,654045
rKwFK8LDKhPht6b9pNF7P,655925
rKzqQTTkzfqRBzdPmdpcg,453226
rLCRmrjNR6HMnG8pFkNCB,676480
rLDftPkdRdRH8bwwwhWkg,682855
rLN8wNfkTtF9zBg8zwGzW,225291
rLN8wNfkTtF9zBg8zwGzW,225343
rLN8wNfkTtF9zBg8zwGzW,276864
rLN8wNfkTtF9zBg8zwGzW,552024
rLgf6HdKBBDFTcJrkwgtT,624368
rLgf6HdKBBDFTcJrkwgtT,637483
rLgr6PwGt9TtRFMwTFQf7,611152
rLgr6PwGt9TtRFMwTFQf7,618075
rLgr6PwGt9TtRFMwTFQf7,638954
rLgr6PwGt9TtRFMwTFQf7,676525
rLzdPNHmqwPfmRFLhWM8R,551513
rLzdPNHmqwPfmRFLhWM8R,554314
rMhFpgrgBCtQdqrrcpHNh,225172
rMhFpgrgBCtQdqrrcpHNh,271171
rMhFpgrgBCtQdqrrcpHNh,273132
rMhFpgrgBCtQdqrrcpHNh,676592
rMhFpgrgBCtQdqrrcpHNh,690454
rND7FTTmHRmpR6DbR8PBQ,676323
rND7FTTmHRmpR6DbR8PBQ,676806
rND7FTTmHRmpR6DbR8PBQ,677625
rNKN6PqmhhkTDLLhJmkGw,552015
rNW8mjhb6qbTfr9PHLQqb,270490
rNhqkLtwRGdRf7Pkh6b7b,695214
rNhtnPWtDDBzBp7mNdQtT,488382
rNhtnPWtDDBzBp7mNdQtT,500727
rNhtnPWtDDBzBp7mNdQtT,616346
rPFmfpqGpLn8DF66nRgFg,612668
rPFqdQD8MGWwJh9th7NGz,565569
rPFqdQD8MGWwJh9th7NGz,577181
rPFqdQD8MGWwJh9th7NGz,577237
rPFqdQD8MGWwJh9th7NGz,587939
rPWHqNjBzFDtRjRhLqqDG,275729
rPjwGrNWBrnqGjFhn6rfD,237813
rPqkgWJCRBcDzDGPgMzBj,632642
rQ7rcfpMdHMcLkTqtnfHz,561267
rQ7rcfpMdHMcLkTqtnfHz,578147
rQ9dRWnKb788gfjnPf8Bw,275224
rQTCqBFcppTWfDwfFkHQN,682850
rQTWW67kpJJP8GN9dN9PG,709022
rQw9rhKpgW6Lt7hWJq87J,248490
rRHncwrCNq9TmTcndW8bq,225041
rRHncwrCNq9TmTcndW8bq,271245
rRHncwrCNq9TmTcndW8bq,533470
rTNChdmHbjN7HPNJJLzCt,624359
rTNChdmHbjN7HPNJJLzCt,637480
rTNChdmHbjN7HPNJJLzCt,638046
rTWLDhwKJcwrK8mqwDJpb,653934
rW8N7tr9TF98TM8fwMfJd,677658
rWGNRWnzMBzgWzth9676b,503276
rWccJ7CMn69khJP7QJ7G9,502621
rWqFtWTCDnrgzPJthDHkR,273125
rWqFtWTCDnrgzPJthDHkR,500695
rWtcmPrWgJwnmKNhj8nMk,275669
rbDcWtf9Dm6L9wrBj7Cnz,561284
rbMGNnJJBHjnNMdRCWBhw,226070
rbMGNnJJBHjnNMdRCWBhw,270969
rbMGNnJJBHjnNMdRCWBhw,678573
rbzdbLWNThgMnfbcpj7zK,533570
rbzdbLWNThgMnfbcpj7zK,537234
rbzdbLWNThgMnfbcpj7zK,537265
rc7mWBhpMFfgWcfhmTJCN,632091
rc7mWBhpMFfgWcfhmTJCN,632092
rc7mWBhpMFfgWcfhmTJCN,636257
rcCgrhCWrcPC9RGFqMqm9,225860
rcFTPCqNgzqcTfnknBmRq,563803
rcFTPCqNgzqcTfnknBmRq,584707
rcHhthcM7zrmd8nFWQtLz,563802
rcHhthcM7zrmd8nFWQtLz,577254
rcHhthcM7zrmd8nFWQtLz,577761
rcHhthcM7zrmd8nFWQtLz,584705
rcKfddzQpzGHbqtrNbhGC,565578
rcQDk66HmLFR6mKt78BWT,676276
rcjgBWntdrDcMT7gHdgjF,676319
rd8gCbPjLCWcPLdqbMRWm,648164
rdG6zR6dgDWwzw9KKtq78,633327
rdG6zR6dgDWwzw9KKtq78,633680
rdKrHRBf66GR7WdzL8dpN,557932
rdKrHRBf66GR7WdzL8dpN,617817
rdrfQMmGfPwjrcKRtPpzf,652766
rdwhCnq7qjDG97zMqzDkz,487158
rf6WpqLLPHDgGbF89b6jD,676343
rfCmCzDDJzWK7PqbR8NTK,275624
rfCmCzDDJzWK7PqbR8NTK,676751
rfDKkpDcHbmmMK9w6nmnt,518323
rfqChPM7KDBRhh789TtDm,275721
rfzK67PqGLCLKL6w8GhLp,488534
rfzK67PqGLCLKL6w8GhLp,489170
rgMGtN8QtgRjn7PkNdcKG,488409
rgMGtN8QtgRjn7PkNdcKG,495670
rgq8FqBMdhn9khbwjDK6Q,226019
rgq8FqBMdhn9khbwjDK6Q,238479
rgq8FqBMdhn9khbwjDK6Q,271093
rgrMj9dqrqq6mftqJ8Jq9,453259
rh8QMDbW9nkbWFwtJhcqQ,695217
rhGfKbpkJHqwTK6rJDcwK,225277
rhW9zNJCfhP8RG7fHCLLH,261342
rhW9zNJCfhP8RG7fHCLLH,262962
rhW9zNJCfhP8RG7fHCLLH,646347
rjfPdq8HCMQqtPPT8zTkz,653943
rjhDRz7JGN7kpDdjHQfrg,225064
rjhDRz7JGN7kpDdjHQfrg,225637
rjhDRz7JGN7kpDdjHQfrg,262426
rjhDRz7JGN7kpDdjHQfrg,271304
rjhDRz7JGN7kpDdjHQfrg,647328
rjwJT7bmgDjKNjwgm7bKF,693442
rk8tgdRQmPwNrDfdTTFgF,676334
rk9986mQCBfcCRTwFJRdL,237698
rk9986mQCBfcCRTwFJRdL,502766
rk9986mQCBfcCRTwFJRdL,514131
rkBTWR7wJGdbpzMDC8CfT,633334
rkKktHBPDLQDfpddktPwn,225566
rkKktHBPDLQDfpddktPwn,270992
rkRhTdHrdkwMhFwHnPGMk,613097
rkRhTdHrdkwMhFwHnPGMk,614580
rkfqjFKJHdtqRLKJwgQNG,549752
rkfqjFKJHdtqRLKJwgQNG,551517
rkfqjFKJHdtqRLKJwgQNG,555757
rmTKDcDNJrDFRMdKrRmdH,488466
rmTKDcDNJrDFRMdKrRmdH,488468
rmTKDcDNJrDFRMdKrRmdH,512733
rmdHP7ttKz7NqLwwwGGKg,226006
rmdHP7ttKz7NqLwwwGGKg,270971
rmdqRKFwTMWr97GPqNd6Q,275234
rmdqRKFwTMWr97GPqNd6Q,278936
rmgJwFTgdKNFc8LcPKbJJ,654049
rnCGHPJFzCqjPfbkJTKHM,633325
rnCGHPJFzCqjPfbkJTKHM,633678
rnFwQdqLFTRCDWbtT6Jqm,225736
rnFwQdqLFTRCDWbtT6Jqm,271072
rnFwQdqLFTRCDWbtT6Jqm,565666
rnFwQdqLFTRCDWbtT6Jqm,577217
rpF86BNmBttKMGpckqJnq,226063
rpF86BNmBttKMGpckqJnq,271095
rpF86BNmBttKMGpckqJnq,565663
rpF86BNmBttKMGpckqJnq,577187
rpFFbrjQdDFGHgtwmjqKP,225870
rpFFbrjQdDFGHgtwmjqKP,271045
rpWjb6pnqgzTH7Cgcf98w,488477
rpWjb6pnqgzTH7Cgcf98w,489131
rpWjb6pnqgzTH7Cgcf98w,612577
rpWjb6pnqgzTH7Cgcf98w,618041
rppddnbcWR8QzfQzQFHWR,533502
rppddnbcWR8QzfQzQFHWR,537295
rpqF9GbWN7Kkb6hPKPnJk,238458
rpqF9GbWN7Kkb6hPKPnJk,258331
rq9WWJHNRbbmNDBzmHtJN,237731
rqcKnqMqChqrkHbDTPWPR,633288
rqcKnqMqChqrkHbDTPWPR,633638
rqcn9Q6JDG6FRCrpt9tb7,248447
rqcn9Q6JDG6FRCrpt9tb7,262505
rrDrf6H8zBKhcz8tQbnm9,677635
rrN8b6TLpjCHQJRKBpJFm,676433
rtJ8hLmrbcrkzLjGjjfJk,502844
rtLfTrnFcDBQhtbFprGRD,551666
rtLfTrnFcDBQhtbFprGRD,561161
rtR8zKcQtHFKrqQKLwBWC,488489
rtR8zKcQtHFKrqQKLwBWC,489148
rtWWzqfqCGrRG9LHzKmgD,549968
rtWWzqfqCGrRG9LHzKmgD,551465
rtq8MPBRKQzBpWTWRpj8t,261523
rtrcD9FRqqtQNnh9dwwd7,275098
rwLmwBWMRMnd9tzGBwng7,237868
rwLmwBWMRMnd9tzGBwng7,238386
rwLmwBWMRMnd9tzGBwng7,273122
rwntmhkHtPGcKCbzJWjNn,653952
rz79tn8mdQLDqNnhFdngk,225701
rz9tKHQJFKq8wCbrKFchG,533610
rz9tKHQJFKq8wCbrKFchG,538437
rzGrbqkdk7nptwNhTJKCb,275607
rzMhnMtGQ6nJgQwFLJJLQ,695249
rzm9GQbbBrrDzLQRcB6kK,606622
rzm9GQbbBrrDzLQRcB6kK,606624
rzm9GQbbBrrDzLQRcB6kK,618310
rzwzDWjwdGDFHcpnnBKtf,225881
rzwzDWjwdGDFHcpnnBKtf,229768
rzwzDWjwdGDFHcpnnBKtf,271268
t68gtGcPf8H9wTGBCfj8L,533027
t68gtGcPf8H9wTGBCfj8L,537251
t68gtGcPf8H9wTGBCfj8L,542190
t68gtGcPf8H9wTGBCfj8L,605066
t6C6cwNqDpQpRQKPtpk8p,502916
t6JCJM8LbB8DcqTwHj7Mk,612688
t6JCJM8LbB8DcqTwHj7Mk,616363
t6JCJM8LbB8DcqTwHj7Mk,617918
t6JCJM8LbB8DcqTwHj7Mk,618043
t6JCJM8LbB8DcqTwHj7Mk,676526
t6MkmHjPRNghmMcMQbqch,248354
t6MkmHjPRNghmMcMQbqch,250029
t6MkmHjPRNghmMcMQbqch,262462
t79k8WMTmQBDnk6DcqzP8,629871
t79k8WMTmQBDnk6DcqzP8,647576
t7H7JCQcTb9TTjjCbNwDH,536795
t7H7JCQcTb9TTjjCbNwDH,536816
t7H7JCQcTb9TTjjCbNwDH,537337
t7H7JCQcTb9TTjjCbNwDH,690440
t7WKR6b9wFcWTd9rRBGHp,653940
t86nFWmmtDFMPJr9R9jwN,677605
t9FQnwWKw7RWz7pPBGf7f,631987
t9JLzLpkTqwMQmzjkcDG8,275645
t9g6gbzgFL9RmRQBBNrP7,646287
t9g6gbzgFL9RmRQBBNrP7,646554
t9hhCk9PrwgchGMcLkRMt,488367
t9hhCk9PrwgchGMcLkRMt,695259
tB76Jz9T9FcQTtbFDpbmN,453277
tBBCd9hNgWjQkTGDj7dPq,561925
tBQtc8qMLfnmmGWCtFH9z,695190
tBg8fnqMkfmjJgNFPmKKf,614298
tBgHdcmzR967HGMWRNNzz,248539
tBqFrtGcBNQt7GnMFTPPB,225507
tBqFrtGcBNQt7GnMFTPPB,225539
tBqFrtGcBNQt7GnMFTPPB,270939
tBqFrtGcBNQt7GnMFTPPB,518653
tCKk7THm9bNKJh8F6Dmzk,646475
tCjqz6rHFKTmDpDkfHmzm,551667
tCjqz6rHFKTmDpDkfHmzm,563312
tCkMg9kPCkhTDTbJkdHjB,653989
tDFjkc6tL8qqHC9n9nCrh,633339
tDL9LBtmCdmkrNnQzRhQ9,633230
tDjBgLK9QzgrFzLHzwBnC,502717
tDtrzbHbnwtKfJkKt9qHc,248350
tDtrzbHbnwtKfJkKt9qHc,262524
tDtrzbHbnwtKfJkKt9qHc,676834
tDwh7jzrFpdjjTcdhDc7J,708919
tFKpRnDbfcwtC8dwqm9qm,533525
tFKpRnDbfcwtC8dwqm9qm,537318
tFKpRnDbfcwtC8dwqm9qm,537348
tFKpRnDbfcwtC8dwqm9qm,676584
tFPLw7nPCjf7rqbGhCBTr,676444
tFPLw7nPCjf7rqbGhCBTr,710768
tFcNdRJcpB69qcCBpTL7c,261381
tFcNdRJcpB69qcCBpTL7c,261801
tFcNdRJcpB69qcCBpTL7c,273140
tFcNdRJcpB69qcCBpTL7c,690455
tFjCKTzpnNCbMGwgtMjFn,551609
tGKpbmMLD7nkRRmzmRckm,676455
tGKpbmMLD7nkRRmzmRckm,676629
tGbgpCzdw6Jzk99PLb9Cm,237992
tGd6nNtRQGbkcNjCRGB77,633354
tGd6nNtRQGbkcNjCRGB77,634082
tGhCqd6bBfRGGdrmrFnLk,453401
tGhCtnrQTn8KtcmnJdqmq,517835
tGhCtnrQTn8KtcmnJdqmq,518240
tH6dnJR9CTdw7mmzGJckd,453361
tHhztGzBGFRrLKTWCtg7f,487365
tHjRjBqDhJFRwbPwgwdzj,575192
tHjRjBqDhJFRwbPwgwdzj,578828
tJDKNg7fm6FHNcCtjznN8,518256
tJftFH7gQMpj7cQtCdQ76,653808
tJftFH7gQMpj7cQtCdQ76,676710
tJgBqNwrFDtHPqpzftbMj,226029
tJgBqNwrFDtHPqpzftbMj,500725
tJhRRN9kkMCnGQdQJ8TWg,543929
tJhRRN9kkMCnGQdQJ8TWg,551472
tJhRRN9kkMCnGQdQJ8TWg,556973
tJhRRN9kkMCnGQdQJ8TWg,580647
tJkqhqDjdMM76hrkMmJJD,612602
tKf7fDRqqJHHn7QgrKjdR,275674
tLLcFGDJBDDbRJpcrj6Hp,561896
tLQ97QFt6qWCTPqbng7W7,612598
tMDDnhBrcpCL8c9MW7BgC,225962
tMDDnhBrcpCL8c9MW7BgC,271011
tMGQrpkw6rBLHRfLtQwgK,248460
tMGQrpkw6rBLHRfLtQwgK,262507
tNBLJKrbDpBL9TMb678wM,548336
tNqhWw8WPHzbjBjRcNzMp,612600
tNqhWw8WPHzbjBjRcNzMp,618042
tNwNjDkrznjwrPP6bHBtD,225138
tNwNjDkrznjwrPP6bHBtD,225763
tNwNjDkrznjwrPP6bHBtD,271018
tP6fcfbgwkrhMPdrrgqMw,517814
tP6fcfbgwkrhMPdrrgqMw,517816
tPGH6kTnMBWB6KwfqmDtr,237770
tPLBbjkQQmCJRD9f8f7qm,274738
tPLBbjkQQmCJRD9f8f7qm,276841
tPLBbjkQQmCJRD9f8f7qm,612583
tPW6ffbwKnNCWf9hKLKTN,518533
tPW6ffbwKnNCWf9hKLKTN,529735
tPk9crbnHLtHTFPgJRWHC,676331
tPqfbKjpBmrNfBnFgDFMH,237846
tPwwHTwt6hkdjgfzDtMfB,703883
tPwwHTwt6hkdjgfzDtMfB,709353
tQwNMwnMRKNf7trbFmbnp,502880
tR69zGf7gHHC9pTwwwnkH,695209
tRgKFDwQnQRLT7qnNJ6kc,676282
tT8mDTnn7nddCF7WNRLHt,612664
tWKN9zRJdgFmpw6pmPmkR,225824
tWNrwHgH8LJbC8ndwkwPz,275240
tWNrwHgH8LJbC8ndwkwPz,276857
tWNrwHgH8LJbC8ndwkwPz,676673
tWPTFLgzJcgw7nkn8rT7F,654023
tWjDdc6FFdnDNk7dLgzt7,261486
tWqk8FWtf7TD9RgWBpKPP,682847
tWqk8FWtf7TD9RgWBpKPP,705057
tbJKjHrCbwffmbGt6hhTM,692520
tbc6PrGdmPnPJkbN9DW9q,248554
tbfnpFfBddccMGLcDNbJC,612606
tbfnpFfBddccMGLcDNbJC,617910
tbhqDHnRMTh9JtkGdpwpG,676354
tcFhTrPwdbbKHnPL6rGzp,487362
tcQQjwMNMtrMM8jnBHN8Q,225589
tcQQjwMNMtrMM8jnBHN8Q,271009
tcgLRpmfGcfgfDkBwGWbk,676468
tchtjzTbfPjRDFN8mcKR7,275238
tcjTRLGRtwRW7Khb6HfKB,225085
tcjTRLGRtwRW7Khb6HfKB,225707
tcjTRLGRtwRW7Khb6HfKB,271256
tcjTRLGRtwRW7Khb6HfKB,647385
tdCWDz6H6CWDMJ7CChhzW,677634
tdpHkthjkjNWDRnFc8hF9,453263
tdqH9kBqn9TbjRBHHDrfP,237946
tdqH9kBqn9TbjRBHHDrfP,238491
tdzrCmghQCTWz6PcfLKgw,261419
tf7BQQcnH9LR6jFQTKJrC,237752
tfJTWDjLzBdrDjWm9NnmN,500846
tfJTWDjLzBdrDjWm9NnmN,502875
tfdr8MdNBHPQjKn9FJCT6,248482
tfdr8MdNBHPQjKn9FJCT6,262546
tfgqfmpf8PtwhJqcBKDwB,225268
tfgqfmpf8PtwhJqcBKDwB,552021
tfzkkkrLtW9kkWFjpPLQP,629872
tfzkkkrLtW9kkWFjpPLQP,646454
tg9TRmR87BpWm6RNLQgzg,693437
tg9TRmR87BpWm6RNLQgzg,693438
tgTDwMGbBwknnTNjTTKJJ,552020
tgkMhwLnr8kh6pcR86nR6,648190
thLLBGbP8r8KLmBjmcmPw,453276
thLLBGbP8r8KLmBjmcmPw,676633
thwwGHwJCmkHF698TC8Wn,237805
thwwGHwJCmkHF698TC8Wn,238405
tjnCb9JGD7mzznFPfDzHp,488389
tjnCb9JGD7mzznFPfDzHp,488393
tjqTCGp8GFF7FzTHqzBhW,225838
tk7rTRCHCTKrRtffjFQGC,641701
tk7rTRCHCTKrRtffjFQGC,657476
tkHRmr67MT8GCPJBHMwBH,612605
tkh7Bb7tfHCfKPfMLchCP,518384
tmCzWCtfttrQdLCbWGC6B,586587
tmCzWCtfttrQdLCbWGC6B,651186
tmNrkK9dghWBkfmgLH7MG,561892
tnCRf6pBMHN7tLRBMRB9p,225859
tnLDhJDNRMRQrcTzBkTF9,225181
tnLDhJDNRMRQrcTzBkTF9,225353
tnLDhJDNRMRQrcTzBkTF9,238411
tnLDhJDNRMRQrcTzBkTF9,271185
tnLDhJDNRMRQrcTzBkTF9,676597
tnnFttPCJmktbfMWcNLbT,488516
tnnFttPCJmktbfMWcNLbT,489130
tnnFttPCJmktbfMWcNLbT,489186
tnznnMJqJfzTqCn8QBgBz,632646
tnznnMJqJfzTqCn8QBgBz,634072
tpBFGmkQggrgbfN96bNW6,237709
tpBFGmkQggrgbfN96bNW6,501482
tpBFGmkQggrgbfN96bNW6,502752
tpCTjhFnCPJKBbPbRnFLM,226056
tpCTjhFnCPJKBbPbRnFLM,271069
tpCTjhFnCPJKBbPbRnFLM,676766
tpMDpBjtFznFdgjFtnqQf,533513
tpbMRQDzgf7p8WGmMm9wt,488524
tpbMRQDzgf7p8WGmMm9wt,489290
tpgGtDJmWntFC6QcdhhgW,511838
tpmhpDqjKq6NwtnKCBJwd,708978
tptp9kn8nHrbDfhFp7rCQ,694947
tqBKqzRbFHWtBLQ7hhDgW,517771
tqBKqzRbFHWtBLQ7hhDgW,526145
tqBKqzRbFHWtBLQ7hhDgW,540134
tqJNQ68KhJHWdJN8mFrdq,453318
tqJNQ68KhJHWdJN8mFrdq,561398
tqL9KdjgkjfnQ98H97dJw,453325
tqL9KdjgkjfnQ98H97dJw,453329
tqpr9PgWLMcrmggBmfL9B,225559
tqpr9PgWLMcrmggBmfL9B,270975
trMzKPpJWJGpqnpDTMzbp,677648
trdLjTnNnn6NjM7DzrcQh,517622
trdLjTnNnn6NjM7DzrcQh,533487
twGn8N6Pm6ctFgKnjCpL7,453175
twGn8N6Pm6ctFgKnjCpL7,517488
twGn8N6Pm6ctFgKnjCpL7,551568
twkhJ79fJq7qKqjGCJJnf,453326
twn6MLFjQJrQ9GnwW9BNd,606702
twn6MLFjQJrQ9GnwW9BNd,615606
twn6MLFjQJrQ9GnwW9BNd,617837
twn6MLFjQJrQ9GnwW9BNd,618088
tzTbzLkLhDzmW9QMJr9KF,225104
tzTbzLkLhDzmW9QMJr9KF,225521
tzTbzLkLhDzmW9QMJr9KF,225635
tzTbzLkLhDzmW9QMJr9KF,238421
tzTbzLkLhDzmW9QMJr9KF,262583
tzTbzLkLhDzmW9QMJr9KF,271312
tzTbzLkLhDzmW9QMJr9KF,647406
tzWfhPkkqnMRWQtGWjRh8,502824
tznCbwFPngzWgKH6TzBKN,518330
w6BQnKDGdGkHCTzjF6htg,275611
w6HDQDjbzfdMfwGRBK9Jd,248493
w6dzmjnGppFHCRgmKMFbW,648171
w77m97tB9GPDzK6ccgkjr,248399
w77zDhDthpW7pp97wHFf7,502923
w7HdMtLpHDBRNJcKHWHpc,237984
w7prWHb7LbrPMChNMdHzq,612704
w7tg6Pd8qbmgTCznmqtwM,518351
w8QN7hhNck8pQJHcc9rFj,225842
w8QN7hhNck8pQJHcc9rFj,271196
w98kfFNz9prGgmD88ptJR,224949
w98kfFNz9prGgmD88ptJR,225974
w98kfFNz9prGgmD88ptJR,271085
w9D7zGdNGdhHJKQ78DFNF,453247
w9D7zGdNGdhHJKQ78DFNF,618760
w9HnkqMCpr6WNFKF8wpH6,488379
w9HnkqMCpr6WNFKF8wpH6,489132
w9HnkqMCpr6WNFKF8wpH6,489187
w9NMmfttRBHm6fwjHhQbk,275742
w9NMmfttRBHm6fwjHhQbk,276844
w9NMmfttRBHm6fwjHhQbk,612584
w9NMmfttRBHm6fwjHhQbk,617991
wB6PP9TgHBpBbDDFrhgF7,502838
wB8rTc8NzdB9FkwWqwWwH,676315
wB9MNr6JNzqKB68gBhbQc,633303
wB9MNr6JNzqKB68gBhbQc,633657
wB9f6wWqbBzPf8KBqWqTf,237866
wB9f6wWqbBzPf8KBqWqTf,275417
wB9f6wWqbBzPf8KBqWqTf,690443
wBDCLLQfL9TF6MCfTFGWT,502917
wBNFNMMLnnBTDczrjjgRH,633286
wBNFNMMLnnBTDczrjjgRH,633635
wBNMRCQPNBjPcfJwgrf9j,274396
wBNMRCQPNBjPcfJwgrf9j,274397
wBbcmhwcnfD8cgzrfk6gQ,692537
wCLt8CtdLmrbMPcqLCzqc,453255
wCLt8CtdLmrbMPcqLCzqc,453256
wDGJfznzQCFGmwgFfnhfw,517264
wDQpwcjHkdqjhpJhCHLft,261446
wDgmFWt7nFMQwCGnzHgR9,533492
wDgmFWt7nFMQwCGnzHgR9,537195
wDgmFWt7nFMQwCGnzHgR9,537284
wDhLmGq88hHqJkBg89QDP,248366
wDhLmGq88hHqJkBg89QDP,604736
wDqGGmznKnwnMBQT6thmt,488474
wFPpjqhRHHNdNkDbRffBF,237957
wFb9Nd9dBWPJrmNQNQdW8,488513
wFcdCKBhBrRhhTWtQH76f,633362
wFhMnRGdkbwTt6CgpQLHP,633260
wFhMnRGdkbwTt6CgpQLHP,634077
wFhMnRGdkbwTt6CgpQLHP,676557
wFqQ8FbrPHqHWjBkQCm8R,676465
wFqQ8FbrPHqHWjBkQCm8R,676519
wG6tBGKr7rb6TCjP7bBDC,646462
wG8dQmKcfwwGMwdRzjpwn,225061
wG8dQmKcfwwGMwdRzjpwn,271298
wGK7jP9wGLhMzDTr8HWzR,654028
wGPRkjkMdNTdwLQPPb9JK,551583
wGPRkjkMdNTdwLQPPb9JK,637488
wGgcM7RtPfm8PtFhrcchm,653806
wGgcM7RtPfm8PtFhrcchm,654092
wGwjNqdjmKwqgzKrPhMn9,533559
wHLwWJFBzB7DwgjKqzcq7,237896
wHPGqnKDg8mRNzmwfmh8W,237715
wHPGqnKDg8mRNzmwfmh8W,238518
wHPGqnKDg8mRNzmwfmh8W,278918
wHPGqnKDg8mRNzmwfmh8W,502758
wHhtChfRBPBbjKqcmrMJf,641664
wHhtChfRBPBbjKqcmrMJf,657793
wJ9r77rRnPFfdMmLWzHH7,226034
wJ9r77rRnPFfdMmLWzHH7,270890
wJHGzDnNr7fkPFnkLzMWq,225226
wJHGzDnNr7fkPFnkLzMWq,225322
wJHGzDnNr7fkPFnkLzMWq,225330
wJHGzDnNr7fkPFnkLzMWq,262535
wJHGzDnNr7fkPFnkLzMWq,270896
wJHGzDnNr7fkPFnkLzMWq,647438
wJLdrWjMqLQL8r7wMc8Rg,695164
wJMCMFqcQfRJmK96kc8qM,561266
wJMCMFqcQfRJmK96kc8qM,561297
wJMCMFqcQfRJmK96kc8qM,584693
wJQMt6Lpf6D9JFQ8BW898,502712
wJcJBPNg8mD6m9778FnLn,577725
wJkMnrWFtbnjLLtkCr6zC,676356
wJtCpBD9Hd8TzNRghPzFM,551673
wKJrpKpFH8hPhtRrgqKCn,225615
wKJrpKpFH8hPhtRrgqKCn,271062
wKJrpKpFH8hPhtRrgqKCn,676839
wKQrdNKc6tbpWbGfNDtcn,708949
wKRRTFLrpKDJRLQTnb7Ld,646724
wKhBB6Nb9RPQJ8zPFnpgJ,248550
wKhBB6Nb9RPQJ8zPFnpgJ,262497
wKhBB6Nb9RPQJ8zPFnpgJ,276825
wKhBB6Nb9RPQJ8zPFnpgJ,708982
wKnhnNTHKHqFfjgdn9LLP,653920
wL7qNGJ7hn86bLDB7kGDG,633353
wL7qNGJ7hn86bLDB7kGDG,676789
wL86pzwQw6qq8P6RpGTd6,237861
wL86pzwQw6qq8P6RpGTd6,538445
wLNgpgF6DJHmgfFHMnnpK,488357
wLWmztzbRkrFkgzPCP6hT,612593
wLbNLfGtn86JfCTKBdMRg,237987
wMq8RdBcGbtLzBktwpwfF,248518
wMq8RdBcGbtLzBktwpwfF,262550
wMrpDKMP9BqdqWfhBG6mm,653973
wNPCmBDgPJrrFhMphqPdM,248425
wNRqrHCn6rrKLhrDkqPwp,225188
wNRqrHCn6rrKLhrDkqPwp,225321
wNRqrHCn6rrKLhrDkqPwp,225520
wNRqrHCn6rrKLhrDkqPwp,238443
wNRqrHCn6rrKLhrDkqPwp,262581
wNRqrHCn6rrKLhrDkqPwp,271311
wNRqrHCn6rrKLhrDkqPwp,273165
wNRqrHCn6rrKLhrDkqPwp,536804
wNRqrHCn6rrKLhrDkqPwp,537248
wNRqrHCn6rrKLhrDkqPwp,677670
wNjKmtGB97kW7GWKRgjDt,225986
wNtNbFgrfzcjJTMwRbkcg,614056
wNtNbFgrfzcjJTMwRbkcg,618045
wNtNbFgrfzcjJTMwRbkcg,676529
wPLfnbgJtbFDq7kgKjW6r,567103
wPLfnbgJtbFDq7kgKjW6r,577244
wPMcMNpWM8w8FThmLkgBH,612660
wPRqFt9jMPmdRLQmhb8jt,676285
wPjK8RMLkQcp7BDrTLfpc,676371
wPnWnDTdFfnjghqkQB88C,531873
wPwF6bRtdtmNbMbQztGdN,248558
wQHKQHcJLKwBRwgNG8QMB,488515
wQTTDGrkQHrFdqrWBd9WC,577740
wQW7bhgz9hpPLfMW9fq7h,633371
wQcpct8M6ddWK6BkKMMgC,495983
wQcpct8M6ddWK6BkKMMgC,524400
wQh8rPTLTrzGqHhfbGnq6,261385
wQh8rPTLTrzGqHhfbGnq6,497988
wQmDNJMgNTftTKBHcb9Rc,682842
wQwFMHb6LtTgHF6FJKnqQ,275740
wTC7KKjRHpQdTrHCTgkJj,633691
wTwJPcMRB8jf7rwCKzKPF,676462
wTwJPcMRB8jf7rwCKzKPF,676518
wTwdrMPDDFkHJhhhMCJ9b,488475
wTwdrMPDDFkHJhhhMCJ9b,489138
wTwdrMPDDFkHJhhhMCJ9b,489254
wWD8D9JqHhnzctrrTrBDW,563798
wWD8D9JqHhnzctrrTrBDW,584703
wWFFDrGrc8wD6whwWzdDF,453416
wWhJNBLBzbpTBmQQDJMtj,502915
wWmP8RJRq7MWk7kBh9q7w,225977
wWmP8RJRq7MWk7kBh9q7w,238477
wWmP8RJRq7MWk7kBh9q7w,271104
wWmP8RJRq7MWk7kBh9q7w,677672
wWrJrBcLPWcwc7RTrc6Bk,533552
wWrJrBcLPWcwc7RTrc6Bk,537266
wWrJrBcLPWcwc7RTrc6Bk,537291
wb9JwfqjqdfgtdKBDmtbw,488469
wb9JwfqjqdfgtdKBDmtbw,489240
wbJtMrPCzqL6NRGrT6fJK,533568
wbJtMrPCzqL6NRGrT6fJK,537233
wbJtMrPCzqL6NRGrT6fJK,542297
wbTGmgDqLtMmbDgcPzCmJ,237994
wbTGmgDqLtMmbDgcPzCmJ,238430
wbjNnhBq6cMwDfwdtrkhn,624358
wbjNnhBq6cMwDfwdtrkhn,630341
wbjNnhBq6cMwDfwdtrkhn,637479
wbjNnhBq6cMwDfwdtrkhn,638044
wc9L9bCGdNwhFrRD9Ntr6,225068
wc9L9bCGdNwhFrRD9Ntr6,517638
wcP88wJc6CFbLQpQFJcCn,634591
wcP88wJc6CFbLQpQFJcCn,636249
wcQzjTdhBwLkDWQbjLG8c,453317
wcm8kJNcrzDtt6zJm9c9R,549726
wcm8kJNcrzDtt6zJm9c9R,553466
wcm8kJNcrzDtt6zJm9c9R,557723
wcm8kJNcrzDtt6zJm9c9R,557724
wcm8kJNcrzDtt6zJm9c9R,557725
wcmmpmGPLhHLFJfdWcpzm,647335
wd7RGtzFkH9Ftj6qTbBpN,612658
wd8WJpB9j7qfWHWFffqWr,692515
wd9TtjtPGfbWKQPprJfj9,237928
wd9TtjtPGfbWKQPprJfj9,238427
wd9TtjtPGfbWKQPprJfj9,552439
wdGWQ6BQfP67F9Tb7CFGT,703800
wdLw8WtkJzf79bfKPbzj9,551934
wdQd78FWKJBKQCGTHtpDb,611164
wdT9WhkFKfwrHdJMWWcDQ,565412
wdbnJz7TQDCJ6gWW7WNch,488360
wdbnJz7TQDCJ6gWW7WNch,500691
wdggBC9qf7LKDWHTg7qFB,225096
wdggBC9qf7LKDWHTg7qFB,271209
wdggBC9qf7LKDWHTg7qFB,647426
wfNk87CBNfmjfPwrW8t8M,274783
wfNk87CBNfmjfPwrW8t8M,276871
wfNk87CBNfmjfPwrW8t8M,555753
wfNk87CBNfmjfPwrW8t8M,676593
wfNk87CBNfmjfPwrW8t8M,676623
wfNk87CBNfmjfPwrW8t8M,678588
wfzwGpLbJTtQ9DDhCchdP,248454
wfzwGpLbJTtQ9DDhCchdP,262521
wgLPnnJb8QW7WH6zRFbNr,261361
wgbL9K6GfgnDk8GJDfFqF,533493
whJmFnkNbtrd8D98KGg8d,518392
whJmFnkNbtrd8D98KGg8d,532024
whmMnfgwjqMJCHKGBHfq7,552028
wj7qpMrzMjDbn8tmtfPL7,237872
wjGjFLdQ7tCC8cDCJhzwM,453356
wjwFgpKPTgkKNGgr8Q7JK,274330
wjwFgpKPTgkKNGgr8Q7JK,274331
wkBCfWK6wNKKNjWQwkGzj,565691
wkBCfWK6wNKKNjWQwkGzj,577262
wkBCfWK6wNKKNjWQwkGzj,584746
wkHBqcWJQwCLr9fLKLpdw,561282
wkHBqcWJQwCLr9fLKLpdw,578091
wkMNPQJWpdNNqHpHtrbqT,549263
wkgMjwtjQk7NCGLFt9wDw,677633
wmGCKjjh6QbD6WTqNFqn9,653951
wmN6kmKhktkmfhWtqLmHm,225960
wmN6kmKhktkmfhWtqLmHm,271005
wmTPDLtBjwhmbKqqJmgCm,237906
wmTPDLtBjwhmbKqqJmgCm,238467
wmTPDLtBjwhmbKqqJmgCm,241334
wmWRPQHrrDHMcQw69k6MP,647402
wmdN6gnj6gdcdfWDMnqK6,612579
wmdN6gnj6gdcdfWDMnqK6,616348
wmn7GbbMWqtGtTpqBk6QF,695219
wngpKCpwWbfBCr7kPKmmJ,567104
wnrwnDFQzMQChWBt7JWtr,225992
wnrwnDFQzMQChWBt7JWtr,270903
wnrwnDFQzMQChWBt7JWtr,708958
wpLckQt7zw66h87TbjcWt,226013
wpLckQt7zw66h87TbjcWt,676781
wpjRKCTP7LDRPJ9JQRTWQ,682863
wpjRKCTP7LDRPJ9JQRTWQ,705053
wq7t69bcdmMbLRdgRMLpk,676421
wq9TcGTj79nqfWPtJFdkR,248502
wqgk7BtqLmhWB7tCbPjKd,676423
wqhjGpqqjbh6DfTLR7DGg,708935
wqm8d9NngqkJN7dDNwtHJ,248456
wqmMJj8PqzNHg7Q7LMqTR,641658
wqmMJj8PqzNHg7Q7LMqTR,657480
wqzWn8rMcWhGwNQfKtWtG,551608
wr9jWmbRhHJ7th99rbPGd,664621
wr9wBtTWwRrPrdhCRHCdN,225218
wr9wBtTWwRrPrdhCRHCdN,225318
wr9wBtTWwRrPrdhCRHCdN,225516
wr9wBtTWwRrPrdhCRHCdN,225572
wr9wBtTWwRrPrdhCRHCdN,225901
wr9wBtTWwRrPrdhCRHCdN,270895
wr9wBtTWwRrPrdhCRHCdN,533448
wr9wBtTWwRrPrdhCRHCdN,545004
wr9wBtTWwRrPrdhCRHCdN,664539
wrBQwfbdTLz8HzMWFQWRn,502858
wrBpz9J66tTJtRK67FWdp,488417
wrBpz9J66tTJtRK67FWdp,488421
wrf8qfHNtcKLG9WrKDWL9,261457
wrkDkLdGhJjTfPGzr68wM,561285
wrkDkLdGhJjTfPGzr68wM,577222
wrn8fmpTQHjKLzzHtqwNG,517672
wrwkrjbdCPTBpTKjrQNdJ,677668
wtKDkD6MRwz77CmthMHMz,676314
wtncTCQkTwF99wgkzMhTm,675370
wtncTCQkTwF99wgkzMhTm,676657
wwCjCpWgjmHMPNGhtQBwT,656468
wwKjnd7RF7HJwWCLkN78L,517635
wwKjnd7RF7HJwWCLkN78L,653819
wwKjnd7RF7HJwWCLkN78L,676711
wz7pNtnfqfnLjgknJ8n8h,226090
wzB7GqTmmpNTjqtQcMk7C,676359
wzF9jpgGN8tPLtfrtrHfm,225803
wzfdd9ktHKGhFkCKDhTWT,653208
wzmJ9hckLQFhDgbbJntzz,677636
wzqz9DGw687RGfqhgBPBm,692545
z6GNFrJctrhjhmJMLFQt9,533032
z6GNFrJctrhjhmJMLFQt9,580611
z6Ltnt69ChWMCDBTTdWkL,275662
z6MTBD8qkFPNzGtNrtprL,676483
z6fwbc9tNttQCzDHGtCFP,453350
z6hzjr7zdqfrh8nQMf6CH,549732
z6hzjr7zdqfrh8nQMf6CH,551460
z6hzjr7zdqfrh8nQMf6CH,554176
z6t6dcr7F7fWjwKwtqdRd,225091
z6t6dcr7F7fWjwKwtqdRd,271226
z6t6dcr7F7fWjwKwtqdRd,647394
z6t6dcr7F7fWjwKwtqdRd,676735
z78cKCmLRbWfftGfpcJGd,488414
z7HGHDCwMDgBmhdhTnRhW,551474
z7bLz9hhPDcwmTdQGf6TK,518533
z7bLz9hhPDcwmTdQGf6TK,518855
z7bLz9hhPDcwmTdQGf6TK,526133
z7fKMTdrJ6jGBFWTMTbnF,237694
z7fKMTdrJ6jGBFWTMTbnF,238508
z7fKMTdrJ6jGBFWTMTbnF,251878
z7fKMTdrJ6jGBFWTMTbnF,502745
z8GG8N7Lkg6BQR7FnWcwp,501974
z8GG8N7Lkg6BQR7FnWcwp,502722
z8GG8N7Lkg6BQR7FnWcwp,516945
z8f8PqBmdGwK9ftBbcBMb,652749
z8hRmWFtTQPPC8pDR9jTw,633255
z8khMLCjBPBbkRRq6z8Nw,502907
z9CGRWDmLHHRjKfjfmbWL,612663
z9CNDD6c68JqKb8QQ8Wjb,261450
z9CNDD6c68JqKb8QQ8Wjb,561399
z9CNDD6c68JqKb8QQ8Wjb,676565
z9Jm6MkWcjqRHwQWkgRDj,261388
zBCwfCKHpdpkngRHWMFhN,528097
zBDwTqgQTKrNRwjQmMr9g,553538
zBDwTqgQTKrNRwjQmMr9g,553908
zBDwTqgQTKrNRwjQmMr9g,554845
zBQGRp777Mj9QPL7zTb9d,270488
zBQGRp777Mj9QPL7zTb9d,286938
zBQGRp777Mj9QPL7zTb9d,676753
zBjL8PJJGGwQPqHrk7RnP,237729
zBjL8PJJGGwQPqHrk7RnP,552493
zBjL8PJJGGwQPqHrk7RnP,557934
zBm89zN88pdhTqkjCNzqG,695285
zC8NQNnj7RpgrR7LzKRmz,694915
zCCQtzBrr9QWp6fqDQNrC,533560
zCCQtzBrr9QWp6fqDQNrC,537231
zCDtKnHDDB7DNN9GQkGRz,577782
zCGntgRNcRP9bRjb8KNCR,533577
zCGntgRNcRP9bRjb8KNCR,537357
zCRpPtm9BTfzBJFNkdpNw,237892
zCRpPtm9BTfzBJFNkdpNw,552547
zCWhR7jRCmH7D7fKDGKcF,453190
zCWhR7jRCmH7D7fKDGKcF,549256
zCWhR7jRCmH7D7fKDGKcF,676693
zDLrkgc8QGm77T8qPGwqd,225644
zDLrkgc8QGm77T8qPGwqd,271140
zDLrkgc8QGm77T8qPGwqd,561408
zDTzDhgpDhCNzqqkPMDW7,275738
zDTzDhgpDhCNzqqkPMDW7,676681
zDfRfgF6fn7WGTKcj67JK,261518
zFJbjDkLPqmCzQFwjtdFc,552017
zFJbjDkLPqmCzQFwjtdFc,563310
zFRkKj7Jp9GcLpPRRhMht,237827
zFTw6RPr76Gc7cqPMFBzz,517616
zFTw6RPr76Gc7cqPMFBzz,545432
zFb8FTK6fL7wtcRdcR8gj,632089
zFb8FTK6fL7wtcRdcR8gj,632090
zFb8FTK6fL7wtcRdcR8gj,636252
zGMwPW7DFJjTJBBdnmfwD,612680
zGd78mnnbrJdQLzn7TqRk,533508
zH7KjrFjPkpQdjFLzN7Kd,653939
zHBTDcDtMLgTrqfnmTB9q,225237
zHBTDcDtMLgTrqfnmTB9q,229799
zHBTDcDtMLgTrqfnmTB9q,270964
zHBTDcDtMLgTrqfnmTB9q,517746
zHJtcC6C7FgrmmqHgtJkf,275634
zHQcgpbCGjrKCBFg6CmTw,676478
zJ9h7zCdQcttTrmgLR6q9,676487
zJLgzP7LfbWB9qcgcRpRk,561293
zJLgzP7LfbWB9qcgcRpRk,578814
zJrhrzqpRphqWwzn8gwRM,502842
zJrhrzqpRphqWwzn8gwRM,514114
zKQg9cTc7WMNdRbq6pwRk,453181
zKdWmn8NjhRbPNKFRBgmz,225196
zKdWmn8NjhRbPNKFRBgmz,225357
zKtm8BQzLMCwJRgqcGLNm,224950
zKtm8BQzLMCwJRgqcGLNm,225973
zKtm8BQzLMCwJRgqcGLNm,271081
zKtm8BQzLMCwJRgqcGLNm,489194
zKtm8BQzLMCwJRgqcGLNm,517498
zKtm8BQzLMCwJRgqcGLNm,676671
zLMWLzKGcdNnndTcD89gT,633227
zLTNLtQTdkQqKtnWL6fQj,261362
zLTNLtQTdkQqKtnWL6fQj,261364
zLTNLtQTdkQqKtnWL6fQj,708920
zLcR9wbtJCfBQLFpntDFg,653828
zLcR9wbtJCfBQLFpntDFg,654039
zLcR9wbtJCfBQLFpntDFg,654040
zLkjmfmJ7mgnMJCC8WbbW,503282
zLnFQ6KLkBQbNQ7RhQnKb,273177
zLnFQ6KLkBQbNQ7RhQnKb,277332
zMC89pqnzTP7bkmfjmTzQ,549625
zMC89pqnzTP7bkmfjmTzQ,555068
zMC89pqnzTP7bkmfjmTzQ,555758
zMC89pqnzTP7bkmfjmTzQ,557726
zMC89pqnzTP7bkmfjmTzQ,676608
zMKfFNMHWRtL67cqWCnL8,517349
zMKfFNMHWRtL67cqWCnL8,521661
zMbD7hqPwGNQCcDC6DPB9,502853
zMbD7hqPwGNQCcDC6DPB9,512844
zNKcJKn8rMnzTNrm6jrQM,676309
zNgcmTJjnWHfGKcLmPw8G,225662
zNgcmTJjnWHfGKcLmPw8G,271167
zNgcmTJjnWHfGKcLmPw8G,633263
zPGgKrwrbdqC6jHnnJzbt,676450
zPjKJbcG7q8qD8QdKjtnG,453392
zQ89qbgtqWjgGtfBLWTkQ,565672
zQ89qbgtqWjgGtfBLWTkQ,577251
zQMJwgRd9B7zbF6fqb7Hk,677664
zQMMbcBbbRKKJcTwcCPPQ,225809
zQrFKLnDP7tt6NcttPn6K,565567
zRCmqmDrDLdDwnc9Td6j7,577751
zRCmqmDrDLdDwnc9Td6j7,577752
zRCmqmDrDLdDwnc9Td6j7,604784
zRDd7cPpPd6KgTNtRPhbQ,693421
zRDdtf8Tm6tfzKtjcThCC,612581
zRPmCL8MkNKkwkKb7GRbn,488502
zRWWLdH9LMtHDr6kRpHmF,226012
zRWWLdH9LMtHDr6kRpHmF,271020
zRdT7QbmBfgd7DKBwjfGd,517583
zRdT7QbmBfgd7DKBwjfGd,518334
zRfhznJbJjhPqrtCqNMPT,274745
zRfhznJbJjhPqrtCqNMPT,274746
zRmqkJcWnz6H9cTjB8DqF,676259
zTFWnGk7cdjrPfHGW8C8w,237919
zTFWnGk7cdjrPfHGW8C8w,238482
zTKjp9zwk8Whfjr7bKpbn,488518
zTMPPB7wDcRLDLpQjRBdR,518319
zTMbNHjQDLMmCK9qHgBpW,676476
zTPFF6jKhBgqGLpjtFrGG,616130
zTPFF6jKhBgqGLpjtFrGG,616350
zTPFF6jKhBgqGLpjtFrGG,617904
zTPFF6jKhBgqGLpjtFrGG,618014
zThcPg6qzTqM7KB9CWfPR,275620
zWdCw7fz7N6qwLMwBjrf8,237791
zWhGF8kMMdmKdhMNdj6NH,260135
zWhGF8kMMdmKdhMNdj6NH,261329
zWhGF8kMMdmKdhMNdj6NH,649139
zWhGF8kMMdmKdhMNdj6NH,651134
zWjNwt6zMt9hMq9TDKJWp,453418
zbLnng79mJqLzbzDMgkhq,488401
zbLnng79mJqLzbzDMgkhq,489223
zbbcnPDqrfQTdmGgMTzh7,653959
zbcJDTbkLqBMjqwf7P6QR,453366
zbnJCMqgMPNLrgCpGkgrq,225841
zbnpfqW7d6CqN9wT8Dcft,454858
zc8n8JQRfBTPHGfnBmw8L,248478
zc8n8JQRfBTPHGfnBmw8L,262496
zcGjRmHTgMkN7Fwzhkkp6,502592
zcGjRmHTgMkN7Fwzhkkp6,502740
zcHmW9zd8TRqMMGc8PHmh,533639
zcrKbBF8hrk9bfG7cWWfF,488471
zcrKbBF8hrk9bfG7cWWfF,489126
zcrgwbPhb8wr7MFmMDTzw,261365
zcrgwbPhb8wr7MFmMDTzw,261368
zdWrPkDgdbWdGBWjCLnhj,531880
zdWrPkDgdbWdGBWjCLnhj,536741
zdWrPkDgdbWdGBWjCLnhj,537188
zdbmNLTKjH8QqFBbWhKCF,676362
zdgHmFzPbHbrhRwfCqF8H,676474
zdgkJ9mtbmkbQfpzm9Thc,225743
zdgkJ9mtbmkbQfpzm9Thc,271086
zfTFn8L8fMNW9bmRcn8Lw,692543
zfrHQjbPkpBmdQGrWcTMB,225741
zfrHQjbPkpBmdQGrWcTMB,226077
zfrHQjbPkpBmdQGrWcTMB,261404
zfrHQjbPkpBmdQGrWcTMB,271151
zfrHQjbPkpBmdQGrWcTMB,453382
zfrHQjbPkpBmdQGrWcTMB,502753
zfrHQjbPkpBmdQGrWcTMB,536217
zfrHQjbPkpBmdQGrWcTMB,577201
zfrHQjbPkpBmdQGrWcTMB,577229
zfrHQjbPkpBmdQGrWcTMB,578823
zfrHQjbPkpBmdQGrWcTMB,578824
zfrHQjbPkpBmdQGrWcTMB,578826
zfrHQjbPkpBmdQGrWcTMB,578827
zfrHQjbPkpBmdQGrWcTMB,581073
zfrHQjbPkpBmdQGrWcTMB,584727
zgJwfNDg6zwBCGkthNGQz,682866
zgJwfNDg6zwBCGkthNGQz,701603
zgP9HWNCqbrQPLMNP8Bwf,225155
zgP9HWNCqbrQPLMNP8Bwf,225605
zgP9HWNCqbrQPLMNP8Bwf,225789
zgP9HWNCqbrQPLMNP8Bwf,229763
zgP9HWNCqbrQPLMNP8Bwf,271070
zgP9HWNCqbrQPLMNP8Bwf,489211
zgP9HWNCqbrQPLMNP8Bwf,557713
zgRHgqkpfq7FTNgrjRnbj,518356
zgdPgqpCdGFqgFwjm6JW8,248370
zgkKwhBtRQf9zWz6kpPJR,225837
zgkKwhBtRQf9zWz6kpPJR,271231
zhP7z88wWHj68BTGFKpFw,612591
zhP7z88wWHj68BTGFKpFw,618044
zhgmgL9kJnkNLdL9LK6kn,261498
zhnWgKpnzfCzCwN6cJBgW,261355
zjNjqfQnkMnJ7Tmgctt96,248353
zjjTKPFFzRh9fMGmR6jPR,548346
zjzpNfJzKkkQPptTjCthC,225125
zjzpNfJzKkkQPptTjCthC,270978
zknqNdwtDMrHbRpgKkBJw,510043
zknqNdwtDMrHbRpgKkBJw,518258
zkrrwbGgKqBtKwb9qhrgT,518248
zm8RTpG8Jw7T8PznjNrdn,274739
zm8RTpG8Jw7T8PznjNrdn,676661
zmkd9LqrNQFfqHCWKcQNr,528093
zmkd9LqrNQFfqHCWKcQNr,531872
zmkd9LqrNQFfqHCWKcQNr,537289
zmkd9LqrNQFfqHCWKcQNr,676625
zmmpt8q8HqPFwPKK66Mjm,225744
zmmpt8q8HqPFwPKK66Mjm,271089
zmnWwB6cwgPFBqTLWGDDb,676412
zmtr9qmT89RLcGDGLRgLM,550295
zmtr9qmT89RLcGDGLRgLM,551510
zmtr9qmT89RLcGDGLRgLM,554313
zn7jChRWnFCRdJTRbMmbw,676458
zn8NpMnDBcKzGhLj9Cp6J,695166
zn9kGcMM8kRmtkdLchqqM,552036
znBDQrJdGgbtkcnTrLhwm,225650
znBDQrJdGgbtkcnTrLhwm,271152
zngmGjhrGpJfmnbMP87JP,565557
zngmGjhrGpJfmnbMP87JP,577207
zngmGjhrGpJfmnbMP87JP,577264
zngmGjhrGpJfmnbMP87JP,584738
zqDHmd6wGQKW8HFHd7BNP,261425
zqWPPdtm6zfjmbFnTMGM6,653407
zqWPPdtm6zfjmbFnTMGM6,653829
zqbcPKK9npDdLNNLNhdnN,565564
zqbcPKK9npDdLNNLNhdnN,577221
zqcnM9Hw8KdpPm8MTpGGQ,565670
zqpjjkQcPrDPQJGhDKkbC,225568
zqpjjkQcPrDPQJGhDKkbC,270997
zqwKN9QMKKMpNCJF6RwWN,518274
zr7wdChDbJcWmfrbTFBrw,502775
zr9nbKgKmqFGbQTntjT8p,502849
zrDknmgJBBdDgbnf7HqzG,518341
zrJRtGh66Ggpgr87nnzFn,248451
zrQ8nHpjJBbtRTpRDjfMf,261412
zrQ8nHpjJBbtRTpRDjfMf,265451
zrRwzwz7n6KgqcDMnjjDw,632075
zrmt6g9QChNNTDw7Gm68D,248417
zrmt6g9QChNNTDw7Gm68D,262512
zrz9QBLtdGfJWhDqtQrCB,676347
zt8NGKPrTHDJ8pDrDdJgw,533587
zt8NGKPrTHDJ8pDrDdJgw,537290
zt8NGKPrTHDJ8pDrDdJgw,559708
zw7fzkRzkWmgjm9dJjdHd,275613
zw7fzkRzkWmgjm9dJjdHd,651055
zwNPbN7wMRmNPhzmBhGLD,225997
zwgLwBLL7dKzhJDdBtNrt,488407
zwgLwBLL7dKzhJDdBtNrt,495669
zzHRCMBmNTF9KpJMqKWq8,502719
zzNQtc8QL8RcCwRcB6JP7,225296
zzNQtc8QL8RcCwRcB6JP7,271127
zzNQtc8QL8RcCwRcB6JP7,511843
zzNQtc8QL8RcCwRcB6JP7,665095
zzNQtc8QL8RcCwRcB6JP7,676787
zzNQtc8QL8RcCwRcB6JP7,678585
zzWc8BBmC9T6bfQwDMBPH,565573
zzWc8BBmC9T6bfQwDMBPH,577178
zzWc8BBmC9T6bfQwDMBPH,577206
zzWc8BBmC9T6bfQwDMBPH,584742
zznJbCwttpMHdRkQHccHp,261319
zznJbCwttpMHdRkQHccHp,533467
zznJbCwttpMHdRkQHccHp,537235
zznJbCwttpMHdRkQHccHp,549266
zznJbCwttpMHdRkQHccHp,676690
